{"authorDailyContributionsMap":{"Lyam-T":[{"date":"2025-02-22","commitResults":[{"hash":"244e40177e17b9f3a85a85b08c12a5e501060f66","isMergeCommit":false,"messageTitle":"Change Duke to VoyaTrip in README.md","messageBody":"","fileTypesAndContributionMap":{"docs":{"insertions":1,"deletions":66}}},{"hash":"eb1e4456fe9fcc225bbdd876ad0ba373ddd2182c","isMergeCommit":true,"messageTitle":"Merge pull request #1 from Lyam-T/master","messageBody":"Change Duke to VoyaTrip in README.md","fileTypesAndContributionMap":{}}]},{"date":"2025-03-07","commitResults":[{"hash":"3e773689cfc19cc57fad4c0e2170d83c1a878c61","isMergeCommit":false,"messageTitle":"Update Lyam information","messageBody":"","fileTypesAndContributionMap":{"docs":{"insertions":2,"deletions":11}}},{"hash":"ebcb992c649366cefe4efc1985bafb6f5c1f5b3e","isMergeCommit":true,"messageTitle":"Merge pull request #2 from Lyam-T/lyamTang-AboutUs","messageBody":"Update Lyam information","fileTypesAndContributionMap":{}}]},{"date":"2025-03-12","commitResults":[{"hash":"b24cff15863ae05d8fb7500d29b96239f9f6382e","isMergeCommit":false,"messageTitle":"Refactor the project from Duke to VoyaTrip","messageBody":"","fileTypesAndContributionMap":{"functional-code":{"insertions":9,"deletions":21},"other":{"insertions":3,"deletions":3}}},{"hash":"d0c457ab01520aa8b565c40f327168a09e1bb53c","isMergeCommit":false,"messageTitle":"Add empty trip class","messageBody":"","fileTypesAndContributionMap":{"functional-code":{"insertions":4,"deletions":0}}},{"hash":"6673b951bb2e48e65918f10a6fd6f649237c9b23","isMergeCommit":true,"messageTitle":"Merge pull request #17 from Lyam-T/init","messageBody":"Refactor the project from Duke to VoyaTrip","fileTypesAndContributionMap":{}},{"hash":"1a70d973a1d7364d377cff4cee981535b77b400b","isMergeCommit":true,"messageTitle":"Merge pull request #18 from Lyam-T/dev/trip","messageBody":"Add empty trip class","fileTypesAndContributionMap":{}},{"hash":"de6a4483d2fee7b58dbec5c592a8db12a40690a7","isMergeCommit":false,"messageTitle":"Remove unused Scanner","messageBody":"","fileTypesAndContributionMap":{"functional-code":{"insertions":0,"deletions":2}}},{"hash":"2198cd329cf0de81283173d65b115e38c0bd0e06","isMergeCommit":false,"messageTitle":"Remove outdated testing","messageBody":"","fileTypesAndContributionMap":{"other":{"insertions":2,"deletions":2}}},{"hash":"b17c79521dd843eae0c3f21df40faa572ae3d160","isMergeCommit":true,"messageTitle":"Merge pull request #19 from Lyam-T/fix/gradleTestFail","messageBody":"Remove unused Scanner","fileTypesAndContributionMap":{}}]},{"date":"2025-03-13","commitResults":[{"hash":"870031fa7b84d5cb3bb225fb5b9747b76fefd0aa","isMergeCommit":false,"messageTitle":"Update fields and constructor for Trip","messageBody":"","fileTypesAndContributionMap":{"functional-code":{"insertions":22,"deletions":0}}}]},{"date":"2025-03-14","commitResults":[{"hash":"24e493a6a2b20b9ed4220072c0ba01005e616697","isMergeCommit":false,"messageTitle":"Fix codestyle error with package name","messageBody":"","fileTypesAndContributionMap":{"other":{"insertions":4,"deletions":4}}},{"hash":"8855fe03bc72a12815ae4b536f49ba52bce5626a","isMergeCommit":true,"messageTitle":"Merge pull request #22 from Lyam-T/fix/incorrect-package-name","messageBody":"Fix codestyle error with package name\n","fileTypesAndContributionMap":{}},{"hash":"58b607245e2e8ac56943ee14e34a91551d84f055","isMergeCommit":false,"messageTitle":"Add a uml diagram for v1.0","messageBody":"","fileTypesAndContributionMap":{"docs":{"insertions":51,"deletions":0}}}]},{"date":"2025-03-15","commitResults":[{"hash":"d649bca43f8900594475155b3ae24bb1ae3436be","isMergeCommit":false,"messageTitle":"Fix incorrect multiplicity of the associations","messageBody":"","fileTypesAndContributionMap":{"docs":{"insertions":4,"deletions":4}}},{"hash":"ba4b19f082172c29cdf98cb533f9b64b09ba0fee","isMergeCommit":false,"messageTitle":"Add main logic related diagram","messageBody":"","fileTypesAndContributionMap":{"docs":{"insertions":34,"deletions":3}}},{"hash":"bde9a3d9a77b32e979d3c55b31a9f8fdcf16f6a3","isMergeCommit":true,"messageTitle":"Merge pull request #28 from Lyam-T/dev/7-uml-diagram","messageBody":"Add a uml diagram for v1.0\n","fileTypesAndContributionMap":{}}]},{"date":"2025-03-16","commitResults":[{"hash":"8546c92344b9cf2eb5066a1116e8fecd5a0a1393","isMergeCommit":false,"messageTitle":"Add new class Ui","messageBody":"Ui will handle all the interaction between the voyatrip and the user input\n","fileTypesAndContributionMap":{"functional-code":{"insertions":105,"deletions":3},"other":{"insertions":1,"deletions":1}}},{"hash":"3002787e4b53bc5d79bf98d120b93a000383ddc6","isMergeCommit":false,"messageTitle":"Add a new Message class","messageBody":"this is introduced to reuse and ensure the consistency of the output string\n","fileTypesAndContributionMap":{"functional-code":{"insertions":12,"deletions":0}}},{"hash":"bd6277556dfaeb1ce1c5b160f8e81f6d92466d4b","isMergeCommit":true,"messageTitle":"Merge branch \u0027master\u0027 into dev/30-ui","messageBody":"* master:\n  Chore: coding standard\n  Remove unnecessary semicolon\n  Reimplement parser with enum\n  Remove unnecessary empty line\n  Beautify UML diagram\n  Add UML for command parser\n","fileTypesAndContributionMap":{}},{"hash":"4a2ef476b306871fa8a9ab7ba0cbf06c9019d2b4","isMergeCommit":false,"messageTitle":"Update main logic template","messageBody":"","fileTypesAndContributionMap":{"functional-code":{"insertions":35,"deletions":31}}},{"hash":"f7e2d6cebd8bc98c326bead21e7574209046a8fb","isMergeCommit":false,"messageTitle":"Reformat code","messageBody":"","fileTypesAndContributionMap":{"functional-code":{"insertions":2,"deletions":1}}},{"hash":"bf4191384fc21766e2a9fb45df4727dbaf6cd204","isMergeCommit":false,"messageTitle":"Fix handler cannot get the command variables","messageBody":"","fileTypesAndContributionMap":{"functional-code":{"insertions":6,"deletions":8}}},{"hash":"9aada8a55d9e6d55b25f88c398ba182022c57973","isMergeCommit":false,"messageTitle":"Add executors template","messageBody":"","fileTypesAndContributionMap":{"functional-code":{"insertions":56,"deletions":18}}},{"hash":"e89e6b9496ba16b6abf7e66723776f05d4a025e6","isMergeCommit":false,"messageTitle":"Fix codestyle check failure","messageBody":"","fileTypesAndContributionMap":{"functional-code":{"insertions":0,"deletions":1}}},{"hash":"766526a588850f964c92519daa79dd65f8141b27","isMergeCommit":false,"messageTitle":"Fix unable read from user input","messageBody":"","fileTypesAndContributionMap":{"functional-code":{"insertions":3,"deletions":2}}}]},{"date":"2025-03-17","commitResults":[{"hash":"8f502d2aaf1092ba2a3d7b7671f8d1a0ec33dd7a","isMergeCommit":true,"messageTitle":"Merge branch \u0027dev/30-ui\u0027 into dev/38-testing-main-logic","messageBody":"* dev/30-ui:\n  Fix unable read from user input\n","fileTypesAndContributionMap":{}},{"hash":"ee491b6e2178e5ffdd9e2f0944bff2ab1a751074","isMergeCommit":false,"messageTitle":"Add Ui test cases","messageBody":"","fileTypesAndContributionMap":{"functional-code":{"insertions":30,"deletions":1},"test-code":{"insertions":67,"deletions":0}}},{"hash":"0f41620db16aebb9c14216da31836a03401f983c","isMergeCommit":false,"messageTitle":"Reformat codestyle","messageBody":"","fileTypesAndContributionMap":{"functional-code":{"insertions":1,"deletions":1}}},{"hash":"e49cc5fc34034cc9365fbe4fad18f4b9816de50c","isMergeCommit":false,"messageTitle":"Restructure code","messageBody":"","fileTypesAndContributionMap":{"functional-code":{"insertions":42,"deletions":46}}},{"hash":"9765c0877af9c40a90a254110940971f11ecd986","isMergeCommit":true,"messageTitle":"Merge branch \u0027dev/30-ui\u0027 into dev/38-testing-main-logic","messageBody":"* dev/30-ui:\n  Restructure code\n  Reformat codestyle\n","fileTypesAndContributionMap":{}},{"hash":"c4e7c7eaaf2a9af38233db82cd4573fa078c8386","isMergeCommit":false,"messageTitle":"Fix codestyle","messageBody":"","fileTypesAndContributionMap":{"functional-code":{"insertions":1,"deletions":0}}},{"hash":"71bf3550eca1b1404d45da292c5c1ff5ac1d55ee","isMergeCommit":true,"messageTitle":"Merge branch \u0027master\u0027 into dev/30-ui","messageBody":"* master:\n  Chore: coding standard\n  Add more invalid command case handling\n  Chore: coding standard\n  Add more invalid command detection\n  Add NumberFormatException handling\n","fileTypesAndContributionMap":{}},{"hash":"8983621c5e287c7dce9e2a79b1e1aa7af472d0f1","isMergeCommit":true,"messageTitle":"Merge branch \u0027dev/30-ui\u0027 into dev/38-testing-main-logic","messageBody":"* dev/30-ui:\n  Fix codestyle\n  Chore: coding standard\n  Add more invalid command case handling\n  Chore: coding standard\n  Add more invalid command detection\n  Add NumberFormatException handling\n","fileTypesAndContributionMap":{}},{"hash":"85cb058a93618724a3820d3c28b8c4d6b828d533","isMergeCommit":false,"messageTitle":"Fix codestyle","messageBody":"","fileTypesAndContributionMap":{"functional-code":{"insertions":6,"deletions":1}}},{"hash":"e15d3b01530dc433c7208ca57bf380fde98452b3","isMergeCommit":true,"messageTitle":"Merge pull request #41 from Lyam-T/dev/30-ui","messageBody":"Dev/30 UI\n","fileTypesAndContributionMap":{}},{"hash":"27996169ce1998aad4e3273fdb632354da858a7e","isMergeCommit":false,"messageTitle":"Fix invalid mainClass set","messageBody":"","fileTypesAndContributionMap":{"other":{"insertions":1,"deletions":1}}},{"hash":"5d6989512a2fc865b71e1cf0b8585f6a673e6dfe","isMergeCommit":true,"messageTitle":"Merge pull request #43 from Lyam-T/fix/invalid-gradle-mainclass","messageBody":"Fix invalid mainClass set\n","fileTypesAndContributionMap":{}}]},{"date":"2025-03-18","commitResults":[{"hash":"939018a7c7dd2156498c2a89eea949059a2c85b3","isMergeCommit":true,"messageTitle":"Merge branch \u0027master\u0027 into dev/38-testing-main-logic","messageBody":"* master:\n  Fix invalid mainClass set\n  Fix codestyle\n  Debug: fix command with extra spaces failing\n  Add case insensitivity for keywords\n  Add exit command\n","fileTypesAndContributionMap":{}},{"hash":"6fd5fdea9679fb4edb530880b01aa4b9fde6ea4f","isMergeCommit":false,"messageTitle":"Add addtrip test","messageBody":"","fileTypesAndContributionMap":{"test-code":{"insertions":17,"deletions":0}}},{"hash":"003d8fa21124c1fa726de7c9483f6bb41b2e819b","isMergeCommit":false,"messageTitle":"Update trip fields","messageBody":"","fileTypesAndContributionMap":{"functional-code":{"insertions":8,"deletions":5}}},{"hash":"9ecd8d476557456be72ad6a51b55d7c2ed899e41","isMergeCommit":true,"messageTitle":"Merge pull request #21 from je-nnyt/dev/11-add-delete-transportation","messageBody":"Dev/11 add delete transportation\n","fileTypesAndContributionMap":{}},{"hash":"c5ee784ba7d4c0ec98e215fd65515bc59d9d320b","isMergeCommit":false,"messageTitle":"Refactor package name","messageBody":"","fileTypesAndContributionMap":{"other":{"insertions":2,"deletions":2},"test-code":{"insertions":1,"deletions":1}}},{"hash":"a2b564d9ddce97f195c4b9c25eeb294effed7b4a","isMergeCommit":true,"messageTitle":"Merge Master to dev/add-delete-trip","messageBody":"","fileTypesAndContributionMap":{}},{"hash":"8b487254f883fa8bb42e2eb37295fbeecb5f67fa","isMergeCommit":false,"messageTitle":"Fix incorrect package structure","messageBody":"","fileTypesAndContributionMap":{"functional-code":{"insertions":1,"deletions":4}}},{"hash":"fad2788df9f493aea76aed938c3de984de927a25","isMergeCommit":false,"messageTitle":"Restructure main logic","messageBody":"","fileTypesAndContributionMap":{"functional-code":{"insertions":172,"deletions":165},"other":{"insertions":1,"deletions":1}}},{"hash":"11074beae2ab2d65d1a7a6e36b7cb4732fc3b28c","isMergeCommit":true,"messageTitle":"Merge branch \u0027fix/44-incorrect-main-logic-structure\u0027 into dev/8-add-delete-trip","messageBody":"* fix/44-incorrect-main-logic-structure:\n  Restructure main logic\n","fileTypesAndContributionMap":{}},{"hash":"cbd6259d1e14d325be58cee85d383d4e2c492d79","isMergeCommit":false,"messageTitle":"Fix incorrectly removed field and method","messageBody":"","fileTypesAndContributionMap":{"functional-code":{"insertions":5,"deletions":1}}},{"hash":"062efa755bb8b5568159ea6f4c9df0ef5553c8e4","isMergeCommit":false,"messageTitle":"Refactor method name","messageBody":"","fileTypesAndContributionMap":{"functional-code":{"insertions":6,"deletions":5}}},{"hash":"1a30395f9023c5c6520179d57ec3e3411826af55","isMergeCommit":false,"messageTitle":"Add Add and Delete trip methods","messageBody":"","fileTypesAndContributionMap":{"functional-code":{"insertions":13,"deletions":3}}},{"hash":"e02fee76bc632c7841704912f12ca619d6090c62","isMergeCommit":true,"messageTitle":"Merge branch \u0027dev/8-add-delete-trip\u0027 into dev/38-testing-main-logic","messageBody":"* dev/8-add-delete-trip: (26 commits)\n  Add Add and Delete trip methods\n  Refactor method name\n  Fix incorrectly removed field and method\n  Restructure main logic\n  Fix incorrect package structure\n  Refactor package name\n  Update trip fields\n  Implement executeAddTransportation()\n  Modify Transportation constructor to have name as a parameter\n  Add Transportation class\n  Fix merge conflicts from pulling from origin to dev/11-add-delete-transportation\n  Add Transportation class\n  Add a name attribute for Transportation class\n  Change parameter of deleteTransportation to type Integer\n  Fix newline error provided by Gradle\n  Fix error provided by Gradle\n  Fix newline error provided by Gradle\n  Fix error provided by Gradle\n  Fix compilation conflict\n  Remove transportationCount\n  ...\n\n# Conflicts:\n#\tsrc/main/java/voyatrip/ui/Message.java\n#\tsrc/main/java/voyatrip/ui/Ui.java\n","fileTypesAndContributionMap":{}},{"hash":"2faf84a1acffe0181bc77f46c20e5d32304d4c4b","isMergeCommit":false,"messageTitle":"Update Add Trip Test","messageBody":"","fileTypesAndContributionMap":{"functional-code":{"insertions":7,"deletions":4},"test-code":{"insertions":73,"deletions":87}}},{"hash":"16ad17d161af0a44e487256a25a2a17142ea4662","isMergeCommit":false,"messageTitle":"Remove io test related files","messageBody":"","fileTypesAndContributionMap":{"other":{"insertions":0,"deletions":58}}},{"hash":"662c1b6159586b6abb295808f25c10d8859b5ada","isMergeCommit":true,"messageTitle":"Merge branch \u0027fix/46-remove-io-test\u0027 into dev/38-testing-main-logic","messageBody":"* fix/46-remove-io-test:\n  Remove io test related files\n","fileTypesAndContributionMap":{}},{"hash":"4f65ea0b133153e2b1432f9a91648cd8d11ea4db","isMergeCommit":true,"messageTitle":"Merge branch \u0027fix/46-remove-io-test\u0027 into dev/8-add-delete-trip","messageBody":"* fix/46-remove-io-test:\n  Remove io test related files\n","fileTypesAndContributionMap":{}},{"hash":"878af05b3e4e8709399a36e53d1381008a12e06b","isMergeCommit":true,"messageTitle":"Merge branch \u0027fix/46-remove-io-test\u0027 into fix/44-incorrect-main-logic-structure","messageBody":"* fix/46-remove-io-test:\n  Remove io test related files\n","fileTypesAndContributionMap":{}},{"hash":"affd77d313fef67de5ec701983f43c84a777872e","isMergeCommit":true,"messageTitle":"Merge pull request #47 from Lyam-T/fix/46-remove-io-test","messageBody":"Remove io test related files\n","fileTypesAndContributionMap":{}},{"hash":"1154ecf7a77f1d5d95c8ad63119bc53ced2d510b","isMergeCommit":true,"messageTitle":"Merge pull request #49 from Lyam-T/fix/44-incorrect-main-logic-structure","messageBody":"Fix/44 incorrect main logic structure\n","fileTypesAndContributionMap":{}},{"hash":"7d3ce80ae8397b38656af921ae576ed36bc25de0","isMergeCommit":true,"messageTitle":"Merge pull request #50 from choiak/develop","messageBody":"Dev/10 Add Date Parsing\n","fileTypesAndContributionMap":{}},{"hash":"eee5bbb0b65acb1f6744a62c116297c19c9bdf5d","isMergeCommit":true,"messageTitle":"Merge branch \u0027master\u0027 into dev/8-add-delete-trip","messageBody":"* master:\n  Add parsing of dates return LocalDate\n","fileTypesAndContributionMap":{}}]},{"date":"2025-03-19","commitResults":[{"hash":"9d2ccd8d7615db2e972493ed6f6dbb195c64a908","isMergeCommit":false,"messageTitle":"Finish add trip and delete trip inplementation","messageBody":"","fileTypesAndContributionMap":{"functional-code":{"insertions":21,"deletions":3}}},{"hash":"2ced43701dc1970d31af814c6041d5cf0ef59fe7","isMergeCommit":false,"messageTitle":"Fix codestyles","messageBody":"","fileTypesAndContributionMap":{"functional-code":{"insertions":8,"deletions":3}}},{"hash":"cf87597fec2790df8e8d3e6ef1d4773c8b4aa924","isMergeCommit":true,"messageTitle":"Merge branch \u0027master\u0027 into dev/7-uml-diagram","messageBody":"* master: (61 commits)\n  Add parsing of dates return LocalDate\n  Remove io test related files\n  Restructure main logic\n  Implement executeAddTransportation()\n  Modify Transportation constructor to have name as a parameter\n  Add Transportation class\n  Fix merge conflicts from pulling from origin to dev/11-add-delete-transportation\n  Add Transportation class\n  Fix invalid mainClass set\n  Fix codestyle\n  Fix codestyle\n  Restructure code\n  Debug: fix command with extra spaces failing\n  Reformat codestyle\n  Add case insensitivity for keywords\n  Add exit command\n  Chore: coding standard\n  Add more invalid command case handling\n  Fix unable read from user input\n  Add a name attribute for Transportation class\n  ...\n","fileTypesAndContributionMap":{}},{"hash":"cf71cb7443b2524dba49d4a8a2d998ac04b474af","isMergeCommit":true,"messageTitle":"Merge pull request #20 from Lyam-T/dev/8-add-delete-trip","messageBody":"Update fields and constructor for Trip\n","fileTypesAndContributionMap":{}},{"hash":"e16b14ec07092c2ca3b4adcfe13054a48c8828f2","isMergeCommit":false,"messageTitle":"Update UML diagram","messageBody":"","fileTypesAndContributionMap":{"docs":{"insertions":12,"deletions":12}}},{"hash":"f244f26f77afc3d0d6b560f3c9f4a317b2136714","isMergeCommit":true,"messageTitle":"Merge pull request #51 from paklongchiu/dev/12-add-delete-accommodation","messageBody":"Dev/12 add and delete accommodation\n","fileTypesAndContributionMap":{}},{"hash":"eb5722536a4273b9ab155633b3228507036f5e41","isMergeCommit":true,"messageTitle":"Merge branch \u0027master\u0027 into pr/48","messageBody":"* master:\n  Add empty line at end of file\n  Create the Accommodation class and implement add/delete accommodation methods\n\n# Conflicts:\n#\tsrc/main/java/voyatrip/ui/Ui.java\n","fileTypesAndContributionMap":{}},{"hash":"6303bef399587fe12016d078e01aba02006f0edc","isMergeCommit":false,"messageTitle":"Restructure the code","messageBody":"","fileTypesAndContributionMap":{"functional-code":{"insertions":21,"deletions":16}}},{"hash":"05ad9f184a496af130d4244ce55348865d86904d","isMergeCommit":false,"messageTitle":"Fix codestyle","messageBody":"","fileTypesAndContributionMap":{"functional-code":{"insertions":0,"deletions":1}}},{"hash":"7613dda22aeb8015da582d1f1b86f53547576546","isMergeCommit":false,"messageTitle":"Fix unassigned numDays in trip","messageBody":"","fileTypesAndContributionMap":{"functional-code":{"insertions":4,"deletions":1}}},{"hash":"b5881653b11979dd90960edf70f8ddef852f9678","isMergeCommit":false,"messageTitle":"Fix codestyles","messageBody":"","fileTypesAndContributionMap":{"functional-code":{"insertions":1,"deletions":1}}},{"hash":"a7171a69ecccbba4f7bd46cf275a083c58818c77","isMergeCommit":true,"messageTitle":"Merge pull request #55 from Lyam-T/fix/54-unassigned-numDays-trip","messageBody":"Fix unassigned numDays in trip\n","fileTypesAndContributionMap":{}},{"hash":"efaaa146aeceabf7599df8ca4c53b314d381e83a","isMergeCommit":false,"messageTitle":"Readd the executeAddAccommodation due to bad merge","messageBody":"","fileTypesAndContributionMap":{"functional-code":{"insertions":12,"deletions":1}}},{"hash":"c65b14f840be89724774ed5df418272afd2712f6","isMergeCommit":false,"messageTitle":"Add javadoc to non-trivial methods and classes","messageBody":"","fileTypesAndContributionMap":{"functional-code":{"insertions":13,"deletions":0}}},{"hash":"4acc7f9c0c02117b8bf15cd3b24225d7f943d24b","isMergeCommit":true,"messageTitle":"Merge branch \u0027pr/48\u0027 into dev/38-testing-main-logic","messageBody":"* pr/48:\n  Readd the executeAddAccommodation due to bad merge\n  Fix codestyle\n  Restructure the code\n  Remove private from TRIP_NOT_FOUND_MESSAGE\n  Fix style layout\n  Fix merge conflicts to merge into upstream master\n  Add empty line at end of file\n  Create the Accommodation class and implement add/delete accommodation methods\n  Enable assertions\n  Fix codestyles\n  Finish add trip and delete trip inplementation\n  Add parsing of dates return LocalDate\n  Add try/catch to handle TripNotFound exception\n  Add printTripNotFound message\n  Add exception class TripNotFoundException\n  Implement executeDeleteTransportation()\n\n# Conflicts:\n#\tsrc/main/java/voyatrip/Trip.java\n#\tsrc/main/java/voyatrip/VoyaTrip.java\n","fileTypesAndContributionMap":{}},{"hash":"2b514c305d69326c5200f9c1c68d4512ef6c9796","isMergeCommit":false,"messageTitle":"Separate main test and addtrip test","messageBody":"","fileTypesAndContributionMap":{"test-code":{"insertions":0,"deletions":34}}},{"hash":"aefc3be666b07477616dac34aab42faa8be30561","isMergeCommit":false,"messageTitle":"Readd executeDeleteAccommodation due to bad merge","messageBody":"","fileTypesAndContributionMap":{"functional-code":{"insertions":15,"deletions":1}}}]},{"date":"2025-03-20","commitResults":[{"hash":"9d4f18d29f686d2bf0ff9005044a852212ac6b21","isMergeCommit":true,"messageTitle":"Merge pull request #58 from je-nnyt/dev/24-add-toString()-method-to-Transportation","messageBody":"Implement toString() method of Transportation\n","fileTypesAndContributionMap":{}},{"hash":"9f5d8fcfb58f7d615722346f7884522fa81c0c6f","isMergeCommit":true,"messageTitle":"Merge pull request #63 from choiak/dev/59-refactor-cmd-exe-implementation","messageBody":"Dev/59 refactor command execution implementation\n","fileTypesAndContributionMap":{}},{"hash":"578abd791f1fd102a25f652174cda37beb8fb763","isMergeCommit":true,"messageTitle":"Merge branch \u0027master\u0027 into fix/33-javadoc","messageBody":"* master:\n  Chore: coding standard\n  Debug: trip delete wrong indexing\n  Refactor execute command implementation\n  Implement toString() method of Transportation\n  Readd executeDeleteAccommodation due to bad merge\n  Readd the executeAddAccommodation due to bad merge\n  Fix codestyles\n  Fix unassigned numDays in trip\n  Update UML diagram\n","fileTypesAndContributionMap":{}},{"hash":"150d3ed4741510ab9201cea95a7280c2fb8b0c61","isMergeCommit":true,"messageTitle":"Merge branch \u0027master\u0027 into dev/38-testing-main-logic","messageBody":"* master:\n  Chore: coding standard\n  Debug: trip delete wrong indexing\n  Refactor execute command implementation\n  Implement toString() method of Transportation\n  Readd executeDeleteAccommodation due to bad merge\n  Fix codestyles\n  Fix unassigned numDays in trip\n  Update UML diagram\n","fileTypesAndContributionMap":{}},{"hash":"ec8191d19f389617249ee7c5c478be1a777ad2c8","isMergeCommit":false,"messageTitle":"Fix incorrect assertion due to specific window platform issue","messageBody":"","fileTypesAndContributionMap":{"test-code":{"insertions":1,"deletions":1}}},{"hash":"a0df5324952275c61166845c9e6e12851b84ac2d","isMergeCommit":true,"messageTitle":"Merge pull request #40 from Lyam-T/dev/38-testing-main-logic","messageBody":"Dev/38 testing main logic\n","fileTypesAndContributionMap":{}},{"hash":"77fccf9cc86d4a680927e663f79bfb59fdc06e1e","isMergeCommit":true,"messageTitle":"Merge branch \u0027master\u0027 into pr/60","messageBody":"* master:\n  Fix incorrect assertion due to specific window platform issue\n  Chore: coding standard\n  Debug: trip delete wrong indexing\n  Refactor execute command implementation\n  Implement toString() method of Transportation\n  Separate main test and addtrip test\n  Add javadoc to non-trivial methods and classes\n  Update Add Trip Test\n  Add addtrip test\n  Add Ui test cases\n\n# Conflicts:\n#\tsrc/main/java/voyatrip/Trip.java\n","fileTypesAndContributionMap":{}},{"hash":"7b30178f6cffb9257704cbe4e4d2e846424f0ee9","isMergeCommit":false,"messageTitle":"Refactor tripInfo building","messageBody":"","fileTypesAndContributionMap":{"functional-code":{"insertions":10,"deletions":10}}},{"hash":"41c7fc95ab233b48b40f1ece84dac589355f4fc7","isMergeCommit":false,"messageTitle":"Add handleList for trip","messageBody":"","fileTypesAndContributionMap":{"functional-code":{"insertions":10,"deletions":1}}}]},{"date":"2025-03-21","commitResults":[{"hash":"32822b948b09fe0866ea3bf7f2c21fb5e9dc0a93","isMergeCommit":false,"messageTitle":"Add Day and Activity classes","messageBody":"","fileTypesAndContributionMap":{"functional-code":{"insertions":64,"deletions":1}}},{"hash":"129b5ce15bc7680862fa09354961b6c68b0ac233","isMergeCommit":false,"messageTitle":"Update toString method for trip","messageBody":"include activities for each day\n","fileTypesAndContributionMap":{"functional-code":{"insertions":8,"deletions":0}}},{"hash":"996c32971d3eb96e101b22aed8d80f7bf24e349e","isMergeCommit":false,"messageTitle":"Initialise itinerary with equal split budget","messageBody":"","fileTypesAndContributionMap":{"functional-code":{"insertions":5,"deletions":0}}}]},{"date":"2025-03-23","commitResults":[{"hash":"7b61d6558c85571122eec6f127dd62dc7de373fb","isMergeCommit":true,"messageTitle":"Merge pull request #82 from choiak/dev/draft-user-guide","messageBody":"Dev/81 add basic command guide\n","fileTypesAndContributionMap":{}}]},{"date":"2025-03-25","commitResults":[{"hash":"88651dc8acbaaebb842a96a8ba43ffc4d0057312","isMergeCommit":false,"messageTitle":"Add logging for trip related methods","messageBody":"","fileTypesAndContributionMap":{"functional-code":{"insertions":68,"deletions":4}}},{"hash":"ee35cbaf475d9e521ffa41db25450d3fa3e9fae8","isMergeCommit":false,"messageTitle":"Fix error logger set up","messageBody":"","fileTypesAndContributionMap":{"functional-code":{"insertions":1,"deletions":1}}},{"hash":"f26e8135dce351135cf2fa4546df436cdc2e86bb","isMergeCommit":false,"messageTitle":"Add assertion to trip","messageBody":"","fileTypesAndContributionMap":{"functional-code":{"insertions":3,"deletions":0}}},{"hash":"09e2a852f1632f1cc7d27c6d98ad4fb4c4d0ea0c","isMergeCommit":false,"messageTitle":"Fix codestyles","messageBody":"","fileTypesAndContributionMap":{"functional-code":{"insertions":14,"deletions":14}}}]},{"date":"2025-03-26","commitResults":[{"hash":"0ea2ca3b8c1bc9fb7ec5941e552abd0e6211631c","isMergeCommit":false,"messageTitle":"Remove unnecessary static for trips","messageBody":"","fileTypesAndContributionMap":{"functional-code":{"insertions":5,"deletions":1}}},{"hash":"b94072688ccf395c404d7be5a6f7999c67c4f902","isMergeCommit":false,"messageTitle":"Add testing for TripList add and delete trip methods","messageBody":"","fileTypesAndContributionMap":{"test-code":{"insertions":99,"deletions":0}}},{"hash":"38fc54e78b08e44688a28741cd2bbf5338784297","isMergeCommit":false,"messageTitle":"Fix codestyles","messageBody":"","fileTypesAndContributionMap":{"test-code":{"insertions":4,"deletions":2}}}]},{"date":"2025-03-27","commitResults":[{"hash":"ca3d97482d67d308eff7fa6250dac1931e4c3ed7","isMergeCommit":true,"messageTitle":"Merge pull request #90 from choiak/dev/84-specific-exception","messageBody":"Add specific exception type for parser\n","fileTypesAndContributionMap":{}},{"hash":"13899ae4a73d6d4992c65600b756d6a42d9602e1","isMergeCommit":true,"messageTitle":"Merge branch \u0027master\u0027 into dev/88-test-add-delete-trip","messageBody":"* master:\n  Add more specific command exceptions\n  Add specific exception type\n","fileTypesAndContributionMap":{}}]},{"date":"2025-03-31","commitResults":[{"hash":"9f50cc03e3513f44a5ab4b7fe3e01a61525d9e00","isMergeCommit":true,"messageTitle":"Merge pull request #100 from choiak/dev/draft-user-guide","messageBody":"dev/81 add modify command example\n","fileTypesAndContributionMap":{}},{"hash":"1b7a2d0240f083a780a46b137d07973c2a943cbd","isMergeCommit":false,"messageTitle":"Update testcases","messageBody":"","fileTypesAndContributionMap":{"test-code":{"insertions":6,"deletions":2}}},{"hash":"6f18f4d1d3aca94a64adcc853792bf5fe611aa54","isMergeCommit":true,"messageTitle":"Merge pull request #94 from je-nnyt/dev/86-logging-assertion-transportation","messageBody":"Dev/86 logging assertion transportation\n","fileTypesAndContributionMap":{}},{"hash":"2e1da1695725392289e04c2d12bf48125e5f40ec","isMergeCommit":true,"messageTitle":"Merge pull request #99 from je-nnyt/JUnit-Test-Add-Delete-Transportation","messageBody":"J unit test add delete transportation\n","fileTypesAndContributionMap":{}},{"hash":"5e23664580a6e7d4cb2860957a45d51d1910b3d1","isMergeCommit":true,"messageTitle":"Merge pull request #96 from Lyam-T/dev/88-test-add-delete-trip","messageBody":"Dev/88 test add delete trip\n","fileTypesAndContributionMap":{}},{"hash":"52e0ba56044fd6f119cd7ba5dc48706d38f66d4a","isMergeCommit":true,"messageTitle":"Merge branch \u0027master\u0027 into dev/86-logging-assertion","messageBody":"* master:\n  Update testcases\n  Add modify command example\n  Change function\u0027s name to adhere to coding standards\n  Fix coding style of TripTest\n  Add success and failure test cases to add and delete transportation\n  Fix codestyles\n  Add testing for TripList add and delete trip methods\n  Remove unnecessary static for trips\n  Add logging to methods related to Transportation in VoyaTrip\n  Add logging and assertions to Transportation class\n  Add more specific command exceptions\n  Add specific exception type\n\n# Conflicts:\n#\tsrc/main/java/voyatrip/Trip.java\n#\tsrc/main/java/voyatrip/TripList.java\n#\tsrc/main/java/voyatrip/VoyaTrip.java\n","fileTypesAndContributionMap":{}},{"hash":"307695b01a917c350b674bcac183a75f3b5e1363","isMergeCommit":false,"messageTitle":"Fix testing bug","messageBody":"","fileTypesAndContributionMap":{"functional-code":{"insertions":1,"deletions":1},"test-code":{"insertions":1,"deletions":1}}},{"hash":"130e69c16da11ffeadced35b8a1e3f2d405f5aa2","isMergeCommit":true,"messageTitle":"Merge pull request #103 from Lyam-T/dev/86-logging-assertion","messageBody":"Dev/86 logging assertion of trip and triplets\n","fileTypesAndContributionMap":{}},{"hash":"1f84748247dcbf969507e24e6e3d25edd0240425","isMergeCommit":false,"messageTitle":"Update dummy parser for modify","messageBody":"","fileTypesAndContributionMap":{"functional-code":{"insertions":7,"deletions":1},"test-code":{"insertions":52,"deletions":0}}},{"hash":"ba5bc2870b79bfa345a54e26d9cc4e81999780a4","isMergeCommit":true,"messageTitle":"Merge pull request #106 from Lyam-T/dev/105-parser-modification","messageBody":"Update dummy parser for modify\n","fileTypesAndContributionMap":{}},{"hash":"f7764a1d6bc697332e7324f6c69002b2c388547f","isMergeCommit":false,"messageTitle":"Add executeModifyTrip","messageBody":"currently allow changing name and total budget\n","fileTypesAndContributionMap":{"functional-code":{"insertions":59,"deletions":3}}}]},{"date":"2025-04-01","commitResults":[{"hash":"8cfe9449defab49edc1473b788abcd46bb2d91ba","isMergeCommit":true,"messageTitle":"Merge pull request #110 from choiak/dev/draft-user-guide","messageBody":"Dev/81 change modify command guide\n","fileTypesAndContributionMap":{}},{"hash":"8ec65a6ae58678346f7b3bb7615f86f9eef99cab","isMergeCommit":true,"messageTitle":"Merge pull request #108 from choiak/dev/parse-modify","messageBody":"Dev/104 change parser modify\n","fileTypesAndContributionMap":{}},{"hash":"424b568ed0538520b2691e48e976e57c98e154ae","isMergeCommit":true,"messageTitle":"Merge branch \u0027master\u0027 into dev/102-modification-trip","messageBody":"* master:\n  Chore: coding standard\n  Change modify command guide\n  Change parser testcase\n  Change validation requirement\n  Add modify command parsing\n","fileTypesAndContributionMap":{}},{"hash":"5c00f52f44a319afbe3c95085226e58819946116","isMergeCommit":false,"messageTitle":"Finish modify trip wait for testing","messageBody":"","fileTypesAndContributionMap":{"functional-code":{"insertions":197,"deletions":16}}}]},{"date":"2025-04-02","commitResults":[{"hash":"221173c958d6e0a5c0b10dd4cf0efc931f5606ac","isMergeCommit":false,"messageTitle":"Update modify trip to print current budget status if updated","messageBody":"","fileTypesAndContributionMap":{"functional-code":{"insertions":32,"deletions":16}}},{"hash":"3a66ecfea1a3e7836f4b2de3a2d33c760ac3f7ac","isMergeCommit":false,"messageTitle":"Fix bug of not correct update the itinerary size","messageBody":"","fileTypesAndContributionMap":{"functional-code":{"insertions":15,"deletions":11}}},{"hash":"9afad052c2c78b4bb672f3e972823cd4af3598a9","isMergeCommit":false,"messageTitle":"Add test cases for updateItinerarySize()","messageBody":"","fileTypesAndContributionMap":{"test-code":{"insertions":15,"deletions":0}}},{"hash":"206661e473213b108bd40a4734193f76d02892c6","isMergeCommit":true,"messageTitle":" Merge from pr/77 for list methods","messageBody":"","fileTypesAndContributionMap":{}},{"hash":"1a37d49cdce8ab92f8a333637c1d8c0e2d6c4f0a","isMergeCommit":false,"messageTitle":"Update list method to handle empty cases and to handle list by name and index","messageBody":"","fileTypesAndContributionMap":{"functional-code":{"insertions":40,"deletions":7}}}]},{"date":"2025-04-03","commitResults":[{"hash":"7d2145aa3ba562420283af30153430559be4419b","isMergeCommit":true,"messageTitle":"Merge pull request #114 from choiak/dev/parser-fine-tune","messageBody":"Dev/113 refine parser implementation\n","fileTypesAndContributionMap":{}},{"hash":"a7e20e99e1a230f1ee8232a4f7adeb78230870a4","isMergeCommit":true,"messageTitle":"Merge branch \u0027master\u0027 into dev/102-modification-trip","messageBody":"* master:\n  Update list method to handle empty cases and to handle list by name and index\n  Fix: incorrect default target in itinerary\n  Add more invalid command detection\n  Fix codestyles\n  Modify the add accommodation part of the UserGuide\n  Add a condition to calling storeDaysInList()\n  Add day attribute to Accommodation class\n  Chore: coding standard\n  Add delete trip\n\n# Conflicts:\n#\tsrc/main/java/voyatrip/Day.java\n#\tsrc/main/java/voyatrip/Trip.java\n#\tsrc/main/java/voyatrip/ui/Message.java\n#\tsrc/main/java/voyatrip/ui/Ui.java\n","fileTypesAndContributionMap":{}},{"hash":"be7e0aecf0563b8fe74108159ac36fe0885e4a21","isMergeCommit":false,"messageTitle":"Update gradle to make sure jdk17 is build","messageBody":"","fileTypesAndContributionMap":{"other":{"insertions":6,"deletions":0}}},{"hash":"27eeed066b89e975d9e9803d9c7d367020dddbe7","isMergeCommit":false,"messageTitle":"Draft DG","messageBody":"","fileTypesAndContributionMap":{"docs":{"insertions":79,"deletions":0}}},{"hash":"ac70c7b8a8d5efe92374905512ae3175afca3269","isMergeCommit":false,"messageTitle":"Restructure the directory","messageBody":"","fileTypesAndContributionMap":{"docs":{"insertions":61,"deletions":99}}},{"hash":"afcd19d3623f6edffee0fcf4a96044a9d6b76290","isMergeCommit":true,"messageTitle":"Merge pull request #121 from Lyam-T/dev/87-developer-guide","messageBody":"Draft DG\n","fileTypesAndContributionMap":{}},{"hash":"f86b872611478c6728ab4947c0498f69f315548c","isMergeCommit":false,"messageTitle":"Update deprecated document for DG","messageBody":"","fileTypesAndContributionMap":{"docs":{"insertions":2,"deletions":2}}},{"hash":"2d85f60bd14378acb644972b4f9235dd183e5fae","isMergeCommit":true,"messageTitle":"Merge pull request #123 from Lyam-T/dev/87-developer-guide","messageBody":"Update deprecated document for DG\n","fileTypesAndContributionMap":{}},{"hash":"5ea561d7b0447f10b4206f76df2033498d4db1e8","isMergeCommit":false,"messageTitle":"Update architecture design for the whole project","messageBody":"","fileTypesAndContributionMap":{"docs":{"insertions":48,"deletions":0}}},{"hash":"bd59feac13836123f3f22afb899747edfa24526f","isMergeCommit":false,"messageTitle":"Update user with logo","messageBody":"","fileTypesAndContributionMap":{"docs":{"insertions":1,"deletions":0}}},{"hash":"a20357f334505bc8a477ea879416959bab45bec7","isMergeCommit":false,"messageTitle":"Add storage system purpose sequence diagram","messageBody":"","fileTypesAndContributionMap":{"docs":{"insertions":42,"deletions":0}}}]}],"choiak":[{"date":"2025-03-07","commitResults":[{"hash":"97a5378ee8c631bd22fe92f9b9ad1f83d0d5fcf1","isMergeCommit":false,"messageTitle":"Change about us","messageBody":"","fileTypesAndContributionMap":{"docs":{"insertions":5,"deletions":7}}},{"hash":"9460213f36de73e4a30869965885198f84ede77f","isMergeCommit":true,"messageTitle":"Merge branch \u0027master\u0027 into RaymondChoi-AboutUs","messageBody":"","fileTypesAndContributionMap":{}},{"hash":"18313746a4bc1e6f02c4379693c0f44ae8723c4b","isMergeCommit":true,"messageTitle":"Merge pull request #3 from choiak/RaymondChoi-AboutUs","messageBody":"Change about us","fileTypesAndContributionMap":{}}]},{"date":"2025-03-14","commitResults":[{"hash":"0ee6687d98fbdecc13312a48071b9a7739335c97","isMergeCommit":false,"messageTitle":"Add empty Parser","messageBody":"","fileTypesAndContributionMap":{"functional-code":{"insertions":27,"deletions":0}}},{"hash":"a53fabf4661d7e58a06841ec79c8b3f62737953e","isMergeCommit":false,"messageTitle":"Add sub category parsar","messageBody":"","fileTypesAndContributionMap":{"functional-code":{"insertions":51,"deletions":7}}}]},{"date":"2025-03-15","commitResults":[{"hash":"24dc82d70b70b7b3860fd22c7894d978b84b5452","isMergeCommit":false,"messageTitle":"Refactor: package voyatrip","messageBody":"","fileTypesAndContributionMap":{"functional-code":{"insertions":150,"deletions":24},"other":{"insertions":0,"deletions":0}}},{"hash":"440b6e88845ef524d74a962d796ad1e59ae0d6b9","isMergeCommit":false,"messageTitle":"Add add command parsing","messageBody":"","fileTypesAndContributionMap":{"functional-code":{"insertions":147,"deletions":121},"test-code":{"insertions":1,"deletions":1}}},{"hash":"ffd27f8c17d34164fb3a51eb18c45734771033a5","isMergeCommit":false,"messageTitle":"Add more command type parsing","messageBody":"","fileTypesAndContributionMap":{"functional-code":{"insertions":277,"deletions":120}}},{"hash":"82ac5450c2acfbc51919b35775adaaa35128579b","isMergeCommit":false,"messageTitle":"Debug: incorrect parsing","messageBody":"","fileTypesAndContributionMap":{"functional-code":{"insertions":27,"deletions":25}}},{"hash":"d385f81c93529e28eaaf6a0aee87d9bbb27f4605","isMergeCommit":false,"messageTitle":"Resolve merge conflict","messageBody":"","fileTypesAndContributionMap":{"functional-code":{"insertions":1,"deletions":0}}},{"hash":"19f10b142874271206018323ab640148a77d1bb5","isMergeCommit":false,"messageTitle":"Add parser to main","messageBody":"","fileTypesAndContributionMap":{"functional-code":{"insertions":4,"deletions":0}}},{"hash":"03d06aac1d428da540898d192f8bd16a4282d9b0","isMergeCommit":false,"messageTitle":"Chore: coding standard","messageBody":"","fileTypesAndContributionMap":{"functional-code":{"insertions":96,"deletions":39}}},{"hash":"7f92ae76604e97ee409ef3c74372ef462282f76c","isMergeCommit":true,"messageTitle":"Merge branch \u0027master\u0027 into dev/10-add-command-parser","messageBody":"","fileTypesAndContributionMap":{}},{"hash":"8099737e65ef213ce50cd7ba0eecfa2a6ac0e7d3","isMergeCommit":false,"messageTitle":"Remove unnecessary file","messageBody":"","fileTypesAndContributionMap":{"functional-code":{"insertions":0,"deletions":53}}},{"hash":"de65be2a0a616de1c077b540830b85752415f4db","isMergeCommit":true,"messageTitle":"Merge branch \u0027dev/10-add-command-parser\u0027 of github.com:choiak/tp into dev/10-add-command-parser","messageBody":"","fileTypesAndContributionMap":{}},{"hash":"62aaeb3d8d70dc99fc890078df44aafa1626c792","isMergeCommit":false,"messageTitle":"Fix: gradle wrapper","messageBody":"","fileTypesAndContributionMap":{"other":{"insertions":0,"deletions":1}}},{"hash":"d9c2bfce04d63cb1e96a84140fb77f278b546783","isMergeCommit":false,"messageTitle":"Chore: coding standard","messageBody":"","fileTypesAndContributionMap":{"functional-code":{"insertions":4,"deletions":3}}},{"hash":"264ef966ae06878b7fef875f8f12f441c1ccdb4b","isMergeCommit":true,"messageTitle":"Merge pull request #29 from choiak/dev/10-add-command-parser","messageBody":"Dev/10 add command parser\n","fileTypesAndContributionMap":{}},{"hash":"d343b4ff3eed6c68e2f4f0a877bc1b320f295609","isMergeCommit":false,"messageTitle":"Add UML for command parser","messageBody":"","fileTypesAndContributionMap":{"docs":{"insertions":78,"deletions":9}}},{"hash":"667f27e605408b9580e07e3186b63979d849a6aa","isMergeCommit":false,"messageTitle":"Beautify UML diagram","messageBody":"","fileTypesAndContributionMap":{"docs":{"insertions":50,"deletions":45}}},{"hash":"76f3d576ebf2f784142b46aa96e13e5d3d8accbd","isMergeCommit":true,"messageTitle":"Merge pull request #32 from choiak/dev/31-uml-diagram-command-parser","messageBody":"Add UML Diagram for Command Parser\n","fileTypesAndContributionMap":{}}]},{"date":"2025-03-16","commitResults":[{"hash":"20dcf67b675ce10e2a7c9f8919e8c7accb4d5e98","isMergeCommit":false,"messageTitle":"Remove unnecessary empty line","messageBody":"","fileTypesAndContributionMap":{"functional-code":{"insertions":4,"deletions":5}}},{"hash":"a46af325bf7061c74f61adb9b4641042ff340b13","isMergeCommit":false,"messageTitle":"Reimplement parser with enum","messageBody":"","fileTypesAndContributionMap":{"functional-code":{"insertions":80,"deletions":58}}},{"hash":"cd5e8da8fa640de10aba0d1429466060b908db30","isMergeCommit":false,"messageTitle":"Remove unnecessary semicolon","messageBody":"","fileTypesAndContributionMap":{"functional-code":{"insertions":2,"deletions":2}}},{"hash":"679368639ddfd5f396d7d0dad990d1afde1fc7a1","isMergeCommit":false,"messageTitle":"Chore: coding standard","messageBody":"","fileTypesAndContributionMap":{"functional-code":{"insertions":1,"deletions":1}}},{"hash":"51e96d375277533144895eae01ebf78124186c19","isMergeCommit":true,"messageTitle":"Merge pull request #36 from choiak/dev/33-parser-code-quality","messageBody":"Dev/33 parser code quality\n","fileTypesAndContributionMap":{}},{"hash":"808f5ba8c90950b4d6d9d5019036251f0aa97de4","isMergeCommit":false,"messageTitle":"Add NumberFormatException handling","messageBody":"","fileTypesAndContributionMap":{"functional-code":{"insertions":29,"deletions":17}}},{"hash":"80a76efe1e78034d44f7b978c8d0ed97cb304a2b","isMergeCommit":false,"messageTitle":"Add more invalid command detection","messageBody":"","fileTypesAndContributionMap":{"functional-code":{"insertions":90,"deletions":23}}},{"hash":"68646a32c01b9815b7f046c955ae357895669249","isMergeCommit":false,"messageTitle":"Chore: coding standard","messageBody":"","fileTypesAndContributionMap":{"functional-code":{"insertions":13,"deletions":15}}},{"hash":"c88e002b0d838c90b187967a52dab2ad6c1e1e53","isMergeCommit":false,"messageTitle":"Add more invalid command case handling","messageBody":"","fileTypesAndContributionMap":{"functional-code":{"insertions":22,"deletions":11}}},{"hash":"224fb94212b9c32c4534707643f6aeddb1b4e054","isMergeCommit":false,"messageTitle":"Chore: coding standard","messageBody":"","fileTypesAndContributionMap":{"functional-code":{"insertions":7,"deletions":7}}}]},{"date":"2025-03-17","commitResults":[{"hash":"8d8c67a19cbaceb5b899c2bc1701686286600717","isMergeCommit":true,"messageTitle":"Merge pull request #37 from choiak/dev/10-parser-exception-handling","messageBody":"Add more parser exception handling\n","fileTypesAndContributionMap":{}},{"hash":"00fe76bee644ccdfa83e20e85b0df3b91bf75e00","isMergeCommit":false,"messageTitle":"Add exit command","messageBody":"","fileTypesAndContributionMap":{"functional-code":{"insertions":41,"deletions":13}}},{"hash":"e5e678c7a71ddc087903d1d1ecc0d813a569f466","isMergeCommit":true,"messageTitle":"Merge branch \u0027dev/10-exit-command\u0027 into develop","messageBody":"","fileTypesAndContributionMap":{}},{"hash":"c9d0f127520d0024ccfb2ed47849241614fa95de","isMergeCommit":false,"messageTitle":"Add case insensitivity for keywords","messageBody":"","fileTypesAndContributionMap":{"functional-code":{"insertions":6,"deletions":2}}},{"hash":"d1fbc192e76dd465dd434f9c9b1ff8e13acd033a","isMergeCommit":false,"messageTitle":"Debug: fix command with extra spaces failing","messageBody":"","fileTypesAndContributionMap":{"functional-code":{"insertions":9,"deletions":9}}},{"hash":"51b34916fadfdc3abce9afe777ca8ea00ba918fc","isMergeCommit":true,"messageTitle":"Merge branch \u0027dev/10-make-keyword-case-insensitive\u0027 into develop","messageBody":"","fileTypesAndContributionMap":{}},{"hash":"4ed85f0bcf5c29974b5e9b3ee68b4574d38b730a","isMergeCommit":true,"messageTitle":"Merge branch \u0027master\u0027 into develop","messageBody":"","fileTypesAndContributionMap":{}},{"hash":"a6fef6ed0237cd76bbc7dddf7f3fcf391844b987","isMergeCommit":true,"messageTitle":"Merge pull request #39 from choiak/develop","messageBody":"Dev/10 update command parser\n","fileTypesAndContributionMap":{}}]},{"date":"2025-03-18","commitResults":[{"hash":"71ee547cd9f9a03e0c302f9c21847c8f8aadf898","isMergeCommit":true,"messageTitle":"Merge branch \u0027master\u0027 into develop","messageBody":"","fileTypesAndContributionMap":{}},{"hash":"81d83f0b2c6bc54c591c802b193856d5b1ab6cf8","isMergeCommit":false,"messageTitle":"Add parsing of dates return LocalDate","messageBody":"","fileTypesAndContributionMap":{"functional-code":{"insertions":32,"deletions":7}}},{"hash":"2f5ba7d3ae5220b995663f8704ce728e77a555af","isMergeCommit":true,"messageTitle":"Merge branch \u0027dev/10-date-parsing\u0027 into develop","messageBody":"","fileTypesAndContributionMap":{}}]},{"date":"2025-03-19","commitResults":[{"hash":"858a111b911e540550cb7a0f8c3b9197aeb06f9d","isMergeCommit":true,"messageTitle":"Merge pull request #52 from Lyam-T/dev/7-uml-diagram","messageBody":"Dev/7 uml diagram\n","fileTypesAndContributionMap":{}}]},{"date":"2025-03-20","commitResults":[{"hash":"ce8daecf7e5e062b3748ec6dd540b99cf3821999","isMergeCommit":false,"messageTitle":"Refactor execute command implementation","messageBody":"","fileTypesAndContributionMap":{"functional-code":{"insertions":139,"deletions":102}}},{"hash":"4ebbf3afd48a33624f46c75fe53fe71460ee3933","isMergeCommit":true,"messageTitle":"Merge branch \u0027dev/59-refactor-cmd-exe-implementation\u0027 into develop","messageBody":"","fileTypesAndContributionMap":{}},{"hash":"df4921b035f859dc02e41e9267ce975444942266","isMergeCommit":true,"messageTitle":"Merge branch \u0027develop\u0027 into dev/57-deletion-by-name","messageBody":"","fileTypesAndContributionMap":{}},{"hash":"6c7baa13271aff99f89f962dbe735d81672854d5","isMergeCommit":false,"messageTitle":"Debug: trip delete wrong indexing","messageBody":"","fileTypesAndContributionMap":{"functional-code":{"insertions":1,"deletions":1}}},{"hash":"6f4c4a4131c9a01383671b45b4cb19b4174ecd6f","isMergeCommit":true,"messageTitle":"Merge branch \u0027dev/59-refactor-cmd-exe-implementation\u0027 into develop","messageBody":"","fileTypesAndContributionMap":{}},{"hash":"02d661920e18ce620945d8aafbda8988158550df","isMergeCommit":true,"messageTitle":"Merge branch \u0027develop\u0027 into dev/57-deletion-by-name","messageBody":"","fileTypesAndContributionMap":{}},{"hash":"a35dd17b8c0145fc655e5de9fc08d6e8d413d452","isMergeCommit":false,"messageTitle":"Add deletion by name","messageBody":"","fileTypesAndContributionMap":{"functional-code":{"insertions":107,"deletions":29}}},{"hash":"8c9e473b3bec50263ba5239a0e3d9b429377b1b1","isMergeCommit":true,"messageTitle":"Merge branch \u0027dev/57-deletion-by-name\u0027 into develop","messageBody":"","fileTypesAndContributionMap":{}},{"hash":"46e865619d9d3c5fc791dc200c8444fa4259e61e","isMergeCommit":false,"messageTitle":"Chore: coding standard","messageBody":"","fileTypesAndContributionMap":{"functional-code":{"insertions":0,"deletions":1}}},{"hash":"8f0ee0cb64dcd009bd3f3ae475a86cbdb713a2cf","isMergeCommit":true,"messageTitle":"Merge pull request #56 from Lyam-T/fix/33-javadoc","messageBody":"Fix/33 javadoc\n","fileTypesAndContributionMap":{}},{"hash":"9078419895a4910aa332e6903b13f66fb4ab51a8","isMergeCommit":false,"messageTitle":"Add change directory command","messageBody":"","fileTypesAndContributionMap":{"functional-code":{"insertions":94,"deletions":15}}},{"hash":"8befb2243369174d14435cc5e9d0bf086d73c9ae","isMergeCommit":true,"messageTitle":"Merge branch \u0027master\u0027 into develop","messageBody":"","fileTypesAndContributionMap":{}},{"hash":"d62db7114456067a31f51c526695564edbc11aeb","isMergeCommit":true,"messageTitle":"Merge branch \u0027develop\u0027 into dev/65-add-cd","messageBody":"# Conflicts:\n#\tsrc/main/java/voyatrip/VoyaTrip.java\n","fileTypesAndContributionMap":{}},{"hash":"3f0875eb83050b243cd6ae739276216fd181adac","isMergeCommit":false,"messageTitle":"Change main test","messageBody":"","fileTypesAndContributionMap":{"test-code":{"insertions":1,"deletions":0}}},{"hash":"4a8bba91b180b562d2e13362f111bc6721324c51","isMergeCommit":true,"messageTitle":"Merge pull request #66 from Lyam-T/pr/60","messageBody":"Pr/60\n","fileTypesAndContributionMap":{}},{"hash":"5fcb90112a5a970bd4a0aa60e4bd98c8d5edd988","isMergeCommit":true,"messageTitle":"Merge branch \u0027master\u0027 of github.com:choiak/tp","messageBody":"","fileTypesAndContributionMap":{}},{"hash":"b28180c2dd59fddb3ee63906372a3c21efbd0656","isMergeCommit":true,"messageTitle":"Merge branch \u0027master\u0027 into develop","messageBody":"# Conflicts:\n#\tsrc/main/java/voyatrip/VoyaTrip.java\n","fileTypesAndContributionMap":{}},{"hash":"012d4085a4ac6f50615fb2d5af84bbe91920b3b0","isMergeCommit":false,"messageTitle":"Update UML diagram","messageBody":"","fileTypesAndContributionMap":{"docs":{"insertions":44,"deletions":15}}},{"hash":"b7ab7dc501b55d78015df4072a3751c58e280ecc","isMergeCommit":true,"messageTitle":"Merge pull request #64 from choiak/dev/57-deletion-by-name","messageBody":"Dev/57 add deletion by name\n","fileTypesAndContributionMap":{}},{"hash":"2f922a8cc76548abd5232cc1a80417c10b04d8bb","isMergeCommit":true,"messageTitle":"Merge branch \u0027master\u0027 into dev/65-add-cd","messageBody":"# Conflicts:\n#\tsrc/main/java/voyatrip/TripList.java\n#\tsrc/main/java/voyatrip/ui/Ui.java\n","fileTypesAndContributionMap":{}},{"hash":"27fdec8d3983bddf43d82c99ad030638cd8e7fe5","isMergeCommit":false,"messageTitle":"Fix compilation error","messageBody":"","fileTypesAndContributionMap":{"functional-code":{"insertions":1,"deletions":1}}},{"hash":"95e4e6e56610e9c684baec25ed8e1f56b8bb0884","isMergeCommit":true,"messageTitle":"Merge pull request #67 from choiak/dev/65-add-cd","messageBody":"Dev/65 add change directory command\n","fileTypesAndContributionMap":{}},{"hash":"ed64f7d640c9dffbe38611401f5d3b82ed999ca8","isMergeCommit":true,"messageTitle":"Merge branch \u0027master\u0027 into dev/31-uml-diagram","messageBody":"","fileTypesAndContributionMap":{}},{"hash":"4e0ba4bcf6343060d091fad969c59a1400bbaa4b","isMergeCommit":false,"messageTitle":"Update UML diagram","messageBody":"","fileTypesAndContributionMap":{"docs":{"insertions":6,"deletions":0}}},{"hash":"9eaab523521342f3ea7d805fbeeef527a87e639c","isMergeCommit":true,"messageTitle":"Merge pull request #69 from choiak/dev/31-uml-diagram","messageBody":"Dev/31 update UML diagram\n","fileTypesAndContributionMap":{}}]},{"date":"2025-03-21","commitResults":[{"hash":"2563d4ed027c3df0408003f594bd1279394227ee","isMergeCommit":true,"messageTitle":"Merge pull request #71 from Lyam-T/dev/13-add-itinerary","messageBody":"Dev/13 add itinerary\n","fileTypesAndContributionMap":{}},{"hash":"6df64c2ab7e5b0d88940f7b45ea78da4530f6a20","isMergeCommit":false,"messageTitle":"Debug: some commands gives error incorrectly","messageBody":"","fileTypesAndContributionMap":{"functional-code":{"insertions":59,"deletions":57}}},{"hash":"320364bfd0fafd5b2b94b209b01e31d846e9e647","isMergeCommit":true,"messageTitle":"Merge pull request #74 from choiak/fix/parsing-and-execution","messageBody":"Fix/73 parsing gives error incorrectly\n","tags":["v1.0"],"fileTypesAndContributionMap":{}},{"hash":"92c9b39fa43717ea5ac66e3f122112ad6d5fd607","isMergeCommit":true,"messageTitle":"Merge branch \u0027master\u0027 into dev/13-itinerary","messageBody":"","fileTypesAndContributionMap":{}},{"hash":"6ff1abe93a996e38806a3ebf4619780ded0c442b","isMergeCommit":false,"messageTitle":"Add delete trip","messageBody":"","fileTypesAndContributionMap":{"functional-code":{"insertions":114,"deletions":24}}},{"hash":"381b248ee73dca8a21f22516a6b9c3256b7497ce","isMergeCommit":false,"messageTitle":"Chore: coding standard","messageBody":"","fileTypesAndContributionMap":{"functional-code":{"insertions":2,"deletions":1}}}]},{"date":"2025-03-22","commitResults":[{"hash":"d4da1f339da56d9d5adb16b2d3c81baa29936d6b","isMergeCommit":false,"messageTitle":"Add basic command guide","messageBody":"","fileTypesAndContributionMap":{"docs":{"insertions":184,"deletions":12}}}]},{"date":"2025-03-25","commitResults":[{"hash":"cebe8b709e8624cedf2084294832227eb3db55dc","isMergeCommit":false,"messageTitle":"Add specific exception type","messageBody":"","fileTypesAndContributionMap":{"functional-code":{"insertions":97,"deletions":41}}},{"hash":"f54603561d5a98524949877e02673d7040716802","isMergeCommit":false,"messageTitle":"Add more specific command exceptions","messageBody":"","fileTypesAndContributionMap":{"functional-code":{"insertions":62,"deletions":11}}}]},{"date":"2025-03-31","commitResults":[{"hash":"e271aa8e23cacdf632e9bbd866f1de708a0c1a9b","isMergeCommit":false,"messageTitle":"Add modify command example","messageBody":"","fileTypesAndContributionMap":{"docs":{"insertions":20,"deletions":0}}},{"hash":"326596d88300956852bfc3bcbeb10d86f87ac2da","isMergeCommit":false,"messageTitle":"Add modify command parsing","messageBody":"","fileTypesAndContributionMap":{"functional-code":{"insertions":21,"deletions":4}}},{"hash":"84a40f2cfbc07baba59cf1999a36aca3440b0db2","isMergeCommit":true,"messageTitle":"Merge branch \u0027master\u0027 into dev/parse-modify","messageBody":"","fileTypesAndContributionMap":{}},{"hash":"dc2e10e7d840db76c8751551a626a219b959daf3","isMergeCommit":false,"messageTitle":"Change validation requirement","messageBody":"","fileTypesAndContributionMap":{"functional-code":{"insertions":1,"deletions":1}}},{"hash":"3f364c85b4457420d21df7e033161a3c6ff63c0e","isMergeCommit":false,"messageTitle":"Change parser testcase","messageBody":"","fileTypesAndContributionMap":{"test-code":{"insertions":15,"deletions":4}}},{"hash":"b73e166b29b188582e6a090a56dae3362a33552f","isMergeCommit":false,"messageTitle":"Change modify command guide","messageBody":"","fileTypesAndContributionMap":{"docs":{"insertions":10,"deletions":2}}},{"hash":"13e423401d690d24e7a96a496e6f3a171a0ad558","isMergeCommit":false,"messageTitle":"Chore: coding standard","messageBody":"","fileTypesAndContributionMap":{"test-code":{"insertions":1,"deletions":1}}}]},{"date":"2025-04-02","commitResults":[{"hash":"2e9f6ca00e3f0d6fff1b62b1b918d7e9963b9161","isMergeCommit":false,"messageTitle":"Add more invalid command detection","messageBody":"","fileTypesAndContributionMap":{"functional-code":{"insertions":164,"deletions":79},"test-code":{"insertions":52,"deletions":15}}},{"hash":"cd1b21ede8b36d6d56943404cb229e80ca8404b7","isMergeCommit":false,"messageTitle":"Fix: incorrect default target in itinerary","messageBody":"","fileTypesAndContributionMap":{"functional-code":{"insertions":13,"deletions":1}}},{"hash":"f5c42140321f23ad8dc4b9d534cb0133d068ebfe","isMergeCommit":true,"messageTitle":"Merge pull request #116 from Lyam-T/fix/115-invalid-list-trip-output","messageBody":"Fix/115 invalid list trip output\n","fileTypesAndContributionMap":{}},{"hash":"da8212ca4c12f73808c40a6844a2791817797c65","isMergeCommit":true,"messageTitle":"Merge branch \u0027master\u0027 into dev/parser-fine-tune","messageBody":"# Conflicts:\n#\tsrc/main/java/voyatrip/command/types/AccommodationCommand.java\n#\tsrc/main/java/voyatrip/command/types/TripsCommand.java\n","fileTypesAndContributionMap":{}}]},{"date":"2025-04-03","commitResults":[{"hash":"3594435cb843231355e345bc77db3b51f6de6a6c","isMergeCommit":false,"messageTitle":"Fix: list all trip","messageBody":"","fileTypesAndContributionMap":{"functional-code":{"insertions":26,"deletions":7},"test-code":{"insertions":28,"deletions":13}}},{"hash":"fa10c3faa12cac4ab32c2dd49ff232c3d81661ae","isMergeCommit":true,"messageTitle":"Merge pull request #119 from Lyam-T/fix/118-jar-version-incompatibility","messageBody":"Update gradle to make sure jdk17 is build\n","fileTypesAndContributionMap":{}},{"hash":"2ceda42ec39869a47740dca63a85daf48b1c622f","isMergeCommit":true,"messageTitle":"Merge pull request #107 from Lyam-T/dev/102-modification-trip","messageBody":"Modification of trip\n","fileTypesAndContributionMap":{}},{"hash":"219d904c78292ccab3a850060ce5d694cb1c9e01","isMergeCommit":true,"messageTitle":"Merge pull request #122 from choiak/dev/parser-fine-tune","messageBody":"Fix/120 list all trip command\n","fileTypesAndContributionMap":{}},{"hash":"a8a63eaa1b2e8f968cf05c86308d47c98fc68343","isMergeCommit":false,"messageTitle":"Add delete activity","messageBody":"","fileTypesAndContributionMap":{"functional-code":{"insertions":95,"deletions":7},"test-code":{"insertions":8,"deletions":4}}},{"hash":"3d954e2b989cce90d55242707fbe0dc7fdf7274c","isMergeCommit":false,"messageTitle":"Add JUnit test for Day.java","messageBody":"","fileTypesAndContributionMap":{"test-code":{"insertions":55,"deletions":0}}},{"hash":"f46a9ea68b48a12ae5e24f450522ea44eec7ab5e","isMergeCommit":false,"messageTitle":"Add missing basic list function","messageBody":"","fileTypesAndContributionMap":{"functional-code":{"insertions":31,"deletions":6}}},{"hash":"e7ef0300d5385548a030aebf9918c26e603e1b14","isMergeCommit":true,"messageTitle":"Merge branch \u0027master\u0027 into dev/list","messageBody":"# Conflicts:\n#\tsrc/main/java/voyatrip/VoyaTrip.java\n","fileTypesAndContributionMap":{}},{"hash":"a69ed61a4fb0b2c03af4e9ba8c4c855420ded978","isMergeCommit":true,"messageTitle":"Merge branch \u0027master\u0027 into dev/delete-activity","messageBody":"# Conflicts:\n#\tsrc/main/java/voyatrip/Trip.java\n","fileTypesAndContributionMap":{}},{"hash":"624793a685ea841543d498a77db1964278b982de","isMergeCommit":true,"messageTitle":"Merge pull request #129 from Lyam-T/dev/127-storage-dg","messageBody":"Dev/127 Add purposed storage system sequence diagram\n","fileTypesAndContributionMap":{}},{"hash":"c1afcb77471fc59aa975c0d6a5bc3e27b7af768a","isMergeCommit":true,"messageTitle":"Merge pull request #128 from Lyam-T/dev/126-architecture-uml","messageBody":"Dev/126 architecture uml\n","fileTypesAndContributionMap":{}}]},{"date":"2025-04-04","commitResults":[{"hash":"c14f7e94c673af711c033dc49aec862b73ebfba6","isMergeCommit":true,"messageTitle":"Merge pull request #132 from je-nnyt/dev/95-add-listTransportation","messageBody":"Dev/95 add list transportation\n","fileTypesAndContributionMap":{}},{"hash":"50159d0eaa2485890d7ec158dcb525ea08a16de2","isMergeCommit":true,"messageTitle":"Merge pull request #135 from paklongchiu/dev/134-add-list-accommodation-methods","messageBody":"Dev/134 Add list accommodation methods\n","fileTypesAndContributionMap":{}},{"hash":"2f4bf7b818f32399758c99ce1c5f0280fb421add","isMergeCommit":true,"messageTitle":"Merge pull request #136 from paklongchiu/dev/87-developer-guide","messageBody":"Dev/87 Developer guide (Implementation from Thomas)\n","fileTypesAndContributionMap":{}},{"hash":"357db5e76213f47f73e2a2fabb3c79eff4f8a032","isMergeCommit":true,"messageTitle":"Merge branch \u0027master\u0027 into dev/list","messageBody":"# Conflicts:\n#\tsrc/main/java/voyatrip/VoyaTrip.java\n","fileTypesAndContributionMap":{}},{"hash":"d8eda483068eabbf425c0b5681f4ed39fa83c039","isMergeCommit":false,"messageTitle":"Add missing list implementation","messageBody":"","fileTypesAndContributionMap":{"functional-code":{"insertions":95,"deletions":47},"test-code":{"insertions":124,"deletions":2}}},{"hash":"7c27fdccf3256d5e61bef957f361cdf2b795ccbc","isMergeCommit":true,"messageTitle":"Merge branch \u0027master\u0027 into dev/delete-activity","messageBody":"# Conflicts:\n#\tsrc/main/java/voyatrip/Trip.java\n","fileTypesAndContributionMap":{}},{"hash":"8bb64e6278692ac0d0b80096fb6433a40014bdd6","isMergeCommit":false,"messageTitle":"Chore: remove redundant import","messageBody":"","fileTypesAndContributionMap":{"functional-code":{"insertions":0,"deletions":1}}},{"hash":"239c73995b513478470ba893af21a24d35ea64ac","isMergeCommit":true,"messageTitle":"Merge pull request #131 from choiak/dev/delete-activity","messageBody":"Dev/add delete activity\n","fileTypesAndContributionMap":{}},{"hash":"fb9d8e7a71dafc66f4de5c9f75644365457a2954","isMergeCommit":true,"messageTitle":"Merge branch \u0027master\u0027 into dev/list","messageBody":"# Conflicts:\n#\tsrc/main/java/voyatrip/Trip.java\n#\tsrc/main/java/voyatrip/ui/Message.java\n","fileTypesAndContributionMap":{}},{"hash":"97d5881358bb738165f4449d9b82a12cfb7d4e65","isMergeCommit":false,"messageTitle":"Fix: missing import","messageBody":"","fileTypesAndContributionMap":{"functional-code":{"insertions":1,"deletions":0}}},{"hash":"0cecfa3534ebc27fd4c8df98ef0c36feb8f27e43","isMergeCommit":true,"messageTitle":"Merge pull request #130 from choiak/dev/list","messageBody":"Dev/78 refine list function\n","fileTypesAndContributionMap":{}}]}],"je-nnyt":[{"date":"2025-03-07","commitResults":[{"hash":"e95460217893e01c085fad68e6c14a152180d038","isMergeCommit":false,"messageTitle":"Update first line in the docs/AboutUs.md","messageBody":"","fileTypesAndContributionMap":{"docs":{"insertions":4,"deletions":7}}},{"hash":"2d3aac32e25c5807567d413c54f1481e80212393","isMergeCommit":true,"messageTitle":"Merge branch \u0027master\u0027 into Jenny-AboutUs","messageBody":"","fileTypesAndContributionMap":{}},{"hash":"e852e1e2ea2330a6b6b8a2795b29923f494aa896","isMergeCommit":true,"messageTitle":"Merge pull request #4 from je-nnyt/Jenny-AboutUs","messageBody":"Update first line in the docs/AboutUs.md","fileTypesAndContributionMap":{}}]},{"date":"2025-03-13","commitResults":[{"hash":"6c07959b8281d47a60f444464a525b3cc0b715a7","isMergeCommit":false,"messageTitle":"Create Transportation class","messageBody":"Add attributes, constructor, getters and setters.\n","fileTypesAndContributionMap":{"functional-code":{"insertions":28,"deletions":0}}}]},{"date":"2025-03-14","commitResults":[{"hash":"57594fb7eedaad4442ada6cdabe8a6b4b7c7bac1","isMergeCommit":false,"messageTitle":"Implement addTransport, deleteTransport and ArrayList\u003cTransportation\u003e","messageBody":"","fileTypesAndContributionMap":{"functional-code":{"insertions":31,"deletions":0}}},{"hash":"b0e186abd72c21f7ae0f114be1044c56ea61da69","isMergeCommit":false,"messageTitle":"Refactor code","messageBody":"","fileTypesAndContributionMap":{"functional-code":{"insertions":2,"deletions":2}}},{"hash":"0d80a7630f2dacb47a4a529b527dec728bded028","isMergeCommit":false,"messageTitle":"Change package name to adhere to coding standard","messageBody":"","fileTypesAndContributionMap":{"other":{"insertions":6,"deletions":4}}}]},{"date":"2025-03-16","commitResults":[{"hash":"ebee2c0cbe9d3aaca2c877b0b682e61863780950","isMergeCommit":true,"messageTitle":"Merge branch \u0027master\u0027 into dev/11-add-delete-transportation","messageBody":"","fileTypesAndContributionMap":{}},{"hash":"cd8f8c8603e06ca7f85d57c95f4de8f435dd6c05","isMergeCommit":false,"messageTitle":"Remove transportationCount","messageBody":"The transportation count can be directly obtained from the size() method from the ArrayList\n","fileTypesAndContributionMap":{"functional-code":{"insertions":0,"deletions":4}}},{"hash":"fd1fe6c005c7ec9f8a44ad30d5a61a41a17774a4","isMergeCommit":false,"messageTitle":"Remove transportationCount","messageBody":"The transportation count can be obtained directly from the size() method provided by the ArrayList","fileTypesAndContributionMap":{"functional-code":{"insertions":0,"deletions":4}}},{"hash":"c3de28f429beeb798b5992a74b313a3aaee96557","isMergeCommit":false,"messageTitle":"Fix compilation conflict","messageBody":"Missing bracket caused compilation issue. Add a break statement to stop searching for a transportation once the correct one is found.","fileTypesAndContributionMap":{"functional-code":{"insertions":2,"deletions":1}}},{"hash":"0663db6dae0ac001f4660c516f81c33a182580f4","isMergeCommit":false,"messageTitle":"Fix error provided by Gradle","messageBody":"Missing a newline at the end of file.\n","fileTypesAndContributionMap":{"functional-code":{"insertions":3,"deletions":3}}},{"hash":"d5b9a21171ddc3a741e2e3617d3e7beb3e06ef5a","isMergeCommit":false,"messageTitle":"Fix newline error provided by Gradle","messageBody":"Missing a newline at the end of file.","fileTypesAndContributionMap":{"functional-code":{"insertions":1,"deletions":0}}},{"hash":"31024faa52ef2d3093e8f5f6deee7a9cebf4d69a","isMergeCommit":false,"messageTitle":"Fix error provided by Gradle","messageBody":"Missing a newline at the end of file.","fileTypesAndContributionMap":{"functional-code":{"insertions":1,"deletions":0}}},{"hash":"8b2d2cc3e3edc54df802e400abd5ab24a0772bf7","isMergeCommit":false,"messageTitle":"Fix newline error provided by Gradle","messageBody":"Missing a newline at the end of file.","fileTypesAndContributionMap":{"functional-code":{"insertions":1,"deletions":0}}},{"hash":"3628efdff1e9d6f9cd7f9b84c864b1d02f7bacd4","isMergeCommit":true,"messageTitle":"Merge branch \u0027dev/11-add-delete-transportation\u0027 of https://github.com/je-nnyt/tp into dev/11-add-delete-transportation","messageBody":"# Conflicts:\n#\tsrc/main/java/voyatrip/Trip.java\n","fileTypesAndContributionMap":{}},{"hash":"10d34b517c00e78358d2e490c3dc48cf94d81c98","isMergeCommit":false,"messageTitle":"Change parameter of deleteTransportation to type Integer","messageBody":"Deleting by index is more convenient for version 1.\n","fileTypesAndContributionMap":{"functional-code":{"insertions":8,"deletions":6}}},{"hash":"de983a9fc2933482302245a1b8696a26242c1a7b","isMergeCommit":false,"messageTitle":"Add a name attribute for Transportation class","messageBody":"","fileTypesAndContributionMap":{"functional-code":{"insertions":9,"deletions":1}}}]},{"date":"2025-03-17","commitResults":[{"hash":"0e65ffe0b8204b08bb617e50e9aeb552d73f7b51","isMergeCommit":true,"messageTitle":"Merge branch \u0027master\u0027 into dev/11-add-delete-transportation","messageBody":"Need the parser function for deleteTransportation()\n\n# Conflicts:\n#\tsrc/main/java/voyatrip/VoyaTrip.java\n#\tsrc/main/java/voyatrip/command/types/AccommodationCommand.java\n#\tsrc/main/java/voyatrip/command/types/Command.java\n#\tsrc/main/java/voyatrip/command/types/ItineraryCommand.java\n#\tsrc/main/java/voyatrip/command/types/TransportationCommand.java\n#\tsrc/main/java/voyatrip/command/types/TripsCommand.java\n#\tsrc/main/java/voyatrip/ui/Parser.java\n","fileTypesAndContributionMap":{}},{"hash":"be57e3ddc03bb18e28a2c0cd67fdae65fd906c8d","isMergeCommit":true,"messageTitle":"Merge branch \u0027master\u0027 into dev/11-add-delete-transportation","messageBody":"","fileTypesAndContributionMap":{}},{"hash":"02c74e27f8b7d25464c22c3e7d611121b2086837","isMergeCommit":true,"messageTitle":"Merge branch \u0027master\u0027 into dev/11-add-delete-transportation","messageBody":"# Conflicts:\n#\tbuild.gradle\n","fileTypesAndContributionMap":{}},{"hash":"9b67222c056a425a79d5cf1616f94805ccccf7fe","isMergeCommit":false,"messageTitle":"Add Transportation class","messageBody":"","fileTypesAndContributionMap":{"functional-code":{"insertions":37,"deletions":0}}},{"hash":"aecf27ab5e139668f4bcbafd52c260ffa6befc60","isMergeCommit":true,"messageTitle":"Merge branch \u0027dev/11-add-delete-transportation\u0027 of https://github.com/je-nnyt/tp into dev/11-add-delete-transportation","messageBody":"# Conflicts:\n#\tsrc/main/java/voyatrip/Transportation.java\n","fileTypesAndContributionMap":{}},{"hash":"0afa75c9f7990f42260baf40bf07195a13abe521","isMergeCommit":false,"messageTitle":"Fix merge conflicts from pulling from origin to dev/11-add-delete-transportation","messageBody":"","fileTypesAndContributionMap":{"functional-code":{"insertions":17,"deletions":41},"other":{"insertions":1,"deletions":0},"docs":{"insertions":0,"deletions":156}}}]},{"date":"2025-03-18","commitResults":[{"hash":"247dde464afa1e9b37bcfb501097fcac4abbdcd8","isMergeCommit":false,"messageTitle":"Add Transportation class","messageBody":"","fileTypesAndContributionMap":{"functional-code":{"insertions":4,"deletions":0}}},{"hash":"e7a248f64fca99a1e26adf5ce9d39f4a76972834","isMergeCommit":true,"messageTitle":"Merge branch \u0027dev/11-add-delete-transportation\u0027 of https://github.com/je-nnyt/tp into dev/11-add-delete-transportation","messageBody":"# Conflicts:\n#\tsrc/main/java/voyatrip/Transportation.java\n","fileTypesAndContributionMap":{}},{"hash":"1ca52600cbae476fcdd333fb6858221c150ce8a2","isMergeCommit":false,"messageTitle":"Modify Transportation constructor to have name as a parameter","messageBody":"","fileTypesAndContributionMap":{"functional-code":{"insertions":2,"deletions":5}}},{"hash":"33aeffdce4be3fafb79f1f01d5588287c2f815f8","isMergeCommit":false,"messageTitle":"Implement executeAddTransportation()","messageBody":"","fileTypesAndContributionMap":{"functional-code":{"insertions":59,"deletions":18}}},{"hash":"36c53d0888048e71dab68ea432db0e8b7067be69","isMergeCommit":false,"messageTitle":"Implement executeDeleteTransportation()","messageBody":"","fileTypesAndContributionMap":{"functional-code":{"insertions":12,"deletions":1}}},{"hash":"4a8de056061a27b88deaa23b18be0a41a6bfefc8","isMergeCommit":false,"messageTitle":"Add exception class TripNotFoundException","messageBody":"","fileTypesAndContributionMap":{"functional-code":{"insertions":6,"deletions":0}}},{"hash":"d9e1d82078c41190f6b4854879f160c5486d5652","isMergeCommit":false,"messageTitle":"Add printTripNotFound message","messageBody":"","fileTypesAndContributionMap":{"functional-code":{"insertions":6,"deletions":1}}},{"hash":"b7a89c30415fca6c387e22c98ca7adc18111a948","isMergeCommit":false,"messageTitle":"Add try/catch to handle TripNotFound exception","messageBody":"","fileTypesAndContributionMap":{"functional-code":{"insertions":19,"deletions":12}}}]},{"date":"2025-03-19","commitResults":[{"hash":"d0b243ef4e68fb68b054fed3fc92c3ffd2e8f96b","isMergeCommit":true,"messageTitle":"Merge branch \u0027master\u0027 into dev/11-add-delete-transportation","messageBody":"","fileTypesAndContributionMap":{}},{"hash":"f9281586c86d0bb1254a25096233d83479c6e833","isMergeCommit":false,"messageTitle":"Enable assertions","messageBody":"","fileTypesAndContributionMap":{"other":{"insertions":4,"deletions":0}}},{"hash":"9d86b81170d3315e2573bb7e44fac48e363062c6","isMergeCommit":true,"messageTitle":"Merge branch \u0027dev/11-add-delete-transportation\u0027 of https://github.com/je-nnyt/tp into dev/11-add-delete-transportation","messageBody":"","fileTypesAndContributionMap":{}},{"hash":"9a9a20537576152cbdda32de35f8e107715fd29c","isMergeCommit":true,"messageTitle":"Merge branch \u0027master\u0027 into dev/11-add-delete-transportation","messageBody":"","fileTypesAndContributionMap":{}},{"hash":"aadc33766f6afc8e9ee2553c67cab0bca0d81b87","isMergeCommit":false,"messageTitle":"Fix merge conflicts to merge into upstream master","messageBody":"Missing import statement for class Parser and the implementation of executeListAccomodation and executeListTransportation.\n","fileTypesAndContributionMap":{"functional-code":{"insertions":9,"deletions":0}}},{"hash":"81ddfc9a2e98d6d5bcb9d26d05d054f9c3abbd49","isMergeCommit":true,"messageTitle":"Merge branch \u0027dev/11-add-delete-transportation\u0027 of https://github.com/je-nnyt/tp into dev/11-add-delete-transportation","messageBody":"","fileTypesAndContributionMap":{}},{"hash":"3aae2a350be71780e4ca747d05627323d7e77df6","isMergeCommit":false,"messageTitle":"Fix style layout","messageBody":"PR failed due to Checkstyle rule violations.\n","fileTypesAndContributionMap":{"functional-code":{"insertions":2,"deletions":2}}},{"hash":"607259afafe6d68d422fd78a19731126e0f21e3e","isMergeCommit":false,"messageTitle":"Remove private from TRIP_NOT_FOUND_MESSAGE","messageBody":"This caused PR failed as CheckStyle rule is violated.\n","fileTypesAndContributionMap":{"functional-code":{"insertions":7,"deletions":5}}},{"hash":"3873410b4da5ef7dc1540b605183020899d96b59","isMergeCommit":true,"messageTitle":"Merge pull request #53 from Lyam-T/pr/48","messageBody":"Pr/48\n","fileTypesAndContributionMap":{}},{"hash":"9de4c97c9461af77d45132214454994b0a4aaaa8","isMergeCommit":false,"messageTitle":"Implement toString() method of Transportation","messageBody":"","fileTypesAndContributionMap":{"functional-code":{"insertions":1,"deletions":1}}},{"hash":"d5180f7d3560c44e3a5e43b89d7291ed360a3dd2","isMergeCommit":false,"messageTitle":"Implement the toString() method of Trip","messageBody":"Overriding the toString() method instead of creating a list method.\n","fileTypesAndContributionMap":{"functional-code":{"insertions":21,"deletions":3}}},{"hash":"ed11fff5cd42a90e4a1bc6b08778a1883d0f40c1","isMergeCommit":false,"messageTitle":"Print accommodations\u0027 information in toString()","messageBody":"","fileTypesAndContributionMap":{"functional-code":{"insertions":3,"deletions":0}}},{"hash":"49911c17607885a56436c19145f0976c22cb959c","isMergeCommit":false,"messageTitle":"Change toString() method to listTripInfo()","messageBody":"It is more intuitive to call listTripInfo() than toString().\n","fileTypesAndContributionMap":{"functional-code":{"insertions":18,"deletions":10}}}]},{"date":"2025-03-26","commitResults":[{"hash":"ba1011970e3867a87bb342ed71e72311751bf1ba","isMergeCommit":false,"messageTitle":"Add logging and assertions to Transportation class","messageBody":"","fileTypesAndContributionMap":{"functional-code":{"insertions":9,"deletions":0}}},{"hash":"3cd034d60b66eb0b014befe2d17723821bf0a6aa","isMergeCommit":false,"messageTitle":"Add logging to methods related to Transportation in VoyaTrip","messageBody":"","fileTypesAndContributionMap":{"functional-code":{"insertions":22,"deletions":1}}},{"hash":"72f6e052eaa1b73fa31c7add1a5d46d628d02c13","isMergeCommit":false,"messageTitle":"Add day attribute to Transportation","messageBody":"This ArrayList of Integer stores the day to which the transportation is associated with.\nFurther development is done once parsing is updated.\n","fileTypesAndContributionMap":{"functional-code":{"insertions":6,"deletions":1}}},{"hash":"8e81ef71df1f16cf25727c3b21a787143c21f76f","isMergeCommit":false,"messageTitle":"Add parsing for startDay and endDay input by user","messageBody":"","fileTypesAndContributionMap":{"functional-code":{"insertions":22,"deletions":4}}}]},{"date":"2025-03-30","commitResults":[{"hash":"c7c9b78b1c9a1244b7ecae35d6de786924a49e0f","isMergeCommit":false,"messageTitle":"Add success and failure test cases to add and delete transportation","messageBody":"","fileTypesAndContributionMap":{"functional-code":{"insertions":2,"deletions":2}}},{"hash":"fd329c825742fe5b21d0e0a49bd44fb19826d72a","isMergeCommit":false,"messageTitle":"Fix coding style of TripTest","messageBody":"","fileTypesAndContributionMap":{"test-code":{"insertions":54,"deletions":0}}},{"hash":"ed4880f545174234d45ad80df2b4820134e0491c","isMergeCommit":false,"messageTitle":"Change function\u0027s name to adhere to coding standards","messageBody":"","fileTypesAndContributionMap":{"test-code":{"insertions":4,"deletions":4}}}]},{"date":"2025-04-01","commitResults":[{"hash":"6d4a51f6e9df5a73d7fdffd2a59cb3919c6fef00","isMergeCommit":false,"messageTitle":"Add TransportationException class","messageBody":"","fileTypesAndContributionMap":{"functional-code":{"insertions":7,"deletions":0}}},{"hash":"04eea5c9c86b4800b83274b19de5708bac528efb","isMergeCommit":false,"messageTitle":"Add listTransportation() and listTransportations()","messageBody":"","fileTypesAndContributionMap":{"functional-code":{"insertions":34,"deletions":4}}}]},{"date":"2025-04-03","commitResults":[{"hash":"c4e2da584321a51fa6cb74ceece768c7a7abf126","isMergeCommit":true,"messageTitle":"Merge branch \u0027master\u0027 into dev/95-add-listTransportation","messageBody":"# Conflicts:\n#\tsrc/main/java/voyatrip/Trip.java\n#\tsrc/main/java/voyatrip/VoyaTrip.java\n","fileTypesAndContributionMap":{}},{"hash":"8f334a76bc25209e531dfe10f75d832aa80746a5","isMergeCommit":false,"messageTitle":"Add JavaDoc comments and logging","messageBody":"","fileTypesAndContributionMap":{"functional-code":{"insertions":15,"deletions":1}}},{"hash":"3052f7c2e57c999702cf07c76531a1ac8de93a3b","isMergeCommit":false,"messageTitle":"Add catch IndexOutofBounds Exception","messageBody":"","fileTypesAndContributionMap":{"functional-code":{"insertions":7,"deletions":9}}},{"hash":"f863b99e442fae709cb10feebe5284cc4d2f7ce4","isMergeCommit":false,"messageTitle":"Implement execute listAllTransportations()","messageBody":"Without this method, user is unable to see the associated index to the transportations they may want to delete later on\n","fileTypesAndContributionMap":{"functional-code":{"insertions":10,"deletions":3}}},{"hash":"3a08a019f166ae79ba42c4912ffd09e863a68d7d","isMergeCommit":false,"messageTitle":"Add LIST_ALL_TRANSPORTATIONS_MESSAGE to Message of UI","messageBody":"","fileTypesAndContributionMap":{"functional-code":{"insertions":7,"deletions":0}}},{"hash":"e8354a2e91986b024c0f53ed6eb8444dfbda95bc","isMergeCommit":true,"messageTitle":"Merge branch \u0027master\u0027 into dev/91-add-day-to-transportation","messageBody":"# Conflicts:\n#\tsrc/main/java/voyatrip/Transportation.java\n#\tsrc/main/java/voyatrip/command/types/TransportationCommand.java\n","fileTypesAndContributionMap":{}},{"hash":"469873ec76a671a967163c2ce100870108bd13e7","isMergeCommit":false,"messageTitle":"Add days attribute to Transportation","messageBody":"","fileTypesAndContributionMap":{"functional-code":{"insertions":12,"deletions":4}}},{"hash":"139284cf6ac9cfb1bac8c0cc192538424690f8e1","isMergeCommit":false,"messageTitle":"Update executeAddTransportation()","messageBody":"","fileTypesAndContributionMap":{"functional-code":{"insertions":1,"deletions":1}}},{"hash":"7383645b299744b75ed29717595efa98990ab728","isMergeCommit":false,"messageTitle":"Update parser to parse start and end day","messageBody":"","fileTypesAndContributionMap":{"functional-code":{"insertions":9,"deletions":2}}},{"hash":"ff53cefd8c023170f983ea6f6449c2ba96cc98f9","isMergeCommit":false,"messageTitle":"Add getters for start and end day and verify if null","messageBody":"Start and end day were not properly set causing program to crash.\nVerify if start and end day are null to avoid program crashing.\n","fileTypesAndContributionMap":{"functional-code":{"insertions":9,"deletions":8}}},{"hash":"80b236c7a78779f953a26f8af04a269db9adbe17","isMergeCommit":false,"messageTitle":"Update toString() method of Transportation","messageBody":"","fileTypesAndContributionMap":{"functional-code":{"insertions":5,"deletions":3}}},{"hash":"31031538935784c550328d6cd00785011d03e2be","isMergeCommit":false,"messageTitle":"Update addTransportation() to receive start and end day as parameters","messageBody":"","fileTypesAndContributionMap":{"functional-code":{"insertions":3,"deletions":3}}},{"hash":"4f1bb4aad24faafa6d88a8a83275fd47fcb88c6c","isMergeCommit":false,"messageTitle":"Update addTransportation() on UserGuide","messageBody":"","fileTypesAndContributionMap":{"docs":{"insertions":4,"deletions":3}}},{"hash":"d70cd1cc8f0b4f85211708cdfad7d5e46f86f2e4","isMergeCommit":false,"messageTitle":"Fix failed parserTest","messageBody":"start and end day cannot be null otherwise they will throw InvalidCommand contradicting assertDoesNotThrow\n","fileTypesAndContributionMap":{"test-code":{"insertions":4,"deletions":1}}},{"hash":"baa1832a7a3a4bc00cf8e4bfbf22178747237b3c","isMergeCommit":false,"messageTitle":"Update JUnit Tests with new parameters and name","messageBody":"","fileTypesAndContributionMap":{"test-code":{"insertions":34,"deletions":20}}},{"hash":"a71e429e462cb3c78911801e352265f624be4213","isMergeCommit":false,"messageTitle":"Fix coding style","messageBody":"","fileTypesAndContributionMap":{"functional-code":{"insertions":8,"deletions":4}}},{"hash":"2ed3aa48fa1f4068f8b127ba8cc4b69cd5847f27","isMergeCommit":false,"messageTitle":"Add exception handling for startDay and endDay","messageBody":"","fileTypesAndContributionMap":{"functional-code":{"insertions":4,"deletions":5}}},{"hash":"e5a266177dfe17896c7f8af80ef7b58a711da1f4","isMergeCommit":false,"messageTitle":"Add case \"all\" as command arguments for switch","messageBody":"","fileTypesAndContributionMap":{"functional-code":{"insertions":1,"deletions":1}}},{"hash":"4db93a6149218f2734a96e5036a995e17703979d","isMergeCommit":false,"messageTitle":"Add option to list all transportations and their associated index","messageBody":"","fileTypesAndContributionMap":{"functional-code":{"insertions":19,"deletions":6}}},{"hash":"3a46e67a8438fe3c8cec657e22307ed7f19f37a1","isMergeCommit":false,"messageTitle":"Update UserGuide","messageBody":"","fileTypesAndContributionMap":{"docs":{"insertions":22,"deletions":1}}},{"hash":"cc00780a54e693a85ce8e34cf1ab8d34b804647d","isMergeCommit":true,"messageTitle":"Merge branch \u0027master\u0027 into dev/95-add-listTransportation","messageBody":"","fileTypesAndContributionMap":{}},{"hash":"98afae234608da480cc7344f59328fb292d73330","isMergeCommit":true,"messageTitle":"Merge pull request #125 from je-nnyt/dev/91-add-day-to-transportation","messageBody":"Dev/91 add day to transportation\n","fileTypesAndContributionMap":{}}]},{"date":"2025-04-04","commitResults":[{"hash":"98d8ef37da6007667aa042d89b321cff5b33e07b","isMergeCommit":false,"messageTitle":"Change listAllTransportations() to printTransportationList()","messageBody":"","fileTypesAndContributionMap":{"functional-code":{"insertions":19,"deletions":35}}},{"hash":"a520d11292c1d51f6af9dd6b4106f7858ce33397","isMergeCommit":true,"messageTitle":"Merge branch \u0027dev/95-add-listTransportation\u0027 of https://github.com/je-nnyt/tp into dev/95-add-listTransportation","messageBody":"# Conflicts:\n#\tsrc/main/java/voyatrip/VoyaTrip.java\n#\tsrc/main/java/voyatrip/ui/Ui.java\n","fileTypesAndContributionMap":{}},{"hash":"0b7088f8b073867858ffc7c67bc9aa73eeb07171","isMergeCommit":true,"messageTitle":"Merge branch \u0027master\u0027 into dev/95-add-listTransportation","messageBody":"","fileTypesAndContributionMap":{}}]}],"paklongchiu":[{"date":"2025-03-07","commitResults":[{"hash":"cb320e3f45b931af0e6eb9697175579b01002cdb","isMergeCommit":false,"messageTitle":"Create a Thomas_Chiu branch and update the docs/AboutUs.md page","messageBody":"","fileTypesAndContributionMap":{"docs":{"insertions":1,"deletions":5}}},{"hash":"667bad70ed513dd55cf5ca71059d534eafd9bbb4","isMergeCommit":true,"messageTitle":"Merge branch \u0027master\u0027 into Thomas_Chiu-AboutUs","messageBody":"","fileTypesAndContributionMap":{}},{"hash":"bad750ec5a712193a7b61872239a9e30e1684a35","isMergeCommit":true,"messageTitle":"Merge pull request #6 from paklongchiu/Thomas_Chiu-AboutUs","messageBody":"Create a Thomas_Chiu branch and update the docs/AboutUs.md page","fileTypesAndContributionMap":{}}]},{"date":"2025-03-19","commitResults":[{"hash":"cd57fb3e9b8bdf52e8b115e822c252d4695d0cdb","isMergeCommit":false,"messageTitle":"Create the Accommodation class and implement add/delete accommodation methods","messageBody":"","fileTypesAndContributionMap":{"functional-code":{"insertions":90,"deletions":2}}},{"hash":"5a85b07287c781c41e38b6d12d55d95151ab6fcd","isMergeCommit":false,"messageTitle":"Add empty line at end of file","messageBody":"","fileTypesAndContributionMap":{"functional-code":{"insertions":1,"deletions":1}}}]},{"date":"2025-03-20","commitResults":[{"hash":"7a825a8cf505643554560d71fde66502efa6a012","isMergeCommit":false,"messageTitle":"Add some small code modifications","messageBody":"","fileTypesAndContributionMap":{"functional-code":{"insertions":21,"deletions":13}}},{"hash":"d8b6dfad3ca4f85f6a5b7578c4fef7f553a18b5e","isMergeCommit":true,"messageTitle":"Merge pull request #70 from paklongchiu/fix/code-fix","messageBody":"Small code modifications\n","fileTypesAndContributionMap":{}}]},{"date":"2025-03-31","commitResults":[{"hash":"5f9670b8fe9603c2b8a50e5db860e1da56896e2a","isMergeCommit":false,"messageTitle":"Add day attribute to Accommodation class","messageBody":"","fileTypesAndContributionMap":{"functional-code":{"insertions":40,"deletions":7}}},{"hash":"f58e1d58943cff55d1bed25b3c0ad99ab9df8222","isMergeCommit":false,"messageTitle":"Add a condition to calling storeDaysInList()","messageBody":"This prevents the program from crashing when using other commands as in those scenarios the method shouldn\u0027t be called.\n","fileTypesAndContributionMap":{"functional-code":{"insertions":4,"deletions":2}}},{"hash":"4105ea153440f93282b9944a0cdfc064b4adeb4f","isMergeCommit":true,"messageTitle":"Merge branch \u0027master\u0027 into dev/98-add-day-to-accommodation","messageBody":"# Conflicts:\n#\tsrc/main/java/voyatrip/Trip.java\n","fileTypesAndContributionMap":{}},{"hash":"cca8d68af66cfdd6940ab2341fd9808d06bebed0","isMergeCommit":false,"messageTitle":"Modify the add accommodation part of the UserGuide","messageBody":"","fileTypesAndContributionMap":{"docs":{"insertions":3,"deletions":3}}},{"hash":"1392dbb0645700641d79ec113d94c47e96495a7d","isMergeCommit":false,"messageTitle":"Fix codestyles","messageBody":"","fileTypesAndContributionMap":{"functional-code":{"insertions":4,"deletions":2}}}]},{"date":"2025-04-01","commitResults":[{"hash":"526f6eff47fe3ce9df2317798d80a1dd3798a894","isMergeCommit":true,"messageTitle":"Merge branch \u0027master\u0027 into dev/98-add-day-to-accommodation","messageBody":"","fileTypesAndContributionMap":{}}]},{"date":"2025-04-02","commitResults":[{"hash":"5567400df05b5f9adde7c6991e6b9eb74a6a0ead","isMergeCommit":true,"messageTitle":"Merge branch \u0027dev/98-add-day-to-accommodation\u0027 into test/JUnit-test-add-delete-accommodation","messageBody":"","fileTypesAndContributionMap":{}},{"hash":"7a54348d2f4c5a3bada4a13019f6fabbfb75e6e6","isMergeCommit":false,"messageTitle":"Add 6 tests for adding/deleting accommodation","messageBody":"The tests include success cases, and failure cases due to adding by reusing name, deleting with out of bounds index or not previously stored name.\n","fileTypesAndContributionMap":{"functional-code":{"insertions":1,"deletions":1},"test-code":{"insertions":60,"deletions":0}}},{"hash":"c37df524f52abe079fdaff1e15e1179f861af8c2","isMergeCommit":true,"messageTitle":"Merge pull request #111 from paklongchiu/dev/98-add-day-to-accommodation","messageBody":"Dev/98 add day to accommodation\n","fileTypesAndContributionMap":{}},{"hash":"ed89a335853552866c0cb42acb37259f39e9bdfd","isMergeCommit":false,"messageTitle":"Implement the methods to modify attributes of accommodation","messageBody":"","fileTypesAndContributionMap":{"functional-code":{"insertions":66,"deletions":3}}},{"hash":"8fb6988bfc6c52a30599c762db0584e03af0ae7e","isMergeCommit":true,"messageTitle":"Merge branch \u0027master\u0027 into dev/101-modification-of-accommodation","messageBody":"# Conflicts:\n#\tsrc/main/java/voyatrip/ui/Message.java\n","fileTypesAndContributionMap":{}},{"hash":"706ee207661a444578e44da0ea269ade8186afd4","isMergeCommit":false,"messageTitle":"Modify the UserGuide for features related to accommodation","messageBody":"","fileTypesAndContributionMap":{"docs":{"insertions":51,"deletions":6}}}]},{"date":"2025-04-03","commitResults":[{"hash":"ba2d91987ededf742202149e48c04b1c83e4c74c","isMergeCommit":true,"messageTitle":"Merge branch \u0027master\u0027 into test/JUnit-test-add-delete-accommodation","messageBody":"","fileTypesAndContributionMap":{}},{"hash":"ea9f1c77ad3a3d5d66274116a6ef667496e34ef3","isMergeCommit":true,"messageTitle":"Merge pull request #112 from paklongchiu/test/JUnit-test-add-delete-accommodation","messageBody":"JUnit test for adding/deleting accommodation\n","fileTypesAndContributionMap":{}},{"hash":"a9a66f3dacc3aa4aa73df5df3eedf2779b8f12a2","isMergeCommit":true,"messageTitle":"Merge branch \u0027master\u0027 into dev/101-modification-of-accommodation","messageBody":"","fileTypesAndContributionMap":{}},{"hash":"0a91e5d1fa747571dfef55b23997956f0188c413","isMergeCommit":true,"messageTitle":"Merge pull request #117 from paklongchiu/dev/101-modification-of-accommodation","messageBody":"Dev/101 Modification of accommodation\n","fileTypesAndContributionMap":{}},{"hash":"8f847df00e77359415236a747d53d8698c3dc303","isMergeCommit":true,"messageTitle":"Merge branch \u0027master\u0027 into dev/87-developer-guide","messageBody":"","fileTypesAndContributionMap":{}}]},{"date":"2025-04-04","commitResults":[{"hash":"305c64413ce1c171c0561a650bd8fd02e9d360ea","isMergeCommit":false,"messageTitle":"Describe the implementation of modify accommodation in DG","messageBody":"","fileTypesAndContributionMap":{"docs":{"insertions":58,"deletions":16}}},{"hash":"1380747d342f2df9d8fc41bd1071109dfaa0d411","isMergeCommit":false,"messageTitle":"Specify the method used in the \u0027modify accommodation\u0027 feature","messageBody":"","fileTypesAndContributionMap":{"docs":{"insertions":2,"deletions":2}}},{"hash":"49fbebf3ea2095d6cd421c80db3bdb43a9301d87","isMergeCommit":false,"messageTitle":"Add a description of the implementation section","messageBody":"","fileTypesAndContributionMap":{"docs":{"insertions":1,"deletions":0}}},{"hash":"1cf2073485fcacc94acd25c3f23579de88de2bc5","isMergeCommit":false,"messageTitle":"Add listAccommodation methods for listing accommodation by either index or name (including all)","messageBody":"","fileTypesAndContributionMap":{"functional-code":{"insertions":71,"deletions":5}}},{"hash":"f2fc8ed503e9fb018b3db7f3762b19b999babd52","isMergeCommit":false,"messageTitle":"Update UG to include description of the list accommodation feature","messageBody":"","fileTypesAndContributionMap":{"docs":{"insertions":30,"deletions":6}}}]}],"sweetFish8":[{"date":"2025-03-07","commitResults":[{"hash":"ca788776470611e7284cf538489696acf3e8bc3e","isMergeCommit":false,"messageTitle":"Update Ayu info","messageBody":"","fileTypesAndContributionMap":{"docs":{"insertions":2,"deletions":1}}},{"hash":"fbe01c77ae1ed0789a926affb13a9e2defb93545","isMergeCommit":true,"messageTitle":"Merge branch \u0027master\u0027 into AyuGoto-AboutUs","messageBody":"","fileTypesAndContributionMap":{}},{"hash":"1407174b3b9f6fa86706df4d5425d61daec6fcf0","isMergeCommit":true,"messageTitle":"Merge pull request #5 from sweetFish8/AyuGoto-AboutUs","messageBody":"Update Ayu info","fileTypesAndContributionMap":{}}]}]},"authorFileTypeContributionMap":{"Lyam-T":{"docs":173,"functional-code":686,"test-code":198,"other":8},"choiak":{"docs":358,"functional-code":1307,"test-code":260},"je-nnyt":{"docs":26,"functional-code":177,"test-code":72,"other":4},"paklongchiu":{"docs":127,"functional-code":235,"test-code":61},"sweetFish8":{"docs":1,"functional-code":0,"test-code":0}},"authorContributionVariance":{"Lyam-T":14773.999,"choiak":49603.215,"je-nnyt":3364.7388,"paklongchiu":1821.1302,"sweetFish8":0.20443486},"authorDisplayNameMap":{"Lyam-T":"CS2113-F14-3 TANG.. YAN","choiak":"CS2113-F14-3 CHOI..LONG","je-nnyt":"CS2113-F14-3 TAN ..ENNY","paklongchiu":"CS2113-F14-3 CHIU..LONG","sweetFish8":"CS2113-F14-3 GOTO.. AYU"}}
