{"authorDailyContributionsMap":{"Lyam-T":[{"date":"2025-02-22","commitResults":[{"hash":"244e40177e17b9f3a85a85b08c12a5e501060f66","isMergeCommit":false,"messageTitle":"Change Duke to VoyaTrip in README.md","messageBody":"","fileTypesAndContributionMap":{"docs":{"insertions":1,"deletions":66}}},{"hash":"eb1e4456fe9fcc225bbdd876ad0ba373ddd2182c","isMergeCommit":true,"messageTitle":"Merge pull request #1 from Lyam-T/master","messageBody":"Change Duke to VoyaTrip in README.md","fileTypesAndContributionMap":{}}]},{"date":"2025-03-07","commitResults":[{"hash":"3e773689cfc19cc57fad4c0e2170d83c1a878c61","isMergeCommit":false,"messageTitle":"Update Lyam information","messageBody":"","fileTypesAndContributionMap":{"docs":{"insertions":2,"deletions":11}}},{"hash":"ebcb992c649366cefe4efc1985bafb6f5c1f5b3e","isMergeCommit":true,"messageTitle":"Merge pull request #2 from Lyam-T/lyamTang-AboutUs","messageBody":"Update Lyam information","fileTypesAndContributionMap":{}}]},{"date":"2025-03-12","commitResults":[{"hash":"b24cff15863ae05d8fb7500d29b96239f9f6382e","isMergeCommit":false,"messageTitle":"Refactor the project from Duke to VoyaTrip","messageBody":"","fileTypesAndContributionMap":{"functional-code":{"insertions":9,"deletions":21},"other":{"insertions":3,"deletions":3}}},{"hash":"d0c457ab01520aa8b565c40f327168a09e1bb53c","isMergeCommit":false,"messageTitle":"Add empty trip class","messageBody":"","fileTypesAndContributionMap":{"functional-code":{"insertions":4,"deletions":0}}},{"hash":"6673b951bb2e48e65918f10a6fd6f649237c9b23","isMergeCommit":true,"messageTitle":"Merge pull request #17 from Lyam-T/init","messageBody":"Refactor the project from Duke to VoyaTrip","fileTypesAndContributionMap":{}},{"hash":"1a70d973a1d7364d377cff4cee981535b77b400b","isMergeCommit":true,"messageTitle":"Merge pull request #18 from Lyam-T/dev/trip","messageBody":"Add empty trip class","fileTypesAndContributionMap":{}},{"hash":"de6a4483d2fee7b58dbec5c592a8db12a40690a7","isMergeCommit":false,"messageTitle":"Remove unused Scanner","messageBody":"","fileTypesAndContributionMap":{"functional-code":{"insertions":0,"deletions":2}}},{"hash":"2198cd329cf0de81283173d65b115e38c0bd0e06","isMergeCommit":false,"messageTitle":"Remove outdated testing","messageBody":"","fileTypesAndContributionMap":{"other":{"insertions":2,"deletions":2}}},{"hash":"b17c79521dd843eae0c3f21df40faa572ae3d160","isMergeCommit":true,"messageTitle":"Merge pull request #19 from Lyam-T/fix/gradleTestFail","messageBody":"Remove unused Scanner","fileTypesAndContributionMap":{}}]},{"date":"2025-03-13","commitResults":[{"hash":"870031fa7b84d5cb3bb225fb5b9747b76fefd0aa","isMergeCommit":false,"messageTitle":"Update fields and constructor for Trip","messageBody":"","fileTypesAndContributionMap":{"functional-code":{"insertions":22,"deletions":0}}}]},{"date":"2025-03-14","commitResults":[{"hash":"24e493a6a2b20b9ed4220072c0ba01005e616697","isMergeCommit":false,"messageTitle":"Fix codestyle error with package name","messageBody":"","fileTypesAndContributionMap":{"other":{"insertions":4,"deletions":4}}},{"hash":"8855fe03bc72a12815ae4b536f49ba52bce5626a","isMergeCommit":true,"messageTitle":"Merge pull request #22 from Lyam-T/fix/incorrect-package-name","messageBody":"Fix codestyle error with package name\n","fileTypesAndContributionMap":{}},{"hash":"58b607245e2e8ac56943ee14e34a91551d84f055","isMergeCommit":false,"messageTitle":"Add a uml diagram for v1.0","messageBody":"","fileTypesAndContributionMap":{"docs":{"insertions":51,"deletions":0}}}]},{"date":"2025-03-15","commitResults":[{"hash":"d649bca43f8900594475155b3ae24bb1ae3436be","isMergeCommit":false,"messageTitle":"Fix incorrect multiplicity of the associations","messageBody":"","fileTypesAndContributionMap":{"docs":{"insertions":4,"deletions":4}}},{"hash":"ba4b19f082172c29cdf98cb533f9b64b09ba0fee","isMergeCommit":false,"messageTitle":"Add main logic related diagram","messageBody":"","fileTypesAndContributionMap":{"docs":{"insertions":34,"deletions":3}}},{"hash":"bde9a3d9a77b32e979d3c55b31a9f8fdcf16f6a3","isMergeCommit":true,"messageTitle":"Merge pull request #28 from Lyam-T/dev/7-uml-diagram","messageBody":"Add a uml diagram for v1.0\n","fileTypesAndContributionMap":{}}]},{"date":"2025-03-16","commitResults":[{"hash":"8546c92344b9cf2eb5066a1116e8fecd5a0a1393","isMergeCommit":false,"messageTitle":"Add new class Ui","messageBody":"Ui will handle all the interaction between the voyatrip and the user input\n","fileTypesAndContributionMap":{"functional-code":{"insertions":105,"deletions":3},"other":{"insertions":1,"deletions":1}}},{"hash":"3002787e4b53bc5d79bf98d120b93a000383ddc6","isMergeCommit":false,"messageTitle":"Add a new Message class","messageBody":"this is introduced to reuse and ensure the consistency of the output string\n","fileTypesAndContributionMap":{"functional-code":{"insertions":12,"deletions":0}}},{"hash":"bd6277556dfaeb1ce1c5b160f8e81f6d92466d4b","isMergeCommit":true,"messageTitle":"Merge branch \u0027master\u0027 into dev/30-ui","messageBody":"* master:\n  Chore: coding standard\n  Remove unnecessary semicolon\n  Reimplement parser with enum\n  Remove unnecessary empty line\n  Beautify UML diagram\n  Add UML for command parser\n","fileTypesAndContributionMap":{}},{"hash":"4a2ef476b306871fa8a9ab7ba0cbf06c9019d2b4","isMergeCommit":false,"messageTitle":"Update main logic template","messageBody":"","fileTypesAndContributionMap":{"functional-code":{"insertions":35,"deletions":31}}},{"hash":"f7e2d6cebd8bc98c326bead21e7574209046a8fb","isMergeCommit":false,"messageTitle":"Reformat code","messageBody":"","fileTypesAndContributionMap":{"functional-code":{"insertions":2,"deletions":1}}},{"hash":"bf4191384fc21766e2a9fb45df4727dbaf6cd204","isMergeCommit":false,"messageTitle":"Fix handler cannot get the command variables","messageBody":"","fileTypesAndContributionMap":{"functional-code":{"insertions":6,"deletions":8}}},{"hash":"9aada8a55d9e6d55b25f88c398ba182022c57973","isMergeCommit":false,"messageTitle":"Add executors template","messageBody":"","fileTypesAndContributionMap":{"functional-code":{"insertions":56,"deletions":18}}},{"hash":"e89e6b9496ba16b6abf7e66723776f05d4a025e6","isMergeCommit":false,"messageTitle":"Fix codestyle check failure","messageBody":"","fileTypesAndContributionMap":{"functional-code":{"insertions":0,"deletions":1}}},{"hash":"766526a588850f964c92519daa79dd65f8141b27","isMergeCommit":false,"messageTitle":"Fix unable read from user input","messageBody":"","fileTypesAndContributionMap":{"functional-code":{"insertions":3,"deletions":2}}}]},{"date":"2025-03-17","commitResults":[{"hash":"8f502d2aaf1092ba2a3d7b7671f8d1a0ec33dd7a","isMergeCommit":true,"messageTitle":"Merge branch \u0027dev/30-ui\u0027 into dev/38-testing-main-logic","messageBody":"* dev/30-ui:\n  Fix unable read from user input\n","fileTypesAndContributionMap":{}},{"hash":"ee491b6e2178e5ffdd9e2f0944bff2ab1a751074","isMergeCommit":false,"messageTitle":"Add Ui test cases","messageBody":"","fileTypesAndContributionMap":{"functional-code":{"insertions":30,"deletions":1},"test-code":{"insertions":67,"deletions":0}}},{"hash":"0f41620db16aebb9c14216da31836a03401f983c","isMergeCommit":false,"messageTitle":"Reformat codestyle","messageBody":"","fileTypesAndContributionMap":{"functional-code":{"insertions":1,"deletions":1}}},{"hash":"e49cc5fc34034cc9365fbe4fad18f4b9816de50c","isMergeCommit":false,"messageTitle":"Restructure code","messageBody":"","fileTypesAndContributionMap":{"functional-code":{"insertions":42,"deletions":46}}},{"hash":"9765c0877af9c40a90a254110940971f11ecd986","isMergeCommit":true,"messageTitle":"Merge branch \u0027dev/30-ui\u0027 into dev/38-testing-main-logic","messageBody":"* dev/30-ui:\n  Restructure code\n  Reformat codestyle\n","fileTypesAndContributionMap":{}},{"hash":"c4e7c7eaaf2a9af38233db82cd4573fa078c8386","isMergeCommit":false,"messageTitle":"Fix codestyle","messageBody":"","fileTypesAndContributionMap":{"functional-code":{"insertions":1,"deletions":0}}},{"hash":"71bf3550eca1b1404d45da292c5c1ff5ac1d55ee","isMergeCommit":true,"messageTitle":"Merge branch \u0027master\u0027 into dev/30-ui","messageBody":"* master:\n  Chore: coding standard\n  Add more invalid command case handling\n  Chore: coding standard\n  Add more invalid command detection\n  Add NumberFormatException handling\n","fileTypesAndContributionMap":{}},{"hash":"8983621c5e287c7dce9e2a79b1e1aa7af472d0f1","isMergeCommit":true,"messageTitle":"Merge branch \u0027dev/30-ui\u0027 into dev/38-testing-main-logic","messageBody":"* dev/30-ui:\n  Fix codestyle\n  Chore: coding standard\n  Add more invalid command case handling\n  Chore: coding standard\n  Add more invalid command detection\n  Add NumberFormatException handling\n","fileTypesAndContributionMap":{}},{"hash":"85cb058a93618724a3820d3c28b8c4d6b828d533","isMergeCommit":false,"messageTitle":"Fix codestyle","messageBody":"","fileTypesAndContributionMap":{"functional-code":{"insertions":6,"deletions":1}}},{"hash":"e15d3b01530dc433c7208ca57bf380fde98452b3","isMergeCommit":true,"messageTitle":"Merge pull request #41 from Lyam-T/dev/30-ui","messageBody":"Dev/30 UI\n","fileTypesAndContributionMap":{}},{"hash":"27996169ce1998aad4e3273fdb632354da858a7e","isMergeCommit":false,"messageTitle":"Fix invalid mainClass set","messageBody":"","fileTypesAndContributionMap":{"other":{"insertions":1,"deletions":1}}},{"hash":"5d6989512a2fc865b71e1cf0b8585f6a673e6dfe","isMergeCommit":true,"messageTitle":"Merge pull request #43 from Lyam-T/fix/invalid-gradle-mainclass","messageBody":"Fix invalid mainClass set\n","fileTypesAndContributionMap":{}}]},{"date":"2025-03-18","commitResults":[{"hash":"939018a7c7dd2156498c2a89eea949059a2c85b3","isMergeCommit":true,"messageTitle":"Merge branch \u0027master\u0027 into dev/38-testing-main-logic","messageBody":"* master:\n  Fix invalid mainClass set\n  Fix codestyle\n  Debug: fix command with extra spaces failing\n  Add case insensitivity for keywords\n  Add exit command\n","fileTypesAndContributionMap":{}},{"hash":"6fd5fdea9679fb4edb530880b01aa4b9fde6ea4f","isMergeCommit":false,"messageTitle":"Add addtrip test","messageBody":"","fileTypesAndContributionMap":{"test-code":{"insertions":17,"deletions":0}}},{"hash":"003d8fa21124c1fa726de7c9483f6bb41b2e819b","isMergeCommit":false,"messageTitle":"Update trip fields","messageBody":"","fileTypesAndContributionMap":{"functional-code":{"insertions":8,"deletions":5}}},{"hash":"9ecd8d476557456be72ad6a51b55d7c2ed899e41","isMergeCommit":true,"messageTitle":"Merge pull request #21 from je-nnyt/dev/11-add-delete-transportation","messageBody":"Dev/11 add delete transportation\n","fileTypesAndContributionMap":{}},{"hash":"c5ee784ba7d4c0ec98e215fd65515bc59d9d320b","isMergeCommit":false,"messageTitle":"Refactor package name","messageBody":"","fileTypesAndContributionMap":{"other":{"insertions":2,"deletions":2},"test-code":{"insertions":1,"deletions":1}}},{"hash":"a2b564d9ddce97f195c4b9c25eeb294effed7b4a","isMergeCommit":true,"messageTitle":"Merge Master to dev/add-delete-trip","messageBody":"","fileTypesAndContributionMap":{}},{"hash":"8b487254f883fa8bb42e2eb37295fbeecb5f67fa","isMergeCommit":false,"messageTitle":"Fix incorrect package structure","messageBody":"","fileTypesAndContributionMap":{"functional-code":{"insertions":1,"deletions":4}}},{"hash":"fad2788df9f493aea76aed938c3de984de927a25","isMergeCommit":false,"messageTitle":"Restructure main logic","messageBody":"","fileTypesAndContributionMap":{"functional-code":{"insertions":172,"deletions":165},"other":{"insertions":1,"deletions":1}}},{"hash":"11074beae2ab2d65d1a7a6e36b7cb4732fc3b28c","isMergeCommit":true,"messageTitle":"Merge branch \u0027fix/44-incorrect-main-logic-structure\u0027 into dev/8-add-delete-trip","messageBody":"* fix/44-incorrect-main-logic-structure:\n  Restructure main logic\n","fileTypesAndContributionMap":{}},{"hash":"cbd6259d1e14d325be58cee85d383d4e2c492d79","isMergeCommit":false,"messageTitle":"Fix incorrectly removed field and method","messageBody":"","fileTypesAndContributionMap":{"functional-code":{"insertions":5,"deletions":1}}},{"hash":"062efa755bb8b5568159ea6f4c9df0ef5553c8e4","isMergeCommit":false,"messageTitle":"Refactor method name","messageBody":"","fileTypesAndContributionMap":{"functional-code":{"insertions":6,"deletions":5}}},{"hash":"1a30395f9023c5c6520179d57ec3e3411826af55","isMergeCommit":false,"messageTitle":"Add Add and Delete trip methods","messageBody":"","fileTypesAndContributionMap":{"functional-code":{"insertions":13,"deletions":3}}},{"hash":"e02fee76bc632c7841704912f12ca619d6090c62","isMergeCommit":true,"messageTitle":"Merge branch \u0027dev/8-add-delete-trip\u0027 into dev/38-testing-main-logic","messageBody":"* dev/8-add-delete-trip: (26 commits)\n  Add Add and Delete trip methods\n  Refactor method name\n  Fix incorrectly removed field and method\n  Restructure main logic\n  Fix incorrect package structure\n  Refactor package name\n  Update trip fields\n  Implement executeAddTransportation()\n  Modify Transportation constructor to have name as a parameter\n  Add Transportation class\n  Fix merge conflicts from pulling from origin to dev/11-add-delete-transportation\n  Add Transportation class\n  Add a name attribute for Transportation class\n  Change parameter of deleteTransportation to type Integer\n  Fix newline error provided by Gradle\n  Fix error provided by Gradle\n  Fix newline error provided by Gradle\n  Fix error provided by Gradle\n  Fix compilation conflict\n  Remove transportationCount\n  ...\n\n# Conflicts:\n#\tsrc/main/java/voyatrip/ui/Message.java\n#\tsrc/main/java/voyatrip/ui/Ui.java\n","fileTypesAndContributionMap":{}},{"hash":"2faf84a1acffe0181bc77f46c20e5d32304d4c4b","isMergeCommit":false,"messageTitle":"Update Add Trip Test","messageBody":"","fileTypesAndContributionMap":{"functional-code":{"insertions":7,"deletions":4},"test-code":{"insertions":73,"deletions":87}}},{"hash":"16ad17d161af0a44e487256a25a2a17142ea4662","isMergeCommit":false,"messageTitle":"Remove io test related files","messageBody":"","fileTypesAndContributionMap":{"other":{"insertions":0,"deletions":58}}},{"hash":"662c1b6159586b6abb295808f25c10d8859b5ada","isMergeCommit":true,"messageTitle":"Merge branch \u0027fix/46-remove-io-test\u0027 into dev/38-testing-main-logic","messageBody":"* fix/46-remove-io-test:\n  Remove io test related files\n","fileTypesAndContributionMap":{}},{"hash":"4f65ea0b133153e2b1432f9a91648cd8d11ea4db","isMergeCommit":true,"messageTitle":"Merge branch \u0027fix/46-remove-io-test\u0027 into dev/8-add-delete-trip","messageBody":"* fix/46-remove-io-test:\n  Remove io test related files\n","fileTypesAndContributionMap":{}},{"hash":"878af05b3e4e8709399a36e53d1381008a12e06b","isMergeCommit":true,"messageTitle":"Merge branch \u0027fix/46-remove-io-test\u0027 into fix/44-incorrect-main-logic-structure","messageBody":"* fix/46-remove-io-test:\n  Remove io test related files\n","fileTypesAndContributionMap":{}},{"hash":"affd77d313fef67de5ec701983f43c84a777872e","isMergeCommit":true,"messageTitle":"Merge pull request #47 from Lyam-T/fix/46-remove-io-test","messageBody":"Remove io test related files\n","fileTypesAndContributionMap":{}},{"hash":"1154ecf7a77f1d5d95c8ad63119bc53ced2d510b","isMergeCommit":true,"messageTitle":"Merge pull request #49 from Lyam-T/fix/44-incorrect-main-logic-structure","messageBody":"Fix/44 incorrect main logic structure\n","fileTypesAndContributionMap":{}},{"hash":"7d3ce80ae8397b38656af921ae576ed36bc25de0","isMergeCommit":true,"messageTitle":"Merge pull request #50 from choiak/develop","messageBody":"Dev/10 Add Date Parsing\n","fileTypesAndContributionMap":{}},{"hash":"eee5bbb0b65acb1f6744a62c116297c19c9bdf5d","isMergeCommit":true,"messageTitle":"Merge branch \u0027master\u0027 into dev/8-add-delete-trip","messageBody":"* master:\n  Add parsing of dates return LocalDate\n","fileTypesAndContributionMap":{}}]},{"date":"2025-03-19","commitResults":[{"hash":"9d2ccd8d7615db2e972493ed6f6dbb195c64a908","isMergeCommit":false,"messageTitle":"Finish add trip and delete trip inplementation","messageBody":"","fileTypesAndContributionMap":{"functional-code":{"insertions":21,"deletions":3}}},{"hash":"2ced43701dc1970d31af814c6041d5cf0ef59fe7","isMergeCommit":false,"messageTitle":"Fix codestyles","messageBody":"","fileTypesAndContributionMap":{"functional-code":{"insertions":8,"deletions":3}}},{"hash":"cf87597fec2790df8e8d3e6ef1d4773c8b4aa924","isMergeCommit":true,"messageTitle":"Merge branch \u0027master\u0027 into dev/7-uml-diagram","messageBody":"* master: (61 commits)\n  Add parsing of dates return LocalDate\n  Remove io test related files\n  Restructure main logic\n  Implement executeAddTransportation()\n  Modify Transportation constructor to have name as a parameter\n  Add Transportation class\n  Fix merge conflicts from pulling from origin to dev/11-add-delete-transportation\n  Add Transportation class\n  Fix invalid mainClass set\n  Fix codestyle\n  Fix codestyle\n  Restructure code\n  Debug: fix command with extra spaces failing\n  Reformat codestyle\n  Add case insensitivity for keywords\n  Add exit command\n  Chore: coding standard\n  Add more invalid command case handling\n  Fix unable read from user input\n  Add a name attribute for Transportation class\n  ...\n","fileTypesAndContributionMap":{}},{"hash":"cf71cb7443b2524dba49d4a8a2d998ac04b474af","isMergeCommit":true,"messageTitle":"Merge pull request #20 from Lyam-T/dev/8-add-delete-trip","messageBody":"Update fields and constructor for Trip\n","fileTypesAndContributionMap":{}},{"hash":"e16b14ec07092c2ca3b4adcfe13054a48c8828f2","isMergeCommit":false,"messageTitle":"Update UML diagram","messageBody":"","fileTypesAndContributionMap":{"docs":{"insertions":12,"deletions":12}}},{"hash":"f244f26f77afc3d0d6b560f3c9f4a317b2136714","isMergeCommit":true,"messageTitle":"Merge pull request #51 from paklongchiu/dev/12-add-delete-accommodation","messageBody":"Dev/12 add and delete accommodation\n","fileTypesAndContributionMap":{}},{"hash":"eb5722536a4273b9ab155633b3228507036f5e41","isMergeCommit":true,"messageTitle":"Merge branch \u0027master\u0027 into pr/48","messageBody":"* master:\n  Add empty line at end of file\n  Create the Accommodation class and implement add/delete accommodation methods\n\n# Conflicts:\n#\tsrc/main/java/voyatrip/ui/Ui.java\n","fileTypesAndContributionMap":{}},{"hash":"6303bef399587fe12016d078e01aba02006f0edc","isMergeCommit":false,"messageTitle":"Restructure the code","messageBody":"","fileTypesAndContributionMap":{"functional-code":{"insertions":21,"deletions":16}}},{"hash":"05ad9f184a496af130d4244ce55348865d86904d","isMergeCommit":false,"messageTitle":"Fix codestyle","messageBody":"","fileTypesAndContributionMap":{"functional-code":{"insertions":0,"deletions":1}}},{"hash":"7613dda22aeb8015da582d1f1b86f53547576546","isMergeCommit":false,"messageTitle":"Fix unassigned numDays in trip","messageBody":"","fileTypesAndContributionMap":{"functional-code":{"insertions":4,"deletions":1}}},{"hash":"b5881653b11979dd90960edf70f8ddef852f9678","isMergeCommit":false,"messageTitle":"Fix codestyles","messageBody":"","fileTypesAndContributionMap":{"functional-code":{"insertions":1,"deletions":1}}},{"hash":"a7171a69ecccbba4f7bd46cf275a083c58818c77","isMergeCommit":true,"messageTitle":"Merge pull request #55 from Lyam-T/fix/54-unassigned-numDays-trip","messageBody":"Fix unassigned numDays in trip\n","fileTypesAndContributionMap":{}},{"hash":"efaaa146aeceabf7599df8ca4c53b314d381e83a","isMergeCommit":false,"messageTitle":"Readd the executeAddAccommodation due to bad merge","messageBody":"","fileTypesAndContributionMap":{"functional-code":{"insertions":12,"deletions":1}}},{"hash":"c65b14f840be89724774ed5df418272afd2712f6","isMergeCommit":false,"messageTitle":"Add javadoc to non-trivial methods and classes","messageBody":"","fileTypesAndContributionMap":{"functional-code":{"insertions":13,"deletions":0}}},{"hash":"4acc7f9c0c02117b8bf15cd3b24225d7f943d24b","isMergeCommit":true,"messageTitle":"Merge branch \u0027pr/48\u0027 into dev/38-testing-main-logic","messageBody":"* pr/48:\n  Readd the executeAddAccommodation due to bad merge\n  Fix codestyle\n  Restructure the code\n  Remove private from TRIP_NOT_FOUND_MESSAGE\n  Fix style layout\n  Fix merge conflicts to merge into upstream master\n  Add empty line at end of file\n  Create the Accommodation class and implement add/delete accommodation methods\n  Enable assertions\n  Fix codestyles\n  Finish add trip and delete trip inplementation\n  Add parsing of dates return LocalDate\n  Add try/catch to handle TripNotFound exception\n  Add printTripNotFound message\n  Add exception class TripNotFoundException\n  Implement executeDeleteTransportation()\n\n# Conflicts:\n#\tsrc/main/java/voyatrip/Trip.java\n#\tsrc/main/java/voyatrip/VoyaTrip.java\n","fileTypesAndContributionMap":{}},{"hash":"2b514c305d69326c5200f9c1c68d4512ef6c9796","isMergeCommit":false,"messageTitle":"Separate main test and addtrip test","messageBody":"","fileTypesAndContributionMap":{"test-code":{"insertions":0,"deletions":34}}},{"hash":"aefc3be666b07477616dac34aab42faa8be30561","isMergeCommit":false,"messageTitle":"Readd executeDeleteAccommodation due to bad merge","messageBody":"","fileTypesAndContributionMap":{"functional-code":{"insertions":15,"deletions":1}}}]},{"date":"2025-03-20","commitResults":[{"hash":"9d4f18d29f686d2bf0ff9005044a852212ac6b21","isMergeCommit":true,"messageTitle":"Merge pull request #58 from je-nnyt/dev/24-add-toString()-method-to-Transportation","messageBody":"Implement toString() method of Transportation\n","fileTypesAndContributionMap":{}},{"hash":"9f5d8fcfb58f7d615722346f7884522fa81c0c6f","isMergeCommit":true,"messageTitle":"Merge pull request #63 from choiak/dev/59-refactor-cmd-exe-implementation","messageBody":"Dev/59 refactor command execution implementation\n","fileTypesAndContributionMap":{}},{"hash":"578abd791f1fd102a25f652174cda37beb8fb763","isMergeCommit":true,"messageTitle":"Merge branch \u0027master\u0027 into fix/33-javadoc","messageBody":"* master:\n  Chore: coding standard\n  Debug: trip delete wrong indexing\n  Refactor execute command implementation\n  Implement toString() method of Transportation\n  Readd executeDeleteAccommodation due to bad merge\n  Readd the executeAddAccommodation due to bad merge\n  Fix codestyles\n  Fix unassigned numDays in trip\n  Update UML diagram\n","fileTypesAndContributionMap":{}},{"hash":"150d3ed4741510ab9201cea95a7280c2fb8b0c61","isMergeCommit":true,"messageTitle":"Merge branch \u0027master\u0027 into dev/38-testing-main-logic","messageBody":"* master:\n  Chore: coding standard\n  Debug: trip delete wrong indexing\n  Refactor execute command implementation\n  Implement toString() method of Transportation\n  Readd executeDeleteAccommodation due to bad merge\n  Fix codestyles\n  Fix unassigned numDays in trip\n  Update UML diagram\n","fileTypesAndContributionMap":{}},{"hash":"ec8191d19f389617249ee7c5c478be1a777ad2c8","isMergeCommit":false,"messageTitle":"Fix incorrect assertion due to specific window platform issue","messageBody":"","fileTypesAndContributionMap":{"test-code":{"insertions":1,"deletions":1}}},{"hash":"a0df5324952275c61166845c9e6e12851b84ac2d","isMergeCommit":true,"messageTitle":"Merge pull request #40 from Lyam-T/dev/38-testing-main-logic","messageBody":"Dev/38 testing main logic\n","fileTypesAndContributionMap":{}},{"hash":"77fccf9cc86d4a680927e663f79bfb59fdc06e1e","isMergeCommit":true,"messageTitle":"Merge branch \u0027master\u0027 into pr/60","messageBody":"* master:\n  Fix incorrect assertion due to specific window platform issue\n  Chore: coding standard\n  Debug: trip delete wrong indexing\n  Refactor execute command implementation\n  Implement toString() method of Transportation\n  Separate main test and addtrip test\n  Add javadoc to non-trivial methods and classes\n  Update Add Trip Test\n  Add addtrip test\n  Add Ui test cases\n\n# Conflicts:\n#\tsrc/main/java/voyatrip/Trip.java\n","fileTypesAndContributionMap":{}},{"hash":"7b30178f6cffb9257704cbe4e4d2e846424f0ee9","isMergeCommit":false,"messageTitle":"Refactor tripInfo building","messageBody":"","fileTypesAndContributionMap":{"functional-code":{"insertions":10,"deletions":10}}},{"hash":"41c7fc95ab233b48b40f1ece84dac589355f4fc7","isMergeCommit":false,"messageTitle":"Add handleList for trip","messageBody":"","fileTypesAndContributionMap":{"functional-code":{"insertions":10,"deletions":1}}}]}],"choiak":[{"date":"2025-03-07","commitResults":[{"hash":"97a5378ee8c631bd22fe92f9b9ad1f83d0d5fcf1","isMergeCommit":false,"messageTitle":"Change about us","messageBody":"","fileTypesAndContributionMap":{"docs":{"insertions":5,"deletions":7}}},{"hash":"9460213f36de73e4a30869965885198f84ede77f","isMergeCommit":true,"messageTitle":"Merge branch \u0027master\u0027 into RaymondChoi-AboutUs","messageBody":"","fileTypesAndContributionMap":{}},{"hash":"18313746a4bc1e6f02c4379693c0f44ae8723c4b","isMergeCommit":true,"messageTitle":"Merge pull request #3 from choiak/RaymondChoi-AboutUs","messageBody":"Change about us","fileTypesAndContributionMap":{}}]},{"date":"2025-03-14","commitResults":[{"hash":"0ee6687d98fbdecc13312a48071b9a7739335c97","isMergeCommit":false,"messageTitle":"Add empty Parser","messageBody":"","fileTypesAndContributionMap":{"functional-code":{"insertions":27,"deletions":0}}},{"hash":"a53fabf4661d7e58a06841ec79c8b3f62737953e","isMergeCommit":false,"messageTitle":"Add sub category parsar","messageBody":"","fileTypesAndContributionMap":{"functional-code":{"insertions":51,"deletions":7}}}]},{"date":"2025-03-15","commitResults":[{"hash":"24dc82d70b70b7b3860fd22c7894d978b84b5452","isMergeCommit":false,"messageTitle":"Refactor: package voyatrip","messageBody":"","fileTypesAndContributionMap":{"functional-code":{"insertions":150,"deletions":24},"other":{"insertions":0,"deletions":0}}},{"hash":"440b6e88845ef524d74a962d796ad1e59ae0d6b9","isMergeCommit":false,"messageTitle":"Add add command parsing","messageBody":"","fileTypesAndContributionMap":{"functional-code":{"insertions":147,"deletions":121},"test-code":{"insertions":1,"deletions":1}}},{"hash":"ffd27f8c17d34164fb3a51eb18c45734771033a5","isMergeCommit":false,"messageTitle":"Add more command type parsing","messageBody":"","fileTypesAndContributionMap":{"functional-code":{"insertions":277,"deletions":120}}},{"hash":"82ac5450c2acfbc51919b35775adaaa35128579b","isMergeCommit":false,"messageTitle":"Debug: incorrect parsing","messageBody":"","fileTypesAndContributionMap":{"functional-code":{"insertions":27,"deletions":25}}},{"hash":"d385f81c93529e28eaaf6a0aee87d9bbb27f4605","isMergeCommit":false,"messageTitle":"Resolve merge conflict","messageBody":"","fileTypesAndContributionMap":{"functional-code":{"insertions":1,"deletions":0}}},{"hash":"19f10b142874271206018323ab640148a77d1bb5","isMergeCommit":false,"messageTitle":"Add parser to main","messageBody":"","fileTypesAndContributionMap":{"functional-code":{"insertions":4,"deletions":0}}},{"hash":"03d06aac1d428da540898d192f8bd16a4282d9b0","isMergeCommit":false,"messageTitle":"Chore: coding standard","messageBody":"","fileTypesAndContributionMap":{"functional-code":{"insertions":96,"deletions":39}}},{"hash":"7f92ae76604e97ee409ef3c74372ef462282f76c","isMergeCommit":true,"messageTitle":"Merge branch \u0027master\u0027 into dev/10-add-command-parser","messageBody":"","fileTypesAndContributionMap":{}},{"hash":"8099737e65ef213ce50cd7ba0eecfa2a6ac0e7d3","isMergeCommit":false,"messageTitle":"Remove unnecessary file","messageBody":"","fileTypesAndContributionMap":{"functional-code":{"insertions":0,"deletions":53}}},{"hash":"de65be2a0a616de1c077b540830b85752415f4db","isMergeCommit":true,"messageTitle":"Merge branch \u0027dev/10-add-command-parser\u0027 of github.com:choiak/tp into dev/10-add-command-parser","messageBody":"","fileTypesAndContributionMap":{}},{"hash":"62aaeb3d8d70dc99fc890078df44aafa1626c792","isMergeCommit":false,"messageTitle":"Fix: gradle wrapper","messageBody":"","fileTypesAndContributionMap":{"other":{"insertions":0,"deletions":1}}},{"hash":"d9c2bfce04d63cb1e96a84140fb77f278b546783","isMergeCommit":false,"messageTitle":"Chore: coding standard","messageBody":"","fileTypesAndContributionMap":{"functional-code":{"insertions":4,"deletions":3}}},{"hash":"264ef966ae06878b7fef875f8f12f441c1ccdb4b","isMergeCommit":true,"messageTitle":"Merge pull request #29 from choiak/dev/10-add-command-parser","messageBody":"Dev/10 add command parser\n","fileTypesAndContributionMap":{}},{"hash":"d343b4ff3eed6c68e2f4f0a877bc1b320f295609","isMergeCommit":false,"messageTitle":"Add UML for command parser","messageBody":"","fileTypesAndContributionMap":{"docs":{"insertions":78,"deletions":9}}},{"hash":"667f27e605408b9580e07e3186b63979d849a6aa","isMergeCommit":false,"messageTitle":"Beautify UML diagram","messageBody":"","fileTypesAndContributionMap":{"docs":{"insertions":50,"deletions":45}}},{"hash":"76f3d576ebf2f784142b46aa96e13e5d3d8accbd","isMergeCommit":true,"messageTitle":"Merge pull request #32 from choiak/dev/31-uml-diagram-command-parser","messageBody":"Add UML Diagram for Command Parser\n","fileTypesAndContributionMap":{}}]},{"date":"2025-03-16","commitResults":[{"hash":"20dcf67b675ce10e2a7c9f8919e8c7accb4d5e98","isMergeCommit":false,"messageTitle":"Remove unnecessary empty line","messageBody":"","fileTypesAndContributionMap":{"functional-code":{"insertions":4,"deletions":5}}},{"hash":"a46af325bf7061c74f61adb9b4641042ff340b13","isMergeCommit":false,"messageTitle":"Reimplement parser with enum","messageBody":"","fileTypesAndContributionMap":{"functional-code":{"insertions":80,"deletions":58}}},{"hash":"cd5e8da8fa640de10aba0d1429466060b908db30","isMergeCommit":false,"messageTitle":"Remove unnecessary semicolon","messageBody":"","fileTypesAndContributionMap":{"functional-code":{"insertions":2,"deletions":2}}},{"hash":"679368639ddfd5f396d7d0dad990d1afde1fc7a1","isMergeCommit":false,"messageTitle":"Chore: coding standard","messageBody":"","fileTypesAndContributionMap":{"functional-code":{"insertions":1,"deletions":1}}},{"hash":"51e96d375277533144895eae01ebf78124186c19","isMergeCommit":true,"messageTitle":"Merge pull request #36 from choiak/dev/33-parser-code-quality","messageBody":"Dev/33 parser code quality\n","fileTypesAndContributionMap":{}},{"hash":"808f5ba8c90950b4d6d9d5019036251f0aa97de4","isMergeCommit":false,"messageTitle":"Add NumberFormatException handling","messageBody":"","fileTypesAndContributionMap":{"functional-code":{"insertions":29,"deletions":17}}},{"hash":"80a76efe1e78034d44f7b978c8d0ed97cb304a2b","isMergeCommit":false,"messageTitle":"Add more invalid command detection","messageBody":"","fileTypesAndContributionMap":{"functional-code":{"insertions":90,"deletions":23}}},{"hash":"68646a32c01b9815b7f046c955ae357895669249","isMergeCommit":false,"messageTitle":"Chore: coding standard","messageBody":"","fileTypesAndContributionMap":{"functional-code":{"insertions":13,"deletions":15}}},{"hash":"c88e002b0d838c90b187967a52dab2ad6c1e1e53","isMergeCommit":false,"messageTitle":"Add more invalid command case handling","messageBody":"","fileTypesAndContributionMap":{"functional-code":{"insertions":22,"deletions":11}}},{"hash":"224fb94212b9c32c4534707643f6aeddb1b4e054","isMergeCommit":false,"messageTitle":"Chore: coding standard","messageBody":"","fileTypesAndContributionMap":{"functional-code":{"insertions":7,"deletions":7}}}]},{"date":"2025-03-17","commitResults":[{"hash":"8d8c67a19cbaceb5b899c2bc1701686286600717","isMergeCommit":true,"messageTitle":"Merge pull request #37 from choiak/dev/10-parser-exception-handling","messageBody":"Add more parser exception handling\n","fileTypesAndContributionMap":{}},{"hash":"00fe76bee644ccdfa83e20e85b0df3b91bf75e00","isMergeCommit":false,"messageTitle":"Add exit command","messageBody":"","fileTypesAndContributionMap":{"functional-code":{"insertions":41,"deletions":13}}},{"hash":"e5e678c7a71ddc087903d1d1ecc0d813a569f466","isMergeCommit":true,"messageTitle":"Merge branch \u0027dev/10-exit-command\u0027 into develop","messageBody":"","fileTypesAndContributionMap":{}},{"hash":"c9d0f127520d0024ccfb2ed47849241614fa95de","isMergeCommit":false,"messageTitle":"Add case insensitivity for keywords","messageBody":"","fileTypesAndContributionMap":{"functional-code":{"insertions":6,"deletions":2}}},{"hash":"d1fbc192e76dd465dd434f9c9b1ff8e13acd033a","isMergeCommit":false,"messageTitle":"Debug: fix command with extra spaces failing","messageBody":"","fileTypesAndContributionMap":{"functional-code":{"insertions":9,"deletions":9}}},{"hash":"51b34916fadfdc3abce9afe777ca8ea00ba918fc","isMergeCommit":true,"messageTitle":"Merge branch \u0027dev/10-make-keyword-case-insensitive\u0027 into develop","messageBody":"","fileTypesAndContributionMap":{}},{"hash":"4ed85f0bcf5c29974b5e9b3ee68b4574d38b730a","isMergeCommit":true,"messageTitle":"Merge branch \u0027master\u0027 into develop","messageBody":"","fileTypesAndContributionMap":{}},{"hash":"a6fef6ed0237cd76bbc7dddf7f3fcf391844b987","isMergeCommit":true,"messageTitle":"Merge pull request #39 from choiak/develop","messageBody":"Dev/10 update command parser\n","fileTypesAndContributionMap":{}}]},{"date":"2025-03-18","commitResults":[{"hash":"71ee547cd9f9a03e0c302f9c21847c8f8aadf898","isMergeCommit":true,"messageTitle":"Merge branch \u0027master\u0027 into develop","messageBody":"","fileTypesAndContributionMap":{}},{"hash":"81d83f0b2c6bc54c591c802b193856d5b1ab6cf8","isMergeCommit":false,"messageTitle":"Add parsing of dates return LocalDate","messageBody":"","fileTypesAndContributionMap":{"functional-code":{"insertions":32,"deletions":7}}},{"hash":"2f5ba7d3ae5220b995663f8704ce728e77a555af","isMergeCommit":true,"messageTitle":"Merge branch \u0027dev/10-date-parsing\u0027 into develop","messageBody":"","fileTypesAndContributionMap":{}}]},{"date":"2025-03-19","commitResults":[{"hash":"858a111b911e540550cb7a0f8c3b9197aeb06f9d","isMergeCommit":true,"messageTitle":"Merge pull request #52 from Lyam-T/dev/7-uml-diagram","messageBody":"Dev/7 uml diagram\n","fileTypesAndContributionMap":{}}]},{"date":"2025-03-20","commitResults":[{"hash":"ce8daecf7e5e062b3748ec6dd540b99cf3821999","isMergeCommit":false,"messageTitle":"Refactor execute command implementation","messageBody":"","fileTypesAndContributionMap":{"functional-code":{"insertions":139,"deletions":102}}},{"hash":"6c7baa13271aff99f89f962dbe735d81672854d5","isMergeCommit":false,"messageTitle":"Debug: trip delete wrong indexing","messageBody":"","fileTypesAndContributionMap":{"functional-code":{"insertions":1,"deletions":1}}},{"hash":"46e865619d9d3c5fc791dc200c8444fa4259e61e","isMergeCommit":false,"messageTitle":"Chore: coding standard","messageBody":"","fileTypesAndContributionMap":{"functional-code":{"insertions":0,"deletions":1}}},{"hash":"8f0ee0cb64dcd009bd3f3ae475a86cbdb713a2cf","isMergeCommit":true,"messageTitle":"Merge pull request #56 from Lyam-T/fix/33-javadoc","messageBody":"Fix/33 javadoc\n","fileTypesAndContributionMap":{}},{"hash":"4a8bba91b180b562d2e13362f111bc6721324c51","isMergeCommit":true,"messageTitle":"Merge pull request #66 from Lyam-T/pr/60","messageBody":"Pr/60\n","fileTypesAndContributionMap":{}}]}],"je-nnyt":[{"date":"2025-03-07","commitResults":[{"hash":"e95460217893e01c085fad68e6c14a152180d038","isMergeCommit":false,"messageTitle":"Update first line in the docs/AboutUs.md","messageBody":"","fileTypesAndContributionMap":{"docs":{"insertions":4,"deletions":7}}},{"hash":"2d3aac32e25c5807567d413c54f1481e80212393","isMergeCommit":true,"messageTitle":"Merge branch \u0027master\u0027 into Jenny-AboutUs","messageBody":"","fileTypesAndContributionMap":{}},{"hash":"e852e1e2ea2330a6b6b8a2795b29923f494aa896","isMergeCommit":true,"messageTitle":"Merge pull request #4 from je-nnyt/Jenny-AboutUs","messageBody":"Update first line in the docs/AboutUs.md","fileTypesAndContributionMap":{}}]},{"date":"2025-03-13","commitResults":[{"hash":"6c07959b8281d47a60f444464a525b3cc0b715a7","isMergeCommit":false,"messageTitle":"Create Transportation class","messageBody":"Add attributes, constructor, getters and setters.\n","fileTypesAndContributionMap":{"functional-code":{"insertions":28,"deletions":0}}}]},{"date":"2025-03-14","commitResults":[{"hash":"57594fb7eedaad4442ada6cdabe8a6b4b7c7bac1","isMergeCommit":false,"messageTitle":"Implement addTransport, deleteTransport and ArrayList\u003cTransportation\u003e","messageBody":"","fileTypesAndContributionMap":{"functional-code":{"insertions":31,"deletions":0}}},{"hash":"b0e186abd72c21f7ae0f114be1044c56ea61da69","isMergeCommit":false,"messageTitle":"Refactor code","messageBody":"","fileTypesAndContributionMap":{"functional-code":{"insertions":2,"deletions":2}}},{"hash":"0d80a7630f2dacb47a4a529b527dec728bded028","isMergeCommit":false,"messageTitle":"Change package name to adhere to coding standard","messageBody":"","fileTypesAndContributionMap":{"other":{"insertions":6,"deletions":4}}}]},{"date":"2025-03-16","commitResults":[{"hash":"ebee2c0cbe9d3aaca2c877b0b682e61863780950","isMergeCommit":true,"messageTitle":"Merge branch \u0027master\u0027 into dev/11-add-delete-transportation","messageBody":"","fileTypesAndContributionMap":{}},{"hash":"cd8f8c8603e06ca7f85d57c95f4de8f435dd6c05","isMergeCommit":false,"messageTitle":"Remove transportationCount","messageBody":"The transportation count can be directly obtained from the size() method from the ArrayList\n","fileTypesAndContributionMap":{"functional-code":{"insertions":0,"deletions":4}}},{"hash":"fd1fe6c005c7ec9f8a44ad30d5a61a41a17774a4","isMergeCommit":false,"messageTitle":"Remove transportationCount","messageBody":"The transportation count can be obtained directly from the size() method provided by the ArrayList","fileTypesAndContributionMap":{"functional-code":{"insertions":0,"deletions":4}}},{"hash":"c3de28f429beeb798b5992a74b313a3aaee96557","isMergeCommit":false,"messageTitle":"Fix compilation conflict","messageBody":"Missing bracket caused compilation issue. Add a break statement to stop searching for a transportation once the correct one is found.","fileTypesAndContributionMap":{"functional-code":{"insertions":2,"deletions":1}}},{"hash":"0663db6dae0ac001f4660c516f81c33a182580f4","isMergeCommit":false,"messageTitle":"Fix error provided by Gradle","messageBody":"Missing a newline at the end of file.\n","fileTypesAndContributionMap":{"functional-code":{"insertions":3,"deletions":3}}},{"hash":"d5b9a21171ddc3a741e2e3617d3e7beb3e06ef5a","isMergeCommit":false,"messageTitle":"Fix newline error provided by Gradle","messageBody":"Missing a newline at the end of file.","fileTypesAndContributionMap":{"functional-code":{"insertions":1,"deletions":0}}},{"hash":"31024faa52ef2d3093e8f5f6deee7a9cebf4d69a","isMergeCommit":false,"messageTitle":"Fix error provided by Gradle","messageBody":"Missing a newline at the end of file.","fileTypesAndContributionMap":{"functional-code":{"insertions":1,"deletions":0}}},{"hash":"8b2d2cc3e3edc54df802e400abd5ab24a0772bf7","isMergeCommit":false,"messageTitle":"Fix newline error provided by Gradle","messageBody":"Missing a newline at the end of file.","fileTypesAndContributionMap":{"functional-code":{"insertions":1,"deletions":0}}},{"hash":"3628efdff1e9d6f9cd7f9b84c864b1d02f7bacd4","isMergeCommit":true,"messageTitle":"Merge branch \u0027dev/11-add-delete-transportation\u0027 of https://github.com/je-nnyt/tp into dev/11-add-delete-transportation","messageBody":"# Conflicts:\n#\tsrc/main/java/voyatrip/Trip.java\n","fileTypesAndContributionMap":{}},{"hash":"10d34b517c00e78358d2e490c3dc48cf94d81c98","isMergeCommit":false,"messageTitle":"Change parameter of deleteTransportation to type Integer","messageBody":"Deleting by index is more convenient for version 1.\n","fileTypesAndContributionMap":{"functional-code":{"insertions":8,"deletions":6}}},{"hash":"de983a9fc2933482302245a1b8696a26242c1a7b","isMergeCommit":false,"messageTitle":"Add a name attribute for Transportation class","messageBody":"","fileTypesAndContributionMap":{"functional-code":{"insertions":9,"deletions":1}}}]},{"date":"2025-03-17","commitResults":[{"hash":"0e65ffe0b8204b08bb617e50e9aeb552d73f7b51","isMergeCommit":true,"messageTitle":"Merge branch \u0027master\u0027 into dev/11-add-delete-transportation","messageBody":"Need the parser function for deleteTransportation()\n\n# Conflicts:\n#\tsrc/main/java/voyatrip/VoyaTrip.java\n#\tsrc/main/java/voyatrip/command/types/AccommodationCommand.java\n#\tsrc/main/java/voyatrip/command/types/Command.java\n#\tsrc/main/java/voyatrip/command/types/ItineraryCommand.java\n#\tsrc/main/java/voyatrip/command/types/TransportationCommand.java\n#\tsrc/main/java/voyatrip/command/types/TripsCommand.java\n#\tsrc/main/java/voyatrip/ui/Parser.java\n","fileTypesAndContributionMap":{}},{"hash":"be57e3ddc03bb18e28a2c0cd67fdae65fd906c8d","isMergeCommit":true,"messageTitle":"Merge branch \u0027master\u0027 into dev/11-add-delete-transportation","messageBody":"","fileTypesAndContributionMap":{}},{"hash":"02c74e27f8b7d25464c22c3e7d611121b2086837","isMergeCommit":true,"messageTitle":"Merge branch \u0027master\u0027 into dev/11-add-delete-transportation","messageBody":"# Conflicts:\n#\tbuild.gradle\n","fileTypesAndContributionMap":{}},{"hash":"9b67222c056a425a79d5cf1616f94805ccccf7fe","isMergeCommit":false,"messageTitle":"Add Transportation class","messageBody":"","fileTypesAndContributionMap":{"functional-code":{"insertions":37,"deletions":0}}},{"hash":"aecf27ab5e139668f4bcbafd52c260ffa6befc60","isMergeCommit":true,"messageTitle":"Merge branch \u0027dev/11-add-delete-transportation\u0027 of https://github.com/je-nnyt/tp into dev/11-add-delete-transportation","messageBody":"# Conflicts:\n#\tsrc/main/java/voyatrip/Transportation.java\n","fileTypesAndContributionMap":{}},{"hash":"0afa75c9f7990f42260baf40bf07195a13abe521","isMergeCommit":false,"messageTitle":"Fix merge conflicts from pulling from origin to dev/11-add-delete-transportation","messageBody":"","fileTypesAndContributionMap":{"functional-code":{"insertions":17,"deletions":41},"other":{"insertions":1,"deletions":0},"docs":{"insertions":0,"deletions":156}}}]},{"date":"2025-03-18","commitResults":[{"hash":"247dde464afa1e9b37bcfb501097fcac4abbdcd8","isMergeCommit":false,"messageTitle":"Add Transportation class","messageBody":"","fileTypesAndContributionMap":{"functional-code":{"insertions":4,"deletions":0}}},{"hash":"e7a248f64fca99a1e26adf5ce9d39f4a76972834","isMergeCommit":true,"messageTitle":"Merge branch \u0027dev/11-add-delete-transportation\u0027 of https://github.com/je-nnyt/tp into dev/11-add-delete-transportation","messageBody":"# Conflicts:\n#\tsrc/main/java/voyatrip/Transportation.java\n","fileTypesAndContributionMap":{}},{"hash":"1ca52600cbae476fcdd333fb6858221c150ce8a2","isMergeCommit":false,"messageTitle":"Modify Transportation constructor to have name as a parameter","messageBody":"","fileTypesAndContributionMap":{"functional-code":{"insertions":2,"deletions":5}}},{"hash":"33aeffdce4be3fafb79f1f01d5588287c2f815f8","isMergeCommit":false,"messageTitle":"Implement executeAddTransportation()","messageBody":"","fileTypesAndContributionMap":{"functional-code":{"insertions":59,"deletions":18}}},{"hash":"36c53d0888048e71dab68ea432db0e8b7067be69","isMergeCommit":false,"messageTitle":"Implement executeDeleteTransportation()","messageBody":"","fileTypesAndContributionMap":{"functional-code":{"insertions":12,"deletions":1}}},{"hash":"4a8de056061a27b88deaa23b18be0a41a6bfefc8","isMergeCommit":false,"messageTitle":"Add exception class TripNotFoundException","messageBody":"","fileTypesAndContributionMap":{"functional-code":{"insertions":6,"deletions":0}}},{"hash":"d9e1d82078c41190f6b4854879f160c5486d5652","isMergeCommit":false,"messageTitle":"Add printTripNotFound message","messageBody":"","fileTypesAndContributionMap":{"functional-code":{"insertions":6,"deletions":1}}},{"hash":"b7a89c30415fca6c387e22c98ca7adc18111a948","isMergeCommit":false,"messageTitle":"Add try/catch to handle TripNotFound exception","messageBody":"","fileTypesAndContributionMap":{"functional-code":{"insertions":19,"deletions":12}}}]},{"date":"2025-03-19","commitResults":[{"hash":"d0b243ef4e68fb68b054fed3fc92c3ffd2e8f96b","isMergeCommit":true,"messageTitle":"Merge branch \u0027master\u0027 into dev/11-add-delete-transportation","messageBody":"","fileTypesAndContributionMap":{}},{"hash":"f9281586c86d0bb1254a25096233d83479c6e833","isMergeCommit":false,"messageTitle":"Enable assertions","messageBody":"","fileTypesAndContributionMap":{"other":{"insertions":4,"deletions":0}}},{"hash":"9d86b81170d3315e2573bb7e44fac48e363062c6","isMergeCommit":true,"messageTitle":"Merge branch \u0027dev/11-add-delete-transportation\u0027 of https://github.com/je-nnyt/tp into dev/11-add-delete-transportation","messageBody":"","fileTypesAndContributionMap":{}},{"hash":"9a9a20537576152cbdda32de35f8e107715fd29c","isMergeCommit":true,"messageTitle":"Merge branch \u0027master\u0027 into dev/11-add-delete-transportation","messageBody":"","fileTypesAndContributionMap":{}},{"hash":"aadc33766f6afc8e9ee2553c67cab0bca0d81b87","isMergeCommit":false,"messageTitle":"Fix merge conflicts to merge into upstream master","messageBody":"Missing import statement for class Parser and the implementation of executeListAccomodation and executeListTransportation.\n","fileTypesAndContributionMap":{"functional-code":{"insertions":9,"deletions":0}}},{"hash":"81ddfc9a2e98d6d5bcb9d26d05d054f9c3abbd49","isMergeCommit":true,"messageTitle":"Merge branch \u0027dev/11-add-delete-transportation\u0027 of https://github.com/je-nnyt/tp into dev/11-add-delete-transportation","messageBody":"","fileTypesAndContributionMap":{}},{"hash":"3aae2a350be71780e4ca747d05627323d7e77df6","isMergeCommit":false,"messageTitle":"Fix style layout","messageBody":"PR failed due to Checkstyle rule violations.\n","fileTypesAndContributionMap":{"functional-code":{"insertions":2,"deletions":2}}},{"hash":"607259afafe6d68d422fd78a19731126e0f21e3e","isMergeCommit":false,"messageTitle":"Remove private from TRIP_NOT_FOUND_MESSAGE","messageBody":"This caused PR failed as CheckStyle rule is violated.\n","fileTypesAndContributionMap":{"functional-code":{"insertions":7,"deletions":5}}},{"hash":"3873410b4da5ef7dc1540b605183020899d96b59","isMergeCommit":true,"messageTitle":"Merge pull request #53 from Lyam-T/pr/48","messageBody":"Pr/48\n","fileTypesAndContributionMap":{}},{"hash":"9de4c97c9461af77d45132214454994b0a4aaaa8","isMergeCommit":false,"messageTitle":"Implement toString() method of Transportation","messageBody":"","fileTypesAndContributionMap":{"functional-code":{"insertions":1,"deletions":1}}},{"hash":"d5180f7d3560c44e3a5e43b89d7291ed360a3dd2","isMergeCommit":false,"messageTitle":"Implement the toString() method of Trip","messageBody":"Overriding the toString() method instead of creating a list method.\n","fileTypesAndContributionMap":{"functional-code":{"insertions":21,"deletions":3}}},{"hash":"ed11fff5cd42a90e4a1bc6b08778a1883d0f40c1","isMergeCommit":false,"messageTitle":"Print accommodations\u0027 information in toString()","messageBody":"","fileTypesAndContributionMap":{"functional-code":{"insertions":3,"deletions":0}}},{"hash":"49911c17607885a56436c19145f0976c22cb959c","isMergeCommit":false,"messageTitle":"Change toString() method to listTripInfo()","messageBody":"It is more intuitive to call listTripInfo() than toString().\n","fileTypesAndContributionMap":{"functional-code":{"insertions":18,"deletions":10}}}]}],"paklongchiu":[{"date":"2025-03-07","commitResults":[{"hash":"cb320e3f45b931af0e6eb9697175579b01002cdb","isMergeCommit":false,"messageTitle":"Create a Thomas_Chiu branch and update the docs/AboutUs.md page","messageBody":"","fileTypesAndContributionMap":{"docs":{"insertions":1,"deletions":5}}},{"hash":"667bad70ed513dd55cf5ca71059d534eafd9bbb4","isMergeCommit":true,"messageTitle":"Merge branch \u0027master\u0027 into Thomas_Chiu-AboutUs","messageBody":"","fileTypesAndContributionMap":{}},{"hash":"bad750ec5a712193a7b61872239a9e30e1684a35","isMergeCommit":true,"messageTitle":"Merge pull request #6 from paklongchiu/Thomas_Chiu-AboutUs","messageBody":"Create a Thomas_Chiu branch and update the docs/AboutUs.md page","fileTypesAndContributionMap":{}}]},{"date":"2025-03-19","commitResults":[{"hash":"cd57fb3e9b8bdf52e8b115e822c252d4695d0cdb","isMergeCommit":false,"messageTitle":"Create the Accommodation class and implement add/delete accommodation methods","messageBody":"","fileTypesAndContributionMap":{"functional-code":{"insertions":90,"deletions":2}}},{"hash":"5a85b07287c781c41e38b6d12d55d95151ab6fcd","isMergeCommit":false,"messageTitle":"Add empty line at end of file","messageBody":"","fileTypesAndContributionMap":{"functional-code":{"insertions":1,"deletions":1}}}]}],"sweetFish8":[{"date":"2025-03-07","commitResults":[{"hash":"ca788776470611e7284cf538489696acf3e8bc3e","isMergeCommit":false,"messageTitle":"Update Ayu info","messageBody":"","fileTypesAndContributionMap":{"docs":{"insertions":2,"deletions":1}}},{"hash":"fbe01c77ae1ed0789a926affb13a9e2defb93545","isMergeCommit":true,"messageTitle":"Merge branch \u0027master\u0027 into AyuGoto-AboutUs","messageBody":"","fileTypesAndContributionMap":{}},{"hash":"1407174b3b9f6fa86706df4d5425d61daec6fcf0","isMergeCommit":true,"messageTitle":"Merge pull request #5 from sweetFish8/AyuGoto-AboutUs","messageBody":"Update Ayu info","fileTypesAndContributionMap":{}}]}]},"authorFileTypeContributionMap":{"Lyam-T":{"docs":46,"functional-code":284,"test-code":43,"other":2},"choiak":{"docs":117,"functional-code":693,"test-code":0},"je-nnyt":{"docs":0,"functional-code":71,"test-code":0,"other":4},"paklongchiu":{"docs":2,"functional-code":56,"test-code":0},"sweetFish8":{"docs":1,"functional-code":0,"test-code":0}},"authorContributionVariance":{"Lyam-T":17448.455,"choiak":60421.508,"je-nnyt":2980.6467,"paklongchiu":304.10205,"sweetFish8":0.30994886},"authorDisplayNameMap":{"Lyam-T":"CS2113-F14-3 TANG.. YAN","choiak":"CS2113-F14-3 CHOI..LONG","je-nnyt":"CS2113-F14-3 TAN ..ENNY","paklongchiu":"CS2113-F14-3 CHIU..LONG","sweetFish8":"CS2113-F14-3 GOTO.. AYU"}}
