[{"path":"docs/AboutUs.md","fileType":"docs","lines":[{"lineNumber":1,"author":{"gitId":"-"},"content":"# About us","lastModifiedDate":"2020-05-24","isFullCredit":false},{"lineNumber":2,"author":{"gitId":"-"},"content":"","lastModifiedDate":"2020-05-24","isFullCredit":false},{"lineNumber":3,"author":{"gitId":"-"},"content":"Display |  Name  | Github Profile |            Portfolio            ","lastModifiedDate":"2020-05-24","isFullCredit":false},{"lineNumber":4,"author":{"gitId":"Isaaclks7"},"content":"--------|:------:|:--------------:|:-------------------------------:","lastModifiedDate":"2025-03-06","isFullCredit":false},{"lineNumber":5,"author":{"gitId":"Isaaclks7"},"content":"![] | Isaac | [Github](https://github.com/isaaclks7) | [Portfolio](docs/team/isaac.md) |","lastModifiedDate":"2025-03-06","isFullCredit":false},{"lineNumber":6,"author":{"gitId":"xhuinn"},"content":"![](https://via.placeholder.com/100.png?text\u003dPhoto) | Xin Hui | [Github](https://github.com/xhuinn) | [Portfolio](docs/team/johndoe.md)","lastModifiedDate":"2025-03-06","isFullCredit":false},{"lineNumber":7,"author":{"gitId":"louistaii"},"content":"![](https://via.placeholder.com/100.png?text\u003dPhoto) | Louis Tai | [Github](https://github.com/louistaii) | [Portfolio](docs/team/louistai.md)","lastModifiedDate":"2025-03-06","isFullCredit":false},{"lineNumber":8,"author":{"gitId":"tzqgav10"},"content":"![] | Gavin | [Github](https://github.com/tzqgav10) | [Portfolio](docs/team/tzqgav10.md)","lastModifiedDate":"2025-03-06","isFullCredit":false},{"lineNumber":9,"author":{"gitId":"louistaii"},"content":"","lastModifiedDate":"2025-03-06","isFullCredit":false},{"lineNumber":10,"author":{"gitId":"xhuinn"},"content":"","lastModifiedDate":"2025-03-06","isFullCredit":false}],"authorContributionMap":{"xhuinn":2,"louistaii":2,"-":3,"Isaaclks7":2,"tzqgav10":1}},{"path":"docs/team/isaac.md","fileType":"docs","lines":[{"lineNumber":1,"author":{"gitId":"Isaaclks7"},"content":"# Isaac - Project Portfolio Page","lastModifiedDate":"2025-03-06","isFullCredit":false},{"lineNumber":2,"author":{"gitId":"Isaaclks7"},"content":"","lastModifiedDate":"2025-03-06","isFullCredit":false},{"lineNumber":3,"author":{"gitId":"Isaaclks7"},"content":"## Overview","lastModifiedDate":"2025-03-06","isFullCredit":false},{"lineNumber":4,"author":{"gitId":"Isaaclks7"},"content":"","lastModifiedDate":"2025-03-06","isFullCredit":false},{"lineNumber":5,"author":{"gitId":"Isaaclks7"},"content":"","lastModifiedDate":"2025-03-06","isFullCredit":false},{"lineNumber":6,"author":{"gitId":"Isaaclks7"},"content":"### Summary of Contributions","lastModifiedDate":"2025-03-06","isFullCredit":false}],"authorContributionMap":{"Isaaclks7":6}}]
