{"authorDailyContributionsMap":{"lys2333":[],"xhuinn":[{"date":"2025-03-06","commitResults":[{"hash":"da0f6b9a65e872e9e0f061eb66e16c80d0c543b1","isMergeCommit":false,"messageTitle":"Add XinHui to AboutUs","messageBody":"","fileTypesAndContributionMap":{"docs":{"insertions":4,"deletions":7}}},{"hash":"6920dc12460f9c7215b2b39d912b5380ebaf3b34","isMergeCommit":true,"messageTitle":"Merge branch \u0027master\u0027 into XinHui-AboutUs","messageBody":"","fileTypesAndContributionMap":{}},{"hash":"fc022431ccdc38346f9a8c2949c2dae154d4381f","isMergeCommit":true,"messageTitle":"Merge branch \u0027master\u0027 into XinHui-AboutUs","messageBody":"","fileTypesAndContributionMap":{}},{"hash":"2d8afe79c870251c60d36ffd5d8c2efa440599bf","isMergeCommit":true,"messageTitle":"Merge pull request #4 from xhuinn/XinHui-AboutUs","messageBody":"Add XinHui to AboutUs","fileTypesAndContributionMap":{}}]},{"date":"2025-03-16","commitResults":[{"hash":"b1964a67e3784bbf29db479443b535a87ec3f83d","isMergeCommit":false,"messageTitle":"Add shift add code","messageBody":"","fileTypesAndContributionMap":{"functional-code":{"insertions":194,"deletions":16}}},{"hash":"aa57e21835f51f4f6c922bbfa01ed5dd3b12ba37","isMergeCommit":true,"messageTitle":"Merge pull request #1 from xhuinn/XinHui-Schedule","messageBody":"Add shift add code","fileTypesAndContributionMap":{}},{"hash":"9c4c452ca9562173cf442a14e1c0c9aaea6be624","isMergeCommit":false,"messageTitle":"Format code","messageBody":"","fileTypesAndContributionMap":{"functional-code":{"insertions":13,"deletions":8}}},{"hash":"478458be8b694cecea3d3b9565cd75fe414dc5a4","isMergeCommit":true,"messageTitle":"Merge pull request #2 from xhuinn/XinHui-Schedule","messageBody":"Format code","fileTypesAndContributionMap":{}},{"hash":"ba1042af522726bb2f2649c0a846a0ef189e11cb","isMergeCommit":false,"messageTitle":"Format comments indentation","messageBody":"","fileTypesAndContributionMap":{"functional-code":{"insertions":14,"deletions":17}}},{"hash":"ead0e2b068a33bf307adb7b1e0089119def1c0af","isMergeCommit":true,"messageTitle":"Merge pull request #3 from xhuinn/XinHui-Schedule","messageBody":"Format comments indentation","fileTypesAndContributionMap":{}},{"hash":"ef0241d15204ac232af56fb53a3ee86a7d3c3950","isMergeCommit":true,"messageTitle":"Add shift add code for users to add shifts to schedule","messageBody":"Add shift add code","fileTypesAndContributionMap":{}},{"hash":"f7448fb50a9d695c46bb83583d7af9cf295c7bd5","isMergeCommit":false,"messageTitle":"Add shift del code","messageBody":"","fileTypesAndContributionMap":{"functional-code":{"insertions":70,"deletions":35}}},{"hash":"13038cbbaa8b7ab612bccae243523606e9331c4b","isMergeCommit":true,"messageTitle":"Merge pull request #4 from xhuinn/XinHui-Schedule","messageBody":"Add shift del code","fileTypesAndContributionMap":{}},{"hash":"3bbd04680cb5f1d79fd6baa08b36ad1c40ebb2d7","isMergeCommit":false,"messageTitle":"Format code","messageBody":"","fileTypesAndContributionMap":{"functional-code":{"insertions":1,"deletions":1}}},{"hash":"eb9a79b5755cf1b21954169ae6bd18dda58e73bd","isMergeCommit":true,"messageTitle":"Merge pull request #5 from xhuinn/XinHui-Schedule","messageBody":"Format code","fileTypesAndContributionMap":{}},{"hash":"85b2e0b3a44d43f54a75402fc6850e24152057ae","isMergeCommit":false,"messageTitle":"Format code","messageBody":"","fileTypesAndContributionMap":{"functional-code":{"insertions":3,"deletions":1}}},{"hash":"fd5bd4bca473117dfd90185a4a0bac172a89f1f6","isMergeCommit":true,"messageTitle":"Merge pull request #6 from xhuinn/XinHui-Schedule","messageBody":"Format code","fileTypesAndContributionMap":{}},{"hash":"db38f5ec06091de5f1f1c88aab6a6d9399060392","isMergeCommit":true,"messageTitle":"Add shift del code","messageBody":"","fileTypesAndContributionMap":{}},{"hash":"97d24609f57033e78152cdbafb880b7ef04d4617","isMergeCommit":false,"messageTitle":"Add javadocs comment and error handling for shift add and shift del","messageBody":"","fileTypesAndContributionMap":{"functional-code":{"insertions":166,"deletions":25}}}]},{"date":"2025-03-17","commitResults":[{"hash":"ce3520d46b8dcbdbae02b6bac744a82ff4b5e0ba","isMergeCommit":true,"messageTitle":"Merge pull request #7 from xhuinn/XinHui-Schedule","messageBody":"Add javadocs comment and error handling for shift add and shift del","fileTypesAndContributionMap":{}},{"hash":"d4925648be96e2ad3c50ed25980b12a552a0f352","isMergeCommit":false,"messageTitle":"Format code","messageBody":"","fileTypesAndContributionMap":{"functional-code":{"insertions":2,"deletions":1}}},{"hash":"3e70b1ab8f199608e0db898a7a8fa51dd6b8ed7f","isMergeCommit":true,"messageTitle":"Merge pull request #8 from xhuinn/XinHui-Schedule","messageBody":"Format code","fileTypesAndContributionMap":{}},{"hash":"e2b4a77b9f16a0739ea72f61da94619eb298b028","isMergeCommit":true,"messageTitle":"Merge pull request #32 from xhuinn/master","messageBody":"Add javadocs comment and error handling for shift add and shift del","fileTypesAndContributionMap":{}},{"hash":"773fe40ebb27a1a328448fe71048e1f3667fb888","isMergeCommit":false,"messageTitle":"Create exception class","messageBody":"","fileTypesAndContributionMap":{"functional-code":{"insertions":155,"deletions":148}}},{"hash":"10d129a5a102548394fe6e3390492695d6d75cd9","isMergeCommit":false,"messageTitle":"Add Ui class","messageBody":"","fileTypesAndContributionMap":{"functional-code":{"insertions":53,"deletions":32}}},{"hash":"8e05576b6e7fbe5c49284c8a9fa1d83b8c25ba7b","isMergeCommit":true,"messageTitle":"Merge pull request #9 from xhuinn/XinHui-Schedule","messageBody":"Create exception and ui classes","fileTypesAndContributionMap":{}},{"hash":"ed8415bad476c86ec0651505bb3dd8621bffb689","isMergeCommit":false,"messageTitle":"Format code","messageBody":"","fileTypesAndContributionMap":{"functional-code":{"insertions":3,"deletions":4}}},{"hash":"100d33b86fa00cb23074117c18eff79b182de0ba","isMergeCommit":true,"messageTitle":"Merge branch \u0027master\u0027 of https://github.com/xhuinn/tp","messageBody":"","fileTypesAndContributionMap":{}},{"hash":"8f7c0fc4eeb1b7e746d4ea54dfb57d0a98db62d7","isMergeCommit":true,"messageTitle":"Merge pull request #33 from xhuinn/master","messageBody":"Add exception and ui classes","fileTypesAndContributionMap":{}}]},{"date":"2025-03-18","commitResults":[{"hash":"556dc3504e978b4df64a2441f4a734faf3bbcee4","isMergeCommit":false,"messageTitle":"Add JUnit test for shift class","messageBody":"","fileTypesAndContributionMap":{"functional-code":{"insertions":2,"deletions":23},"other":{"insertions":52,"deletions":29},"test-code":{"insertions":79,"deletions":16}}},{"hash":"8808f4e386907b3363404c04e0310e37d000ca9d","isMergeCommit":false,"messageTitle":"Extract methods for shift class","messageBody":"","fileTypesAndContributionMap":{"functional-code":{"insertions":57,"deletions":48}}},{"hash":"8251b657d63a40769d65441c1dd60b831722f16f","isMergeCommit":false,"messageTitle":"Format code","messageBody":"","fileTypesAndContributionMap":{"functional-code":{"insertions":5,"deletions":2},"test-code":{"insertions":5,"deletions":3}}},{"hash":"3b20024070167eaf402a1b84face6a333aafa03e","isMergeCommit":true,"messageTitle":"Merge conflicts","messageBody":"","fileTypesAndContributionMap":{}},{"hash":"43e8edbe717495e91d8553dc87ff93be879a97fe","isMergeCommit":false,"messageTitle":"Resolve merge conflicts","messageBody":"","fileTypesAndContributionMap":{"functional-code":{"insertions":1,"deletions":1}}},{"hash":"9ab511ff023d2e0c5dc8fb9f04542508e4d00b66","isMergeCommit":false,"messageTitle":"Add back duke class","messageBody":"","fileTypesAndContributionMap":{"functional-code":{"insertions":21,"deletions":0},"test-code":{"insertions":12,"deletions":0}}},{"hash":"bf105f666fd58fae7a14358daaf9b6a2acfcf650","isMergeCommit":false,"messageTitle":"Format code","messageBody":"","fileTypesAndContributionMap":{"functional-code":{"insertions":1,"deletions":1},"test-code":{"insertions":1,"deletions":1}}},{"hash":"d1eddb53f9dfe36d14bb1e220221b26484ec8043","isMergeCommit":true,"messageTitle":"Merge pull request #41 from xhuinn/master","messageBody":"Add JUnit test for shift class","fileTypesAndContributionMap":{}},{"hash":"4730a5cc8e9676e02fd0169b36df752a9db5e529","isMergeCommit":false,"messageTitle":"Add javadocs comments","messageBody":"","fileTypesAndContributionMap":{"functional-code":{"insertions":53,"deletions":14}}},{"hash":"c7dbf312ce52bc22f5ec2400201b63864b528dc4","isMergeCommit":true,"messageTitle":"Merge pull request #42 from xhuinn/XinHui-Schedule","messageBody":"Add javadocs comments","fileTypesAndContributionMap":{}},{"hash":"2163cf6aaca519548931f7dfbef32a89f664a484","isMergeCommit":false,"messageTitle":"Add assertions to shift add, shift del and shiftparser","messageBody":"","fileTypesAndContributionMap":{"functional-code":{"insertions":19,"deletions":2}}},{"hash":"b23c79b69165f7e84f18dd0fe99fd63a72daec3a","isMergeCommit":true,"messageTitle":"Merge pull request #43 from xhuinn/XinHui-Assertions","messageBody":"Add assertions to shift add, shift del and shiftparser","fileTypesAndContributionMap":{}}]},{"date":"2025-03-19","commitResults":[{"hash":"7a7448a11bb729623d4defae868ed1f09a07d240","isMergeCommit":false,"messageTitle":"Add logging to shift class and shift parser class","messageBody":"","fileTypesAndContributionMap":{"functional-code":{"insertions":67,"deletions":3}}},{"hash":"37b741ebbf8e3a00ae825011d8a15c6de7457f03","isMergeCommit":true,"messageTitle":"Merge pull request #45 from xhuinn/XinHui-Logging","messageBody":"Add logging to shift class and shift parser class","fileTypesAndContributionMap":{}},{"hash":"d60622de28b7bf4b1e65cb6dc2805e159d5161dc","isMergeCommit":false,"messageTitle":"Update gitignore file to ignore logs","messageBody":"","fileTypesAndContributionMap":{"functional-code":{"insertions":2,"deletions":2}}},{"hash":"055e4fd011af39dbefd708aef20ac7111f6df8a3","isMergeCommit":true,"messageTitle":"Merge pull request #46 from xhuinn/master","messageBody":"Update gitignore file to ignore logs","fileTypesAndContributionMap":{}}]}],"louistaii":[{"date":"2025-03-06","commitResults":[{"hash":"24d9a7cb297240056102a921c71e60b724572180","isMergeCommit":false,"messageTitle":"Update AboutUS.md","messageBody":"","fileTypesAndContributionMap":{"docs":{"insertions":2,"deletions":5}}},{"hash":"a40d670e5721c384c5db670511184da913d73db6","isMergeCommit":true,"messageTitle":"Merge pull request Update AboutUS.md","messageBody":"Update AboutUS.md","fileTypesAndContributionMap":{}}]},{"date":"2025-03-12","commitResults":[{"hash":"b9337a05a6f8472043be61b9b9e8c8089fc0b336","isMergeCommit":false,"messageTitle":"Add delete, mark and unmark method for Appointment Class","messageBody":"","fileTypesAndContributionMap":{"functional-code":{"insertions":132,"deletions":12}}},{"hash":"1adf3e5fd6690f47bd3f3eb2b490288f7832aa31","isMergeCommit":true,"messageTitle":"Merge pull request #18 from AY2425S2-CS2113-T11b-3/branch-addApptClass","messageBody":"Add delete, mark and unmark method for Appointment Class","fileTypesAndContributionMap":{}}]},{"date":"2025-03-16","commitResults":[{"hash":"05028ba27883ea19be6814edd7cbb26d69e398e3","isMergeCommit":false,"messageTitle":"Add JUnit test cases for appt list","messageBody":"","fileTypesAndContributionMap":{"test-code":{"insertions":26,"deletions":0}}},{"hash":"cb79f4da8e4b3105168f51938fb08ebe83f11483","isMergeCommit":true,"messageTitle":"Merge pull request #30 from louistaii/junit-test","messageBody":"Add JUnit test cases for appt list","fileTypesAndContributionMap":{}}]},{"date":"2025-03-18","commitResults":[{"hash":"23f7797175d2361886da7b7d3425cd9151133cc3","isMergeCommit":false,"messageTitle":"Add appointment list, delete, mark, unmark functions into parser. Improve error handling","messageBody":"","fileTypesAndContributionMap":{"functional-code":{"insertions":262,"deletions":22}}},{"hash":"274b82214c0ea1d70b9c967d797c0c0d6803f2fc","isMergeCommit":true,"messageTitle":"Merge pull request #3 from AY2425S2-CS2113-T11b-3/master","messageBody":"Update personal repo","fileTypesAndContributionMap":{}},{"hash":"72fb6e7d07a90c474c3dc899acedf46f24953501","isMergeCommit":true,"messageTitle":"Merge branch \u0027master\u0027 into updateApptList","messageBody":"","fileTypesAndContributionMap":{}},{"hash":"f416c5c821b23807ecb7e9fdcfc65810492318a4","isMergeCommit":false,"messageTitle":"Bug fix","messageBody":"","fileTypesAndContributionMap":{"functional-code":{"insertions":86,"deletions":97}}},{"hash":"fbc278bc7160775f09c80f74da67e53790b2fdfc","isMergeCommit":false,"messageTitle":"Fix indentation error","messageBody":"","fileTypesAndContributionMap":{"functional-code":{"insertions":84,"deletions":92}}},{"hash":"d69138505b584d9129760408f0026f32439f0e1a","isMergeCommit":false,"messageTitle":"Fix static variable definition in wrong order","messageBody":"","fileTypesAndContributionMap":{"functional-code":{"insertions":2,"deletions":1},"test-code":{"insertions":9,"deletions":8}}},{"hash":"d7f9a128d7dbe8e5bc907da551fcaf4012ca3aa5","isMergeCommit":false,"messageTitle":"Refactor Junit test cases to updated outputs","messageBody":"","fileTypesAndContributionMap":{"functional-code":{"insertions":9,"deletions":2},"test-code":{"insertions":26,"deletions":35}}},{"hash":"557bc8af8a9a28846d40b81399de974ed8b672c8","isMergeCommit":false,"messageTitle":"Fix import syntax for Junit test","messageBody":"","fileTypesAndContributionMap":{"test-code":{"insertions":4,"deletions":1}}},{"hash":"96a0db0bd5f90e8dbf97bce0b2547b2ded978199","isMergeCommit":true,"messageTitle":"Merge pull request #36 from louistaii/updateApptList","messageBody":" Add appointment list, delete, mark, unmark functions into parser. Improve error handling ","fileTypesAndContributionMap":{}},{"hash":"d27bfc9af96de046cfbe6235a639e589b979fb27","isMergeCommit":true,"messageTitle":"Merge branch \u0027master\u0027 of https://github.com/AY2425S2-CS2113-T11b-3/tp","messageBody":"","fileTypesAndContributionMap":{}},{"hash":"fcd8177b6eca8bb3757a75f9f4e8a1bae29c0e93","isMergeCommit":false,"messageTitle":"Add more assertions to methods in Appointment.java","messageBody":"","fileTypesAndContributionMap":{"functional-code":{"insertions":21,"deletions":2}}},{"hash":"1a5d383ba9419dabe19caeb819c044c748b01f31","isMergeCommit":true,"messageTitle":"Merge pull request #39 from louistaii/assertions","messageBody":"Add more assertions to methods in Appointment.java","fileTypesAndContributionMap":{}},{"hash":"6ab4c2d8199ebc942ee1c179ccfccc28fa8e73f8","isMergeCommit":false,"messageTitle":"Add status badge to appointment list. Fix error with exit command","messageBody":"","fileTypesAndContributionMap":{"functional-code":{"insertions":14,"deletions":7}}},{"hash":"03b628e09596fb99ff823123e0beda8063b5e030","isMergeCommit":true,"messageTitle":"Merge pull request #40 from louistaii/apptListStatusBadge","messageBody":"Add status badge to appointment list. Fix error with exit command.","fileTypesAndContributionMap":{}}]},{"date":"2025-03-19","commitResults":[{"hash":"9440663a9e2c59f3bd68fc033549a6fd8f69d16c","isMergeCommit":false,"messageTitle":"Add javadoc to Appointment class","messageBody":"","fileTypesAndContributionMap":{"functional-code":{"insertions":50,"deletions":10}}},{"hash":"9a582201a06f6f3ddae7c3993390b8facf3eef20","isMergeCommit":true,"messageTitle":"Merge pull request #44 from louistaii/javadoc","messageBody":"Add javadoc to Appointment class. Remove redundant constructor.","fileTypesAndContributionMap":{}}]}],"Isaaclks7":[{"date":"2025-03-06","commitResults":[{"hash":"cf689549467f74443f5ebb6102a17580e8c54d62","isMergeCommit":false,"messageTitle":"Add isaac in aboutme","messageBody":"","fileTypesAndContributionMap":{"docs":{"insertions":9,"deletions":7}}},{"hash":"43c567b32425a2615bb8b27048d09da12331cf25","isMergeCommit":true,"messageTitle":"Merged with upstream","messageBody":"","fileTypesAndContributionMap":{}},{"hash":"acd9ee21e3632da37014d92b96bdc75c422a689b","isMergeCommit":true,"messageTitle":"Merge pull request #2 from Isaaclks7/Isaac-AboutUs","messageBody":"Add isaac in aboutme","fileTypesAndContributionMap":{}},{"hash":"1404de002fe17e8d2f73106ff691cda70df5f86d","isMergeCommit":false,"messageTitle":"Update AboutUs","messageBody":"","fileTypesAndContributionMap":{"docs":{"insertions":1,"deletions":2}}},{"hash":"46d314087eea3e869dd9c9fb537ebf82fcb7f703","isMergeCommit":true,"messageTitle":"Update AboutUs","messageBody":"","fileTypesAndContributionMap":{}}]},{"date":"2025-03-12","commitResults":[{"hash":"01a90fe92c786316c572e5907a56ed1d98b0690e","isMergeCommit":false,"messageTitle":"Added Appointment class for list of Appointments","messageBody":"","fileTypesAndContributionMap":{"functional-code":{"insertions":37,"deletions":0},"other":{"insertions":0,"deletions":0}}},{"hash":"44834cabf79a9053a69049cadfc170efd7bd03aa","isMergeCommit":false,"messageTitle":"Added Appointment class and renamed duke to nursesched","messageBody":"","fileTypesAndContributionMap":{"functional-code":{"insertions":20,"deletions":21},"other":{"insertions":6,"deletions":5}}},{"hash":"bd875d85c6999072ba86fb3e7607214ba0d6d6e8","isMergeCommit":false,"messageTitle":"rename duke to nursesched","messageBody":"","fileTypesAndContributionMap":{"test-code":{"insertions":1,"deletions":1}}},{"hash":"748f27f2cf377957003278aeca9eb6274c68281e","isMergeCommit":false,"messageTitle":"Update code style","messageBody":"","fileTypesAndContributionMap":{"functional-code":{"insertions":7,"deletions":2}}},{"hash":"069ffe0fc2c21afb01fca66148a269d576fcc1ca","isMergeCommit":false,"messageTitle":"Bug fix","messageBody":"","fileTypesAndContributionMap":{"other":{"insertions":1,"deletions":1}}},{"hash":"c126d005dfdc0fefec8c61847ba381e3b88ea22c","isMergeCommit":false,"messageTitle":"Fix bugs related to duke","messageBody":"","fileTypesAndContributionMap":{"functional-code":{"insertions":21,"deletions":20},"other":{"insertions":2,"deletions":2}}},{"hash":"08da5adea255aa5f302c714f6f076ddfd6b3132b","isMergeCommit":false,"messageTitle":"Clean up code style","messageBody":"","fileTypesAndContributionMap":{"functional-code":{"insertions":1,"deletions":3}}},{"hash":"405f3c9bae79f0cff7da27c6c5b5cefff89c3493","isMergeCommit":true,"messageTitle":"Add Appointment class","messageBody":"Add Appointment class","fileTypesAndContributionMap":{}},{"hash":"2d41636a762c1da1fcc40d41cdd101685fed886f","isMergeCommit":false,"messageTitle":"Update welcome msg","messageBody":"","fileTypesAndContributionMap":{"functional-code":{"insertions":2,"deletions":2}}},{"hash":"6d90f08075ce8ea32075e3b38c8a2fdcaae0a94b","isMergeCommit":true,"messageTitle":"Merge pull request #17 from Isaaclks7/Isaac-Appointments","messageBody":"Add Appointment class","fileTypesAndContributionMap":{}},{"hash":"5c94731a3f7b7d972d7215a28f0594ca0e7e9c30","isMergeCommit":false,"messageTitle":"Add Parser class to read Appointment related commands","messageBody":"","fileTypesAndContributionMap":{"functional-code":{"insertions":144,"deletions":3}}},{"hash":"e47f55026ce8bdeabc66bd614a385f209fdb241b","isMergeCommit":true,"messageTitle":"Merged master onto Isaac-Appointments branch","messageBody":"","fileTypesAndContributionMap":{}},{"hash":"84ff247f0a6189a56cb2cdef8f2519b246727791","isMergeCommit":true,"messageTitle":"Add Parser class to read in commands related to Appointments","messageBody":"","fileTypesAndContributionMap":{}},{"hash":"bf016a5b16d9358512799cfa17107837700081f2","isMergeCommit":false,"messageTitle":"Add default case in switch block under NurseSched.java","messageBody":"","fileTypesAndContributionMap":{"functional-code":{"insertions":5,"deletions":0}}},{"hash":"dd1fe55eb46d4e8692f272c0efb5332ebc45c869","isMergeCommit":true,"messageTitle":"Merge pull request #21 from Isaaclks7/Isaac-Appointments","messageBody":"Add Parser class to read Appointment related commands","fileTypesAndContributionMap":{}},{"hash":"0388541655f1cfa9e1ec2b570e2b6a00b97b7190","isMergeCommit":false,"messageTitle":"Update Appointment.java to have ArrayList of Appointments as a variable","messageBody":"","fileTypesAndContributionMap":{"functional-code":{"insertions":18,"deletions":17}}}]},{"date":"2025-03-14","commitResults":[{"hash":"764db5b443e0f1450429cc0e3130dc0ac62335a2","isMergeCommit":true,"messageTitle":"Merge branch \u0027master\u0027 of https://github.com/AY2425S2-CS2113-T11b-3/tp into Isaac-Appointments","messageBody":"","fileTypesAndContributionMap":{}},{"hash":"ad5f25554462e31518f5ced59c7580049829603d","isMergeCommit":false,"messageTitle":"Update Parser class and added ApptParser class to extend from Parser","messageBody":"","fileTypesAndContributionMap":{"functional-code":{"insertions":142,"deletions":126}}},{"hash":"6559730b573b863ea00f5a74972502839c775c64","isMergeCommit":true,"messageTitle":"Merge master onto Isaac-Appointments","messageBody":"","fileTypesAndContributionMap":{}},{"hash":"3c3e405598c40a23aeb5cdc42a559a7d4d59b394","isMergeCommit":false,"messageTitle":"Remove unused Scanner import","messageBody":"","fileTypesAndContributionMap":{"functional-code":{"insertions":0,"deletions":3}}},{"hash":"e68c9b875ced1206635f8686fe500f44c15e9394","isMergeCommit":true,"messageTitle":"Merge pull request #24 from Isaaclks7/Isaac-Appointments","messageBody":"Update Parser to be Parent class. ApptParser extends from it.","fileTypesAndContributionMap":{}}]},{"date":"2025-03-16","commitResults":[{"hash":"931a3b738d3548182d51e66cff5b10626aa6763e","isMergeCommit":true,"messageTitle":"Merge branch \u0027master\u0027 of https://github.com/Isaaclks7/tp","messageBody":"","fileTypesAndContributionMap":{}},{"hash":"c08ba7d14f0f9823b88b8363252621cb078c5bd9","isMergeCommit":true,"messageTitle":"Merge branch \u0027master\u0027 of https://github.com/AY2425S2-CS2113-T11b-3/tp","messageBody":"","fileTypesAndContributionMap":{}},{"hash":"e6a6aa085ce2dcf70fc652e06d66b7c38a2448a0","isMergeCommit":false,"messageTitle":"Update Appointment parser and class. Add Junit tests for extracting appt add, del and mark commands","messageBody":"","fileTypesAndContributionMap":{"functional-code":{"insertions":75,"deletions":34},"test-code":{"insertions":42,"deletions":0}}},{"hash":"ac8c9a2bf2b2916aa5a87fb3a9f608e5dd91bff4","isMergeCommit":false,"messageTitle":"Clean up code style","messageBody":"","fileTypesAndContributionMap":{"functional-code":{"insertions":6,"deletions":5}}},{"hash":"5f2c7334769b63485c64b84fdb386a77c4a61b61","isMergeCommit":true,"messageTitle":"Merge pull request #27 from Isaaclks7/master","messageBody":"Updated Appointment class and parser. Added Junit tests for extracting appt related commands.","fileTypesAndContributionMap":{}},{"hash":"5100c0280763d6beb7168b12934940eb8afeee2e","isMergeCommit":false,"messageTitle":"Add JUnit for invalid appointment date and times","messageBody":"","fileTypesAndContributionMap":{"test-code":{"insertions":42,"deletions":16}}},{"hash":"3703cad42f6d81c28af8b5c5e43fa5c1970bfb61","isMergeCommit":true,"messageTitle":"Merge pull request #31 from Isaaclks7/Isaac-JUnit","messageBody":"Add JUnit for invalid appointment date and times","fileTypesAndContributionMap":{}}]},{"date":"2025-03-17","commitResults":[{"hash":"02bc75e5472d7ad7008d2942e41eadaea42a4162","isMergeCommit":false,"messageTitle":"Add Javadoc comments for ApptParser","messageBody":"","fileTypesAndContributionMap":{"functional-code":{"insertions":33,"deletions":4}}},{"hash":"148033804dd525d52a961cbff68c18b3de35c021","isMergeCommit":false,"messageTitle":"Remove unused import in ApptParser","messageBody":"","fileTypesAndContributionMap":{"functional-code":{"insertions":0,"deletions":1}}},{"hash":"f5f40f9507341408642b3a5d2a054bbf5303866a","isMergeCommit":true,"messageTitle":"Merge branch \u0027master\u0027 of https://github.com/AY2425S2-CS2113-T11b-3/tp","messageBody":"","fileTypesAndContributionMap":{}},{"hash":"1ea49e9fca55fa5238ece2cd594b3f64936085fd","isMergeCommit":true,"messageTitle":"Merge pull request #34 from Isaaclks7/Isaac-Javadoc","messageBody":"Add Javadoc comments for ApptParser","fileTypesAndContributionMap":{}}]},{"date":"2025-03-18","commitResults":[{"hash":"48cf04f607a13ac8dd6297fb2dba47f129fb3a11","isMergeCommit":false,"messageTitle":"Extract commands from NurseSched to executeCommands method in Command class","messageBody":"","fileTypesAndContributionMap":{"functional-code":{"insertions":124,"deletions":103}}},{"hash":"8f0066116ea5b9a0d7fa9f2406d7e3f432f78e72","isMergeCommit":false,"messageTitle":"Remove unused imports from NurseSched class","messageBody":"","fileTypesAndContributionMap":{"functional-code":{"insertions":0,"deletions":8}}},{"hash":"5d7d95ad6398c4b20840a660d8f3bf072d38b3b5","isMergeCommit":true,"messageTitle":"Merge pull request #37 from Isaaclks7/executeCommands","messageBody":"Extract commands from NurseSched  main as method in Command class.","fileTypesAndContributionMap":{}},{"hash":"18ac4e117048046c271591f3720c96481c6a2058","isMergeCommit":false,"messageTitle":"Add assertions to methods in Appointment.java","messageBody":"","fileTypesAndContributionMap":{"functional-code":{"insertions":10,"deletions":0}}},{"hash":"28202bd52c3239d9539d61611f841b5df72fed7e","isMergeCommit":true,"messageTitle":"Merge pull request #38 from Isaaclks7/assertions","messageBody":"Add assertions to methods in Appointment.java","fileTypesAndContributionMap":{}}]}],"tzqgav10":[{"date":"2025-03-06","commitResults":[{"hash":"b16028e03f9c691ced6ec61ae89aa95edc269b6c","isMergeCommit":false,"messageTitle":"Update AboutUs document","messageBody":"","fileTypesAndContributionMap":{"docs":{"insertions":2,"deletions":5}}},{"hash":"d86ecbadc469dab5a04a53a4fa1f1cbcb292ece2","isMergeCommit":true,"messageTitle":"Merge branch \u0027master\u0027 of https://github.com/AY2425S2-CS2113-T11b-3/tp into Gavin-AboutUs","messageBody":"","fileTypesAndContributionMap":{}},{"hash":"d8758f280b0e5c80f88977d0eb73a5a0299d8f3a","isMergeCommit":true,"messageTitle":"Merge pull request #3 from tzqgav10/Gavin-AboutUs","messageBody":"Update AboutUs document","fileTypesAndContributionMap":{}},{"hash":"ecc890d3fac880d6681ecc53617a5d92b9583cdd","isMergeCommit":false,"messageTitle":"Update AboutUs 2","messageBody":"","fileTypesAndContributionMap":{"docs":{"insertions":1,"deletions":2}}},{"hash":"c6d30176d67f9a6c76f73c1ecc7fe452c6c83221","isMergeCommit":true,"messageTitle":"Merge pull request #5 from tzqgav10/Gavin-AboutUs","messageBody":"Update AboutUs 2","fileTypesAndContributionMap":{}}]},{"date":"2025-03-12","commitResults":[{"hash":"201369ef7e948b70323fa582e9e80eb604406a0f","isMergeCommit":false,"messageTitle":"Add Patient class","messageBody":"Create methods to add patient\u0027s information and delete patient\u0027s\ninformation for retrieval later.\n","fileTypesAndContributionMap":{"functional-code":{"insertions":32,"deletions":0}}},{"hash":"89b27743d642232cf05576db53ea2d1acdcd7414","isMergeCommit":true,"messageTitle":"Merge branch \u0027master\u0027 of https://github.com/AY2425S2-CS2113-T11b-3/tp into Gavin-PatientInfo","messageBody":"","fileTypesAndContributionMap":{}},{"hash":"34c23aa549562fe37fba95a7ffa5f562332c726b","isMergeCommit":false,"messageTitle":"Add method to print patient information","messageBody":"","fileTypesAndContributionMap":{"functional-code":{"insertions":13,"deletions":1}}},{"hash":"c087df28795de01204abc162a210433aeabd453e","isMergeCommit":false,"messageTitle":"Fix coding style","messageBody":"","fileTypesAndContributionMap":{"functional-code":{"insertions":4,"deletions":3}}},{"hash":"f536dc442ced470733ab7daf810f70c463953749","isMergeCommit":true,"messageTitle":"Merge pull request #20 from tzqgav10/Gavin-PatientInfo","messageBody":"Add Patient class","fileTypesAndContributionMap":{}}]},{"date":"2025-03-15","commitResults":[{"hash":"600a018d6def7247f3c7d434abce22ea8986495e","isMergeCommit":false,"messageTitle":"Add Parser for Patient profile","messageBody":"Add parser to take in the commands for patient profile, which allows\nusers to add, delete and check the list of patient profiles.\n","fileTypesAndContributionMap":{"functional-code":{"insertions":110,"deletions":6}}}]},{"date":"2025-03-16","commitResults":[{"hash":"4c0f817def70b040bffb0fa09fa2a0fcc6974fd1","isMergeCommit":true,"messageTitle":"Merge branch \u0027master\u0027 of https://github.com/AY2425S2-CS2113-T11b-3/tp into Gavin-PatientInfo","messageBody":"","fileTypesAndContributionMap":{}},{"hash":"184be4f4b75977d4dbf51afeb90deee667d461cf","isMergeCommit":false,"messageTitle":"Add JUnit test for Patient and PatientParser classes","messageBody":"","fileTypesAndContributionMap":{"test-code":{"insertions":4,"deletions":0}}},{"hash":"714cf9b849cbea02e9d66a02911f4342df0756ca","isMergeCommit":false,"messageTitle":"Add JUnit tests for Patient and PatientParser classes","messageBody":"","fileTypesAndContributionMap":{"functional-code":{"insertions":44,"deletions":13},"test-code":{"insertions":93,"deletions":1}}},{"hash":"774150daab588bcdf1b66f8fbf3c849ab20a144b","isMergeCommit":false,"messageTitle":"Add Javadoc header comments for Patient and PatientParser classes","messageBody":"","fileTypesAndContributionMap":{"functional-code":{"insertions":71,"deletions":0}}},{"hash":"83b95091e21ab5d2f015810a9777e005a1b7e635","isMergeCommit":false,"messageTitle":"Fix code style","messageBody":"","fileTypesAndContributionMap":{"functional-code":{"insertions":0,"deletions":35},"test-code":{"insertions":8,"deletions":8}}},{"hash":"ab445c7635068c961814078f5c41b4f8b3be518b","isMergeCommit":true,"messageTitle":"Merge pull request #26 from tzqgav10/Gavin-PatientInfo","messageBody":"Add JUnit and Header comments for Patient related classes","fileTypesAndContributionMap":{}}]},{"date":"2025-03-19","commitResults":[{"hash":"1d764e428170bfb544392fb994b6ed4921914ae7","isMergeCommit":false,"messageTitle":"Add assertions and update code to handle exceptions for Patient class","messageBody":"","fileTypesAndContributionMap":{"functional-code":{"insertions":66,"deletions":36},"test-code":{"insertions":14,"deletions":16}}},{"hash":"3cc4b248b43af6be71afd3f282de8508c076c816","isMergeCommit":true,"messageTitle":"Merge branch \u0027master\u0027 of https://github.com/AY2425S2-CS2113-T11b-3/tp into Gavin-PatientInfo # Please enter a commit message to explain why this merge is necessary, # especially if it merges an updated upstream into a topic branch. # # Lines starting with \u0027#\u0027 will be ignored, and an empty message aborts # the commit.","messageBody":"","fileTypesAndContributionMap":{}},{"hash":"661be2102faf26219272b13cb7fd5b1997f96d46","isMergeCommit":true,"messageTitle":"Merge branch \u0027master\u0027 of https://github.com/AY2425S2-CS2113-T11b-3/tp into Gavin-PatientInfo","messageBody":"","fileTypesAndContributionMap":{}},{"hash":"0158daa4f2d2c4053f09571f413183b966333687","isMergeCommit":false,"messageTitle":"Add exceptions for Patient classes","messageBody":"","fileTypesAndContributionMap":{"functional-code":{"insertions":65,"deletions":35},"test-code":{"insertions":14,"deletions":16}}},{"hash":"10e8518376f53be4413e35afa9b7165c69a96c5c","isMergeCommit":false,"messageTitle":"Change name of method","messageBody":"","fileTypesAndContributionMap":{"functional-code":{"insertions":1,"deletions":1}}},{"hash":"5925d7fcfa6f0799b735bcfd59ceeb545295cc6d","isMergeCommit":false,"messageTitle":"Add exception handling with messages for zero index","messageBody":"","fileTypesAndContributionMap":{"functional-code":{"insertions":12,"deletions":7}}},{"hash":"75427215d60f704a9ded68d36f4f5a5f40d88c2c","isMergeCommit":false,"messageTitle":"Update code quality","messageBody":"","fileTypesAndContributionMap":{"functional-code":{"insertions":0,"deletions":1}}},{"hash":"4277d88fdd53c4ad010eabef5960e2f0d95a27b9","isMergeCommit":true,"messageTitle":"Merge pull request #47 from tzqgav10/Gavin-PatientInfo","messageBody":"Add assertions and exception handling messages","fileTypesAndContributionMap":{}}]}]},"authorFileTypeContributionMap":{"lys2333":{"docs":0,"functional-code":0,"test-code":0},"xhuinn":{"docs":2,"functional-code":533,"test-code":81},"louistaii":{"docs":2,"functional-code":291,"test-code":40},"Isaaclks7":{"docs":8,"functional-code":280,"test-code":51},"tzqgav10":{"docs":1,"functional-code":248,"test-code":88}},"authorContributionVariance":{"lys2333":0.0,"xhuinn":22223.049,"louistaii":22263.262,"Isaaclks7":9367.517,"tzqgav10":5684.019},"authorDisplayNameMap":{"lys2333":"CS2113-T11b-3 LIU ..SHAN","xhuinn":"CS2113-T11b-3 WONG.. HUI","louistaii":"CS2113-T11b-3 TAI ..OUIS","Isaaclks7":"CS2113-T11b-3 LIM ..SAAC","tzqgav10":"CS2113-T11b-3 TEO ..AVIN"}}
