{"authorDailyContributionsMap":{"KashfyZul":[{"date":"2025-03-04","commitResults":[{"hash":"d8e03830b77e30fd32efed1588ab3afa4d364853","isMergeCommit":false,"messageTitle":"Added reserve and return functions, imported Ui into InstrumentList in order to get user input as part of reserve and return functions Edited COMMANDLIST in Ui to reflect new functions","messageBody":"","fileTypesAndContributionMap":{"functional-code":{"insertions":58,"deletions":1}}}]},{"date":"2025-03-05","commitResults":[{"hash":"580d7b50c1c2645525fa26c1d362e1c9e893de75","isMergeCommit":false,"messageTitle":"Updated docs/AboutUs.md to include my name (Kashfy), changed link in portfolio to my github username (kashfyzul)","messageBody":"","fileTypesAndContributionMap":{"docs":{"insertions":3,"deletions":7}}},{"hash":"e4df2257282d1b6dc56bf99a69fc212a0a4fe200","isMergeCommit":false,"messageTitle":"Added I/O redirection tests","messageBody":"","fileTypesAndContributionMap":{"functional-code":{"insertions":14,"deletions":14}}},{"hash":"5f9ef8125a522fc0be1b7c5db8178e828e574cfc","isMergeCommit":true,"messageTitle":"Merge branch \u0027master\u0027 of https://github.com/AY2425S2-CS2113-W11-1/tp into Kashfy-AboutUs","messageBody":"# Conflicts:\n#\tdocs/AboutUs.md\n#\tsrc/main/java/ui/Ui.java\n","fileTypesAndContributionMap":{}},{"hash":"cdc1e9e7ca5d8a4631fbe17f9714277fa2732771","isMergeCommit":true,"messageTitle":"Merge pull request #21 from KashfyZul/Kashfy-AboutUs","messageBody":"Kashfy about us","fileTypesAndContributionMap":{}}]},{"date":"2025-03-31","commitResults":[{"hash":"5dbeed16223e41c3a84e852c05d31e0a12c10fca","isMergeCommit":false,"messageTitle":"J-unit tests for InstrumentList","messageBody":"","fileTypesAndContributionMap":{"test-code":{"insertions":49,"deletions":0}}},{"hash":"3bf113e888c143fe4d6e99d5418cf10207d98170","isMergeCommit":false,"messageTitle":"Removed confirmation option for Reserve and Return","messageBody":"","fileTypesAndContributionMap":{"functional-code":{"insertions":14,"deletions":14}}},{"hash":"a31d6d90d9552b65e0c532a176065876041db14b","isMergeCommit":true,"messageTitle":"Merge branch \u0027master\u0027 of https://github.com/AY2425S2-CS2113-W11-1/tp","messageBody":"# Conflicts:\n#\tsrc/main/java/instrument/InstrumentList.java\n","fileTypesAndContributionMap":{}},{"hash":"fa11ae6eba07157057414456cfb211c6e106bef8","isMergeCommit":false,"messageTitle":"Introduced feature to include return date when reserving an instrument Added \"dueBy\" attribute to Instrument class Introduced parser method and exception for reserving of instrument","messageBody":"","fileTypesAndContributionMap":{"functional-code":{"insertions":58,"deletions":22}}},{"hash":"40626e8732234a48a8c9a68acaabd51785545b6d","isMergeCommit":false,"messageTitle":"Added \"addExistingInstrument()\" in InstrumentList. Method is called in Storage when reading from txt file Allows app to recognise previously listed instruments as rented","messageBody":"","fileTypesAndContributionMap":{"functional-code":{"insertions":62,"deletions":2}}},{"hash":"2da195ffb055ad679d04501be947e7df660d1edb","isMergeCommit":false,"messageTitle":"Edited instrument constructors to take in LocalDate \"dueBy\" arguments for rented instruments instead of boolean \"isRented\" output txt file now reflects the dueBy or return date of reserved instruments","messageBody":"","fileTypesAndContributionMap":{"functional-code":{"insertions":21,"deletions":10}}},{"hash":"2c91f4a709bdf4105b97699e620c2796f05e21c8","isMergeCommit":false,"messageTitle":"Added Extend command, allows user to edit the return date of a reserved instrument","messageBody":"","fileTypesAndContributionMap":{"functional-code":{"insertions":60,"deletions":10}}}]},{"date":"2025-04-01","commitResults":[{"hash":"c8a7575771ae93c01b900c7f0be0ac5c36c9377e","isMergeCommit":true,"messageTitle":"Merge branch \u0027v2.0\u0027 of https://github.com/AY2425S2-CS2113-W11-1/tp","messageBody":"# Conflicts:\n#\tsrc/main/java/commands/ReserveCommand.java\n#\tsrc/main/java/instrument/Instrument.java\n#\tsrc/main/java/instrument/InstrumentList.java\n#\tsrc/main/java/parser/commandParser.java\n#\tsrc/main/java/storage/Storage.java\n","fileTypesAndContributionMap":{}}]},{"date":"2025-04-02","commitResults":[{"hash":"4b53d8b74b039ec48a1c6379e45503b0d3ecde29","isMergeCommit":false,"messageTitle":"Added \"Extend\", allows user to change the \"rentedTo\" date of an instrument","messageBody":"","fileTypesAndContributionMap":{"functional-code":{"insertions":152,"deletions":48}}},{"hash":"7fce1ba2a72e5edb623c7cdfb87501f64d8a869b","isMergeCommit":true,"messageTitle":"Merge pull request #74 from KashfyZul/master","messageBody":"Extend loan of item","fileTypesAndContributionMap":{}},{"hash":"d68bac54580afcf29e2eca6df167dd2fa401bd55","isMergeCommit":false,"messageTitle":"Remaining stocks for each instrument is reflected when user lists all available instruments","messageBody":"","fileTypesAndContributionMap":{"functional-code":{"insertions":46,"deletions":3}}},{"hash":"121a9bd3b64bf95e1a39bb7cb0cb8df5c32a49cc","isMergeCommit":false,"messageTitle":"Upon startup of app, instruments that are low in quantity are printed to the console to notify the user","messageBody":"","fileTypesAndContributionMap":{"functional-code":{"insertions":50,"deletions":1}}},{"hash":"52b7d8f398e261e74457050ce3fe111fbf22067e","isMergeCommit":false,"messageTitle":"Organised the stocklist in printStockList to a table format, showing total qty and rented qty of instruments","messageBody":"","fileTypesAndContributionMap":{"functional-code":{"insertions":47,"deletions":3}}},{"hash":"3a13d3daa9b803dfc5deaada054ae9c37cb8cfe8","isMergeCommit":true,"messageTitle":"Merge branch \u0027Stockcheck-feature\u0027","messageBody":"* Stockcheck-feature:\n  Organised the stocklist in printStockList to a table format, showing total qty and rented qty of instruments\n  Upon startup of app, instruments that are low in quantity are printed to the console to notify the user\n  Remaining stocks for each instrument is reflected when user lists all available instruments\n","fileTypesAndContributionMap":{}},{"hash":"4303c43b1307ee0d43da6edd297100183b3680fe","isMergeCommit":true,"messageTitle":"Merge pull request #75 from KashfyZul/master","messageBody":"User is able to check stocks, and is notified of depleting stocks","fileTypesAndContributionMap":{}},{"hash":"86b5b332994fd18c59bb720999b372a17a0e7baa","isMergeCommit":false,"messageTitle":"Updated both printStockList() and LowStockChecker to print the remaining available no. of instruments (instead of the total)","messageBody":"","fileTypesAndContributionMap":{"functional-code":{"insertions":32,"deletions":25}}},{"hash":"04c73c4415f912178113f5da8350f3fbe9408770","isMergeCommit":false,"messageTitle":"Extended \"list\" comand into \"list\" and \"list stock\"","messageBody":"","fileTypesAndContributionMap":{"functional-code":{"insertions":21,"deletions":5}}}]},{"date":"2025-04-03","commitResults":[{"hash":"add6f7b92e4e25f4f0521fb2de185ff67eb56a76","isMergeCommit":false,"messageTitle":"Added \"filter by:\" subcommand with various filter options","messageBody":"","fileTypesAndContributionMap":{"functional-code":{"insertions":86,"deletions":0}}},{"hash":"82c4a1e7e71a5e21ecab94355a2f3be990042d48","isMergeCommit":false,"messageTitle":"Extracted strings to constants","messageBody":"","fileTypesAndContributionMap":{"functional-code":{"insertions":17,"deletions":8}}},{"hash":"cff32df420bcfdc6aa1d2a0a9214d072994dfe78","isMergeCommit":true,"messageTitle":"Merge branch \u0027list-extension\u0027","messageBody":"* list-extension:\n  Extracted strings to constants\n  Added \"filter by:\" subcommand with various filter options\n  Extended \"list\" comand into \"list\" and \"list stock\"\n  Updated both printStockList() and LowStockChecker to print the remaining available no. of instruments (instead of the total)\n","fileTypesAndContributionMap":{}},{"hash":"bbe363b376628ea317eaada189ee7dc0822dffa3","isMergeCommit":false,"messageTitle":"Updated error with commandParser","messageBody":"","fileTypesAndContributionMap":{"functional-code":{"insertions":1,"deletions":99}}},{"hash":"9cbbf9c79a219893bf4d66f7bea77659b98cad1d","isMergeCommit":true,"messageTitle":"Merge branch \u0027master\u0027 of https://github.com/AY2425S2-CS2113-W11-1/tp","messageBody":"# Conflicts:\n#\tsrc/main/java/commands/ListCommand.java\n#\tsrc/main/java/parser/Parser.java\n#\tsrc/main/java/ui/Ui.java\n","fileTypesAndContributionMap":{}},{"hash":"84ffd7dae84519cf0ebed36974576624be76214b","isMergeCommit":false,"messageTitle":"Fixed gradle issues","messageBody":"","fileTypesAndContributionMap":{"functional-code":{"insertions":28,"deletions":31},"test-code":{"insertions":1,"deletions":1}}},{"hash":"d3a18d5443803dff01c3591a81e4cf09340fc404","isMergeCommit":false,"messageTitle":"fixed more gradle issues","messageBody":"","fileTypesAndContributionMap":{"functional-code":{"insertions":13,"deletions":10}}},{"hash":"98e5dd171ed72b257f437b03e6d5c9a92d1c576c","isMergeCommit":false,"messageTitle":"Fixed more gradle issues #2","messageBody":"","fileTypesAndContributionMap":{"functional-code":{"insertions":5,"deletions":3}}},{"hash":"73798d7f21a54b04390a57dae1058d7983addb5e","isMergeCommit":true,"messageTitle":"Merge pull request #85 from KashfyZul/master","messageBody":"Added \"list\" subcommands (e.g. list filter by: name Guitar)","fileTypesAndContributionMap":{}},{"hash":"d37be773d345ad884ed69f6bc83ca2b8fdef5620","isMergeCommit":false,"messageTitle":"Developer Guide, basic features","messageBody":"","fileTypesAndContributionMap":{"docs":{"insertions":95,"deletions":3}}},{"hash":"3a5dd8672e252313f6657778df23dd0f92a3caf0","isMergeCommit":true,"messageTitle":"Merge branch \u0027master\u0027 of https://github.com/AY2425S2-CS2113-W11-1/tp into User-Guide","messageBody":"# Conflicts:\n#\tdata/DukeFinance.txt\n","fileTypesAndContributionMap":{}},{"hash":"e5c6443233c1c3b6992d336c4ed31a466eddfc01","isMergeCommit":false,"messageTitle":"User Guide","messageBody":"","fileTypesAndContributionMap":{"docs":{"insertions":258,"deletions":7}}},{"hash":"e1398769cb263da16541f1251cd83c84c6989b94","isMergeCommit":true,"messageTitle":"Merge branch \u0027User-Guide\u0027","messageBody":"* User-Guide:\n  User Guide\n  Developer Guide, basic features\n  Style stuff\n  Bug fixing\n  Commit\n  refactoring addinstrumentcommand and other stuff\n","fileTypesAndContributionMap":{}}]},{"date":"2025-04-04","commitResults":[{"hash":"365ae7c2862c5ff5c28c154546e4e3057949cbd7","isMergeCommit":true,"messageTitle":"Merge pull request #92 from KashfyZul/master","messageBody":"User Guide","fileTypesAndContributionMap":{}},{"hash":"2ed0e3ecf93b290b8ce75fb6b8f15efe6bba9d7a","isMergeCommit":false,"messageTitle":"Final updates to user guide","messageBody":"","fileTypesAndContributionMap":{"docs":{"insertions":0,"deletions":11}}},{"hash":"4c6ab52a4bb9c21ac5ef0e505621ce824b12bfe9","isMergeCommit":true,"messageTitle":"Merge pull request #93 from KashfyZul/master","messageBody":"Final updates to user guide","fileTypesAndContributionMap":{}},{"hash":"f4b006f04dc77e67ac6198ae8b393dd37ea53922","isMergeCommit":false,"messageTitle":"Last updates to UG","messageBody":"","fileTypesAndContributionMap":{"docs":{"insertions":4,"deletions":4}}},{"hash":"817d09d5f93940780f6c8bc36c46d33f36325309","isMergeCommit":true,"messageTitle":"Merge pull request #94 from KashfyZul/master","messageBody":"Last updates to UG","fileTypesAndContributionMap":{}},{"hash":"0043d036d0d47149abf6b469bb0fca8563477f26","isMergeCommit":false,"messageTitle":"Added Kashfy PPP","messageBody":"","fileTypesAndContributionMap":{"docs":{"insertions":17,"deletions":0}}},{"hash":"af765b9463bd01b7a1d3dba24bfadb5627d9395c","isMergeCommit":true,"messageTitle":"Merge branch \u0027master\u0027 of https://github.com/AY2425S2-CS2113-W11-1/tp","messageBody":"","fileTypesAndContributionMap":{}},{"hash":"f1c7477f48699a77f180710fc024233b871df13b","isMergeCommit":true,"messageTitle":"Merge pull request #95 from KashfyZul/master","messageBody":"Added KashfyZul.md PPP","fileTypesAndContributionMap":{}},{"hash":"b9095713482e66d271a747e6ad85f147b747a226","isMergeCommit":false,"messageTitle":"Linked portfolio for everyone to the AboutUs page","messageBody":"","fileTypesAndContributionMap":{"docs":{"insertions":4,"deletions":4}}},{"hash":"634ea681185a3dcbf6dd6f3d7a92edecb1b65c3c","isMergeCommit":true,"messageTitle":"Merge pull request #96 from KashfyZul/master","messageBody":"Linked portfolio for everyone to the AboutUs page","fileTypesAndContributionMap":{}},{"hash":"b9e2b7304ce34e435543cbd59ec83eb9a98d33f0","isMergeCommit":false,"messageTitle":"Updated PPP KashfyZul.md","messageBody":"","fileTypesAndContributionMap":{"docs":{"insertions":1,"deletions":1}}},{"hash":"0e8aa93996169b95ffadc8ea3d5dca73fb3f7f30","isMergeCommit":true,"messageTitle":"Merge branch \u0027master\u0027 of https://github.com/AY2425S2-CS2113-W11-1/tp","messageBody":"# Conflicts:\n#\tdocs/AboutUs.md\n","fileTypesAndContributionMap":{}},{"hash":"2068df66832992ff7566720aaf9571552f1e9d4a","isMergeCommit":false,"messageTitle":"Updated PPP with reformat","messageBody":"","fileTypesAndContributionMap":{"docs":{"insertions":2,"deletions":2}}},{"hash":"58f7ed3e35762fd8ebdf97ad17245446c8a63940","isMergeCommit":true,"messageTitle":"Merge pull request #99 from KashfyZul/master","messageBody":"Updated PPP link ","fileTypesAndContributionMap":{}}]},{"date":"2025-04-06","commitResults":[{"hash":"0f5d9e370fcaef618d0165e39d83b1420dfb1446","isMergeCommit":false,"messageTitle":"Bug fixes for issues #144, #132, #124, #122","messageBody":"","fileTypesAndContributionMap":{"functional-code":{"insertions":56,"deletions":12}}},{"hash":"0924ea41d87c34a52ae6504ac87069bb252684f6","isMergeCommit":false,"messageTitle":"Fix checkstyle errors","messageBody":"","fileTypesAndContributionMap":{"functional-code":{"insertions":0,"deletions":4}}},{"hash":"9a92433da0d0e051222bdbf89101ea75a2bd7950","isMergeCommit":true,"messageTitle":"Merge pull request #157 from KashfyZul/master","messageBody":"Bug fixes for issues #144, #132, #124, #122","fileTypesAndContributionMap":{}},{"hash":"3ede8da35d84fa4e2cfe7619587ee004a535ac0f","isMergeCommit":false,"messageTitle":"Fix error message for addInstrument with invalid year","messageBody":"","fileTypesAndContributionMap":{"functional-code":{"insertions":7,"deletions":1}}},{"hash":"abba8a6e25db306f39650bbc22e303cbbbbd1a2f","isMergeCommit":false,"messageTitle":"Issue #119","messageBody":"","fileTypesAndContributionMap":{"functional-code":{"insertions":4,"deletions":0}}},{"hash":"94aa5bd78e8167e3e67a3969f7639f71857fbd40","isMergeCommit":false,"messageTitle":"Issue #114","messageBody":"","fileTypesAndContributionMap":{"functional-code":{"insertions":5,"deletions":1}}},{"hash":"2dec8336d1d7f3f022e0263905fc9c24a78e5617","isMergeCommit":false,"messageTitle":"Issue #110","messageBody":"","fileTypesAndContributionMap":{"functional-code":{"insertions":3,"deletions":1}}},{"hash":"4ccef915451d088b283e2342384978c2b913ba47","isMergeCommit":false,"messageTitle":"Issue #109","messageBody":"","fileTypesAndContributionMap":{"functional-code":{"insertions":8,"deletions":1}}},{"hash":"96aca5bc75091a475c9efa5746b88f633e62d496","isMergeCommit":true,"messageTitle":"Merge branch \u0027master\u0027 of https://github.com/AY2425S2-CS2113-W11-1/tp","messageBody":"","fileTypesAndContributionMap":{}},{"hash":"5922050191cc95957970106a2e1f13686afba1f1","isMergeCommit":false,"messageTitle":"Fix checkstyle issues","messageBody":"","fileTypesAndContributionMap":{"functional-code":{"insertions":0,"deletions":2}}},{"hash":"1d4b66e0b29a4666a614c8ed8ec5c60209814edc","isMergeCommit":true,"messageTitle":"Merge pull request #158 from KashfyZul/master","messageBody":"Bug fixes for issues #109, #110, #114, #119","fileTypesAndContributionMap":{}},{"hash":"9c47fb9ae00c1b379101bba6e8bb3c7c9a3320e8","isMergeCommit":false,"messageTitle":"Added Case Standardization for search term in \"list filter by:\"","messageBody":"","fileTypesAndContributionMap":{"functional-code":{"insertions":2,"deletions":1}}},{"hash":"ede59306c8c6b681247bf628f4613a069e8804e0","isMergeCommit":false,"messageTitle":"Extracted searching by filter in ListCommand to searchByFilter(), changed if statements to switch statements, notify users when filtered search is unsuccessful with the given searchTerm","messageBody":"","fileTypesAndContributionMap":{"functional-code":{"insertions":35,"deletions":17}}},{"hash":"8e40f80a248c6f0a6992aeaa4a9b7b89f023712e","isMergeCommit":false,"messageTitle":"added `list help` subcommand","messageBody":"","fileTypesAndContributionMap":{"functional-code":{"insertions":28,"deletions":2}}},{"hash":"0ed47d7fc91cc946d34e80807318ebd52229cc47","isMergeCommit":true,"messageTitle":"Merge branch \u0027list-help\u0027","messageBody":"* list-help:\n  added `list help` subcommand\n  Extracted searching by filter in ListCommand to searchByFilter(), changed if statements to switch statements, notify users when filtered search is unsuccessful with the given searchTerm\n  Added Case Standardization for search term in \"list filter by:\"\n","fileTypesAndContributionMap":{}},{"hash":"7ce44c873882c96920eea435d78e9fa4bee1c8ea","isMergeCommit":true,"messageTitle":"Merge pull request #162 from KashfyZul/master","messageBody":"Added `list help` subcommand, and user readability for list","fileTypesAndContributionMap":{}}]}],"OmJRamdas":[{"date":"2025-03-04","commitResults":[{"hash":"86427abe005679100d0c86c4d75c361f78447508","isMergeCommit":false,"messageTitle":"Added add and delete function, updated parser to accomodate and updated UI with new functions","messageBody":"","fileTypesAndContributionMap":{"functional-code":{"insertions":89,"deletions":5}}},{"hash":"c1abb919fba6912af454801ae4ac40066eb08fb8","isMergeCommit":false,"messageTitle":"Style checks","messageBody":"","fileTypesAndContributionMap":{"functional-code":{"insertions":6,"deletions":4}}},{"hash":"2154dc0bd0ebdfcde0abfda92165c84018131ce6","isMergeCommit":false,"messageTitle":"Styling","messageBody":"","fileTypesAndContributionMap":{"functional-code":{"insertions":0,"deletions":11}}},{"hash":"ba8ea2afdf5d5ec36b984972a2ca4eccb51e3d0d","isMergeCommit":false,"messageTitle":"styling","messageBody":"","fileTypesAndContributionMap":{"functional-code":{"insertions":2,"deletions":5}}},{"hash":"6e501aa391cd3ab2cc02e3a7b1aea3c2cdaef213","isMergeCommit":true,"messageTitle":"Merge pull request #16 from OmJRamdas/master","messageBody":"Added add and delete function, ","fileTypesAndContributionMap":{}}]},{"date":"2025-03-05","commitResults":[{"hash":"195d731a540734f4571d7f7f38c32196eb0a8036","isMergeCommit":false,"messageTitle":"tutorial","messageBody":"","fileTypesAndContributionMap":{"docs":{"insertions":3,"deletions":7}}},{"hash":"8d26fbada8e283a446b87e5c005e3e21b0b32fcd","isMergeCommit":true,"messageTitle":"Merge pull request #18 from OmJRamdas/OmJRamdas-AboutUs","messageBody":"tutorial","fileTypesAndContributionMap":{}}]},{"date":"2025-03-15","commitResults":[{"hash":"aa144d104f091f92251d83f31c2196af0eed4880","isMergeCommit":false,"messageTitle":"Cleaned up code and added Junit test for exceptions","messageBody":"","fileTypesAndContributionMap":{"functional-code":{"insertions":6,"deletions":8},"test-code":{"insertions":43,"deletions":0}}},{"hash":"f742f16f52e781aabac1cf8262cfd96f78c021f4","isMergeCommit":true,"messageTitle":"Merge pull request #29 from OmJRamdas/v1.0","messageBody":"Cleaned up code and added Junit test for exceptions","fileTypesAndContributionMap":{}}]},{"date":"2025-03-23","commitResults":[{"hash":"893b2d30744a130199960b0e18fd4145237ad226","isMergeCommit":false,"messageTitle":"Clean up and add asserts","messageBody":"","fileTypesAndContributionMap":{"functional-code":{"insertions":22,"deletions":20}}},{"hash":"90de1574d43e7c2c001df34d267007adbdfff74e","isMergeCommit":true,"messageTitle":"Merge pull request #35 from OmJRamdas/master","messageBody":"Clean up and add asserts","fileTypesAndContributionMap":{}}]},{"date":"2025-03-29","commitResults":[{"hash":"1937a36a02bddcf113162f61ed497c2ba4d4cd9e","isMergeCommit":false,"messageTitle":"Refactoring code to seperate out Command objects and move functionality from ui object to parser object.","messageBody":"","fileTypesAndContributionMap":{"functional-code":{"insertions":278,"deletions":73},"test-code":{"insertions":1,"deletions":0}}},{"hash":"b55514558ae0b665ca90357b2b3d05f5f7c3cc07","isMergeCommit":false,"messageTitle":"Bug fixing and adding in new exception for Adding Instruements","messageBody":"","fileTypesAndContributionMap":{"functional-code":{"insertions":17,"deletions":13}}},{"hash":"7048459d1ff1af70550591fc1b9616b59eff28e7","isMergeCommit":false,"messageTitle":"Added in testing for some commands","messageBody":"","fileTypesAndContributionMap":{"functional-code":{"insertions":6,"deletions":19},"other":{"insertions":10,"deletions":11},"test-code":{"insertions":245,"deletions":11}}},{"hash":"044e071dae221f715d82c6b99e8b5325b8cdff29","isMergeCommit":false,"messageTitle":"refactoring for better code quality and oop","messageBody":"","fileTypesAndContributionMap":{"functional-code":{"insertions":23,"deletions":18},"test-code":{"insertions":14,"deletions":8}}},{"hash":"2964bb1325b5e9b17672357d2803d0ea3f1e1021","isMergeCommit":false,"messageTitle":"Refactoring","messageBody":"","fileTypesAndContributionMap":{"functional-code":{"insertions":10,"deletions":2},"test-code":{"insertions":2,"deletions":1}}},{"hash":"aeaca30df6a3aeacc805595e352dcd4544ae9cec","isMergeCommit":false,"messageTitle":"commit","messageBody":"","fileTypesAndContributionMap":{"functional-code":{"insertions":2,"deletions":1}}},{"hash":"58c36bd38312584bae7442dd7a15d2473ddf945a","isMergeCommit":false,"messageTitle":"commit","messageBody":"","fileTypesAndContributionMap":{"test-code":{"insertions":4,"deletions":2}}},{"hash":"9d13240816f36729bee30fc61b2fb1b20c785226","isMergeCommit":true,"messageTitle":"Merge pull request #48 from OmJRamdas/v2.0-Parser","messageBody":"V2.0 parser","fileTypesAndContributionMap":{}}]},{"date":"2025-03-30","commitResults":[{"hash":"70e4d00618da3c54341afb4b965fb653d987406b","isMergeCommit":false,"messageTitle":"Implementing time checker util","messageBody":"","fileTypesAndContributionMap":{"functional-code":{"insertions":18,"deletions":4}}},{"hash":"23bc9a1baa4b893824112087c13527260c5d60bb","isMergeCommit":true,"messageTitle":"Merge pull request #49 from adoorknob/TengWai-Storage","messageBody":"Implement Storage for SirDukeBox","fileTypesAndContributionMap":{}},{"hash":"ea64ac7cab8b7cb0c135c8f8c40d23e2460e6528","isMergeCommit":true,"messageTitle":"Merge branch \u0027master\u0027 into v2.0-Time","messageBody":"# Conflicts:\n#\tsrc/main/java/seedu/duke/Duke.java\n","fileTypesAndContributionMap":{}},{"hash":"7c60963aaa1c335b7b09d12ea337d831f3e05434","isMergeCommit":false,"messageTitle":"Rework commands to fit in isOverdue functionality along side returnFrom and returnTo. Abstracted instrumentList for better readability","messageBody":"","fileTypesAndContributionMap":{"functional-code":{"insertions":177,"deletions":72},"test-code":{"insertions":30,"deletions":24}}},{"hash":"2f3c69932cfc1550ef86f67dcc842056e66ef7ec","isMergeCommit":false,"messageTitle":"Update DG and tests","messageBody":"","fileTypesAndContributionMap":{"functional-code":{"insertions":5,"deletions":2},"docs":{"insertions":10,"deletions":0}}},{"hash":"e915a93edda4c3ba87fb18b1b6751113399835f2","isMergeCommit":false,"messageTitle":"Commit","messageBody":"","fileTypesAndContributionMap":{"functional-code":{"insertions":64,"deletions":13}}},{"hash":"321e7b6137c7998f244004ac1019a9966c0c7f93","isMergeCommit":false,"messageTitle":"DG","messageBody":"","fileTypesAndContributionMap":{"docs":{"insertions":8,"deletions":0}}},{"hash":"883f184846da8d5756ed839ff994f328864282bb","isMergeCommit":true,"messageTitle":"Merge pull request #51 from OmJRamdas/v2.0-Parser","messageBody":"V2.0 parser","fileTypesAndContributionMap":{}},{"hash":"4c7750c957ca21ab700693327de063edf06780ae","isMergeCommit":false,"messageTitle":"Working version of isOverdue and rent from and to implemented","messageBody":"","fileTypesAndContributionMap":{"functional-code":{"insertions":4,"deletions":4},"other":{"insertions":0,"deletions":0}}},{"hash":"65d92d0b840285d55a855183072bfe9d28ff1e4f","isMergeCommit":false,"messageTitle":"Commit 2","messageBody":"","fileTypesAndContributionMap":{"functional-code":{"insertions":154,"deletions":36},"test-code":{"insertions":11,"deletions":11}}},{"hash":"ca7b56befb0e511227b4b6eea389673ec362d0fd","isMergeCommit":false,"messageTitle":"Style stuff","messageBody":"","fileTypesAndContributionMap":{"functional-code":{"insertions":34,"deletions":45},"test-code":{"insertions":6,"deletions":6}}},{"hash":"94f11b5e19afaa2effb4b1598740bc36f5b759c3","isMergeCommit":false,"messageTitle":"commit","messageBody":"","fileTypesAndContributionMap":{"functional-code":{"insertions":0,"deletions":1}}},{"hash":"4b5228aa3ff506315e40772b9858976dd9e33879","isMergeCommit":true,"messageTitle":"Merge pull request #1 from AY2425S2-CS2113-W11-1/master","messageBody":"pull","fileTypesAndContributionMap":{}},{"hash":"de66c7312a4c6f4707ee66086602af2df1729394","isMergeCommit":false,"messageTitle":"Commit","messageBody":"","fileTypesAndContributionMap":{"functional-code":{"insertions":14,"deletions":0}}},{"hash":"61058310cd0d2c15795b55a57fc6f01b9288b045","isMergeCommit":true,"messageTitle":"Merge pull request #52 from OmJRamdas/v2.0-Time","messageBody":"V2.0 time","fileTypesAndContributionMap":{}}]},{"date":"2025-03-31","commitResults":[{"hash":"c033c6e30aab25a176619103c3d27756304d745a","isMergeCommit":false,"messageTitle":"Fix issue","messageBody":"","fileTypesAndContributionMap":{"functional-code":{"insertions":0,"deletions":4}}},{"hash":"37c973cc72ff16921f9ed814858122f6e9ab9e4d","isMergeCommit":true,"messageTitle":"Merge pull request #56 from OmJRamdas/v2.0","messageBody":"Fix issue","fileTypesAndContributionMap":{}}]},{"date":"2025-04-03","commitResults":[{"hash":"18bd061b5f40b9eb23a85d3fdeaebc61cc4913d6","isMergeCommit":false,"messageTitle":"Added payment and finance management feature","messageBody":"","fileTypesAndContributionMap":{"functional-code":{"insertions":379,"deletions":66},"test-code":{"insertions":22,"deletions":10}}},{"hash":"479cc3d8c4fa1b11a7ab3168196d8a9cee9ee3f4","isMergeCommit":false,"messageTitle":"Style stuff","messageBody":"","fileTypesAndContributionMap":{"functional-code":{"insertions":3,"deletions":6}}},{"hash":"c6045dbb907b5fc96e2a1af4d4a64d2dd1da72d7","isMergeCommit":false,"messageTitle":"style stuff","messageBody":"","fileTypesAndContributionMap":{"functional-code":{"insertions":1,"deletions":1}}},{"hash":"4385808bb894ab8e5ad902439f996a271f12a88b","isMergeCommit":true,"messageTitle":"Merge pull request #81 from OmJRamdas/v2.0-Payment","messageBody":"Added payment and finance management feature","fileTypesAndContributionMap":{}},{"hash":"658137503be30fb5353a38fed3b8f5d6e524ab27","isMergeCommit":false,"messageTitle":"refactoring addinstrumentcommand and other stuff","messageBody":"","fileTypesAndContributionMap":{"test-code":{"insertions":4,"deletions":0}}},{"hash":"c67dcaabdd599192d4aa3cf1c951d6c21b72307a","isMergeCommit":false,"messageTitle":"Commit","messageBody":"","fileTypesAndContributionMap":{"functional-code":{"insertions":103,"deletions":99},"test-code":{"insertions":79,"deletions":8}}},{"hash":"ccbcdc176dcc18b250bd072f26cf7e5e57224505","isMergeCommit":true,"messageTitle":"Merge branch \u0027master\u0027 into v2.0-Refactor\u0026Style","messageBody":"# Conflicts:\n#\tsrc/main/java/ui/Ui.java\n","fileTypesAndContributionMap":{}},{"hash":"b15890390cd3310222dbe3dd034ff184d4cab92e","isMergeCommit":false,"messageTitle":"Bug fixing","messageBody":"","fileTypesAndContributionMap":{"functional-code":{"insertions":83,"deletions":60},"test-code":{"insertions":2,"deletions":0}}},{"hash":"15fd3a0c4cfe4ad20c7e53102a0b052b8c08482d","isMergeCommit":false,"messageTitle":"Style stuff","messageBody":"","fileTypesAndContributionMap":{"functional-code":{"insertions":16,"deletions":35}}},{"hash":"cd1b5685d714e127f6e394a472db97ba4f9f9b33","isMergeCommit":true,"messageTitle":"Merge pull request #89 from OmJRamdas/v2.0-Refactor\u0026Style","messageBody":"V2.0 refactor\u0026style","fileTypesAndContributionMap":{}}]},{"date":"2025-04-04","commitResults":[{"hash":"b443d81a09d0489ccad84fbfa44031049264e7e9","isMergeCommit":false,"messageTitle":"commit","messageBody":"","fileTypesAndContributionMap":{"functional-code":{"insertions":37,"deletions":3},"test-code":{"insertions":12,"deletions":0}}},{"hash":"868c8dc8891bfefe9b17a0dcc7c75f79d0a8f4eb","isMergeCommit":true,"messageTitle":"Merge branch \u0027master\u0027 into v2.1-Refactor\u0026Style","messageBody":"","fileTypesAndContributionMap":{}}]},{"date":"2025-04-05","commitResults":[{"hash":"a6063f12299907d34ede5f42467ffee742032c2e","isMergeCommit":true,"messageTitle":"Merge branch \u0027master\u0027 of https://github.com/AY2425S2-CS2113-W11-1/tp into v2.1-Refactor\u0026Style","messageBody":"","fileTypesAndContributionMap":{}},{"hash":"03932cb1be4ef4c2ff3f81a3efd7323d1f58df52","isMergeCommit":false,"messageTitle":"Commit","messageBody":"","fileTypesAndContributionMap":{"functional-code":{"insertions":9,"deletions":8}}},{"hash":"0092e70cd40270bcaed4666a1c5675d7c6e0a8f2","isMergeCommit":false,"messageTitle":"PPP and UG","messageBody":"","fileTypesAndContributionMap":{"docs":{"insertions":26,"deletions":0}}},{"hash":"604a75296835442014ce3bdb7bf0e53ce2e88011","isMergeCommit":false,"messageTitle":"testing","messageBody":"","fileTypesAndContributionMap":{"test-code":{"insertions":85,"deletions":4}}},{"hash":"b59161fe807dd4d4afc1d37ae37a3532cbf37942","isMergeCommit":false,"messageTitle":"Style checker","messageBody":"","fileTypesAndContributionMap":{"functional-code":{"insertions":1,"deletions":1},"other":{"insertions":1,"deletions":1},"test-code":{"insertions":7,"deletions":4}}},{"hash":"05e81589e7afb4394804e9baf6a6e6ecf93f23d8","isMergeCommit":true,"messageTitle":"Merge pull request #151 from OmJRamdas/v2.1-Refactor\u0026Style","messageBody":"V2.1 refactor\u0026style","fileTypesAndContributionMap":{}},{"hash":"097dbe00daa0d17086ff8ca27afaa9bb1c8d9ddb","isMergeCommit":false,"messageTitle":"Fixing #142","messageBody":"","fileTypesAndContributionMap":{"functional-code":{"insertions":4,"deletions":0}}},{"hash":"0ebe0f3aa1fe3ab0dfe13e88efc32313ce045a34","isMergeCommit":false,"messageTitle":"Fixing #142","messageBody":"","fileTypesAndContributionMap":{"functional-code":{"insertions":16,"deletions":10},"docs":{"insertions":2,"deletions":1},"test-code":{"insertions":1,"deletions":1}}},{"hash":"772b707ee8c202ba203c8cb02c2c208849893b92","isMergeCommit":false,"messageTitle":"Refactor","messageBody":"","fileTypesAndContributionMap":{"test-code":{"insertions":1,"deletions":13}}},{"hash":"65e9bb219b8e049b70799928ac3cfea212e192a2","isMergeCommit":false,"messageTitle":"To solve #135","messageBody":"","fileTypesAndContributionMap":{"functional-code":{"insertions":19,"deletions":5}}},{"hash":"f57adbc0c7b617e773aebd30f56a887033f589a2","isMergeCommit":false,"messageTitle":"Fix #125","messageBody":"","fileTypesAndContributionMap":{"functional-code":{"insertions":37,"deletions":25},"test-code":{"insertions":6,"deletions":6}}},{"hash":"000e6d0bd6220c25f5b3fd801b6e2947e9874421","isMergeCommit":false,"messageTitle":"refactor","messageBody":"","fileTypesAndContributionMap":{"functional-code":{"insertions":2,"deletions":1}}}]},{"date":"2025-04-06","commitResults":[{"hash":"48bb3def2cbc532156d04df7835c43bb0a0a4315","isMergeCommit":false,"messageTitle":"commit","messageBody":"","fileTypesAndContributionMap":{"functional-code":{"insertions":1,"deletions":1},"docs":{"insertions":11,"deletions":10}}},{"hash":"eed60d596b97534d204af8e2529d6e5afe713e62","isMergeCommit":false,"messageTitle":"small issue fix","messageBody":"","fileTypesAndContributionMap":{"test-code":{"insertions":1,"deletions":1}}},{"hash":"4b202c58b64f3e8c877c2535de30d7db3f46af34","isMergeCommit":true,"messageTitle":"Merge pull request #153 from OmJRamdas/v2.1-Refactor\u0026Style","messageBody":"V2.1 refactor\u0026style","fileTypesAndContributionMap":{}},{"hash":"8e1e49bf795e5726efb7c1330649654e7a3174a5","isMergeCommit":false,"messageTitle":"Update","messageBody":"","fileTypesAndContributionMap":{"functional-code":{"insertions":7,"deletions":3},"docs":{"insertions":0,"deletions":0}}},{"hash":"f7f698abc28146350bbb0c33d6b6dce5ada9b0fc","isMergeCommit":true,"messageTitle":"Merge branch \u0027master\u0027 into v2.1-Refactor\u0026Style","messageBody":"","fileTypesAndContributionMap":{}},{"hash":"512a2335800a610de7c7f3fd0981265df55498c0","isMergeCommit":false,"messageTitle":"Fix issues","messageBody":"","fileTypesAndContributionMap":{"functional-code":{"insertions":72,"deletions":76},"docs":{"insertions":0,"deletions":1},"test-code":{"insertions":26,"deletions":0}}},{"hash":"9ebb56392ea70c129c604c7a1739a7e4d103b2be","isMergeCommit":false,"messageTitle":"commit","messageBody":"","fileTypesAndContributionMap":{"docs":{"insertions":1,"deletions":1},"test-code":{"insertions":32,"deletions":5}}},{"hash":"e9fd1b41d75766898491f1e5e8b344c0c36744f8","isMergeCommit":false,"messageTitle":"Code Refactoring","messageBody":"","fileTypesAndContributionMap":{"functional-code":{"insertions":138,"deletions":63},"test-code":{"insertions":87,"deletions":10}}},{"hash":"29b6f59e305657348581230000fe144fcf740850","isMergeCommit":true,"messageTitle":"Merge branch \u0027master\u0027 into v2.1-Refactor\u0026Style","messageBody":"# Conflicts:\n#\tsrc/main/java/commands/instrument/DeleteCommand.java\n#\tsrc/main/java/commands/recommend/RecommendCommand.java\n#\tsrc/main/java/parser/CommandParser.java\n","fileTypesAndContributionMap":{}},{"hash":"32f7d9ad938a9b28bbee6f0085b9eabd54f6da52","isMergeCommit":false,"messageTitle":"commit to make things work","messageBody":"","fileTypesAndContributionMap":{"functional-code":{"insertions":2,"deletions":2}}},{"hash":"c2c8a152382ff4c934e7be08d21d61fa14e0dac5","isMergeCommit":false,"messageTitle":"Commit","messageBody":"","fileTypesAndContributionMap":{"functional-code":{"insertions":3,"deletions":0}}},{"hash":"0d322e81e04b66e867d25b8c534d4fed6861716a","isMergeCommit":true,"messageTitle":"Merge pull request #159 from OmJRamdas/v2.1-Refactor\u0026Style","messageBody":"V2.1 refactor\u0026style","fileTypesAndContributionMap":{}},{"hash":"4495f7810a0f0c6a2361cabd7f17f9808606d7a4","isMergeCommit":false,"messageTitle":"Commit updates","messageBody":"","fileTypesAndContributionMap":{"functional-code":{"insertions":43,"deletions":55}}},{"hash":"9634914aaa639b601f2adbc9bfc54221a4e6e239","isMergeCommit":false,"messageTitle":"Fixed stuff and refactored how return and reserve works, made finance storage better implemented","messageBody":"","fileTypesAndContributionMap":{"functional-code":{"insertions":43,"deletions":25},"docs":{"insertions":189,"deletions":8},"test-code":{"insertions":6,"deletions":6}}},{"hash":"ab3a6902ef5a30d840f87d5db8dca8fc1e69783a","isMergeCommit":true,"messageTitle":"Merge pull request #161 from OmJRamdas/v2.1-Refactor\u0026Style","messageBody":"V2.1 refactor\u0026style","fileTypesAndContributionMap":{}},{"hash":"ea03da69f3541aa959c18afdccadbb7521e0e3f4","isMergeCommit":false,"messageTitle":"Commit","messageBody":"","fileTypesAndContributionMap":{"functional-code":{"insertions":0,"deletions":1},"docs":{"insertions":2,"deletions":3},"test-code":{"insertions":110,"deletions":0}}},{"hash":"a66fd222cf5037c533beb64e8dcd7d9b45213430","isMergeCommit":false,"messageTitle":"Add in test cases for exceptions","messageBody":"","fileTypesAndContributionMap":{"functional-code":{"insertions":0,"deletions":1},"other":{"insertions":4,"deletions":8},"test-code":{"insertions":436,"deletions":10}}},{"hash":"3f17c8d9872d4f9b84e88b8a284ca7f06b6feef6","isMergeCommit":true,"messageTitle":"Merge remote-tracking branch \u0027upsteam/master\u0027 into v2.1-Refactor\u0026Style","messageBody":"","fileTypesAndContributionMap":{}},{"hash":"e2b9a9f9a16201f050474716ccfc1141f4c99780","isMergeCommit":true,"messageTitle":"Merge pull request #164 from OmJRamdas/v2.1-Refactor\u0026Style","messageBody":"V2.1 refactor\u0026style","fileTypesAndContributionMap":{}},{"hash":"47e03656a136aac4b65741780390330d0f50a743","isMergeCommit":false,"messageTitle":"Update DG","messageBody":"","fileTypesAndContributionMap":{"docs":{"insertions":0,"deletions":0}}},{"hash":"4b98fcf62f1819aa68cf0a5d11768f17a31ec7fc","isMergeCommit":false,"messageTitle":"Update DG","messageBody":"","fileTypesAndContributionMap":{"docs":{"insertions":32,"deletions":7},"test-code":{"insertions":46,"deletions":11}}},{"hash":"9647a4a477c7ad6838906c7eb29242e7adb72c7a","isMergeCommit":false,"messageTitle":"commit","messageBody":"","fileTypesAndContributionMap":{"test-code":{"insertions":3,"deletions":1}}}]},{"date":"2025-04-07","commitResults":[{"hash":"2c3d21d326c4e976eb61de0e20af4fe65d349773","isMergeCommit":true,"messageTitle":"Merge pull request #165 from OmJRamdas/master","messageBody":"DG update with Finance Manager","fileTypesAndContributionMap":{}},{"hash":"95581fd8491e12e77d92f56e2ccf4c974980ee2e","isMergeCommit":false,"messageTitle":"update and fix #130 and #113","messageBody":"","fileTypesAndContributionMap":{"functional-code":{"insertions":8,"deletions":10},"docs":{"insertions":0,"deletions":0},"test-code":{"insertions":0,"deletions":1}}},{"hash":"4777d69e080234370dfaf33ee848d9075a473c12","isMergeCommit":false,"messageTitle":"Fix #105","messageBody":"","fileTypesAndContributionMap":{"functional-code":{"insertions":5,"deletions":4},"test-code":{"insertions":1,"deletions":1}}},{"hash":"6d01b104de0f64b5b443727839eaea6040f7fb6d","isMergeCommit":false,"messageTitle":"update tests","messageBody":"","fileTypesAndContributionMap":{"test-code":{"insertions":5,"deletions":5}}},{"hash":"86121aef1d985ccd3375175c21187577b4122ad8","isMergeCommit":true,"messageTitle":"Merge pull request #171 from OmJRamdas/master","messageBody":"update and fix #130 and #113","fileTypesAndContributionMap":{}}]}],"adoorknob":[{"date":"2025-02-26","commitResults":[{"hash":"80ae79030699224e3b3bb17ea326a288c1334800","isMergeCommit":true,"messageTitle":"Merge pull request #12 from Jason-Hp/Instruments-Classes","messageBody":"Add instrument package and several different instrument classes","fileTypesAndContributionMap":{}},{"hash":"bb6278051be19c60be0d222fa36c85f478d48ecd","isMergeCommit":true,"messageTitle":"Merge pull request #13 from Jason-Hp/ui-Classes","messageBody":"Add ui package and a Ui class","fileTypesAndContributionMap":{}}]},{"date":"2025-02-28","commitResults":[{"hash":"4bc503599d18ee5fd83b5746889609c15b440efd","isMergeCommit":false,"messageTitle":"Update Duke UI, implement list and help commands, implement instrument toString() method","messageBody":"","fileTypesAndContributionMap":{"functional-code":{"insertions":174,"deletions":13}}},{"hash":"e9f3b562525b8022cc90af737bdb3ffc1af38da7","isMergeCommit":true,"messageTitle":"Merge branch \u0027tw/help_list\u0027","messageBody":"","fileTypesAndContributionMap":{}},{"hash":"a41dea20b7249184c5f10a3efcd7527874a97e4e","isMergeCommit":false,"messageTitle":"Reformat code","messageBody":"","fileTypesAndContributionMap":{"functional-code":{"insertions":98,"deletions":95}}},{"hash":"8c42ec75f350c7f908c9483b6588e1880a4bfa5d","isMergeCommit":false,"messageTitle":"Fix code style","messageBody":"","fileTypesAndContributionMap":{"functional-code":{"insertions":40,"deletions":26}}},{"hash":"b0ae0b72d6d0ac10613c56f48dffc8e8c7131881","isMergeCommit":false,"messageTitle":"Change opening font","messageBody":"","fileTypesAndContributionMap":{"functional-code":{"insertions":8,"deletions":12}}},{"hash":"eea9d76583db4bc9bde766f5bf85f99993544313","isMergeCommit":false,"messageTitle":"Remove unused Scanner import in Duke","messageBody":"","fileTypesAndContributionMap":{"functional-code":{"insertions":0,"deletions":2}}},{"hash":"c8da6f3e36f39bb75598c0fe817af65cda9c458f","isMergeCommit":false,"messageTitle":"Update readUserInput() method","messageBody":"","fileTypesAndContributionMap":{"functional-code":{"insertions":4,"deletions":1}}},{"hash":"c5a61851b4ac467003a15751f38374d7f724663e","isMergeCommit":false,"messageTitle":"Catch IO exceptions","messageBody":"","fileTypesAndContributionMap":{"functional-code":{"insertions":10,"deletions":3}}},{"hash":"100f060a0005264afd917f7b707a01132d00846a","isMergeCommit":false,"messageTitle":"Update Parser.parse method","messageBody":"","fileTypesAndContributionMap":{"functional-code":{"insertions":1,"deletions":0}}},{"hash":"8ed5cf45555739ed3232ef70abae1ca88baf6047","isMergeCommit":false,"messageTitle":"update Parser.parse","messageBody":"","fileTypesAndContributionMap":{"functional-code":{"insertions":3,"deletions":5}}}]},{"date":"2025-03-01","commitResults":[{"hash":"0b9fe8ef306a5a981646a1d807de729f1b732312","isMergeCommit":false,"messageTitle":"update parser","messageBody":"","fileTypesAndContributionMap":{"functional-code":{"insertions":1,"deletions":1}}},{"hash":"e8f008cd3c14beb4909af72c49817595517a0d46","isMergeCommit":false,"messageTitle":"Update IOException handling","messageBody":"","fileTypesAndContributionMap":{"functional-code":{"insertions":7,"deletions":2}}},{"hash":"0737547462f620d3ff7e1e8279fa17214f3eb527","isMergeCommit":false,"messageTitle":"Update Duke exception handling","messageBody":"","fileTypesAndContributionMap":{"functional-code":{"insertions":3,"deletions":7}}}]},{"date":"2025-03-05","commitResults":[{"hash":"1273dacbf93a38b4271fc3bcb6039a4615ecd708","isMergeCommit":false,"messageTitle":"Update AboutUs","messageBody":"","fileTypesAndContributionMap":{"docs":{"insertions":3,"deletions":7}}},{"hash":"65517d7731dc129c5edc7538ee033f6174e348fe","isMergeCommit":true,"messageTitle":"Merge branch \u0027master\u0027 of https://github.com/AY2425S2-CS2113-W11-1/tp into TengWai-AboutUs","messageBody":"# Conflicts:\n#\tdocs/AboutUs.md\n","fileTypesAndContributionMap":{}}]},{"date":"2025-03-16","commitResults":[{"hash":"58de73b3d39a6f4c5de70d2484b9321074419089","isMergeCommit":false,"messageTitle":"Create ParserTest","messageBody":"","fileTypesAndContributionMap":{"test-code":{"insertions":54,"deletions":0}}}]},{"date":"2025-03-17","commitResults":[{"hash":"66ebb79529f3081f67cea55d2d26ccd0231c4681","isMergeCommit":false,"messageTitle":"Fix ParserTest","messageBody":"","fileTypesAndContributionMap":{"test-code":{"insertions":4,"deletions":4}}},{"hash":"40fa92fe57201e31cff81724ba1148b6f0566467","isMergeCommit":false,"messageTitle":"Update ParserTest","messageBody":"","fileTypesAndContributionMap":{"test-code":{"insertions":2,"deletions":3}}},{"hash":"e19177fffaca97d28db4f11ae36f5ae36b9e6a91","isMergeCommit":false,"messageTitle":"Fix import statements for ParserTest","messageBody":"","fileTypesAndContributionMap":{"test-code":{"insertions":2,"deletions":1}}},{"hash":"657edc3eafceb18ced160091dadee77382cf1bee","isMergeCommit":false,"messageTitle":"Fix ParserTest imports","messageBody":"","fileTypesAndContributionMap":{"test-code":{"insertions":1,"deletions":0}}},{"hash":"cc813a1d241e767491c8f7d0c9cabc2d6bf0f4f8","isMergeCommit":true,"messageTitle":"Merge pull request #32 from adoorknob/master","messageBody":"Create ParserTest","fileTypesAndContributionMap":{}}]},{"date":"2025-03-26","commitResults":[{"hash":"98aa5e0356e9bf4d2095320342ce149d5bc6a7c7","isMergeCommit":false,"messageTitle":"Add assert statements to parser","messageBody":"","fileTypesAndContributionMap":{"functional-code":{"insertions":3,"deletions":7}}},{"hash":"899915c93fb4454d19159e1d3cfbda1092f208a9","isMergeCommit":true,"messageTitle":"Merge pull request #45 from adoorknob/TengWai-UIAsserts","messageBody":"Add assert statements to parser","fileTypesAndContributionMap":{}}]},{"date":"2025-03-30","commitResults":[{"hash":"0d933dd79e1263a1a1e57fce25374b139c670f34","isMergeCommit":false,"messageTitle":"Implement Storage for SirDukeBox","messageBody":"","fileTypesAndContributionMap":{"functional-code":{"insertions":174,"deletions":5}}},{"hash":"997ba17fad208f45e5faa40b55d2a20bda8c189d","isMergeCommit":false,"messageTitle":"Update Storage.java","messageBody":"","fileTypesAndContributionMap":{"functional-code":{"insertions":2,"deletions":2}}},{"hash":"ce5fb5a36f22e73de1b10066d273b58a6fcc80a2","isMergeCommit":false,"messageTitle":"Update Duke.java","messageBody":"","fileTypesAndContributionMap":{"functional-code":{"insertions":1,"deletions":1}}}]},{"date":"2025-03-31","commitResults":[{"hash":"95c14fca33844df023937ce0b97a2b31ca181ccc","isMergeCommit":true,"messageTitle":"Merge pull request #63 from adoorknob/TengWai-FixV2","messageBody":"Fix io redirection issue","fileTypesAndContributionMap":{}}]},{"date":"2025-04-01","commitResults":[{"hash":"692edf4228843598f50ce8900245c9b4887bad46","isMergeCommit":false,"messageTitle":"Implement User feature","messageBody":"","fileTypesAndContributionMap":{"functional-code":{"insertions":308,"deletions":25}}},{"hash":"41e85798343b7421a0f1e472f834b3778900efed","isMergeCommit":false,"messageTitle":"Update User","messageBody":"","fileTypesAndContributionMap":{"functional-code":{"insertions":0,"deletions":3}}},{"hash":"6e13908edb2c923d9ff0902b19ceef3f08a612c5","isMergeCommit":false,"messageTitle":"Update command instantiations","messageBody":"","fileTypesAndContributionMap":{"functional-code":{"insertions":19,"deletions":0},"test-code":{"insertions":41,"deletions":7}}},{"hash":"0035935d5bd3b1f123b29601d4064b1467456474","isMergeCommit":false,"messageTitle":"Reformat Code","messageBody":"","fileTypesAndContributionMap":{"functional-code":{"insertions":27,"deletions":20},"test-code":{"insertions":86,"deletions":88}}},{"hash":"6a7f67fcc303c6571c367ab713886c8466b40df8","isMergeCommit":false,"messageTitle":"Update test cases","messageBody":"","fileTypesAndContributionMap":{"functional-code":{"insertions":8,"deletions":2},"test-code":{"insertions":9,"deletions":10}}},{"hash":"707fa344c94e75861f5d6551427bfe72a10e7ff3","isMergeCommit":false,"messageTitle":"Fix codestyle","messageBody":"","fileTypesAndContributionMap":{"functional-code":{"insertions":12,"deletions":5},"test-code":{"insertions":0,"deletions":8}}},{"hash":"4429361aff27a6ec46fb4cc9b8d384e6c96bf3f5","isMergeCommit":false,"messageTitle":"Update testcases","messageBody":"","fileTypesAndContributionMap":{"functional-code":{"insertions":22,"deletions":4},"test-code":{"insertions":65,"deletions":0}}},{"hash":"29b1d7d20c33a156b46b0331906f5e6660bded0b","isMergeCommit":false,"messageTitle":"Update ListCommandTest","messageBody":"","fileTypesAndContributionMap":{"functional-code":{"insertions":9,"deletions":5},"test-code":{"insertions":6,"deletions":17}}},{"hash":"22fb9d8451c7c6d61f7465ab834fbeeef91f93c8","isMergeCommit":false,"messageTitle":"Reformat code","messageBody":"","fileTypesAndContributionMap":{"functional-code":{"insertions":26,"deletions":20},"test-code":{"insertions":86,"deletions":84}}},{"hash":"2a8ee2ba5775a456c3aa471350dceb86deb55fe8","isMergeCommit":false,"messageTitle":"Update ListCommandTest","messageBody":"","fileTypesAndContributionMap":{"test-code":{"insertions":2,"deletions":0}}},{"hash":"1d05487063d69030be95c1b36ebe37feb14cface","isMergeCommit":true,"messageTitle":"Merge pull request #68 from adoorknob/TengWai-TestCases","messageBody":"Update testcases","fileTypesAndContributionMap":{}},{"hash":"d462d4e2ca9e6ce50bc6025898fa9e4940b30c73","isMergeCommit":true,"messageTitle":"Merge pull request #67 from adoorknob/TengWai-User","messageBody":"Implement User feature","fileTypesAndContributionMap":{}},{"hash":"3293db955ce8170cadb7b0673084f89bbecdae99","isMergeCommit":true,"messageTitle":"Merge branch \u0027master\u0027 into TengWai-User","messageBody":"# Conflicts:\n#\tsrc/main/java/commands/ListCommand.java\n#\tsrc/main/java/ui/Ui.java\n#\tsrc/test/java/commands/AddInstrumentCommandTest.java\n#\tsrc/test/java/commands/DefaultCommandTest.java\n#\tsrc/test/java/commands/ExitCommandTest.java\n#\tsrc/test/java/commands/HelpCommandTest.java\n#\ttext-ui-test/ACTUAL.TXT\n","fileTypesAndContributionMap":{}},{"hash":"50106c2d3cff976ec2e7b598ca03128bf149e305","isMergeCommit":false,"messageTitle":"Fix ListCommandTest","messageBody":"","fileTypesAndContributionMap":{"test-code":{"insertions":12,"deletions":1}}},{"hash":"7827899c183285f73c731e2734759ecfd50271bd","isMergeCommit":false,"messageTitle":"Update tests","messageBody":"","fileTypesAndContributionMap":{"test-code":{"insertions":0,"deletions":17}}},{"hash":"c79430612288dd6290b36bf52bdecd71192b4bb4","isMergeCommit":true,"messageTitle":"Merge pull request #69 from adoorknob/TengWai-User","messageBody":"Merge changes from master to feature/user","fileTypesAndContributionMap":{}},{"hash":"ee53d672508fd66ac8e87a30f352f9a9739f79d3","isMergeCommit":false,"messageTitle":"Update tests","messageBody":"","fileTypesAndContributionMap":{"test-code":{"insertions":3,"deletions":11}}},{"hash":"5945fcffe052796cddbb40b922c5d288d4d62d21","isMergeCommit":false,"messageTitle":"Change gradle wrapper","messageBody":"","fileTypesAndContributionMap":{"other":{"insertions":0,"deletions":1}}},{"hash":"a7bcfd82966f42920f617370b3656edc40f8c04c","isMergeCommit":true,"messageTitle":"Merge pull request #71 from adoorknob/feature/User","messageBody":"Change gradle wrapper","fileTypesAndContributionMap":{}},{"hash":"7acf9e7b457387fae1fc7597033db8d3d6b59a4c","isMergeCommit":false,"messageTitle":"Fix Gradle","messageBody":"","fileTypesAndContributionMap":{"other":{"insertions":0,"deletions":1}}},{"hash":"35cfbfefd7065690e840844f137c36db4f88b097","isMergeCommit":true,"messageTitle":"Merge pull request #72 from adoorknob/TengWai-GradleFIx","messageBody":"Fix Gradle","fileTypesAndContributionMap":{}},{"hash":"c937826edc492f28bfd1a76037d8915fb9d3ba10","isMergeCommit":true,"messageTitle":"Merge pull request #70 from AY2425S2-CS2113-W11-1/feature/User","messageBody":"Add User implementation ","fileTypesAndContributionMap":{}}]},{"date":"2025-04-02","commitResults":[{"hash":"d83f09fe037107299fcc5f977b10686a3238aa20","isMergeCommit":false,"messageTitle":"Replace gradle files with files from cs2113 repo","messageBody":"","fileTypesAndContributionMap":{"docs":{"insertions":12,"deletions":0}}},{"hash":"f3f31cdd6a87d016eb8e628e98902af73a67e855","isMergeCommit":false,"messageTitle":"Update DG","messageBody":"","fileTypesAndContributionMap":{"docs":{"insertions":37,"deletions":0}}},{"hash":"a330c4b46e384681990a5babe09b5a1fe1fce971","isMergeCommit":true,"messageTitle":"Merge pull request #76 from adoorknob/TengWai-GradleFIx2","messageBody":"","fileTypesAndContributionMap":{}},{"hash":"bfe728bccbd384519bc3290c28164b5335abf2d6","isMergeCommit":true,"messageTitle":"Merge remote-tracking branch \u0027upstream/master\u0027 into TengWai-v2.0","messageBody":"# Conflicts:\n#\tsrc/main/java/commands/ListCommand.java\n#\tsrc/main/java/instrument/Instrument.java\n#\tsrc/main/java/instrument/InstrumentList.java\n#\tsrc/main/java/parser/Parser.java\n","fileTypesAndContributionMap":{}},{"hash":"2e6e8b0bb158b59277d0ccf47c50bf18b5a00f1c","isMergeCommit":false,"messageTitle":"Fix gradle checkstyle errors","messageBody":"","fileTypesAndContributionMap":{"functional-code":{"insertions":36,"deletions":50},"test-code":{"insertions":4,"deletions":5}}},{"hash":"d7cf835bc8fa4fcf626142b3a6cfc848eb3f53b5","isMergeCommit":false,"messageTitle":"Delete extraneous commandParser.java file","messageBody":"","fileTypesAndContributionMap":{"functional-code":{"insertions":0,"deletions":99}}},{"hash":"a68e2e1bd8c107eb8b177de2510937d6e469fd36","isMergeCommit":false,"messageTitle":"Reformatting UI and InstrumentList in efforts to please the gradle gods","messageBody":"","fileTypesAndContributionMap":{"functional-code":{"insertions":4,"deletions":3}}},{"hash":"10724ace4af5de633141680ba64bf14873b0aac2","isMergeCommit":false,"messageTitle":"Reformatting docs","messageBody":"","fileTypesAndContributionMap":{"functional-code":{"insertions":1,"deletions":0},"docs":{"insertions":54,"deletions":43}}},{"hash":"6294e5bd08eaf239e66e43fa59e7b61b9e7f3730","isMergeCommit":true,"messageTitle":"Merge pull request #79 from adoorknob/TengWai-v2.0","messageBody":"Merge master into V2.0","fileTypesAndContributionMap":{}},{"hash":"2fe36afa80caab271f721265c4155082a977afee","isMergeCommit":true,"messageTitle":"Merge pull request #80 from AY2425S2-CS2113-W11-1/v2.0","messageBody":"","fileTypesAndContributionMap":{}}]},{"date":"2025-04-03","commitResults":[{"hash":"4eff15aa69d53a7121da8e753a9c254b7b3c05bd","isMergeCommit":false,"messageTitle":"Add list InstrumentLists functionality to users","messageBody":"","fileTypesAndContributionMap":{"functional-code":{"insertions":217,"deletions":28},"other":{"insertions":5,"deletions":4}}},{"hash":"d01642e5feb7b8f59c50f9a900f169ce88538782","isMergeCommit":true,"messageTitle":"Merge branch \u0027master\u0027 into TengWai-User_2","messageBody":"# Conflicts:\n#\tsrc/main/java/commands/ListCommand.java\n#\tsrc/main/java/parser/Parser.java\n#\tsrc/main/java/ui/Ui.java\n","fileTypesAndContributionMap":{}},{"hash":"ad6eb7a7d99692d44f44e3f08ab9cea9cf2e60f8","isMergeCommit":false,"messageTitle":"Fix checkstyle","messageBody":"","fileTypesAndContributionMap":{"functional-code":{"insertions":25,"deletions":19}}},{"hash":"84623f037fb77166925aa11722b1c1a3d1589fcc","isMergeCommit":false,"messageTitle":"Rerun gradle","messageBody":"","fileTypesAndContributionMap":{"docs":{"insertions":0,"deletions":1}}},{"hash":"dcfcd635a770ee877f408ceb66e5a07454d42a8b","isMergeCommit":false,"messageTitle":"Delete ACTUAL.txt","messageBody":"","fileTypesAndContributionMap":{"docs":{"insertions":0,"deletions":1}}},{"hash":"c6e39e058cdbb49c9a6159fc8913dcbd349804e6","isMergeCommit":true,"messageTitle":"Merge pull request #88 from adoorknob/TengWai-User_2","messageBody":"Teng wai user 2","fileTypesAndContributionMap":{}},{"hash":"e7660df2059456abd9b3b647ed04413c343bf827","isMergeCommit":false,"messageTitle":"Update DG","messageBody":"","fileTypesAndContributionMap":{"functional-code":{"insertions":22,"deletions":22},"other":{"insertions":34,"deletions":25},"docs":{"insertions":301,"deletions":1},"test-code":{"insertions":13,"deletions":7}}},{"hash":"e4b1d030db65a1c3a88f76a671190c7ff8458523","isMergeCommit":false,"messageTitle":"Update DG again","messageBody":"","fileTypesAndContributionMap":{"docs":{"insertions":219,"deletions":354}}},{"hash":"7580ac1f8b7b44aee14a88c6d532d9cc4ba192f6","isMergeCommit":true,"messageTitle":"Merge branch \u0027master\u0027 of https://github.com/AY2425S2-CS2113-W11-1/tp into TengWai-DG","messageBody":"# Conflicts:\n#\tsrc/test/java/ui/ParserTest.java\n","fileTypesAndContributionMap":{}},{"hash":"07950c275d37d2f9aa1cd25ac565fedda2336442","isMergeCommit":true,"messageTitle":"Merge pull request #90 from adoorknob/TengWai-DG","messageBody":"Update DG","fileTypesAndContributionMap":{}},{"hash":"5f80f4c629c778d2400470bf9b8395205ee9b115","isMergeCommit":false,"messageTitle":"Update Dg (spelling error)","messageBody":"","fileTypesAndContributionMap":{"docs":{"insertions":3,"deletions":3}}},{"hash":"ea992597edf1fb3aeb5757210f29a8c664ffd1ad","isMergeCommit":true,"messageTitle":"Merge branch \u0027master\u0027 of https://github.com/AY2425S2-CS2113-W11-1/tp into TengWai-DG","messageBody":"","fileTypesAndContributionMap":{}},{"hash":"40c6cff9b7939c4069e2d3bcdec2e50584af38e5","isMergeCommit":true,"messageTitle":"Merge pull request #91 from adoorknob/TengWai-DG","messageBody":"Update Dg (spelling error)","tags":["v2.0-release"],"fileTypesAndContributionMap":{}}]},{"date":"2025-04-04","commitResults":[{"hash":"7bf47c0af7096072d60712129d04a0695c0fd9eb","isMergeCommit":true,"messageTitle":"Merge branch \u0027master\u0027 of https://github.com/AY2425S2-CS2113-W11-1/tp into TengWai-DG","messageBody":"","fileTypesAndContributionMap":{}},{"hash":"c44f822afa77dcd9f8100fbcc9ae7d805a007105","isMergeCommit":false,"messageTitle":"Update PPP","messageBody":"","fileTypesAndContributionMap":{"docs":{"insertions":12,"deletions":0}}},{"hash":"e5b59592495eaa117378a0dc2b76d10cc6638851","isMergeCommit":false,"messageTitle":"Update docs as per checkstyle","messageBody":"","fileTypesAndContributionMap":{"docs":{"insertions":164,"deletions":115}}},{"hash":"ea82cd7f972b03acf77fd8db86612f5c28604fdb","isMergeCommit":true,"messageTitle":"Merge pull request #97 from adoorknob/TengWai-DG","messageBody":"Update PPP","fileTypesAndContributionMap":{}}]},{"date":"2025-04-06","commitResults":[{"hash":"6dddf7377020fbefc89cfc38a7b36961174cefca","isMergeCommit":false,"messageTitle":"Add user storage, fix negative usage exception handling","messageBody":"","fileTypesAndContributionMap":{"functional-code":{"insertions":127,"deletions":95},"other":{"insertions":6,"deletions":6},"test-code":{"insertions":26,"deletions":11}}},{"hash":"cb78d1ceecb5baa3660b35c4389a85b4eb88dc59","isMergeCommit":false,"messageTitle":"Fix User index out of bounds handling","messageBody":"","fileTypesAndContributionMap":{"functional-code":{"insertions":36,"deletions":15}}},{"hash":"54dc79f35a6b0bc3f61b5e9597175fadb1a5fa44","isMergeCommit":true,"messageTitle":"Merge branch \u0027master\u0027 into TengWai-UserStorage","messageBody":"# Conflicts:\n#\tsrc/main/java/commands/instrument/AddInstrumentCommand.java\n#\tsrc/test/java/ui/ParserTest.java\n","fileTypesAndContributionMap":{}},{"hash":"cb8a8d2fb3a786f9c3f4c07e0b7d05dd42dfc223","isMergeCommit":false,"messageTitle":"Fix tests","messageBody":"","fileTypesAndContributionMap":{"functional-code":{"insertions":9,"deletions":8},"test-code":{"insertions":23,"deletions":10}}},{"hash":"ea329e101652ef97f30ab643f6ba9b1799bb5839","isMergeCommit":true,"messageTitle":"Merge pull request #156 from adoorknob/TengWai-UserStorage","messageBody":"v2.1 add user storage and fix user issues","fileTypesAndContributionMap":{}}]},{"date":"2025-04-07","commitResults":[{"hash":"08dd2daac0cbe220f14d249cf1facea893c4e2c9","isMergeCommit":false,"messageTitle":"Add tests for User, Recommend, Extend, Return","messageBody":"","fileTypesAndContributionMap":{"other":{"insertions":7,"deletions":11},"test-code":{"insertions":416,"deletions":0}}},{"hash":"88c60d66ac76425e6aef8f3066b4e30ce1630603","isMergeCommit":true,"messageTitle":"Merge branch \u0027master\u0027 into TengWai-Bugfix","messageBody":"","fileTypesAndContributionMap":{}},{"hash":"806131376bf7d5c08db8d29dded09ef2463958c8","isMergeCommit":false,"messageTitle":"Change EXPECTED for io redirection test","messageBody":"","fileTypesAndContributionMap":{"other":{"insertions":1,"deletions":1}}},{"hash":"b6ad89728939991272e76d50a9c162b588f48305","isMergeCommit":true,"messageTitle":"Merge pull request #166 from adoorknob/TengWai-Bugfix","messageBody":"Add tests for User, Extend, Recommend, Return","fileTypesAndContributionMap":{}}]}],"Jason-Hp":[{"date":"2025-02-26","commitResults":[{"hash":"717c7aa9c448f773c45bf51553f07c13910d6925","isMergeCommit":false,"messageTitle":"Add instrument package and several different instrument classes","messageBody":"","fileTypesAndContributionMap":{"functional-code":{"insertions":60,"deletions":0}}},{"hash":"5cf57ae685ad70ae54008db4d81dcc6de458419b","isMergeCommit":false,"messageTitle":"Refactor code to comply with style checks","messageBody":"","fileTypesAndContributionMap":{"functional-code":{"insertions":2,"deletions":2}}},{"hash":"5b314fdfe28d403dd2f8fd7976c31acf749472ce","isMergeCommit":false,"messageTitle":"Add ui package and a Ui class","messageBody":"","fileTypesAndContributionMap":{"functional-code":{"insertions":12,"deletions":0}}}]},{"date":"2025-03-01","commitResults":[{"hash":"23d3bc61dad1a1b48bdaf04906b77958bde2f384","isMergeCommit":true,"messageTitle":"Merge pull request #14 from adoorknob/master","messageBody":"Implement help and list commands, update ui","fileTypesAndContributionMap":{}}]},{"date":"2025-03-02","commitResults":[{"hash":"41b12f71e4f0466e18daa3e4a3fe9015a318e5fd","isMergeCommit":false,"messageTitle":"Update list commands to include exit command","messageBody":"","fileTypesAndContributionMap":{"functional-code":{"insertions":2,"deletions":1}}},{"hash":"ca4f88feb8f4dc17056eff0a33a80755e3420582","isMergeCommit":false,"messageTitle":"Refactor code by removing isDone to ensure SLAP","messageBody":"","fileTypesAndContributionMap":{"functional-code":{"insertions":3,"deletions":4}}}]},{"date":"2025-03-05","commitResults":[{"hash":"b3efe1f843ef34518c424b4a29f8919bb9f105e8","isMergeCommit":true,"messageTitle":"Merge branch \u0027master\u0027 of https://github.com/AY2425S2-CS2113-W11-1/tp","messageBody":"","fileTypesAndContributionMap":{}},{"hash":"a2df8c1ef6b500999f0d80e1f2bbdde9dfc60bdc","isMergeCommit":false,"messageTitle":"Update AboutUs.md to include my name Tutorial7","messageBody":"","fileTypesAndContributionMap":{"functional-code":{"insertions":1,"deletions":1},"docs":{"insertions":4,"deletions":7}}},{"hash":"9ccf4b971da1654b0d65ffdbb3ba66705acd3a3b","isMergeCommit":true,"messageTitle":"Merge branch \u0027master\u0027 of https://github.com/AY2425S2-CS2113-W11-1/tp into JasonHo-AboutUs","messageBody":"","fileTypesAndContributionMap":{}},{"hash":"f9e1dcf3d3c6c9f6acc5dbfab4e861159bd6dd09","isMergeCommit":true,"messageTitle":"Merge pull request #19 from Jason-Hp/JasonHo-AboutUs","messageBody":"Jason ho about us","fileTypesAndContributionMap":{}},{"hash":"62acfbf6a99f7b5dec46b9629b1deb9c5fedfb36","isMergeCommit":true,"messageTitle":"Merge pull request #17 from adoorknob/TengWai-AboutUs","messageBody":"Update AboutUs","fileTypesAndContributionMap":{}}]},{"date":"2025-03-08","commitResults":[{"hash":"a621d21724d3e13e4eba022c44e6b6c856191dff","isMergeCommit":false,"messageTitle":"Change class name to start with a captial E","messageBody":"","fileTypesAndContributionMap":{"functional-code":{"insertions":7,"deletions":7}}},{"hash":"6bab333aa992776b00f91078a06ea3fbcb96cf82","isMergeCommit":false,"messageTitle":"Add correct indentation","messageBody":"","fileTypesAndContributionMap":{"functional-code":{"insertions":21,"deletions":21}}},{"hash":"bcb1d9c0ac1c6c275a17683f07d88f83d7e36277","isMergeCommit":false,"messageTitle":"Add static to constants fields","messageBody":"","fileTypesAndContributionMap":{"functional-code":{"insertions":2,"deletions":2}}},{"hash":"d2788f7fb3b3bd7c4b83c67879cd0bcb55141bee","isMergeCommit":true,"messageTitle":"Merge pull request #23 from Jason-Hp/branch-FixCodingStdViolation","messageBody":"Branch fix coding std violation","fileTypesAndContributionMap":{}},{"hash":"e6e31088cb468b2aef217078b4aa39a64a71325d","isMergeCommit":false,"messageTitle":"Add model and year to Instrument class","messageBody":"","fileTypesAndContributionMap":{"functional-code":{"insertions":4,"deletions":0}}},{"hash":"deaa79eb2596861040eeb493d6913c7965f0ffe1","isMergeCommit":true,"messageTitle":"Merge pull request #25 from Jason-Hp/add-model-and-year","messageBody":"Add model and year to Instrument class","fileTypesAndContributionMap":{}},{"hash":"c37e0a3e1651c31b27e600ac97f1213a7eb5d591","isMergeCommit":false,"messageTitle":"Update all instrument class to have model and year","messageBody":"","fileTypesAndContributionMap":{"functional-code":{"insertions":13,"deletions":3},"test-code":{"insertions":37,"deletions":0}}}]},{"date":"2025-03-09","commitResults":[{"hash":"9720c1df98d36c4394bc463a2316e9db42637d40","isMergeCommit":false,"messageTitle":"Update to work with model and year","messageBody":"","fileTypesAndContributionMap":{"functional-code":{"insertions":35,"deletions":6},"test-code":{"insertions":0,"deletions":37}}},{"hash":"dce7b43770ef15f5168645cd8035125715914f5e","isMergeCommit":true,"messageTitle":"Merge pull request #26 from Jason-Hp/update-instrument","messageBody":"Update instruments, ui, parser and Duke to integrate model and year of instruments","fileTypesAndContributionMap":{}},{"hash":"2f790d9d508cadc7130a07e1195315a34ecb5982","isMergeCommit":false,"messageTitle":"Add unit testing for all instruments","messageBody":"","fileTypesAndContributionMap":{"test-code":{"insertions":141,"deletions":0}}},{"hash":"acebef2d23d0d363bf47f2387d242ac4ac4af36d","isMergeCommit":false,"messageTitle":"Add new line to all instrument test classes","messageBody":"","fileTypesAndContributionMap":{"test-code":{"insertions":3,"deletions":3}}},{"hash":"7fc8c24939fb631c46ffa1ffb4075977dea2b387","isMergeCommit":true,"messageTitle":"Merge pull request #28 from Jason-Hp/testing-instruments","messageBody":"Add unit testing for all instruments","fileTypesAndContributionMap":{}}]},{"date":"2025-03-15","commitResults":[{"hash":"c531333147ac410f653782f6dcc5e7fc528b0a27","isMergeCommit":false,"messageTitle":"Add assertions in Duke to improve robustness","messageBody":"","fileTypesAndContributionMap":{"functional-code":{"insertions":7,"deletions":0},"other":{"insertions":1,"deletions":0}}},{"hash":"b3c8cce55a19be6a38b7020f34c8b1c8fc501082","isMergeCommit":true,"messageTitle":"Merge pull request #31 from Jason-Hp/add-Assertions","messageBody":"Add assertions in Duke to improve robustness","fileTypesAndContributionMap":{}},{"hash":"ec1a67367844c4aa8ee25861a4400ea77f5517ce","isMergeCommit":false,"messageTitle":"Removed assert false from Duke","messageBody":"Remove a line of code that assert false, so that the program will work properly.","fileTypesAndContributionMap":{"functional-code":{"insertions":0,"deletions":1}}}]},{"date":"2025-03-18","commitResults":[{"hash":"85f19f550f392f0bade467dc003d8e5d34c2b270","isMergeCommit":false,"messageTitle":"Create jar file and update README","messageBody":"","fileTypesAndContributionMap":{"docs":{"insertions":3,"deletions":0}}},{"hash":"b908bbfa5ae882843ff4d029254a75147c15f375","isMergeCommit":true,"messageTitle":"Merge pull request #34 from Jason-Hp/make-jar-v1.0","messageBody":"Create jar file and update README","tags":["v1.0-Release"],"fileTypesAndContributionMap":{}}]},{"date":"2025-03-31","commitResults":[{"hash":"53f220d9580424953bac74652a9a6950462e22b8","isMergeCommit":false,"messageTitle":"Add usage in instruments and NegativeUsageException","messageBody":"","fileTypesAndContributionMap":{"functional-code":{"insertions":78,"deletions":10},"test-code":{"insertions":23,"deletions":0}}},{"hash":"f374df2257ad1e3f2e87115295e448480a02df3b","isMergeCommit":false,"messageTitle":"Update InstrumentList so that a currently rented instrument cannot be rented","messageBody":"","fileTypesAndContributionMap":{"functional-code":{"insertions":11,"deletions":0}}},{"hash":"cb171d58636237b79a85c3fb791f115d3432fc37","isMergeCommit":false,"messageTitle":"Add more testing to each instruments","messageBody":"","fileTypesAndContributionMap":{"test-code":{"insertions":188,"deletions":8}}},{"hash":"dbb4e40cfa0588320cfe41e679a7fb131cc16b9a","isMergeCommit":false,"messageTitle":"Fix checkstyle","messageBody":"","fileTypesAndContributionMap":{"functional-code":{"insertions":22,"deletions":15}}},{"hash":"7876f15f1dce4bca05ea711434a8293a26fa5ce6","isMergeCommit":false,"messageTitle":"Fix more checkstyle","messageBody":"","fileTypesAndContributionMap":{"functional-code":{"insertions":14,"deletions":10},"other":{"insertions":11,"deletions":11},"test-code":{"insertions":6,"deletions":10}}},{"hash":"01daf468a5108cd758bf690f1b45a4b42e23b13f","isMergeCommit":false,"messageTitle":"Update ParserTest to pass test","messageBody":"","fileTypesAndContributionMap":{"test-code":{"insertions":1,"deletions":1}}},{"hash":"cda4dd672a4435dbb95b77559a1fe64a0c28ddba","isMergeCommit":true,"messageTitle":"Merge pull request #55 from Jason-Hp/add-usage-instruments","messageBody":"Add usage instruments, fix #41","fileTypesAndContributionMap":{}},{"hash":"4bd24a6cdac66e5a471e0e41627448d14ce10b23","isMergeCommit":false,"messageTitle":"Update Developer\u0027s Guide","messageBody":"","fileTypesAndContributionMap":{"docs":{"insertions":24,"deletions":1}}},{"hash":"61fc6d919b0a5562d8561b73644a21678ec4cba6","isMergeCommit":true,"messageTitle":"Merge pull request #58 from Jason-Hp/developer-guide-AddInstrument-feature","messageBody":"Update Developer\u0027s Guide","fileTypesAndContributionMap":{}},{"hash":"94e3be11d1dea9b97824abf8a35dc66ad817a7c4","isMergeCommit":false,"messageTitle":"Update Developer\u0027s Guide","messageBody":"","fileTypesAndContributionMap":{"docs":{"insertions":55,"deletions":1}}},{"hash":"8d5af363493afee761b19bd34cd5052d24452e48","isMergeCommit":true,"messageTitle":"Merge pull request #60 from Jason-Hp/developer-guide-AddInstrument-feature","messageBody":"Update Developer\u0027s Guide","fileTypesAndContributionMap":{}}]},{"date":"2025-04-03","commitResults":[{"hash":"a07f3de4d06266f50738fb5501576b0a57d7f9d2","isMergeCommit":true,"messageTitle":"Merge with upstream master","messageBody":"","fileTypesAndContributionMap":{}},{"hash":"79fb56dc64b105ffe4766c1e92518c906b9cad92","isMergeCommit":false,"messageTitle":"Add Recommendation feature and codes","messageBody":"","fileTypesAndContributionMap":{"functional-code":{"insertions":105,"deletions":0}}},{"hash":"d93697a33d288daaa85fdabf870438fe1c5e9367","isMergeCommit":false,"messageTitle":"Fix Checkstyle","messageBody":"","fileTypesAndContributionMap":{"functional-code":{"insertions":1,"deletions":1}}},{"hash":"c0bdff667e23b5b82f3aa50a3ee2e72bbedbf756","isMergeCommit":false,"messageTitle":"Fix Checkstyle again","messageBody":"","fileTypesAndContributionMap":{"functional-code":{"insertions":5,"deletions":3}}},{"hash":"ae146c6f70b54942dfbf010520bd655948d5faa6","isMergeCommit":true,"messageTitle":"Merge branch \u0027master\u0027 of https://github.com/AY2425S2-CS2113-W11-1/tp","messageBody":"","fileTypesAndContributionMap":{}},{"hash":"03bf3eb12002f6b1cd10d7a532fb05939c3f00c0","isMergeCommit":true,"messageTitle":"Merge pull request #87 from Jason-Hp/master","messageBody":"Add Recommendation Feature","fileTypesAndContributionMap":{}}]},{"date":"2025-04-04","commitResults":[{"hash":"5ec9e2f7753ee7a6a64214928d4770cd8d739d99","isMergeCommit":false,"messageTitle":"Add PPP, update UG and DG","messageBody":"","fileTypesAndContributionMap":{"docs":{"insertions":24,"deletions":1}}},{"hash":"8e288f0cd8d1a202c860a439d0fce7ca6942fb22","isMergeCommit":false,"messageTitle":"Update EXPECTED.TXT","messageBody":"","fileTypesAndContributionMap":{"docs":{"insertions":3,"deletions":1}}},{"hash":"fb48dddafd209ace2eb6e16cc6f4d21d36f6930b","isMergeCommit":true,"messageTitle":"Merge pull request #98 from Jason-Hp/master","messageBody":"Add PPP, update UG and DG","fileTypesAndContributionMap":{}}]},{"date":"2025-04-06","commitResults":[{"hash":"4fff6a0608c8cf9e28851f650a6c959831abe189","isMergeCommit":false,"messageTitle":"Fix bug where user is able to return an unreserved instrument","messageBody":"","fileTypesAndContributionMap":{"functional-code":{"insertions":9,"deletions":3}}},{"hash":"9323668c887b4ad17a0c4c9ceb5a2df303d86089","isMergeCommit":false,"messageTitle":"Fix checkstyle","messageBody":"","fileTypesAndContributionMap":{"functional-code":{"insertions":2,"deletions":1}}},{"hash":"52b658c7d15b85bb999c83efa1ec8f86d03237cf","isMergeCommit":false,"messageTitle":"Fix exception testings","messageBody":"","fileTypesAndContributionMap":{"test-code":{"insertions":4,"deletions":4}}},{"hash":"71240f54e4e8d6c45eea51d052a9c0b0c21cde40","isMergeCommit":false,"messageTitle":"Fix parser test","messageBody":"","fileTypesAndContributionMap":{"test-code":{"insertions":2,"deletions":3}}},{"hash":"afdb1aa0041fdef6e8e88dd106237dabcfa0c932","isMergeCommit":true,"messageTitle":"Merge pull request #154 from Jason-Hp/return-bug-fix","messageBody":"Fix bug where user is able to return an unreserved instrument","fileTypesAndContributionMap":{}},{"hash":"e3406fb6d9f63217fac4b0c76135ec790da4d421","isMergeCommit":false,"messageTitle":"Add CasingStandardiser to allow any capitilisation of instrument","messageBody":"","fileTypesAndContributionMap":{"functional-code":{"insertions":21,"deletions":0},"test-code":{"insertions":34,"deletions":0}}},{"hash":"2ddfc3eb73eb33b2e01db8ed4a7d29f511e6cd75","isMergeCommit":true,"messageTitle":"Merge pull request #155 from Jason-Hp/ignore-case-add-instrument","messageBody":"Add CasingStandardiser to allow any capitilisation of instrument","fileTypesAndContributionMap":{}},{"hash":"2fc712dde4b2d32358631c76eb5dfafb12cd70cc","isMergeCommit":false,"messageTitle":"Refactor InstrumentList to throw errors instead of printing","messageBody":"","fileTypesAndContributionMap":{"functional-code":{"insertions":77,"deletions":64}}},{"hash":"52710bd330f62e8381d03bcfe1c02adfdb7f4a82","isMergeCommit":false,"messageTitle":"Fix checkstyle","messageBody":"","fileTypesAndContributionMap":{"functional-code":{"insertions":6,"deletions":1}}},{"hash":"ac33ae6b99061998ccb4872945e01af3b5d14bf9","isMergeCommit":true,"messageTitle":"Merge pull request #163 from Jason-Hp/refactor-InstrumentList","messageBody":"Refactor instrument list","fileTypesAndContributionMap":{}}]},{"date":"2025-04-07","commitResults":[{"hash":"2cf1a152db22c81241dac9553fc9c3da47d5d5f4","isMergeCommit":false,"messageTitle":"Update UiTest","messageBody":"","fileTypesAndContributionMap":{"functional-code":{"insertions":10,"deletions":10},"other":{"insertions":1,"deletions":3},"test-code":{"insertions":744,"deletions":8}}},{"hash":"9741e2738e61f5271e63b4b41d9fbdf0cc04767b","isMergeCommit":false,"messageTitle":"Fix checkstyles","messageBody":"","fileTypesAndContributionMap":{"test-code":{"insertions":27,"deletions":21}}},{"hash":"d55d9bfa78249894c6b1df0972408ab9904a610c","isMergeCommit":true,"messageTitle":"Merge pull request #167 from Jason-Hp/more-ui-tests","messageBody":"Update UiTest","fileTypesAndContributionMap":{}},{"hash":"52359d6f10099f442bb307a05c380fe70444e61f","isMergeCommit":false,"messageTitle":"Delete src/test/java/commands/ExtendCommandTest.java","messageBody":"","fileTypesAndContributionMap":{"test-code":{"insertions":0,"deletions":4}}},{"hash":"53901d5df1d96eba74fd222b0333bcbf1e5d6942","isMergeCommit":false,"messageTitle":"Rename Jason\u0027s PPP file","messageBody":"","fileTypesAndContributionMap":{"docs":{"insertions":0,"deletions":0}}},{"hash":"c352b662e0be5f472f4a42ff9317a39731099b03","isMergeCommit":false,"messageTitle":"Rename Jason\u0027s PPP file to lowercase","messageBody":"","fileTypesAndContributionMap":{"docs":{"insertions":0,"deletions":0}}},{"hash":"7aea87d8deb93874d6a1cc5a57a7826e71414483","isMergeCommit":true,"messageTitle":"Merge pull request #169 from Jason-Hp/master","messageBody":"Rename Jason\u0027s PPP file","fileTypesAndContributionMap":{}}]}]},"authorFileTypeContributionMap":{"KashfyZul":{"docs":369,"functional-code":445,"test-code":45},"OmJRamdas":{"docs":249,"functional-code":1145,"test-code":1145},"adoorknob":{"docs":364,"functional-code":952,"test-code":594,"other":1},"Jason-Hp":{"docs":34,"functional-code":317,"test-code":1109,"other":1}},"authorContributionVariance":{"KashfyZul":15457.994,"OmJRamdas":93807.81,"adoorknob":69566.805,"Jason-Hp":21139.332},"authorDisplayNameMap":{"KashfyZul":"CS2113-W11-1 KASH..A\u0027IN","OmJRamdas":"CS2113-W11-1 RAMD..YANT","adoorknob":"CS2113-W11-1 QUAN.. WAI","Jason-Hp":"CS2113-W11-1 HO S..ASON"}}
