{"authorDailyContributionsMap":{"limleyhooi":[{"date":"2025-03-05","commitResults":[{"hash":"301ac6d03cda393f2f790e4e6ac36fe6eed4dda4","isMergeCommit":false,"messageTitle":"updated aboutus file","messageBody":"","fileTypesAndContributionMap":{"docs":{"insertions":3,"deletions":7}}}]},{"date":"2025-03-09","commitResults":[{"hash":"49e015842481735b00ede061eecbd82d07a1f116","isMergeCommit":true,"messageTitle":"Resolve merge conflicts","messageBody":"","fileTypesAndContributionMap":{}},{"hash":"4f00e0c14298736091870f612fa211ae9dd046ca","isMergeCommit":true,"messageTitle":"Merge pull request #24 from limleyhooi/LH","messageBody":"updated aboutus file","fileTypesAndContributionMap":{}}]},{"date":"2025-03-18","commitResults":[{"hash":"137701d4050cf39c35bbbf28417cebe83dfd4c48","isMergeCommit":false,"messageTitle":"added addExpense and help prompt","messageBody":"","fileTypesAndContributionMap":{"functional-code":{"insertions":65,"deletions":7}}},{"hash":"535a15ffc188a50b5660a4500032034e557f345f","isMergeCommit":false,"messageTitle":"fixing ubuntu build error","messageBody":"","fileTypesAndContributionMap":{"functional-code":{"insertions":2,"deletions":1}}},{"hash":"3b2c937eeab27ad60178ac3178ad871cea09bddf","isMergeCommit":true,"messageTitle":"Merge pull request #37 from limleyhooi/LH","messageBody":"added addExpense and help prompt","fileTypesAndContributionMap":{}}]},{"date":"2025-03-25","commitResults":[{"hash":"7461e1b3becb5de4f3116ef4620af03f663f4577","isMergeCommit":false,"messageTitle":" added parser and command class, included date parameter for expense class","messageBody":"","fileTypesAndContributionMap":{"functional-code":{"insertions":438,"deletions":89}}},{"hash":"4a567c91d65b3333e3bd9b7557e6b537522cd1b5","isMergeCommit":false,"messageTitle":"found checkstyle fail error","messageBody":"","fileTypesAndContributionMap":{"functional-code":{"insertions":4,"deletions":4},"test-code":{"insertions":3,"deletions":3}}},{"hash":"9fc17dbda6ed7a8e2cb9e9ec46891dbfd150cf41","isMergeCommit":true,"messageTitle":"Merge pull request #55 from limleyhooi/LH","messageBody":" added parser and command class, included date parameter for expense …+ resolved checkstyle fail error","fileTypesAndContributionMap":{}}]},{"date":"2025-04-01","commitResults":[{"hash":"2540b57482d081972a87c60b5e059d9f5064bab7","isMergeCommit":false,"messageTitle":"added income class and updated DG","messageBody":"","fileTypesAndContributionMap":{"functional-code":{"insertions":176,"deletions":5},"docs":{"insertions":3,"deletions":0}}},{"hash":"134b855dedf3a33f45ab1f9e56238dce8348b1fd","isMergeCommit":true,"messageTitle":"Merge pull request #70 from limleyhooi/LH","messageBody":"added income class and updated DG","fileTypesAndContributionMap":{}}]},{"date":"2025-04-04","commitResults":[{"hash":"b57b5fa040273e324087a14df8473e66ad42b4b4","isMergeCommit":false,"messageTitle":" added AddIncomeTest and updated PPP","messageBody":"","fileTypesAndContributionMap":{"docs":{"insertions":38,"deletions":0},"test-code":{"insertions":107,"deletions":0}}},{"hash":"f4b720612612fed469c649d42893ebe16bd28a25","isMergeCommit":true,"messageTitle":"Merge pull request #90 from limleyhooi/LH","messageBody":" added AddIncomeTest and updated PPP","fileTypesAndContributionMap":{}}]}],"rchlai":[{"date":"2025-03-05","commitResults":[{"hash":"02ee8b28bce4e2c1b1e13548c48ffb77fa0da8ce","isMergeCommit":false,"messageTitle":"Updated the first line in AboutUs.md page and deleted the rest","messageBody":"","fileTypesAndContributionMap":{"docs":{"insertions":3,"deletions":7}}},{"hash":"800c6a547757f68897e21d19d981d33d0d4cffa0","isMergeCommit":true,"messageTitle":"Merge branch \u0027master\u0027 of https://github.com/AY2425S2-CS2113-W12-4/tP into rchlai-AboutUs","messageBody":"# Conflicts:\n#\tdocs/AboutUs.md\n","fileTypesAndContributionMap":{}},{"hash":"0511d9904fcdeba64021baf15d936b0ea631c7e5","isMergeCommit":true,"messageTitle":"Merge pull request #2 from rchlai/rchlai-AboutUs","messageBody":"Updated the first line in AboutUs.md page and deleted the rest","fileTypesAndContributionMap":{}}]},{"date":"2025-03-06","commitResults":[{"hash":"934e3af09f38d4aba0503995f2a9c4b710accc62","isMergeCommit":false,"messageTitle":"Updated AboutUs.md file","messageBody":"","fileTypesAndContributionMap":{"docs":{"insertions":3,"deletions":3}}},{"hash":"d86c17794a9949fbe7bd072193c173e17a734bd6","isMergeCommit":true,"messageTitle":"Merge pull request #21 from rchlai/rchlai-AboutUs","messageBody":"Updated AboutUs.md file","fileTypesAndContributionMap":{}}]},{"date":"2025-03-09","commitResults":[{"hash":"656694f1e585854e37e8ebddd809245a42ad6884","isMergeCommit":false,"messageTitle":"Refactord Duke to MoneyTrail","messageBody":"","fileTypesAndContributionMap":{"other":{"insertions":1,"deletions":1}}},{"hash":"4ce92839c2a134176b8116197ec9e048198f4df1","isMergeCommit":false,"messageTitle":"Set up MoneyTrail.java with ArrayList and run()","messageBody":"","fileTypesAndContributionMap":{"functional-code":{"insertions":15,"deletions":4}}},{"hash":"5c1e1b84300eecee131a598635b1dacd437ce074","isMergeCommit":false,"messageTitle":"Changed logo","messageBody":"","fileTypesAndContributionMap":{"functional-code":{"insertions":6,"deletions":5}}},{"hash":"8e0ea32f60e2fd2db545f746d1b50be7e45b0b8d","isMergeCommit":false,"messageTitle":"Printed welcome message","messageBody":"","fileTypesAndContributionMap":{"functional-code":{"insertions":17,"deletions":5}}},{"hash":"b30d9161b4110756c4c076d55a9c386bcf7d40d4","isMergeCommit":false,"messageTitle":"Created empty Expense superclass","messageBody":"","fileTypesAndContributionMap":{"functional-code":{"insertions":4,"deletions":0}}},{"hash":"143cb42aa5607cb2fe81bff4896027feeadb18e6","isMergeCommit":false,"messageTitle":"Populated Expense superclass","messageBody":"","fileTypesAndContributionMap":{"functional-code":{"insertions":28,"deletions":0}}},{"hash":"b3b95c8d70845a232192b2de9a853ffc23821f1e","isMergeCommit":true,"messageTitle":"Merge pull request #23 from rchlai/branch-rchlai","messageBody":"Uploading Branch-rchlai to team repo master","fileTypesAndContributionMap":{}},{"hash":"eaf84e6fd1a2110a6350dfd168d3c39f364c6f48","isMergeCommit":true,"messageTitle":"Merge branch \u0027branch-rchlai\u0027","messageBody":"","fileTypesAndContributionMap":{}}]},{"date":"2025-03-10","commitResults":[{"hash":"552c46644c30c229ef8119ed3ed1681bc382491f","isMergeCommit":true,"messageTitle":"Merge branch \u0027master\u0027 of https://github.com/AY2425S2-CS2113-W12-4/tP","messageBody":"","fileTypesAndContributionMap":{}}]},{"date":"2025-03-11","commitResults":[{"hash":"7f5f5ab99555fa57662a3c3b5655fb2f068d99a6","isMergeCommit":false,"messageTitle":"Created input variable from Scanner","messageBody":"","fileTypesAndContributionMap":{"functional-code":{"insertions":4,"deletions":1}}},{"hash":"d246036a7de6914537beeff93c9e3f796ea15c09","isMergeCommit":false,"messageTitle":"Added line divider and delete command","messageBody":"","fileTypesAndContributionMap":{"functional-code":{"insertions":10,"deletions":4}}},{"hash":"e068b2965b764007ba0a76e3d309dee1863bca64","isMergeCommit":false,"messageTitle":"Added exit command","messageBody":"","fileTypesAndContributionMap":{"functional-code":{"insertions":5,"deletions":1}}},{"hash":"cc145c6cbf161e5de688434f59ed3547ef9e7785","isMergeCommit":false,"messageTitle":"Added printExitMsg() and addLineDivider()","messageBody":"","fileTypesAndContributionMap":{"functional-code":{"insertions":11,"deletions":0}}},{"hash":"c7d93e20c5372b240b2f45d0c7471839151622c2","isMergeCommit":false,"messageTitle":"Created MTException class","messageBody":"","fileTypesAndContributionMap":{"functional-code":{"insertions":7,"deletions":0}}},{"hash":"97d252c55d6ede488f276226eec69c7313be0641","isMergeCommit":false,"messageTitle":"Added deleteEntry() and its private methods, printErrorMsg(), \u0026 printNumItems()","messageBody":"","fileTypesAndContributionMap":{"functional-code":{"insertions":47,"deletions":0}}},{"hash":"cad7f704a639a27c73084312c2f2c9faeddda948","isMergeCommit":false,"messageTitle":"Reduced the line divider length","messageBody":"","fileTypesAndContributionMap":{"functional-code":{"insertions":1,"deletions":2}}},{"hash":"f55d07f039b638e8cd80d84694849770809a62ea","isMergeCommit":false,"messageTitle":"Set static definition to correct order","messageBody":"","fileTypesAndContributionMap":{"functional-code":{"insertions":3,"deletions":2}}},{"hash":"f94443b3a0aad14635770ec5cde8dc8ab1f7a1d0","isMergeCommit":false,"messageTitle":"Placed constant variables at the start of the function","messageBody":"","fileTypesAndContributionMap":{"functional-code":{"insertions":5,"deletions":3}}},{"hash":"cc7800b69cf7675d988b6cfd0b44137c434f690e","isMergeCommit":true,"messageTitle":"Merge pull request #25 from rchlai/branch-rchlai","messageBody":"Merging Branch-rchlai to master","fileTypesAndContributionMap":{}},{"hash":"5df4561e1dfc854498349da880674f7cb1662d8d","isMergeCommit":true,"messageTitle":"Merge branch \u0027branch-rchlai\u0027","messageBody":"","fileTypesAndContributionMap":{}}]},{"date":"2025-03-12","commitResults":[{"hash":"57a1cf8b791f38256cfd0c20ad46c625c2a5582a","isMergeCommit":false,"messageTitle":"Removed excessive blank spaces","messageBody":"","fileTypesAndContributionMap":{"functional-code":{"insertions":0,"deletions":2}}}]},{"date":"2025-03-14","commitResults":[{"hash":"56a836ddcf22ed895ed50ed34fd4e3c876eefa56","isMergeCommit":false,"messageTitle":"Merge branch \u0027master\u0027 of https://github.com/AY2425S2-CS2113-W12-4/tP into branch-rchlai","messageBody":"# Conflicts:\n#\tsrc/main/java/seedu/duke/MoneyTrail.java\n","fileTypesAndContributionMap":{"functional-code":{"insertions":23,"deletions":1},"docs":{"insertions":2,"deletions":0}}},{"hash":"60dc24edf73c66b78b2384dd56482086e29035ca","isMergeCommit":true,"messageTitle":"Merge branch \u0027branch-solveMergeConflict\u0027 into branch-rchlai","messageBody":"","fileTypesAndContributionMap":{}},{"hash":"2b1341cc15538e047c81eee6dd565b17fc28793e","isMergeCommit":true,"messageTitle":"Merge branch \u0027master\u0027 of https://github.com/AY2425S2-CS2113-W12-4/tP into branch-rchlai","messageBody":"# Conflicts:\n#\tsrc/main/java/seedu/duke/Expense.java\n#\tsrc/main/java/seedu/duke/MTException.java\n#\tsrc/main/java/seedu/duke/MoneyTrail.java\n","fileTypesAndContributionMap":{}},{"hash":"e949d6f8cc8d83dc1fee731f82e39d3fe4162c75","isMergeCommit":false,"messageTitle":"Deleted Duke class","messageBody":"","fileTypesAndContributionMap":{"functional-code":{"insertions":0,"deletions":21}}},{"hash":"6e5a893683d2a153cbf441e1ce2ad3a6ff769c55","isMergeCommit":true,"messageTitle":"Merge pull request #27 from rchlai/branch-rchlai","messageBody":"Branch rchlai","fileTypesAndContributionMap":{}},{"hash":"bb31b191e9ba6419c98a8f6f2002c094bcc0eb78","isMergeCommit":true,"messageTitle":"Merge branch \u0027master\u0027 of https://github.com/AY2425S2-CS2113-W12-4/tP","messageBody":"","fileTypesAndContributionMap":{}},{"hash":"5975e556640706790167416ef0a7e123378a6d50","isMergeCommit":false,"messageTitle":"Created empty Storage class","messageBody":"","fileTypesAndContributionMap":{"functional-code":{"insertions":4,"deletions":0}}},{"hash":"d017c7d1feb4e357ba5c11983d2f5821e27047f0","isMergeCommit":false,"messageTitle":"Populated Storage class","messageBody":"","fileTypesAndContributionMap":{"functional-code":{"insertions":42,"deletions":0}}},{"hash":"155e82cf6c4208c9d4df41704607bc6f60414013","isMergeCommit":false,"messageTitle":"Modified main class to use Storage","messageBody":"","fileTypesAndContributionMap":{"functional-code":{"insertions":23,"deletions":3}}},{"hash":"f93a3448c8b12effcd7a14e57bd7734bf77155b2","isMergeCommit":true,"messageTitle":"Merge pull request #29 from rchlai/branch-rchlai","messageBody":"Branch rchlai","fileTypesAndContributionMap":{}},{"hash":"b488c0924a5b50ad7ad5973c9dfc36bc8d0c5062","isMergeCommit":false,"messageTitle":"Added product introduction in README file","messageBody":"","fileTypesAndContributionMap":{"docs":{"insertions":6,"deletions":2}}},{"hash":"bfae3ca58c7457111465a7901c3f7a048a7fa1e8","isMergeCommit":true,"messageTitle":"Merge pull request #30 from rchlai/branch-rchlai","messageBody":"Branch rchlai","fileTypesAndContributionMap":{}},{"hash":"3cc2e23bc1e0d0993a9d61e420fa0fd272e02033","isMergeCommit":false,"messageTitle":"Peformed JUnit testing on deleteEntry method","messageBody":"","fileTypesAndContributionMap":{"functional-code":{"insertions":1,"deletions":1},"test-code":{"insertions":39,"deletions":2}}},{"hash":"420f007a1a73f1b0f9004e46b953183eed51431e","isMergeCommit":true,"messageTitle":"Merge pull request #31 from rchlai/branch-rchlai","messageBody":"Branch rchlai","fileTypesAndContributionMap":{}}]},{"date":"2025-03-16","commitResults":[{"hash":"116a280cf51b713ad7c6d19f60cd69c31df3b9eb","isMergeCommit":false,"messageTitle":"Created empty TextUI class for handling UI","messageBody":"","fileTypesAndContributionMap":{"functional-code":{"insertions":4,"deletions":0},"test-code":{"insertions":5,"deletions":3}}},{"hash":"f4d4dfa6abfcf2b498b31aa231dd478ff722d5c2","isMergeCommit":false,"messageTitle":"Transferred UI concerns from MoneyTrail class to TextUI class","messageBody":"","fileTypesAndContributionMap":{"functional-code":{"insertions":52,"deletions":50}}},{"hash":"4c1c75b58af68a01002daafa30467ecf89ad64ac","isMergeCommit":false,"messageTitle":"Deleted unused import in DukeTest class","messageBody":"","fileTypesAndContributionMap":{"test-code":{"insertions":0,"deletions":1}}},{"hash":"2dfd67502e093d53bc5a41d6991a99c25de4fc90","isMergeCommit":false,"messageTitle":"Ended all class files with a new line","messageBody":"","fileTypesAndContributionMap":{"functional-code":{"insertions":1,"deletions":4}}},{"hash":"8de99e8a64ba90bb03e230a0a66339fa4ab2811b","isMergeCommit":true,"messageTitle":"Merge pull request #32 from rchlai/branch-rchlai","messageBody":"Branch rchlai","fileTypesAndContributionMap":{}},{"hash":"e46f88cc7bfbebbefa99449fca4dac9c23733fb4","isMergeCommit":false,"messageTitle":"Created MTLogger class to log info in each class","messageBody":"","fileTypesAndContributionMap":{"functional-code":{"insertions":63,"deletions":0}}},{"hash":"4a68f91432b3008d4521e541f7bec828111f616f","isMergeCommit":true,"messageTitle":"Merge pull request #33 from rchlai/branch-rchlai","messageBody":"Branch rchlai","fileTypesAndContributionMap":{}},{"hash":"bef96bc0820284d97a9f0e9372545e4b8e481a9a","isMergeCommit":false,"messageTitle":"Logging info in Storage class","messageBody":"","fileTypesAndContributionMap":{"functional-code":{"insertions":11,"deletions":4}}},{"hash":"f01138ec385c3e708126cd5a7c1e8ba9a03bb09a","isMergeCommit":true,"messageTitle":"Merge pull request #34 from rchlai/branch-rchlai","messageBody":"Branch rchlai","fileTypesAndContributionMap":{}},{"hash":"8fe0c2177db8b2a4416d2cb446abf1a1a7dec875","isMergeCommit":false,"messageTitle":"Added assertions in main class and Storage class","messageBody":"","fileTypesAndContributionMap":{"functional-code":{"insertions":14,"deletions":2},"other":{"insertions":2,"deletions":1}}},{"hash":"fa36bbd16b1622d74ccbb06a3b3cd69f4f998d2a","isMergeCommit":true,"messageTitle":"Merge pull request #35 from rchlai/branch-rchlai","messageBody":"Branch rchlai","fileTypesAndContributionMap":{}},{"hash":"4bdc52db3414d3931a094ea3719c666006f825eb","isMergeCommit":false,"messageTitle":"Moved FILE_PATH to Storage class for reusability","messageBody":"","fileTypesAndContributionMap":{"functional-code":{"insertions":10,"deletions":16}}},{"hash":"0c72ce3c30d2acad80be3b0a027429260625633a","isMergeCommit":true,"messageTitle":"Merge pull request #36 from rchlai/branch-rchlai","messageBody":"Branch rchlai","fileTypesAndContributionMap":{}}]},{"date":"2025-03-18","commitResults":[{"hash":"d751ddc5d203bf11d2aa21b6f9ba94df02a86f61","isMergeCommit":true,"messageTitle":"Merge branch \u0027master\u0027 into branch-rchlai","messageBody":"# Conflicts:\n#\tmt.log\n#\tmt.log.1\n","fileTypesAndContributionMap":{}},{"hash":"067ccac577688c41124bf1dcfe15d5e1eb258a63","isMergeCommit":true,"messageTitle":"Merge branch \u0027master\u0027 into branch-rchlai","messageBody":"# Conflicts:\n#\tmt.log.1\n","fileTypesAndContributionMap":{}},{"hash":"20e502b399888781e5146c772b20ded6d87e7cb5","isMergeCommit":false,"messageTitle":"Refactored some codes","messageBody":"","fileTypesAndContributionMap":{"functional-code":{"insertions":10,"deletions":12}}},{"hash":"40f71a9ee3aa5177edc0705b6ffef07f50adb855","isMergeCommit":false,"messageTitle":"Created a user guide (UG) draft","messageBody":"","fileTypesAndContributionMap":{"docs":{"insertions":104,"deletions":16}}},{"hash":"747369239653ebbb591aba55929a9b31ecbd0554","isMergeCommit":true,"messageTitle":"Merge pull request #43 from rchlai/branch-rchlai","messageBody":"Branch rchlai","fileTypesAndContributionMap":{}}]},{"date":"2025-03-20","commitResults":[{"hash":"676b98b7d88909b68b99b370e475a2e36b734e5b","isMergeCommit":false,"messageTitle":"Refactored code and created showAllAvailable() for help command","messageBody":"","fileTypesAndContributionMap":{"functional-code":{"insertions":29,"deletions":22}}},{"hash":"6e678c1900271dbf28e979ce7e1a67c79e6616e4","isMergeCommit":false,"messageTitle":"Created new MoneyList class","messageBody":"","fileTypesAndContributionMap":{"functional-code":{"insertions":4,"deletions":0}}},{"hash":"1356e72cd17bc6364b030e7125d4ecf49c6a058d","isMergeCommit":false,"messageTitle":"Populated and tested MoneyList class","messageBody":"","fileTypesAndContributionMap":{"functional-code":{"insertions":399,"deletions":200},"test-code":{"insertions":59,"deletions":10}}},{"hash":"3e648b602a34f49be68974094d72e397482411b9","isMergeCommit":false,"messageTitle":"Removed commented-out codes and fixed help function bug","messageBody":"","fileTypesAndContributionMap":{"functional-code":{"insertions":6,"deletions":189}}},{"hash":"d36a3d441cb9677cd601a567c69c76e5ff72e893","isMergeCommit":false,"messageTitle":"Refactored and removed commented-out codes, extended line divider","messageBody":"","fileTypesAndContributionMap":{"functional-code":{"insertions":7,"deletions":18},"test-code":{"insertions":0,"deletions":39}}},{"hash":"f759880aa91a3c37de9b20f91153facbec43d4bf","isMergeCommit":true,"messageTitle":"Merge pull request #45 from rchlai/branch-rchlai","messageBody":"Branch rchlai","fileTypesAndContributionMap":{}}]},{"date":"2025-03-22","commitResults":[{"hash":"7faf39b586e4b4c3f14637aefe1c8f21e7e4cd45","isMergeCommit":false,"messageTitle":"Drafted the developer guide (DG)","messageBody":"","fileTypesAndContributionMap":{"docs":{"insertions":3,"deletions":0}}},{"hash":"07d27f46f49eb13a91e2bc078cc327221129dc52","isMergeCommit":true,"messageTitle":"Merge branch \u0027master\u0027 into branch-rchlai","messageBody":"","fileTypesAndContributionMap":{}},{"hash":"73eb36e1ea4f230cba610820500fea23e1c12a2d","isMergeCommit":false,"messageTitle":"Written a few lines under Architecture Overview in DG","messageBody":"","fileTypesAndContributionMap":{"functional-code":{"insertions":3,"deletions":3},"docs":{"insertions":13,"deletions":2}}},{"hash":"3c461f789fb85a25c83a0378180235ff4eaaab78","isMergeCommit":true,"messageTitle":"Merge pull request #49 from rchlai/branch-rchlai","messageBody":"Branch rchlai","fileTypesAndContributionMap":{}}]},{"date":"2025-03-26","commitResults":[{"hash":"a94a50d12058e46143e35fdad64b05ea99d1df21","isMergeCommit":true,"messageTitle":"Merge branch \u0027master\u0027 into branch-rchlai","messageBody":"","fileTypesAndContributionMap":{}}]},{"date":"2025-03-28","commitResults":[{"hash":"2df6ea596b548fa531c3b7683d0cb6566811775b","isMergeCommit":false,"messageTitle":"Created StorageTest class","messageBody":"","fileTypesAndContributionMap":{"functional-code":{"insertions":29,"deletions":25},"test-code":{"insertions":149,"deletions":0}}},{"hash":"69d698cbda8e6350662bfe58e3e9569cdc78c142","isMergeCommit":false,"messageTitle":"Created first draft diagram of MT architecture","messageBody":"","fileTypesAndContributionMap":{"functional-code":{"insertions":60,"deletions":0}}},{"hash":"be41ac1144efbb27e8ee4a436e11db8cf8256286","isMergeCommit":false,"messageTitle":"Created first draft of delete task sequence","messageBody":"","fileTypesAndContributionMap":{"functional-code":{"insertions":67,"deletions":0}}},{"hash":"90084d5163c0bee2ef85eac30980e5c1bddc09fd","isMergeCommit":false,"messageTitle":"Created TextUITest class","messageBody":"","fileTypesAndContributionMap":{"test-code":{"insertions":116,"deletions":0}}},{"hash":"0198d2fd5b00d184474c7c331e3b612874e17c77","isMergeCommit":false,"messageTitle":"Added more tests in TextUITest class","messageBody":"","fileTypesAndContributionMap":{"test-code":{"insertions":111,"deletions":0}}},{"hash":"fdef6fb839c326b79ceccd3b66a035fe279d7f65","isMergeCommit":false,"messageTitle":"Added JavaDoc comments in TextUI class","messageBody":"","fileTypesAndContributionMap":{"functional-code":{"insertions":34,"deletions":1}}},{"hash":"9bf8a5df35e50036e98ddd9d6815273f9d675001","isMergeCommit":false,"messageTitle":"Added author tag in TextUITest \u0026 StorageTest","messageBody":"","fileTypesAndContributionMap":{"test-code":{"insertions":2,"deletions":4}}},{"hash":"5adc4d5f63322737e0a719cf36d86a3fb0a67bf7","isMergeCommit":true,"messageTitle":"Merge pull request #57 from rchlai/branch-rchlai","messageBody":"Branch rchlai","fileTypesAndContributionMap":{}}]},{"date":"2025-03-29","commitResults":[{"hash":"277f072e5dd572cdb4d761c80fa43a6f870229d8","isMergeCommit":true,"messageTitle":"Merge branch \u0027master\u0027 into branch-rchlai","messageBody":"","fileTypesAndContributionMap":{}},{"hash":"e553648f0aa8cdfaa8b3a3a89b1780742c275c25","isMergeCommit":false,"messageTitle":"Added JavaDoc comments in MoneyTrail class","messageBody":"","fileTypesAndContributionMap":{"functional-code":{"insertions":45,"deletions":36}}},{"hash":"eb24355e93b1b7f9218633703ee3b28e28fcbfea","isMergeCommit":false,"messageTitle":"Added JavaDocs in Storage class","messageBody":"","fileTypesAndContributionMap":{"functional-code":{"insertions":18,"deletions":0}}},{"hash":"ad478251294736cd07b93b7b9ecd083882e5e025","isMergeCommit":false,"messageTitle":"Added JavaDocs in MTLogger class","messageBody":"","fileTypesAndContributionMap":{"functional-code":{"insertions":25,"deletions":0}}},{"hash":"ccefbfb66459f535bcb3378bef3b68a7308310d6","isMergeCommit":false,"messageTitle":"Added JavaDocs in Command interface","messageBody":"","fileTypesAndContributionMap":{"functional-code":{"insertions":37,"deletions":0}}},{"hash":"4bc0a1b8b4f23be67885791211d8962a87a2973b","isMergeCommit":false,"messageTitle":"Updated UG","messageBody":"","fileTypesAndContributionMap":{"docs":{"insertions":85,"deletions":11}}},{"hash":"1ef4f3229350c76ff2d7a24bf4d204a57dd3240b","isMergeCommit":false,"messageTitle":"Added JavaDocs in and refactored Expense class","messageBody":"","fileTypesAndContributionMap":{"functional-code":{"insertions":29,"deletions":2}}},{"hash":"f042d04f235f303d5d20ec35f922125a1037f6b7","isMergeCommit":false,"messageTitle":"Fixed test bugs in AddExpenseTest class","messageBody":"","fileTypesAndContributionMap":{"functional-code":{"insertions":74,"deletions":0},"test-code":{"insertions":11,"deletions":8}}},{"hash":"9cbbabf2e3a310f8af5fcde617e568396450341d","isMergeCommit":true,"messageTitle":"Merge pull request #63 from rchlai/branch-rchlai","messageBody":"Branch rchlai","fileTypesAndContributionMap":{}}]},{"date":"2025-03-31","commitResults":[{"hash":"4a569350d625b9d6bcf99c63aa30547c24263b36","isMergeCommit":true,"messageTitle":"Merge branch \u0027master\u0027 into branch-rchlai","messageBody":"","fileTypesAndContributionMap":{}},{"hash":"f9bdc4c0c4c128702cfcc08e5819c4b2d84686ad","isMergeCommit":false,"messageTitle":"Created clearListCommand class","messageBody":"","fileTypesAndContributionMap":{"functional-code":{"insertions":20,"deletions":0},"docs":{"insertions":0,"deletions":0}}},{"hash":"52833e001cf9a16abb8a7a9e73c22b617a7b6abe","isMergeCommit":false,"messageTitle":"Optimized commands \u0026 tested ClearListCommand","messageBody":"","fileTypesAndContributionMap":{"functional-code":{"insertions":21,"deletions":12},"test-code":{"insertions":66,"deletions":3}}},{"hash":"eeaad765e1220315386ca0bc3471277c2761e6fc","isMergeCommit":false,"messageTitle":"Updated UG","messageBody":"","fileTypesAndContributionMap":{"docs":{"insertions":44,"deletions":29}}},{"hash":"26dbe4dd8ad976758058f43e79a9ee60ffec0be4","isMergeCommit":true,"messageTitle":"Merge branch \u0027master\u0027 into branch-rchlai","messageBody":"","fileTypesAndContributionMap":{}},{"hash":"30ad2edea55ff29033451418036d995ce26a4e68","isMergeCommit":false,"messageTitle":"Tested TotalExpenseCommand class","messageBody":"","fileTypesAndContributionMap":{"functional-code":{"insertions":3,"deletions":4},"test-code":{"insertions":38,"deletions":1}}}]},{"date":"2025-04-01","commitResults":[{"hash":"90334cc992945e2d3ae88acb1b90ea05ef0a3fc8","isMergeCommit":true,"messageTitle":"Merge branch \u0027master\u0027 into branch-rchlai","messageBody":"# Conflicts:\n#\tmt.log\n#\tmt.txt\n#\tsrc/main/java/seedu/duke/Parser.java\n","fileTypesAndContributionMap":{}},{"hash":"49c2096881552bba8aa17dfe791f395d63be9b0e","isMergeCommit":false,"messageTitle":"Updated UG \u0026 optimized commands","messageBody":"","fileTypesAndContributionMap":{"functional-code":{"insertions":19,"deletions":10},"docs":{"insertions":79,"deletions":24}}},{"hash":"53648350a015552dfaeed5cc097d0b82974a2367","isMergeCommit":true,"messageTitle":"Merge pull request #68 from rchlai/branch-rchlai","messageBody":"Branch rchlai","fileTypesAndContributionMap":{}},{"hash":"d1980dca7204a34e049fac87f1262abdcd59cb2f","isMergeCommit":false,"messageTitle":"Applied SLAP for parseAddExpenseCommand method","messageBody":"","fileTypesAndContributionMap":{"functional-code":{"insertions":131,"deletions":58}}},{"hash":"533d4a515c7845b2228d73e691ab1e903eada1c6","isMergeCommit":true,"messageTitle":"Merge pull request #69 from rchlai/branch-rchlai","messageBody":"Branch rchlai","fileTypesAndContributionMap":{}},{"hash":"b452772bfee85e728e83450c94d754c5a7fe3f3f","isMergeCommit":false,"messageTitle":"Provided appropriate author tags","messageBody":"","fileTypesAndContributionMap":{"functional-code":{"insertions":50,"deletions":0}}},{"hash":"f84ace03f15ae8d7e00c5e93030a084eb45a2dc8","isMergeCommit":true,"messageTitle":"Merge branch \u0027master\u0027 into branch-rchlai","messageBody":"# Conflicts:\n#\tsrc/main/java/seedu/duke/Command.java\n#\tsrc/main/java/seedu/duke/Parser.java\n","fileTypesAndContributionMap":{}},{"hash":"e830e4e27070dd8fcb3ae04c24732e1c7c504c71","isMergeCommit":false,"messageTitle":"Applied SLAP in Parser class","messageBody":"","fileTypesAndContributionMap":{"functional-code":{"insertions":279,"deletions":264}}},{"hash":"ca6319a31fd7a384aea2e59705558299351f7275","isMergeCommit":true,"messageTitle":"Merge pull request #73 from rchlai/branch-rchlai","messageBody":"Branch rchlai","fileTypesAndContributionMap":{}},{"hash":"803d258908e98012735aa7ae61a20aa7d86c7a87","isMergeCommit":false,"messageTitle":"Created draft architecture diagram","messageBody":"","fileTypesAndContributionMap":{"functional-code":{"insertions":18,"deletions":0}}},{"hash":"80cf99981732db029eb52706b359c73ea80eeb49","isMergeCommit":true,"messageTitle":"Merge branch \u0027master\u0027 into branch-rchlai","messageBody":"","fileTypesAndContributionMap":{}},{"hash":"c2fb307ba5ff0883793f9bdfc43fbe74e5c1a870","isMergeCommit":false,"messageTitle":"Reformated table in DG","messageBody":"","fileTypesAndContributionMap":{"docs":{"insertions":4,"deletions":4}}},{"hash":"75227ca4f656634fb16e7184d70f13804381125e","isMergeCommit":true,"messageTitle":"Merge branch \u0027master\u0027 into branch-rchlai","messageBody":"","fileTypesAndContributionMap":{}},{"hash":"08c7b90f678edd5665f8f2535233ddeef9ae6062","isMergeCommit":false,"messageTitle":"Updated UG and DG","messageBody":"","fileTypesAndContributionMap":{"functional-code":{"insertions":0,"deletions":18},"docs":{"insertions":166,"deletions":67}}},{"hash":"1a5b373497daddcd4cbab69335902a4f8555e67b","isMergeCommit":true,"messageTitle":"Merge pull request #74 from rchlai/branch-rchlai","messageBody":"Branch rchlai","tags":["v2.0"],"fileTypesAndContributionMap":{}}]},{"date":"2025-04-02","commitResults":[{"hash":"ddd29084b592603fa9788ce44dedede25a88047e","isMergeCommit":false,"messageTitle":"Updated architecture section of DG","messageBody":"","fileTypesAndContributionMap":{"docs":{"insertions":217,"deletions":72}}},{"hash":"1f8c06410446ca89a79f89553c3edbfe2b9b2076","isMergeCommit":true,"messageTitle":"Merge pull request #75 from rchlai/branch-rchlai","messageBody":"Updated architecture section of DG","fileTypesAndContributionMap":{}},{"hash":"d05aefe7f62190126af90cb7dc26667d8a96dceb","isMergeCommit":false,"messageTitle":"Created Parser section in DG","messageBody":"","fileTypesAndContributionMap":{"docs":{"insertions":110,"deletions":7}}},{"hash":"a5433c8c660773815ccabb975ee93cc91f7c32e9","isMergeCommit":false,"messageTitle":"Added Storage, Command, \u0026 MoneyList components in DG","messageBody":"","fileTypesAndContributionMap":{"docs":{"insertions":310,"deletions":4}}},{"hash":"8d9ee0793743ae72d75a15a004b38849774c95b1","isMergeCommit":true,"messageTitle":"Merge pull request #76 from rchlai/branch-rchlai","messageBody":"Branch rchlai","fileTypesAndContributionMap":{}},{"hash":"6fee90efa7993ab4dd22dac21dba4cb36e0fc09b","isMergeCommit":false,"messageTitle":"Created Expense and Income section in DG","messageBody":"","fileTypesAndContributionMap":{"docs":{"insertions":170,"deletions":10}}},{"hash":"35fd3c9f96d1fbbc5cdd7db70d36c58854a179ed","isMergeCommit":true,"messageTitle":"Merge branch \u0027master\u0027 into branch-rchlai","messageBody":"","fileTypesAndContributionMap":{}},{"hash":"418ff57e44964911726fe186d5e5d8a2bbfb424f","isMergeCommit":true,"messageTitle":"Merge pull request #77 from rchlai/branch-rchlai","messageBody":"Branch rchlai","fileTypesAndContributionMap":{}},{"hash":"bf23ed5d1942b044f1255c99dc69608b12bfe92b","isMergeCommit":false,"messageTitle":"Created delete feature in DG","messageBody":"","fileTypesAndContributionMap":{"docs":{"insertions":117,"deletions":24}}},{"hash":"f8fb98fd4a8d6023e44cab90e40848c0ffdeadd1","isMergeCommit":true,"messageTitle":"Merge branch \u0027master\u0027 into branch-rchlai","messageBody":"","fileTypesAndContributionMap":{}},{"hash":"eaf66292226b452a8592bcec760815c36a1575fb","isMergeCommit":false,"messageTitle":"Added exit feature in DG","messageBody":"","fileTypesAndContributionMap":{"docs":{"insertions":136,"deletions":30}}},{"hash":"ec798ec1746ae02c95c43efeb7a5b25b2f990f39","isMergeCommit":false,"messageTitle":"Updated value proposition.","messageBody":"","fileTypesAndContributionMap":{"docs":{"insertions":4,"deletions":3}}},{"hash":"d84207937114a1f86161731839839d41a8060b47","isMergeCommit":false,"messageTitle":"Updated section links","messageBody":"","fileTypesAndContributionMap":{"docs":{"insertions":17,"deletions":17}}},{"hash":"a51342b47b830c4d8519d22fea5f1df999a66e6d","isMergeCommit":true,"messageTitle":"Merge branch \u0027master\u0027 into branch-rchlai","messageBody":"# Conflicts:\n#\tdocs/diagrams/Exit_Seq.puml\n#\tdocs/diagrams/Exit_Sequence.png\n","fileTypesAndContributionMap":{}},{"hash":"11de85eb504b9eded8e9b25e0ca876566679ac3d","isMergeCommit":true,"messageTitle":"Merge pull request #81 from rchlai/branch-rchlai","messageBody":"Branch rchlai","fileTypesAndContributionMap":{}}]},{"date":"2025-04-03","commitResults":[{"hash":"70743a660fa3bcf7388c86475c13cfc2882a6fd6","isMergeCommit":true,"messageTitle":"Merge branch \u0027master\u0027 into branch-rchlai","messageBody":"","fileTypesAndContributionMap":{}},{"hash":"f632dc7a5c76d02ee8e06fb92d93d51ca1d2d170","isMergeCommit":false,"messageTitle":"Polished DG","messageBody":"","fileTypesAndContributionMap":{"docs":{"insertions":15,"deletions":10}}},{"hash":"91ab7e2224179ed836e3080a022eca38d55ee05c","isMergeCommit":true,"messageTitle":"Merge pull request #83 from rchlai/branch-rchlai","messageBody":"Branch rchlai","tags":["v2.0b"],"fileTypesAndContributionMap":{}}]},{"date":"2025-04-04","commitResults":[{"hash":"6c46e1b1a84b8a1ddb52a204573bcbc5c93fe32c","isMergeCommit":false,"messageTitle":"Created the Project PortFolio Page","messageBody":"","fileTypesAndContributionMap":{"docs":{"insertions":66,"deletions":6}}},{"hash":"8d10f90aeb7f046b33f1b9ca30416e90c116c609","isMergeCommit":true,"messageTitle":"Merge branch \u0027master\u0027 into branch-rchlai","messageBody":"","fileTypesAndContributionMap":{}},{"hash":"9143d008540c700d26ed1f961e2bc8b94422ca54","isMergeCommit":false,"messageTitle":"Added remaining JavaDoc comments","messageBody":"","fileTypesAndContributionMap":{"functional-code":{"insertions":313,"deletions":23}}},{"hash":"c4c9ce28de6ac714c5dd5cd35bb7a2540f2060ff","isMergeCommit":true,"messageTitle":"Merge pull request #89 from rchlai/branch-rchlai","messageBody":"Branch rchlai","fileTypesAndContributionMap":{}},{"hash":"bb5fb0b9de107cb28468d7e23d656fe7c1ed6e28","isMergeCommit":true,"messageTitle":"Merge branch \u0027master\u0027 into branch-rchlai","messageBody":"","fileTypesAndContributionMap":{}},{"hash":"1ad6d57a26a7b7f9d0c18c7cc45600f100ebf0c7","isMergeCommit":false,"messageTitle":"Updated UG","messageBody":"","fileTypesAndContributionMap":{"docs":{"insertions":4,"deletions":18}}},{"hash":"473ab7157344f2878f1d8eba1fa2b0b3c214adf7","isMergeCommit":false,"messageTitle":"Tweaked DG","messageBody":"","fileTypesAndContributionMap":{"docs":{"insertions":2,"deletions":3}}},{"hash":"6e4d09c74d14a2160cdda50a5a08efed278a227e","isMergeCommit":true,"messageTitle":"Merge pull request #91 from rchlai/branch-rchlai","messageBody":"Branch rchlai","tags":["v2.0c"],"fileTypesAndContributionMap":{}}]}],"EdwinTun98":[{"date":"2025-03-05","commitResults":[{"hash":"0b9396d9b740e9b3460f83ddc31a28d4c7d00912","isMergeCommit":false,"messageTitle":"Update the first line in the docs/AboutUs.md","messageBody":"","fileTypesAndContributionMap":{"docs":{"insertions":7,"deletions":7}}}]},{"date":"2025-03-12","commitResults":[{"hash":"f716b2039b1823de300765f06ff52e6d2e8727d8","isMergeCommit":true,"messageTitle":"Merge branch \u0027master\u0027 of https://github.com/AY2425S2-CS2113-W12-4/tp into edwin-AboutUs","messageBody":"# Conflicts:\n#\tdocs/AboutUs.md\n","fileTypesAndContributionMap":{}},{"hash":"02dea92474f7c3c3c846aef48361e7efdf4d5bd2","isMergeCommit":true,"messageTitle":"Merge pull request #3 from EdwinTun98/edwin-AboutUs","messageBody":"Update the first line in the docs/AboutUs.md","fileTypesAndContributionMap":{}}]},{"date":"2025-03-18","commitResults":[{"hash":"1174c4b603430baec234d255f5ba6551ffe6864d","isMergeCommit":false,"messageTitle":"list summary and find entry","messageBody":"","fileTypesAndContributionMap":{"functional-code":{"insertions":64,"deletions":12}}},{"hash":"db54e9caea0bc153062053526132f4a0f323c20d","isMergeCommit":true,"messageTitle":"Merge branch \u0027master\u0027 into branch-edwin","messageBody":"# Conflicts:\n#\tmt.log\n#\tmt.log.1\n","fileTypesAndContributionMap":{}},{"hash":"5e2507c36be55f571fc6db78da150538f02eee6c","isMergeCommit":true,"messageTitle":"Merge pull request #38 from EdwinTun98/branch-edwin","messageBody":"Branch-edwin\nAdd List summary and Find entry","fileTypesAndContributionMap":{}}]},{"date":"2025-03-31","commitResults":[{"hash":"0261d255bb66c6c35ab3826d0d60a5b78c794dbf","isMergeCommit":false,"messageTitle":"added EditExpense","messageBody":"","fileTypesAndContributionMap":{"functional-code":{"insertions":124,"deletions":6}}},{"hash":"ae76cf8556ec49516b4dda131ea1809325ee5aab","isMergeCommit":true,"messageTitle":"Merge commit \u0027f114f3e120c2c1e098f5c966b087310acf60f0b1\u0027 into branch-edwin","messageBody":"# Conflicts:\n#\tmt.log\n#\tmt.log.1\n#\tmt.log.2\n#\tmt.txt\n#\tsrc/main/java/seedu/duke/Command.java\n#\tsrc/main/java/seedu/duke/MoneyList.java\n#\tsrc/main/java/seedu/duke/Parser.java\n","fileTypesAndContributionMap":{}}]},{"date":"2025-04-01","commitResults":[{"hash":"21e74ea91e4beb72735b9d07cd77c5181a8ed91f","isMergeCommit":false,"messageTitle":"added Edit Expenses with partial edits","messageBody":"","fileTypesAndContributionMap":{"functional-code":{"insertions":175,"deletions":80}}},{"hash":"56dd6a40902a56d639ef7bddfec775674c8ac476","isMergeCommit":false,"messageTitle":"no message","messageBody":"","fileTypesAndContributionMap":{"functional-code":{"insertions":6,"deletions":5}}},{"hash":"451ed492d6a6ec854b4188845f869fb545040292","isMergeCommit":true,"messageTitle":"Merge pull request #67 from EdwinTun98/branch-edwin","messageBody":"Branch edwin","fileTypesAndContributionMap":{}},{"hash":"ffdcb0cb9fa3daad545bf4b22749b86e3b7a708a","isMergeCommit":false,"messageTitle":"added cat budget and list budget","messageBody":"","fileTypesAndContributionMap":{"functional-code":{"insertions":171,"deletions":6}}},{"hash":"581fd1074b513bb89ec2aaae6b32ff6e79c6fdfa","isMergeCommit":true,"messageTitle":"Merge branch \u0027master\u0027 into branch-edwin","messageBody":"comminting after resolving\n","fileTypesAndContributionMap":{}}]},{"date":"2025-04-02","commitResults":[{"hash":"dacd860a51069fe9d45742d66b6d4f99350b96b3","isMergeCommit":false,"messageTitle":"Merge branch \u0027master\u0027 into branch-edwin","messageBody":"# Conflicts:\n#\tmt.log\n#\tsrc/main/java/seedu/duke/Command.java\n#\tsrc/main/java/seedu/duke/Parser.java\n#\tsrc/main/java/seedu/duke/Storage.java\n#\tsrc/main/java/seedu/duke/TextUI.java\n","fileTypesAndContributionMap":{"docs":{"insertions":26,"deletions":2}}},{"hash":"9d0b6a44056cc68b3ed7ff74f1e911a6370c9a11","isMergeCommit":true,"messageTitle":"Merge branch \u0027master\u0027 into branch-edwin","messageBody":"# Conflicts:\n#\tdocs/DeveloperGuide.md\n#\tmt.log\n","fileTypesAndContributionMap":{}},{"hash":"7bcb87a69160cd2790d4d2c5d3a76827905270ce","isMergeCommit":false,"messageTitle":"added budget class, Total Expenses, Category expenses","messageBody":"","fileTypesAndContributionMap":{"functional-code":{"insertions":272,"deletions":46}}},{"hash":"8512830001e9dc8535d48a48c35c1b99ed168fc5","isMergeCommit":true,"messageTitle":"Merge branch \u0027master\u0027 into branch-edwin","messageBody":"","fileTypesAndContributionMap":{}},{"hash":"6850ffdfbd2442c82da5df59b7cbac06d8b19bff","isMergeCommit":false,"messageTitle":"no message","messageBody":"","fileTypesAndContributionMap":{"functional-code":{"insertions":0,"deletions":2}}},{"hash":"8387c6a85b4e8407353cbad49ef97c98764a5481","isMergeCommit":false,"messageTitle":"edit CI errors","messageBody":"","fileTypesAndContributionMap":{"functional-code":{"insertions":13,"deletions":14}}},{"hash":"37f5fe7e5141f54cd54096e819e35d69a0ae5870","isMergeCommit":false,"messageTitle":"no message","messageBody":"","fileTypesAndContributionMap":{"functional-code":{"insertions":0,"deletions":1}}},{"hash":"db150b78a317f20fecb7177fffe909fe9c63726a","isMergeCommit":false,"messageTitle":"CI error fixed","messageBody":"","fileTypesAndContributionMap":{"test-code":{"insertions":2,"deletions":2}}},{"hash":"116600ac2728a167c26ca628a62f4325461df488","isMergeCommit":false,"messageTitle":"no message","messageBody":"","fileTypesAndContributionMap":{"functional-code":{"insertions":7,"deletions":2},"test-code":{"insertions":3,"deletions":3}}},{"hash":"411185249708b07ce93a6ca63b09a8a229b303fb","isMergeCommit":false,"messageTitle":"no message","messageBody":"","fileTypesAndContributionMap":{"test-code":{"insertions":5,"deletions":5}}},{"hash":"ee0ce7a4999b5031af5d7de1a6b5bb90e4253578","isMergeCommit":false,"messageTitle":"no message","messageBody":"","fileTypesAndContributionMap":{"test-code":{"insertions":1,"deletions":25}}},{"hash":"cd653f2e51ea907df5a0c39df1db627f3992b5ac","isMergeCommit":true,"messageTitle":"Merge pull request #78 from EdwinTun98/branch-edwin","messageBody":"Branch edwin","fileTypesAndContributionMap":{}},{"hash":"dfc15a806e0ed2417c6465d3efda292e1a6c5a3c","isMergeCommit":false,"messageTitle":"diagrams","messageBody":"","fileTypesAndContributionMap":{"docs":{"insertions":101,"deletions":0},"test-code":{"insertions":1,"deletions":1}}},{"hash":"1c14ff31b19cd359761e62a51f7e761f068063a2","isMergeCommit":false,"messageTitle":"no message","messageBody":"","fileTypesAndContributionMap":{"docs":{"insertions":82,"deletions":20}}},{"hash":"bc9275a520a58dc761be90b8b10fcceab38c468b","isMergeCommit":true,"messageTitle":"Merge branch \u0027master\u0027 into branch-edwin","messageBody":"# Conflicts:\n#\tdocs/diagrams/Exit_Seq.puml\n#\tdocs/diagrams/Exit_Sequence.png\n#\tdocs/diagrams/Help_Seq.puml\n#\tdocs/diagrams/Help_Sequence.png\n","fileTypesAndContributionMap":{}},{"hash":"94b3aed669b8c945327d83ae3b0e2234b515b9be","isMergeCommit":false,"messageTitle":"no message","messageBody":"","fileTypesAndContributionMap":{"docs":{"insertions":15,"deletions":3}}},{"hash":"921b3fbb5af197a3f0ca95395e8b0275a9820ed3","isMergeCommit":true,"messageTitle":"Merge branch \u0027master\u0027 into branch-edwin","messageBody":"","fileTypesAndContributionMap":{}}]},{"date":"2025-04-03","commitResults":[{"hash":"c93277bdca3ab233f33f016fc11be2e348cda7c2","isMergeCommit":false,"messageTitle":"Diagram add for Edwin","messageBody":"","fileTypesAndContributionMap":{"docs":{"insertions":195,"deletions":1}}},{"hash":"cb944f09d86f418292b94204d7754f07bc4bb9ae","isMergeCommit":true,"messageTitle":"Merge pull request #82 from EdwinTun98/branch-edwin","messageBody":"Branch edwin DG","fileTypesAndContributionMap":{}},{"hash":"8c979a0b083c7f90d5c55ada486ea126ef3b26bd","isMergeCommit":false,"messageTitle":"Bug Fix for check and set Budget/set Category Budget.","messageBody":"","fileTypesAndContributionMap":{"functional-code":{"insertions":94,"deletions":26}}},{"hash":"006b45c8c7efb2c040ce8d208726813c529a2f84","isMergeCommit":true,"messageTitle":"Merge branch \u0027master\u0027 into branch-edwin","messageBody":"","fileTypesAndContributionMap":{}},{"hash":"33474310de4b3a9422bdea2a874071c4c0677f5c","isMergeCommit":false,"messageTitle":"fix CI error","messageBody":"","fileTypesAndContributionMap":{"functional-code":{"insertions":5,"deletions":4},"test-code":{"insertions":2,"deletions":2}}},{"hash":"e6060d234e1743e0154db196659e56924023c14f","isMergeCommit":false,"messageTitle":"no message","messageBody":"","fileTypesAndContributionMap":{"functional-code":{"insertions":2,"deletions":1},"test-code":{"insertions":3,"deletions":2}}},{"hash":"0ca4c64decb33276f76e5f7fb1016d12b6a40b58","isMergeCommit":true,"messageTitle":"Merge pull request #84 from EdwinTun98/branch-edwin","messageBody":"Bug Fix for check and set Budget/set Category Budget.","fileTypesAndContributionMap":{}},{"hash":"d5cd2148aeb08a5e8e3456714cd53db30596aeda","isMergeCommit":false,"messageTitle":"tag author","messageBody":"","fileTypesAndContributionMap":{"functional-code":{"insertions":7,"deletions":4},"test-code":{"insertions":1,"deletions":1}}},{"hash":"0b056779bb30b5afb73163c616dea4e327321f62","isMergeCommit":false,"messageTitle":"no message","messageBody":"","fileTypesAndContributionMap":{"functional-code":{"insertions":1,"deletions":0}}},{"hash":"a185ee87d7e1eddd33fccfb2dcbb45c33a01ed31","isMergeCommit":true,"messageTitle":"Merge pull request #85 from EdwinTun98/branch-edwin","messageBody":"add author Tag for hansel","fileTypesAndContributionMap":{}},{"hash":"507e19042f8f8ca75298ce2279ae0e3f15dd4ca4","isMergeCommit":false,"messageTitle":"Refactor codes for editExpenses, checkExpenses, setCategoryLimit","messageBody":"","fileTypesAndContributionMap":{"functional-code":{"insertions":106,"deletions":147}}},{"hash":"d3cb13a37d247a57ffd5870bcc95c40004d04c7d","isMergeCommit":true,"messageTitle":"Merge branch \u0027master\u0027 into branch-edwin","messageBody":"","fileTypesAndContributionMap":{}},{"hash":"abb839f2da1fabcf9a50fa64c9b2ea4956f74aa7","isMergeCommit":false,"messageTitle":"no message","messageBody":"","fileTypesAndContributionMap":{"functional-code":{"insertions":4,"deletions":4}}},{"hash":"b93d6509118d3881e0a9f470f9cf6c541fadcca8","isMergeCommit":true,"messageTitle":"Merge pull request #86 from EdwinTun98/branch-edwin","messageBody":"Branch edwin","fileTypesAndContributionMap":{}},{"hash":"6838b4bb35540f93778b2448373173d8537b3b47","isMergeCommit":false,"messageTitle":"Added testing codes","messageBody":"","fileTypesAndContributionMap":{"functional-code":{"insertions":29,"deletions":4},"test-code":{"insertions":477,"deletions":56}}},{"hash":"fb8b1cf6b143983b9f5d05b0899d96bbcb03b294","isMergeCommit":false,"messageTitle":"Add JavaDocs to Code","messageBody":"","fileTypesAndContributionMap":{"functional-code":{"insertions":64,"deletions":0},"test-code":{"insertions":112,"deletions":19}}},{"hash":"a996d018447b0c132947fb67e07f5e56d81db1e3","isMergeCommit":false,"messageTitle":"no message","messageBody":"","fileTypesAndContributionMap":{"test-code":{"insertions":31,"deletions":13}}},{"hash":"4b27e4e0d2009bf5d86c73f96bdb9bd0e6c9a6f2","isMergeCommit":true,"messageTitle":"Merge pull request #87 from EdwinTun98/branch-edwin","messageBody":"Branch edwin","fileTypesAndContributionMap":{}}]},{"date":"2025-04-04","commitResults":[{"hash":"3834d6a0f6eac69a943f4e5633a37bd511de4a1a","isMergeCommit":false,"messageTitle":"no message","messageBody":"","fileTypesAndContributionMap":{"docs":{"insertions":79,"deletions":0}}},{"hash":"e7fe7cd348d37c5ff530b75d447d846c42a0682e","isMergeCommit":true,"messageTitle":"Merge pull request #93 from EdwinTun98/branch-edwin","messageBody":"edwin Branch add ppp","fileTypesAndContributionMap":{}},{"hash":"6dea856f3b4541b4016888373aa5db4ad0c7f297","isMergeCommit":false,"messageTitle":"Rename EdwinTun98.md to edwintun98.md","messageBody":"","fileTypesAndContributionMap":{"docs":{"insertions":1,"deletions":1}}},{"hash":"b0f1588860c4286fbddef40215165dbd9ed94560","isMergeCommit":true,"messageTitle":"Merge pull request #95 from AY2425S2-CS2113-W12-4/EdwinTun98-patch-1","messageBody":"Rename EdwinTun98.md to edwintun98.md","fileTypesAndContributionMap":{}}]}],"Hansel-K":[{"date":"2025-03-05","commitResults":[{"hash":"3ab24037aeb2c9009c69af85e05450e8aa091d71","isMergeCommit":false,"messageTitle":"Update docs/AboutUs.md","messageBody":"","fileTypesAndContributionMap":{"docs":{"insertions":3,"deletions":7}}},{"hash":"de4684f153888c5496cb1c6e2f31a6542e9fdf54","isMergeCommit":true,"messageTitle":"Merge pull request #1 from Hansel-K/Hansel-AboutUs-branch","messageBody":"Update docs/AboutUs.md","fileTypesAndContributionMap":{}}]},{"date":"2025-03-07","commitResults":[{"hash":"2525fecd180af1fbd693ec3b233c063790df7db0","isMergeCommit":false,"messageTitle":"Main file skeleton and Entry class skeleton for adding entries","messageBody":"","fileTypesAndContributionMap":{"functional-code":{"insertions":102,"deletions":0}}}]},{"date":"2025-03-18","commitResults":[{"hash":"476839f90b3e42ac938145ca2c2158099b570fa7","isMergeCommit":true,"messageTitle":"Merge branch \u0027master\u0027 of https://github.com/AY2425S2-CS2113-W12-4/tp into Hansel-AboutUs-branch","messageBody":"","fileTypesAndContributionMap":{}},{"hash":"787188fc64996779058f93e433fe7ff081a59df3","isMergeCommit":false,"messageTitle":"Added totalExpense and setTotalBudget","messageBody":"","fileTypesAndContributionMap":{"functional-code":{"insertions":71,"deletions":3},"other":{"insertions":1,"deletions":1}}},{"hash":"e8f4f4d600880dc82bbbd3069ec43cac45080f9f","isMergeCommit":false,"messageTitle":"Changes to fix pull request","messageBody":"","fileTypesAndContributionMap":{"functional-code":{"insertions":1,"deletions":91}}},{"hash":"e2ad803183f81ca2ea3f565f17a2da024e2ccd3c","isMergeCommit":true,"messageTitle":"Merge pull request #41 from Hansel-K/Hansel-AboutUs-branch","messageBody":"Added totalExpense and setTotalBudget","fileTypesAndContributionMap":{}}]},{"date":"2025-03-19","commitResults":[{"hash":"9d9de900bf887c7282778397d09bdaa0e6de84ac","isMergeCommit":true,"messageTitle":"Merge branch \u0027master\u0027 of https://github.com/AY2425S2-CS2113-W12-4/tp into Hansel-AboutUs-branch","messageBody":"","fileTypesAndContributionMap":{}}]},{"date":"2025-03-21","commitResults":[{"hash":"0f7f9ab8c08ff1b3b7bc808c6c70715cd238b208","isMergeCommit":true,"messageTitle":"Merging upstream with Hansel-AboutUs-branch","messageBody":"","fileTypesAndContributionMap":{}}]},{"date":"2025-03-22","commitResults":[{"hash":"4f16c6559875bb07560c7dfd62370c14f881840d","isMergeCommit":false,"messageTitle":"Added optional parameter \"Category\" to addExpense and modified Expense class accordingly.  Amount variable is stored as 2 d.p. value and printed as such as well.","messageBody":"","fileTypesAndContributionMap":{"functional-code":{"insertions":63,"deletions":19}}},{"hash":"25ede2a645b7bd04d7ce85c06cb3ec5139d53499","isMergeCommit":true,"messageTitle":"Merge pull request #46 from Hansel-K/Hansel-AboutUs-branch","messageBody":"Adding \"category\" parameter to addExpense method","fileTypesAndContributionMap":{}},{"hash":"0bcaff98aac5636223cd07339ef897d1cb4243c7","isMergeCommit":false,"messageTitle":"Fixed some bugs for addExpense, updated UserGuide and instruction list under \"help\" command","messageBody":"","fileTypesAndContributionMap":{"functional-code":{"insertions":12,"deletions":6},"docs":{"insertions":4,"deletions":1}}},{"hash":"9972bb082779f1d1df4f2219b1e7a73f4cf79f75","isMergeCommit":false,"messageTitle":"Added listCats() method to list categories of entries in order of appearance","messageBody":"","fileTypesAndContributionMap":{"functional-code":{"insertions":51,"deletions":0}}}]},{"date":"2025-03-23","commitResults":[{"hash":"26c48dd793d95329cc03484075c99ee244a7b797","isMergeCommit":true,"messageTitle":"Merge branch \u0027master\u0027 of https://github.com/AY2425S2-CS2113-W12-4/tp into Hansel-AboutUs-branch","messageBody":"","fileTypesAndContributionMap":{}},{"hash":"31b43ce8256234ff0d5599cc75c78fd667d779b3","isMergeCommit":true,"messageTitle":"Merge pull request #50 from Hansel-K/Hansel-AboutUs-branch","messageBody":"Added listCats() method to list categories of entries in order of appearance","fileTypesAndContributionMap":{}}]},{"date":"2025-03-24","commitResults":[{"hash":"2e123f1f240684c3340aa9a232e4629a963da799","isMergeCommit":false,"messageTitle":"help command printed lines updated","messageBody":"","fileTypesAndContributionMap":{"functional-code":{"insertions":2,"deletions":1}}},{"hash":"f00d5f58fee78f7e1b7bb0cdc6c04929fc8a24c3","isMergeCommit":true,"messageTitle":"Merge pull request #51 from Hansel-K/Hansel-AboutUs-branch","messageBody":"Updated \"help\" command","fileTypesAndContributionMap":{}},{"hash":"d55f5b19caad9c65c106dd638c942e49f0882d44","isMergeCommit":false,"messageTitle":"Added JUnit testing for the addExpense command","messageBody":"","fileTypesAndContributionMap":{"test-code":{"insertions":74,"deletions":0}}},{"hash":"715e24796e561bf5e32d96088769290e7357eb59","isMergeCommit":false,"messageTitle":"Fixed code to pass pull request checks","messageBody":"","fileTypesAndContributionMap":{"test-code":{"insertions":6,"deletions":1}}},{"hash":"504858f8fd654a2e9a8b01e37311a2a3022a8922","isMergeCommit":false,"messageTitle":"Fixed bugs causing AddExpenseTest build to fail","messageBody":"","fileTypesAndContributionMap":{"functional-code":{"insertions":5,"deletions":7},"test-code":{"insertions":11,"deletions":15}}},{"hash":"73c971c06a3bd3a8410df593caf0e3675b1eb200","isMergeCommit":true,"messageTitle":"Merge pull request #53 from Hansel-K/Hansel-branch","messageBody":"Added JUnit testing for the addExpense command","fileTypesAndContributionMap":{}},{"hash":"16f44df85656316751d09abecf6a22f27d661e55","isMergeCommit":false,"messageTitle":"Updated User Guide","messageBody":"","fileTypesAndContributionMap":{"functional-code":{"insertions":6,"deletions":1},"docs":{"insertions":9,"deletions":16}}},{"hash":"41a9ddd25fae93895ea7a70baeadd955a82566a4","isMergeCommit":true,"messageTitle":"Merge pull request #54 from Hansel-K/Hansel-branch","messageBody":"Updated User Guide","fileTypesAndContributionMap":{}}]},{"date":"2025-03-25","commitResults":[{"hash":"a0d71bb0e38501c06c0c78affbbb526fd92e6998","isMergeCommit":false,"messageTitle":"Added JUnit Test for setTotalBudget method","messageBody":"","fileTypesAndContributionMap":{"functional-code":{"insertions":11,"deletions":4},"test-code":{"insertions":98,"deletions":0}}},{"hash":"235e46385c0162215d0cec9fff275c31554ef29b","isMergeCommit":true,"messageTitle":"Merge branch \u0027master\u0027 of https://github.com/AY2425S2-CS2113-W12-4/tp into Hansel-branch","messageBody":"","fileTypesAndContributionMap":{}},{"hash":"7ecfac81398b4497d9c6d3de7c223e279488fd53","isMergeCommit":true,"messageTitle":"Merge branch \u0027Local-Branch-A\u0027 into Hansel-branch","messageBody":"","fileTypesAndContributionMap":{}},{"hash":"dc37e795d8184549cf735c8dd9cdee7394c68588","isMergeCommit":false,"messageTitle":"Fixed listCats method","messageBody":"","fileTypesAndContributionMap":{"functional-code":{"insertions":12,"deletions":6}}},{"hash":"95b05a804f7b222ba08ff314eeaa3921868ae962","isMergeCommit":false,"messageTitle":"Fixed bugs for addExpense associated with optional Date parameter","messageBody":"","fileTypesAndContributionMap":{"functional-code":{"insertions":4,"deletions":9}}},{"hash":"25edf443a328f278d168088734d1b89ac0f11113","isMergeCommit":false,"messageTitle":"Modified JUnit testing to adhere to changes to formatting of outputs","messageBody":"","fileTypesAndContributionMap":{"functional-code":{"insertions":1,"deletions":1},"test-code":{"insertions":2,"deletions":2}}},{"hash":"9fbaa95ece2699f04fbf84d6ac18754f344e456e","isMergeCommit":true,"messageTitle":"Fixed bugs for listCats and addExpense methods","messageBody":"Fixed bugs for listCats and addExpense methods","fileTypesAndContributionMap":{}}]},{"date":"2025-03-28","commitResults":[{"hash":"a11f6c3231cb132fdcb113d0aa56814e20a91cbd","isMergeCommit":false,"messageTitle":"Added more JUnit Tests and improved test coverage for AddExpenseTest","messageBody":"","fileTypesAndContributionMap":{"functional-code":{"insertions":19,"deletions":1},"test-code":{"insertions":296,"deletions":8}}},{"hash":"ee51ecd9483f900839dee778a2b8ac5811949d6b","isMergeCommit":false,"messageTitle":"Improved data formatting for expense and adjusted MoneyList for better test coverage","messageBody":"","fileTypesAndContributionMap":{"functional-code":{"insertions":27,"deletions":10}}}]},{"date":"2025-03-29","commitResults":[{"hash":"ec8252a27b4e1fc77f541b6a8e7b024bddf25308","isMergeCommit":true,"messageTitle":"Merge branch \u0027master\u0027 of https://github.com/AY2425S2-CS2113-W12-4/tp into Hansel-branch","messageBody":"# Conflicts:\n#\tmt.log\n#\tmt.log.1\n#\tmt.log.10\n#\tmt.log.11\n#\tmt.log.12\n#\tmt.log.13\n#\tmt.log.14\n#\tmt.log.2\n#\tmt.log.3\n#\tmt.log.4\n#\tmt.log.5\n#\tmt.log.6\n#\tmt.log.7\n#\tmt.log.8\n#\tmt.log.9\n#\tsrc/main/java/seedu/duke/TextUI.java\n","fileTypesAndContributionMap":{}},{"hash":"804dbb2c02f40896634c340144337590527c136c","isMergeCommit":false,"messageTitle":"Modified TextUI to solve errors arising from bad merge resolution","messageBody":"","fileTypesAndContributionMap":{"functional-code":{"insertions":15,"deletions":0}}},{"hash":"32c1c5323ec8826f233904ef3bd3f45e1398f526","isMergeCommit":true,"messageTitle":"Added more JUnit Tests and improved test coverage for AddExpenseTest","messageBody":"Added more JUnit Tests and improved test coverage for AddExpenseTest","fileTypesAndContributionMap":{}},{"hash":"57b010d4059282a8bfe9869380403eeb3d820539","isMergeCommit":true,"messageTitle":"Merge branch \u0027master\u0027 of https://github.com/AY2425S2-CS2113-W12-4/tp into Hansel-branch","messageBody":"","fileTypesAndContributionMap":{}},{"hash":"cc06fd1e8dba6b7f6cd445babdfa221cac6aee55","isMergeCommit":false,"messageTitle":"Debugged getTotalExpense() method for the totalExpense command","messageBody":"","fileTypesAndContributionMap":{"functional-code":{"insertions":13,"deletions":8}}}]},{"date":"2025-03-30","commitResults":[{"hash":"0e0bf2bd1d858d4fd03937d0d82c34890ead1b9f","isMergeCommit":false,"messageTitle":"Changed user commands to be more user-friendly and updated User Guide","messageBody":"","fileTypesAndContributionMap":{"functional-code":{"insertions":16,"deletions":105},"docs":{"insertions":46,"deletions":41}}},{"hash":"f991fd17e79c9cc5578c8f0d2290c075129de67f","isMergeCommit":false,"messageTitle":"Adjusted addExpense test cases to accomodate more user-friendly user inputs changed in previous commit","messageBody":"","fileTypesAndContributionMap":{"test-code":{"insertions":20,"deletions":20}}},{"hash":"9de1a3a255f488251ee464679e9180493ccad8c2","isMergeCommit":false,"messageTitle":"Adjusted TextUI test case","messageBody":"","fileTypesAndContributionMap":{"test-code":{"insertions":1,"deletions":1}}},{"hash":"d875fef3eb14d252d5c262ad9bfda4e70f73077b","isMergeCommit":true,"messageTitle":"Changed user commands to be more user-friendly and updated User Guide","messageBody":"Changed user commands to be more user-friendly and updated User Guide","fileTypesAndContributionMap":{}}]},{"date":"2025-03-31","commitResults":[{"hash":"d5e8fde1e0a6e67df517c463def32c453c2cead6","isMergeCommit":false,"messageTitle":"Fixed listCats and changed \"setTotalBudget\" command to \"setTotBgt\"","messageBody":"","fileTypesAndContributionMap":{"functional-code":{"insertions":13,"deletions":15},"test-code":{"insertions":6,"deletions":6}}},{"hash":"f114f3e120c2c1e098f5c966b087310acf60f0b1","isMergeCommit":true,"messageTitle":"Fixed listCats and shortened \"setTotalBudget\" command to \"setTotBgt\"","messageBody":"Fixed listCats and changed \"setTotalBudget\" command to \"setTotBgt\"","fileTypesAndContributionMap":{}}]},{"date":"2025-04-01","commitResults":[{"hash":"689b8c4a1fc43aa10c1b7158ab341ee0e7338a5f","isMergeCommit":true,"messageTitle":"Merge branch \u0027master\u0027 of https://github.com/AY2425S2-CS2113-W12-4/tp into Hansel-branch","messageBody":"","fileTypesAndContributionMap":{}}]},{"date":"2025-04-02","commitResults":[{"hash":"7da1f7ba392a184f1c955e8db5cb4b5cadd7ce43","isMergeCommit":true,"messageTitle":"Merge branch \u0027master\u0027 of https://github.com/AY2425S2-CS2113-W12-4/tp into Hansel-branch","messageBody":"","fileTypesAndContributionMap":{}},{"hash":"7cf184bf26b9584fd8c4e3e33ba7e067fd93a06c","isMergeCommit":true,"messageTitle":"Merge branch \u0027master\u0027 of https://github.com/AY2425S2-CS2113-W12-4/tp into Hansel-branch","messageBody":"","fileTypesAndContributionMap":{}},{"hash":"fabb555fb5d60c11b1a7da42dd1487f275db5aec","isMergeCommit":false,"messageTitle":"Updated DG","messageBody":"","fileTypesAndContributionMap":{"docs":{"insertions":22,"deletions":20}}},{"hash":"e239ec4e3a349d426190a1a620ba9c8b815f401e","isMergeCommit":true,"messageTitle":"Merge branch \u0027master\u0027 of https://github.com/AY2425S2-CS2113-W12-4/tp into Hansel-branch","messageBody":"","fileTypesAndContributionMap":{}},{"hash":"e2cf1becbeb29d65d4a8ecb9a444d14669708965","isMergeCommit":false,"messageTitle":"Added UML diagrams for `help` and `exit` features","messageBody":"","fileTypesAndContributionMap":{"docs":{"insertions":60,"deletions":0}}},{"hash":"d56aebf8e4aa5fe27642d082497c61a6d318192b","isMergeCommit":true,"messageTitle":"Merge branch \u0027master\u0027 of https://github.com/AY2425S2-CS2113-W12-4/tp into Hansel-branch","messageBody":"","fileTypesAndContributionMap":{}},{"hash":"3f1ae982a382280ede07ce78eb47cc5badd71e2d","isMergeCommit":true,"messageTitle":"Merge pull request #79 from Hansel-K/Hansel-branch","messageBody":"Added UML diagrams for `help` and `exit` features","fileTypesAndContributionMap":{}},{"hash":"674b3e39484264e6a450fd4756af4465a4a51273","isMergeCommit":false,"messageTitle":"Added activation bars to `help` and `exit` sequence diagrams","messageBody":"","fileTypesAndContributionMap":{"docs":{"insertions":26,"deletions":1}}},{"hash":"063928b9943242b952335f85d900f20834bb467e","isMergeCommit":true,"messageTitle":"Merge pull request #80 from Hansel-K/Hansel-branch","messageBody":"Added activation bars to `help` and `exit` sequence diagrams","fileTypesAndContributionMap":{}}]},{"date":"2025-04-03","commitResults":[{"hash":"15422547285182ef80b4dd2801fbe4e11b90cf19","isMergeCommit":true,"messageTitle":"Merge branch \u0027master\u0027 of https://github.com/AY2425S2-CS2113-W12-4/tp into Hansel-branch","messageBody":"","fileTypesAndContributionMap":{}},{"hash":"c12697f9c5ca93c061771b8c5093f699b6552dcf","isMergeCommit":false,"messageTitle":"SLAPped addExpense and listCats methods and added documentation and comments to test cases","messageBody":"","fileTypesAndContributionMap":{"functional-code":{"insertions":173,"deletions":113},"other":{"insertions":28,"deletions":6},"test-code":{"insertions":239,"deletions":36}}},{"hash":"f09498214ed6ecd6a542b57ffe7884b6694c24fa","isMergeCommit":true,"messageTitle":"Merge branch \u0027master\u0027 of https://github.com/AY2425S2-CS2113-W12-4/tp into Hansel-branch","messageBody":"","fileTypesAndContributionMap":{}},{"hash":"9a577f1bd26766b374cacb42a0cc7bc3b826be45","isMergeCommit":false,"messageTitle":"Fixed error detected by CI","messageBody":"","fileTypesAndContributionMap":{"test-code":{"insertions":1,"deletions":1}}},{"hash":"616b797fce9df6e95c38e1e9dff271b13d0746ba","isMergeCommit":true,"messageTitle":"Merge pull request #88 from Hansel-K/Hansel-branch","messageBody":"SLAPped addExpense and listCats methods and added documentation and comments to test cases","fileTypesAndContributionMap":{}}]},{"date":"2025-04-04","commitResults":[{"hash":"2d81c10e0a9e05c7b0f0c75141eaa51d9e6e86f5","isMergeCommit":true,"messageTitle":"Merge branch \u0027master\u0027 of https://github.com/AY2425S2-CS2113-W12-4/tp into Hansel-branch","messageBody":"","fileTypesAndContributionMap":{}},{"hash":"6e9170248ad1da98e42b6cea7e466313ed71d643","isMergeCommit":false,"messageTitle":"Fixed some bugs with garbage command inputs","messageBody":"","fileTypesAndContributionMap":{"functional-code":{"insertions":8,"deletions":8}}},{"hash":"f938afa33a8913c2b5bbef1ac657846c39042ac3","isMergeCommit":false,"messageTitle":"Updated User Guide to reflect V2.0","messageBody":"","fileTypesAndContributionMap":{"docs":{"insertions":97,"deletions":36}}},{"hash":"7b6f07067c9622460ff19282a0b6a82011de4079","isMergeCommit":true,"messageTitle":"Updated UG and fixed some bugs relating to command inputs","messageBody":"","fileTypesAndContributionMap":{}},{"hash":"3a203842161cac629fd1c2d08fc85e9f16c46313","isMergeCommit":true,"messageTitle":"Merge pull request #92 from Hansel-K/Hansel-branch","messageBody":"Updated UG and fixed some bugs relating to command inputs","fileTypesAndContributionMap":{}},{"hash":"5573c24eae70ee0bbf00077951ee758204911da2","isMergeCommit":false,"messageTitle":"Adding PPP to team repo","messageBody":"","fileTypesAndContributionMap":{"docs":{"insertions":86,"deletions":0}}},{"hash":"5f04c2d0295e61eb3991e697dce1aa9e71cf0f65","isMergeCommit":true,"messageTitle":"Merge pull request #94 from Hansel-K/Hansel-branch","messageBody":"Adding PPP to team repo","fileTypesAndContributionMap":{}}]}]},"authorFileTypeContributionMap":{"limleyhooi":{"docs":44,"functional-code":520,"test-code":107},"rchlai":{"docs":1413,"functional-code":510,"test-code":608,"other":1},"EdwinTun98":{"docs":392,"functional-code":891,"test-code":770},"Hansel-K":{"docs":284,"functional-code":467,"test-code":349,"other":1}},"authorContributionVariance":{"limleyhooi":7722.723,"rchlai":93294.71,"EdwinTun98":57604.715,"Hansel-K":13968.715},"authorDisplayNameMap":{"limleyhooi":"CS2113-W12-4 LIM ..HOOI","rchlai":"CS2113-W12-4 RAYM..HUNG","EdwinTun98":"CS2113-W12-4 EDWI.. TUN","Hansel-K":"CS2113-W12-4 HANS..KIEW"}}
