{"authorDailyContributionsMap":{"limleyhooi":[{"date":"2025-03-05","commitResults":[{"hash":"301ac6d03cda393f2f790e4e6ac36fe6eed4dda4","isMergeCommit":false,"messageTitle":"updated aboutus file","messageBody":"","fileTypesAndContributionMap":{"docs":{"insertions":3,"deletions":7}}}]},{"date":"2025-03-09","commitResults":[{"hash":"49e015842481735b00ede061eecbd82d07a1f116","isMergeCommit":true,"messageTitle":"Resolve merge conflicts","messageBody":"","fileTypesAndContributionMap":{}},{"hash":"4f00e0c14298736091870f612fa211ae9dd046ca","isMergeCommit":true,"messageTitle":"Merge pull request #24 from limleyhooi/LH","messageBody":"updated aboutus file","fileTypesAndContributionMap":{}}]}],"rchlai":[{"date":"2025-03-05","commitResults":[{"hash":"02ee8b28bce4e2c1b1e13548c48ffb77fa0da8ce","isMergeCommit":false,"messageTitle":"Updated the first line in AboutUs.md page and deleted the rest","messageBody":"","fileTypesAndContributionMap":{"docs":{"insertions":3,"deletions":7}}},{"hash":"800c6a547757f68897e21d19d981d33d0d4cffa0","isMergeCommit":true,"messageTitle":"Merge branch \u0027master\u0027 of https://github.com/AY2425S2-CS2113-W12-4/tP into rchlai-AboutUs","messageBody":"# Conflicts:\n#\tdocs/AboutUs.md\n","fileTypesAndContributionMap":{}},{"hash":"0511d9904fcdeba64021baf15d936b0ea631c7e5","isMergeCommit":true,"messageTitle":"Merge pull request #2 from rchlai/rchlai-AboutUs","messageBody":"Updated the first line in AboutUs.md page and deleted the rest","fileTypesAndContributionMap":{}}]},{"date":"2025-03-06","commitResults":[{"hash":"934e3af09f38d4aba0503995f2a9c4b710accc62","isMergeCommit":false,"messageTitle":"Updated AboutUs.md file","messageBody":"","fileTypesAndContributionMap":{"docs":{"insertions":3,"deletions":3}}},{"hash":"d86c17794a9949fbe7bd072193c173e17a734bd6","isMergeCommit":true,"messageTitle":"Merge pull request #21 from rchlai/rchlai-AboutUs","messageBody":"Updated AboutUs.md file","fileTypesAndContributionMap":{}}]},{"date":"2025-03-09","commitResults":[{"hash":"656694f1e585854e37e8ebddd809245a42ad6884","isMergeCommit":false,"messageTitle":"Refactord Duke to MoneyTrail","messageBody":"","fileTypesAndContributionMap":{"other":{"insertions":1,"deletions":1}}},{"hash":"4ce92839c2a134176b8116197ec9e048198f4df1","isMergeCommit":false,"messageTitle":"Set up MoneyTrail.java with ArrayList and run()","messageBody":"","fileTypesAndContributionMap":{"functional-code":{"insertions":15,"deletions":4}}},{"hash":"5c1e1b84300eecee131a598635b1dacd437ce074","isMergeCommit":false,"messageTitle":"Changed logo","messageBody":"","fileTypesAndContributionMap":{"functional-code":{"insertions":6,"deletions":5}}},{"hash":"8e0ea32f60e2fd2db545f746d1b50be7e45b0b8d","isMergeCommit":false,"messageTitle":"Printed welcome message","messageBody":"","fileTypesAndContributionMap":{"functional-code":{"insertions":17,"deletions":5}}},{"hash":"b30d9161b4110756c4c076d55a9c386bcf7d40d4","isMergeCommit":false,"messageTitle":"Created empty Expense superclass","messageBody":"","fileTypesAndContributionMap":{"functional-code":{"insertions":4,"deletions":0}}},{"hash":"143cb42aa5607cb2fe81bff4896027feeadb18e6","isMergeCommit":false,"messageTitle":"Populated Expense superclass","messageBody":"","fileTypesAndContributionMap":{"functional-code":{"insertions":28,"deletions":0}}},{"hash":"b3b95c8d70845a232192b2de9a853ffc23821f1e","isMergeCommit":true,"messageTitle":"Merge pull request #23 from rchlai/branch-rchlai","messageBody":"Uploading Branch-rchlai to team repo master","fileTypesAndContributionMap":{}}]},{"date":"2025-03-11","commitResults":[{"hash":"7f5f5ab99555fa57662a3c3b5655fb2f068d99a6","isMergeCommit":false,"messageTitle":"Created input variable from Scanner","messageBody":"","fileTypesAndContributionMap":{"functional-code":{"insertions":4,"deletions":1}}},{"hash":"d246036a7de6914537beeff93c9e3f796ea15c09","isMergeCommit":false,"messageTitle":"Added line divider and delete command","messageBody":"","fileTypesAndContributionMap":{"functional-code":{"insertions":10,"deletions":4}}},{"hash":"e068b2965b764007ba0a76e3d309dee1863bca64","isMergeCommit":false,"messageTitle":"Added exit command","messageBody":"","fileTypesAndContributionMap":{"functional-code":{"insertions":5,"deletions":1}}},{"hash":"cc145c6cbf161e5de688434f59ed3547ef9e7785","isMergeCommit":false,"messageTitle":"Added printExitMsg() and addLineDivider()","messageBody":"","fileTypesAndContributionMap":{"functional-code":{"insertions":11,"deletions":0}}},{"hash":"c7d93e20c5372b240b2f45d0c7471839151622c2","isMergeCommit":false,"messageTitle":"Created MTException class","messageBody":"","fileTypesAndContributionMap":{"functional-code":{"insertions":7,"deletions":0}}},{"hash":"97d252c55d6ede488f276226eec69c7313be0641","isMergeCommit":false,"messageTitle":"Added deleteEntry() and its private methods, printErrorMsg(), \u0026 printNumItems()","messageBody":"","fileTypesAndContributionMap":{"functional-code":{"insertions":47,"deletions":0}}},{"hash":"cad7f704a639a27c73084312c2f2c9faeddda948","isMergeCommit":false,"messageTitle":"Reduced the line divider length","messageBody":"","fileTypesAndContributionMap":{"functional-code":{"insertions":1,"deletions":2}}},{"hash":"f55d07f039b638e8cd80d84694849770809a62ea","isMergeCommit":false,"messageTitle":"Set static definition to correct order","messageBody":"","fileTypesAndContributionMap":{"functional-code":{"insertions":3,"deletions":2}}},{"hash":"f94443b3a0aad14635770ec5cde8dc8ab1f7a1d0","isMergeCommit":false,"messageTitle":"Placed constant variables at the start of the function","messageBody":"","fileTypesAndContributionMap":{"functional-code":{"insertions":5,"deletions":3}}},{"hash":"cc7800b69cf7675d988b6cfd0b44137c434f690e","isMergeCommit":true,"messageTitle":"Merge pull request #25 from rchlai/branch-rchlai","messageBody":"Merging Branch-rchlai to master","fileTypesAndContributionMap":{}}]},{"date":"2025-03-12","commitResults":[{"hash":"57a1cf8b791f38256cfd0c20ad46c625c2a5582a","isMergeCommit":false,"messageTitle":"Removed excessive blank spaces","messageBody":"","fileTypesAndContributionMap":{"functional-code":{"insertions":0,"deletions":2}}}]},{"date":"2025-03-14","commitResults":[{"hash":"56a836ddcf22ed895ed50ed34fd4e3c876eefa56","isMergeCommit":false,"messageTitle":"Merge branch \u0027master\u0027 of https://github.com/AY2425S2-CS2113-W12-4/tP into branch-rchlai","messageBody":"# Conflicts:\n#\tsrc/main/java/seedu/duke/MoneyTrail.java\n","fileTypesAndContributionMap":{"functional-code":{"insertions":23,"deletions":1},"docs":{"insertions":2,"deletions":0}}},{"hash":"60dc24edf73c66b78b2384dd56482086e29035ca","isMergeCommit":true,"messageTitle":"Merge branch \u0027branch-solveMergeConflict\u0027 into branch-rchlai","messageBody":"","fileTypesAndContributionMap":{}},{"hash":"2b1341cc15538e047c81eee6dd565b17fc28793e","isMergeCommit":true,"messageTitle":"Merge branch \u0027master\u0027 of https://github.com/AY2425S2-CS2113-W12-4/tP into branch-rchlai","messageBody":"# Conflicts:\n#\tsrc/main/java/seedu/duke/Expense.java\n#\tsrc/main/java/seedu/duke/MTException.java\n#\tsrc/main/java/seedu/duke/MoneyTrail.java\n","fileTypesAndContributionMap":{}},{"hash":"e949d6f8cc8d83dc1fee731f82e39d3fe4162c75","isMergeCommit":false,"messageTitle":"Deleted Duke class","messageBody":"","fileTypesAndContributionMap":{"functional-code":{"insertions":0,"deletions":21}}},{"hash":"6e5a893683d2a153cbf441e1ce2ad3a6ff769c55","isMergeCommit":true,"messageTitle":"Merge pull request #27 from rchlai/branch-rchlai","messageBody":"Branch rchlai","fileTypesAndContributionMap":{}}]}],"EdwinTun98":[{"date":"2025-03-05","commitResults":[{"hash":"0b9396d9b740e9b3460f83ddc31a28d4c7d00912","isMergeCommit":false,"messageTitle":"Update the first line in the docs/AboutUs.md","messageBody":"","fileTypesAndContributionMap":{"docs":{"insertions":7,"deletions":7}}}]},{"date":"2025-03-12","commitResults":[{"hash":"f716b2039b1823de300765f06ff52e6d2e8727d8","isMergeCommit":true,"messageTitle":"Merge branch \u0027master\u0027 of https://github.com/AY2425S2-CS2113-W12-4/tp into edwin-AboutUs","messageBody":"# Conflicts:\n#\tdocs/AboutUs.md\n","fileTypesAndContributionMap":{}},{"hash":"02dea92474f7c3c3c846aef48361e7efdf4d5bd2","isMergeCommit":true,"messageTitle":"Merge pull request #3 from EdwinTun98/edwin-AboutUs","messageBody":"Update the first line in the docs/AboutUs.md","fileTypesAndContributionMap":{}}]}],"Hansel-K":[{"date":"2025-03-05","commitResults":[{"hash":"3ab24037aeb2c9009c69af85e05450e8aa091d71","isMergeCommit":false,"messageTitle":"Update docs/AboutUs.md","messageBody":"","fileTypesAndContributionMap":{"docs":{"insertions":3,"deletions":7}}},{"hash":"de4684f153888c5496cb1c6e2f31a6542e9fdf54","isMergeCommit":true,"messageTitle":"Merge pull request #1 from Hansel-K/Hansel-AboutUs-branch","messageBody":"Update docs/AboutUs.md","fileTypesAndContributionMap":{}}]}]},"authorFileTypeContributionMap":{"limleyhooi":{"docs":3,"functional-code":0,"test-code":0},"rchlai":{"docs":1,"functional-code":149,"test-code":0},"EdwinTun98":{"docs":2,"functional-code":0,"test-code":0},"Hansel-K":{"docs":1,"functional-code":0,"test-code":0}},"authorContributionVariance":{"limleyhooi":4.3388433,"rchlai":817.21704,"EdwinTun98":8.504129,"Hansel-K":4.3388433},"authorDisplayNameMap":{"limleyhooi":"CS2113-W12-4 LIM ..HOOI","rchlai":"CS2113-W12-4 RAYM..HUNG","EdwinTun98":"CS2113-W12-4 EDWI.. TUN","Hansel-K":"CS2113-W12-4 HANS..KIEW"}}
