{"authorDailyContributionsMap":{"limleyhooi":[{"date":"2025-03-05","commitResults":[{"hash":"301ac6d03cda393f2f790e4e6ac36fe6eed4dda4","isMergeCommit":false,"messageTitle":"updated aboutus file","messageBody":"","fileTypesAndContributionMap":{"docs":{"insertions":3,"deletions":7}}}]},{"date":"2025-03-09","commitResults":[{"hash":"49e015842481735b00ede061eecbd82d07a1f116","isMergeCommit":true,"messageTitle":"Resolve merge conflicts","messageBody":"","fileTypesAndContributionMap":{}},{"hash":"4f00e0c14298736091870f612fa211ae9dd046ca","isMergeCommit":true,"messageTitle":"Merge pull request #24 from limleyhooi/LH","messageBody":"updated aboutus file","fileTypesAndContributionMap":{}}]},{"date":"2025-03-18","commitResults":[{"hash":"137701d4050cf39c35bbbf28417cebe83dfd4c48","isMergeCommit":false,"messageTitle":"added addExpense and help prompt","messageBody":"","fileTypesAndContributionMap":{"functional-code":{"insertions":65,"deletions":7}}},{"hash":"535a15ffc188a50b5660a4500032034e557f345f","isMergeCommit":false,"messageTitle":"fixing ubuntu build error","messageBody":"","fileTypesAndContributionMap":{"functional-code":{"insertions":2,"deletions":1}}},{"hash":"3b2c937eeab27ad60178ac3178ad871cea09bddf","isMergeCommit":true,"messageTitle":"Merge pull request #37 from limleyhooi/LH","messageBody":"added addExpense and help prompt","fileTypesAndContributionMap":{}}]},{"date":"2025-03-25","commitResults":[{"hash":"7461e1b3becb5de4f3116ef4620af03f663f4577","isMergeCommit":false,"messageTitle":" added parser and command class, included date parameter for expense class","messageBody":"","fileTypesAndContributionMap":{"functional-code":{"insertions":438,"deletions":89}}},{"hash":"4a567c91d65b3333e3bd9b7557e6b537522cd1b5","isMergeCommit":false,"messageTitle":"found checkstyle fail error","messageBody":"","fileTypesAndContributionMap":{"functional-code":{"insertions":4,"deletions":4},"test-code":{"insertions":3,"deletions":3}}},{"hash":"9fc17dbda6ed7a8e2cb9e9ec46891dbfd150cf41","isMergeCommit":true,"messageTitle":"Merge pull request #55 from limleyhooi/LH","messageBody":" added parser and command class, included date parameter for expense …+ resolved checkstyle fail error","fileTypesAndContributionMap":{}}]}],"rchlai":[{"date":"2025-03-05","commitResults":[{"hash":"02ee8b28bce4e2c1b1e13548c48ffb77fa0da8ce","isMergeCommit":false,"messageTitle":"Updated the first line in AboutUs.md page and deleted the rest","messageBody":"","fileTypesAndContributionMap":{"docs":{"insertions":3,"deletions":7}}},{"hash":"800c6a547757f68897e21d19d981d33d0d4cffa0","isMergeCommit":true,"messageTitle":"Merge branch \u0027master\u0027 of https://github.com/AY2425S2-CS2113-W12-4/tP into rchlai-AboutUs","messageBody":"# Conflicts:\n#\tdocs/AboutUs.md\n","fileTypesAndContributionMap":{}},{"hash":"0511d9904fcdeba64021baf15d936b0ea631c7e5","isMergeCommit":true,"messageTitle":"Merge pull request #2 from rchlai/rchlai-AboutUs","messageBody":"Updated the first line in AboutUs.md page and deleted the rest","fileTypesAndContributionMap":{}}]},{"date":"2025-03-06","commitResults":[{"hash":"934e3af09f38d4aba0503995f2a9c4b710accc62","isMergeCommit":false,"messageTitle":"Updated AboutUs.md file","messageBody":"","fileTypesAndContributionMap":{"docs":{"insertions":3,"deletions":3}}},{"hash":"d86c17794a9949fbe7bd072193c173e17a734bd6","isMergeCommit":true,"messageTitle":"Merge pull request #21 from rchlai/rchlai-AboutUs","messageBody":"Updated AboutUs.md file","fileTypesAndContributionMap":{}}]},{"date":"2025-03-09","commitResults":[{"hash":"656694f1e585854e37e8ebddd809245a42ad6884","isMergeCommit":false,"messageTitle":"Refactord Duke to MoneyTrail","messageBody":"","fileTypesAndContributionMap":{"other":{"insertions":1,"deletions":1}}},{"hash":"4ce92839c2a134176b8116197ec9e048198f4df1","isMergeCommit":false,"messageTitle":"Set up MoneyTrail.java with ArrayList and run()","messageBody":"","fileTypesAndContributionMap":{"functional-code":{"insertions":15,"deletions":4}}},{"hash":"5c1e1b84300eecee131a598635b1dacd437ce074","isMergeCommit":false,"messageTitle":"Changed logo","messageBody":"","fileTypesAndContributionMap":{"functional-code":{"insertions":6,"deletions":5}}},{"hash":"8e0ea32f60e2fd2db545f746d1b50be7e45b0b8d","isMergeCommit":false,"messageTitle":"Printed welcome message","messageBody":"","fileTypesAndContributionMap":{"functional-code":{"insertions":17,"deletions":5}}},{"hash":"b30d9161b4110756c4c076d55a9c386bcf7d40d4","isMergeCommit":false,"messageTitle":"Created empty Expense superclass","messageBody":"","fileTypesAndContributionMap":{"functional-code":{"insertions":4,"deletions":0}}},{"hash":"143cb42aa5607cb2fe81bff4896027feeadb18e6","isMergeCommit":false,"messageTitle":"Populated Expense superclass","messageBody":"","fileTypesAndContributionMap":{"functional-code":{"insertions":28,"deletions":0}}},{"hash":"b3b95c8d70845a232192b2de9a853ffc23821f1e","isMergeCommit":true,"messageTitle":"Merge pull request #23 from rchlai/branch-rchlai","messageBody":"Uploading Branch-rchlai to team repo master","fileTypesAndContributionMap":{}},{"hash":"eaf84e6fd1a2110a6350dfd168d3c39f364c6f48","isMergeCommit":true,"messageTitle":"Merge branch \u0027branch-rchlai\u0027","messageBody":"","fileTypesAndContributionMap":{}}]},{"date":"2025-03-10","commitResults":[{"hash":"552c46644c30c229ef8119ed3ed1681bc382491f","isMergeCommit":true,"messageTitle":"Merge branch \u0027master\u0027 of https://github.com/AY2425S2-CS2113-W12-4/tP","messageBody":"","fileTypesAndContributionMap":{}}]},{"date":"2025-03-11","commitResults":[{"hash":"7f5f5ab99555fa57662a3c3b5655fb2f068d99a6","isMergeCommit":false,"messageTitle":"Created input variable from Scanner","messageBody":"","fileTypesAndContributionMap":{"functional-code":{"insertions":4,"deletions":1}}},{"hash":"d246036a7de6914537beeff93c9e3f796ea15c09","isMergeCommit":false,"messageTitle":"Added line divider and delete command","messageBody":"","fileTypesAndContributionMap":{"functional-code":{"insertions":10,"deletions":4}}},{"hash":"e068b2965b764007ba0a76e3d309dee1863bca64","isMergeCommit":false,"messageTitle":"Added exit command","messageBody":"","fileTypesAndContributionMap":{"functional-code":{"insertions":5,"deletions":1}}},{"hash":"cc145c6cbf161e5de688434f59ed3547ef9e7785","isMergeCommit":false,"messageTitle":"Added printExitMsg() and addLineDivider()","messageBody":"","fileTypesAndContributionMap":{"functional-code":{"insertions":11,"deletions":0}}},{"hash":"c7d93e20c5372b240b2f45d0c7471839151622c2","isMergeCommit":false,"messageTitle":"Created MTException class","messageBody":"","fileTypesAndContributionMap":{"functional-code":{"insertions":7,"deletions":0}}},{"hash":"97d252c55d6ede488f276226eec69c7313be0641","isMergeCommit":false,"messageTitle":"Added deleteEntry() and its private methods, printErrorMsg(), \u0026 printNumItems()","messageBody":"","fileTypesAndContributionMap":{"functional-code":{"insertions":47,"deletions":0}}},{"hash":"cad7f704a639a27c73084312c2f2c9faeddda948","isMergeCommit":false,"messageTitle":"Reduced the line divider length","messageBody":"","fileTypesAndContributionMap":{"functional-code":{"insertions":1,"deletions":2}}},{"hash":"f55d07f039b638e8cd80d84694849770809a62ea","isMergeCommit":false,"messageTitle":"Set static definition to correct order","messageBody":"","fileTypesAndContributionMap":{"functional-code":{"insertions":3,"deletions":2}}},{"hash":"f94443b3a0aad14635770ec5cde8dc8ab1f7a1d0","isMergeCommit":false,"messageTitle":"Placed constant variables at the start of the function","messageBody":"","fileTypesAndContributionMap":{"functional-code":{"insertions":5,"deletions":3}}},{"hash":"cc7800b69cf7675d988b6cfd0b44137c434f690e","isMergeCommit":true,"messageTitle":"Merge pull request #25 from rchlai/branch-rchlai","messageBody":"Merging Branch-rchlai to master","fileTypesAndContributionMap":{}},{"hash":"5df4561e1dfc854498349da880674f7cb1662d8d","isMergeCommit":true,"messageTitle":"Merge branch \u0027branch-rchlai\u0027","messageBody":"","fileTypesAndContributionMap":{}}]},{"date":"2025-03-12","commitResults":[{"hash":"57a1cf8b791f38256cfd0c20ad46c625c2a5582a","isMergeCommit":false,"messageTitle":"Removed excessive blank spaces","messageBody":"","fileTypesAndContributionMap":{"functional-code":{"insertions":0,"deletions":2}}}]},{"date":"2025-03-14","commitResults":[{"hash":"56a836ddcf22ed895ed50ed34fd4e3c876eefa56","isMergeCommit":false,"messageTitle":"Merge branch \u0027master\u0027 of https://github.com/AY2425S2-CS2113-W12-4/tP into branch-rchlai","messageBody":"# Conflicts:\n#\tsrc/main/java/seedu/duke/MoneyTrail.java\n","fileTypesAndContributionMap":{"functional-code":{"insertions":23,"deletions":1},"docs":{"insertions":2,"deletions":0}}},{"hash":"60dc24edf73c66b78b2384dd56482086e29035ca","isMergeCommit":true,"messageTitle":"Merge branch \u0027branch-solveMergeConflict\u0027 into branch-rchlai","messageBody":"","fileTypesAndContributionMap":{}},{"hash":"2b1341cc15538e047c81eee6dd565b17fc28793e","isMergeCommit":true,"messageTitle":"Merge branch \u0027master\u0027 of https://github.com/AY2425S2-CS2113-W12-4/tP into branch-rchlai","messageBody":"# Conflicts:\n#\tsrc/main/java/seedu/duke/Expense.java\n#\tsrc/main/java/seedu/duke/MTException.java\n#\tsrc/main/java/seedu/duke/MoneyTrail.java\n","fileTypesAndContributionMap":{}},{"hash":"e949d6f8cc8d83dc1fee731f82e39d3fe4162c75","isMergeCommit":false,"messageTitle":"Deleted Duke class","messageBody":"","fileTypesAndContributionMap":{"functional-code":{"insertions":0,"deletions":21}}},{"hash":"6e5a893683d2a153cbf441e1ce2ad3a6ff769c55","isMergeCommit":true,"messageTitle":"Merge pull request #27 from rchlai/branch-rchlai","messageBody":"Branch rchlai","fileTypesAndContributionMap":{}},{"hash":"bb31b191e9ba6419c98a8f6f2002c094bcc0eb78","isMergeCommit":true,"messageTitle":"Merge branch \u0027master\u0027 of https://github.com/AY2425S2-CS2113-W12-4/tP","messageBody":"","fileTypesAndContributionMap":{}},{"hash":"5975e556640706790167416ef0a7e123378a6d50","isMergeCommit":false,"messageTitle":"Created empty Storage class","messageBody":"","fileTypesAndContributionMap":{"functional-code":{"insertions":4,"deletions":0}}},{"hash":"d017c7d1feb4e357ba5c11983d2f5821e27047f0","isMergeCommit":false,"messageTitle":"Populated Storage class","messageBody":"","fileTypesAndContributionMap":{"functional-code":{"insertions":42,"deletions":0}}},{"hash":"155e82cf6c4208c9d4df41704607bc6f60414013","isMergeCommit":false,"messageTitle":"Modified main class to use Storage","messageBody":"","fileTypesAndContributionMap":{"functional-code":{"insertions":23,"deletions":3}}},{"hash":"f93a3448c8b12effcd7a14e57bd7734bf77155b2","isMergeCommit":true,"messageTitle":"Merge pull request #29 from rchlai/branch-rchlai","messageBody":"Branch rchlai","fileTypesAndContributionMap":{}},{"hash":"b488c0924a5b50ad7ad5973c9dfc36bc8d0c5062","isMergeCommit":false,"messageTitle":"Added product introduction in README file","messageBody":"","fileTypesAndContributionMap":{"docs":{"insertions":6,"deletions":2}}},{"hash":"bfae3ca58c7457111465a7901c3f7a048a7fa1e8","isMergeCommit":true,"messageTitle":"Merge pull request #30 from rchlai/branch-rchlai","messageBody":"Branch rchlai","fileTypesAndContributionMap":{}},{"hash":"3cc2e23bc1e0d0993a9d61e420fa0fd272e02033","isMergeCommit":false,"messageTitle":"Peformed JUnit testing on deleteEntry method","messageBody":"","fileTypesAndContributionMap":{"functional-code":{"insertions":1,"deletions":1},"test-code":{"insertions":39,"deletions":2}}},{"hash":"420f007a1a73f1b0f9004e46b953183eed51431e","isMergeCommit":true,"messageTitle":"Merge pull request #31 from rchlai/branch-rchlai","messageBody":"Branch rchlai","fileTypesAndContributionMap":{}}]},{"date":"2025-03-16","commitResults":[{"hash":"116a280cf51b713ad7c6d19f60cd69c31df3b9eb","isMergeCommit":false,"messageTitle":"Created empty TextUI class for handling UI","messageBody":"","fileTypesAndContributionMap":{"functional-code":{"insertions":4,"deletions":0},"test-code":{"insertions":5,"deletions":3}}},{"hash":"f4d4dfa6abfcf2b498b31aa231dd478ff722d5c2","isMergeCommit":false,"messageTitle":"Transferred UI concerns from MoneyTrail class to TextUI class","messageBody":"","fileTypesAndContributionMap":{"functional-code":{"insertions":52,"deletions":50}}},{"hash":"4c1c75b58af68a01002daafa30467ecf89ad64ac","isMergeCommit":false,"messageTitle":"Deleted unused import in DukeTest class","messageBody":"","fileTypesAndContributionMap":{"test-code":{"insertions":0,"deletions":1}}},{"hash":"2dfd67502e093d53bc5a41d6991a99c25de4fc90","isMergeCommit":false,"messageTitle":"Ended all class files with a new line","messageBody":"","fileTypesAndContributionMap":{"functional-code":{"insertions":1,"deletions":4}}},{"hash":"8de99e8a64ba90bb03e230a0a66339fa4ab2811b","isMergeCommit":true,"messageTitle":"Merge pull request #32 from rchlai/branch-rchlai","messageBody":"Branch rchlai","fileTypesAndContributionMap":{}},{"hash":"e46f88cc7bfbebbefa99449fca4dac9c23733fb4","isMergeCommit":false,"messageTitle":"Created MTLogger class to log info in each class","messageBody":"","fileTypesAndContributionMap":{"functional-code":{"insertions":63,"deletions":0}}},{"hash":"4a68f91432b3008d4521e541f7bec828111f616f","isMergeCommit":true,"messageTitle":"Merge pull request #33 from rchlai/branch-rchlai","messageBody":"Branch rchlai","fileTypesAndContributionMap":{}},{"hash":"bef96bc0820284d97a9f0e9372545e4b8e481a9a","isMergeCommit":false,"messageTitle":"Logging info in Storage class","messageBody":"","fileTypesAndContributionMap":{"functional-code":{"insertions":11,"deletions":4}}},{"hash":"f01138ec385c3e708126cd5a7c1e8ba9a03bb09a","isMergeCommit":true,"messageTitle":"Merge pull request #34 from rchlai/branch-rchlai","messageBody":"Branch rchlai","fileTypesAndContributionMap":{}},{"hash":"8fe0c2177db8b2a4416d2cb446abf1a1a7dec875","isMergeCommit":false,"messageTitle":"Added assertions in main class and Storage class","messageBody":"","fileTypesAndContributionMap":{"functional-code":{"insertions":14,"deletions":2},"other":{"insertions":2,"deletions":1}}},{"hash":"fa36bbd16b1622d74ccbb06a3b3cd69f4f998d2a","isMergeCommit":true,"messageTitle":"Merge pull request #35 from rchlai/branch-rchlai","messageBody":"Branch rchlai","fileTypesAndContributionMap":{}},{"hash":"4bdc52db3414d3931a094ea3719c666006f825eb","isMergeCommit":false,"messageTitle":"Moved FILE_PATH to Storage class for reusability","messageBody":"","fileTypesAndContributionMap":{"functional-code":{"insertions":10,"deletions":16}}},{"hash":"0c72ce3c30d2acad80be3b0a027429260625633a","isMergeCommit":true,"messageTitle":"Merge pull request #36 from rchlai/branch-rchlai","messageBody":"Branch rchlai","fileTypesAndContributionMap":{}}]},{"date":"2025-03-18","commitResults":[{"hash":"d751ddc5d203bf11d2aa21b6f9ba94df02a86f61","isMergeCommit":true,"messageTitle":"Merge branch \u0027master\u0027 into branch-rchlai","messageBody":"# Conflicts:\n#\tmt.log\n#\tmt.log.1\n","fileTypesAndContributionMap":{}},{"hash":"067ccac577688c41124bf1dcfe15d5e1eb258a63","isMergeCommit":true,"messageTitle":"Merge branch \u0027master\u0027 into branch-rchlai","messageBody":"# Conflicts:\n#\tmt.log.1\n","fileTypesAndContributionMap":{}},{"hash":"20e502b399888781e5146c772b20ded6d87e7cb5","isMergeCommit":false,"messageTitle":"Refactored some codes","messageBody":"","fileTypesAndContributionMap":{"functional-code":{"insertions":10,"deletions":12}}},{"hash":"40f71a9ee3aa5177edc0705b6ffef07f50adb855","isMergeCommit":false,"messageTitle":"Created a user guide (UG) draft","messageBody":"","fileTypesAndContributionMap":{"docs":{"insertions":104,"deletions":16}}},{"hash":"747369239653ebbb591aba55929a9b31ecbd0554","isMergeCommit":true,"messageTitle":"Merge pull request #43 from rchlai/branch-rchlai","messageBody":"Branch rchlai","fileTypesAndContributionMap":{}}]},{"date":"2025-03-20","commitResults":[{"hash":"676b98b7d88909b68b99b370e475a2e36b734e5b","isMergeCommit":false,"messageTitle":"Refactored code and created showAllAvailable() for help command","messageBody":"","fileTypesAndContributionMap":{"functional-code":{"insertions":29,"deletions":22}}},{"hash":"6e678c1900271dbf28e979ce7e1a67c79e6616e4","isMergeCommit":false,"messageTitle":"Created new MoneyList class","messageBody":"","fileTypesAndContributionMap":{"functional-code":{"insertions":4,"deletions":0}}},{"hash":"1356e72cd17bc6364b030e7125d4ecf49c6a058d","isMergeCommit":false,"messageTitle":"Populated and tested MoneyList class","messageBody":"","fileTypesAndContributionMap":{"functional-code":{"insertions":399,"deletions":200},"test-code":{"insertions":59,"deletions":10}}},{"hash":"3e648b602a34f49be68974094d72e397482411b9","isMergeCommit":false,"messageTitle":"Removed commented-out codes and fixed help function bug","messageBody":"","fileTypesAndContributionMap":{"functional-code":{"insertions":6,"deletions":189}}},{"hash":"d36a3d441cb9677cd601a567c69c76e5ff72e893","isMergeCommit":false,"messageTitle":"Refactored and removed commented-out codes, extended line divider","messageBody":"","fileTypesAndContributionMap":{"functional-code":{"insertions":7,"deletions":18},"test-code":{"insertions":0,"deletions":39}}},{"hash":"f759880aa91a3c37de9b20f91153facbec43d4bf","isMergeCommit":true,"messageTitle":"Merge pull request #45 from rchlai/branch-rchlai","messageBody":"Branch rchlai","fileTypesAndContributionMap":{}}]},{"date":"2025-03-22","commitResults":[{"hash":"7faf39b586e4b4c3f14637aefe1c8f21e7e4cd45","isMergeCommit":false,"messageTitle":"Drafted the developer guide (DG)","messageBody":"","fileTypesAndContributionMap":{"docs":{"insertions":3,"deletions":0}}},{"hash":"07d27f46f49eb13a91e2bc078cc327221129dc52","isMergeCommit":true,"messageTitle":"Merge branch \u0027master\u0027 into branch-rchlai","messageBody":"","fileTypesAndContributionMap":{}},{"hash":"73eb36e1ea4f230cba610820500fea23e1c12a2d","isMergeCommit":false,"messageTitle":"Written a few lines under Architecture Overview in DG","messageBody":"","fileTypesAndContributionMap":{"functional-code":{"insertions":3,"deletions":3},"docs":{"insertions":13,"deletions":2}}},{"hash":"3c461f789fb85a25c83a0378180235ff4eaaab78","isMergeCommit":true,"messageTitle":"Merge pull request #49 from rchlai/branch-rchlai","messageBody":"Branch rchlai","fileTypesAndContributionMap":{}}]},{"date":"2025-03-26","commitResults":[{"hash":"a94a50d12058e46143e35fdad64b05ea99d1df21","isMergeCommit":true,"messageTitle":"Merge branch \u0027master\u0027 into branch-rchlai","messageBody":"","fileTypesAndContributionMap":{}}]},{"date":"2025-03-28","commitResults":[{"hash":"2df6ea596b548fa531c3b7683d0cb6566811775b","isMergeCommit":false,"messageTitle":"Created StorageTest class","messageBody":"","fileTypesAndContributionMap":{"functional-code":{"insertions":29,"deletions":25},"test-code":{"insertions":149,"deletions":0}}},{"hash":"69d698cbda8e6350662bfe58e3e9569cdc78c142","isMergeCommit":false,"messageTitle":"Created first draft diagram of MT architecture","messageBody":"","fileTypesAndContributionMap":{"functional-code":{"insertions":60,"deletions":0}}},{"hash":"be41ac1144efbb27e8ee4a436e11db8cf8256286","isMergeCommit":false,"messageTitle":"Created first draft of delete task sequence","messageBody":"","fileTypesAndContributionMap":{"functional-code":{"insertions":67,"deletions":0}}},{"hash":"90084d5163c0bee2ef85eac30980e5c1bddc09fd","isMergeCommit":false,"messageTitle":"Created TextUITest class","messageBody":"","fileTypesAndContributionMap":{"test-code":{"insertions":116,"deletions":0}}},{"hash":"0198d2fd5b00d184474c7c331e3b612874e17c77","isMergeCommit":false,"messageTitle":"Added more tests in TextUITest class","messageBody":"","fileTypesAndContributionMap":{"test-code":{"insertions":111,"deletions":0}}},{"hash":"fdef6fb839c326b79ceccd3b66a035fe279d7f65","isMergeCommit":false,"messageTitle":"Added JavaDoc comments in TextUI class","messageBody":"","fileTypesAndContributionMap":{"functional-code":{"insertions":34,"deletions":1}}},{"hash":"9bf8a5df35e50036e98ddd9d6815273f9d675001","isMergeCommit":false,"messageTitle":"Added author tag in TextUITest \u0026 StorageTest","messageBody":"","fileTypesAndContributionMap":{"test-code":{"insertions":2,"deletions":4}}},{"hash":"5adc4d5f63322737e0a719cf36d86a3fb0a67bf7","isMergeCommit":true,"messageTitle":"Merge pull request #57 from rchlai/branch-rchlai","messageBody":"Branch rchlai","fileTypesAndContributionMap":{}}]}],"EdwinTun98":[{"date":"2025-03-05","commitResults":[{"hash":"0b9396d9b740e9b3460f83ddc31a28d4c7d00912","isMergeCommit":false,"messageTitle":"Update the first line in the docs/AboutUs.md","messageBody":"","fileTypesAndContributionMap":{"docs":{"insertions":7,"deletions":7}}}]},{"date":"2025-03-12","commitResults":[{"hash":"f716b2039b1823de300765f06ff52e6d2e8727d8","isMergeCommit":true,"messageTitle":"Merge branch \u0027master\u0027 of https://github.com/AY2425S2-CS2113-W12-4/tp into edwin-AboutUs","messageBody":"# Conflicts:\n#\tdocs/AboutUs.md\n","fileTypesAndContributionMap":{}},{"hash":"02dea92474f7c3c3c846aef48361e7efdf4d5bd2","isMergeCommit":true,"messageTitle":"Merge pull request #3 from EdwinTun98/edwin-AboutUs","messageBody":"Update the first line in the docs/AboutUs.md","fileTypesAndContributionMap":{}}]},{"date":"2025-03-18","commitResults":[{"hash":"1174c4b603430baec234d255f5ba6551ffe6864d","isMergeCommit":false,"messageTitle":"list summary and find entry","messageBody":"","fileTypesAndContributionMap":{"functional-code":{"insertions":64,"deletions":12}}},{"hash":"db54e9caea0bc153062053526132f4a0f323c20d","isMergeCommit":true,"messageTitle":"Merge branch \u0027master\u0027 into branch-edwin","messageBody":"# Conflicts:\n#\tmt.log\n#\tmt.log.1\n","fileTypesAndContributionMap":{}},{"hash":"5e2507c36be55f571fc6db78da150538f02eee6c","isMergeCommit":true,"messageTitle":"Merge pull request #38 from EdwinTun98/branch-edwin","messageBody":"Branch-edwin\nAdd List summary and Find entry","fileTypesAndContributionMap":{}}]}],"Hansel-K":[{"date":"2025-03-05","commitResults":[{"hash":"3ab24037aeb2c9009c69af85e05450e8aa091d71","isMergeCommit":false,"messageTitle":"Update docs/AboutUs.md","messageBody":"","fileTypesAndContributionMap":{"docs":{"insertions":3,"deletions":7}}},{"hash":"de4684f153888c5496cb1c6e2f31a6542e9fdf54","isMergeCommit":true,"messageTitle":"Merge pull request #1 from Hansel-K/Hansel-AboutUs-branch","messageBody":"Update docs/AboutUs.md","fileTypesAndContributionMap":{}}]},{"date":"2025-03-07","commitResults":[{"hash":"2525fecd180af1fbd693ec3b233c063790df7db0","isMergeCommit":false,"messageTitle":"Main file skeleton and Entry class skeleton for adding entries","messageBody":"","fileTypesAndContributionMap":{"functional-code":{"insertions":102,"deletions":0}}}]},{"date":"2025-03-18","commitResults":[{"hash":"476839f90b3e42ac938145ca2c2158099b570fa7","isMergeCommit":true,"messageTitle":"Merge branch \u0027master\u0027 of https://github.com/AY2425S2-CS2113-W12-4/tp into Hansel-AboutUs-branch","messageBody":"","fileTypesAndContributionMap":{}},{"hash":"787188fc64996779058f93e433fe7ff081a59df3","isMergeCommit":false,"messageTitle":"Added totalExpense and setTotalBudget","messageBody":"","fileTypesAndContributionMap":{"functional-code":{"insertions":71,"deletions":3},"other":{"insertions":1,"deletions":1}}},{"hash":"e8f4f4d600880dc82bbbd3069ec43cac45080f9f","isMergeCommit":false,"messageTitle":"Changes to fix pull request","messageBody":"","fileTypesAndContributionMap":{"functional-code":{"insertions":1,"deletions":91}}},{"hash":"e2ad803183f81ca2ea3f565f17a2da024e2ccd3c","isMergeCommit":true,"messageTitle":"Merge pull request #41 from Hansel-K/Hansel-AboutUs-branch","messageBody":"Added totalExpense and setTotalBudget","fileTypesAndContributionMap":{}}]},{"date":"2025-03-19","commitResults":[{"hash":"9d9de900bf887c7282778397d09bdaa0e6de84ac","isMergeCommit":true,"messageTitle":"Merge branch \u0027master\u0027 of https://github.com/AY2425S2-CS2113-W12-4/tp into Hansel-AboutUs-branch","messageBody":"","fileTypesAndContributionMap":{}}]},{"date":"2025-03-21","commitResults":[{"hash":"0f7f9ab8c08ff1b3b7bc808c6c70715cd238b208","isMergeCommit":true,"messageTitle":"Merging upstream with Hansel-AboutUs-branch","messageBody":"","fileTypesAndContributionMap":{}}]},{"date":"2025-03-22","commitResults":[{"hash":"4f16c6559875bb07560c7dfd62370c14f881840d","isMergeCommit":false,"messageTitle":"Added optional parameter \"Category\" to addExpense and modified Expense class accordingly.  Amount variable is stored as 2 d.p. value and printed as such as well.","messageBody":"","fileTypesAndContributionMap":{"functional-code":{"insertions":63,"deletions":19}}},{"hash":"25ede2a645b7bd04d7ce85c06cb3ec5139d53499","isMergeCommit":true,"messageTitle":"Merge pull request #46 from Hansel-K/Hansel-AboutUs-branch","messageBody":"Adding \"category\" parameter to addExpense method","fileTypesAndContributionMap":{}},{"hash":"0bcaff98aac5636223cd07339ef897d1cb4243c7","isMergeCommit":false,"messageTitle":"Fixed some bugs for addExpense, updated UserGuide and instruction list under \"help\" command","messageBody":"","fileTypesAndContributionMap":{"functional-code":{"insertions":12,"deletions":6},"docs":{"insertions":4,"deletions":1}}},{"hash":"9972bb082779f1d1df4f2219b1e7a73f4cf79f75","isMergeCommit":false,"messageTitle":"Added listCats() method to list categories of entries in order of appearance","messageBody":"","fileTypesAndContributionMap":{"functional-code":{"insertions":51,"deletions":0}}}]},{"date":"2025-03-23","commitResults":[{"hash":"26c48dd793d95329cc03484075c99ee244a7b797","isMergeCommit":true,"messageTitle":"Merge branch \u0027master\u0027 of https://github.com/AY2425S2-CS2113-W12-4/tp into Hansel-AboutUs-branch","messageBody":"","fileTypesAndContributionMap":{}},{"hash":"31b43ce8256234ff0d5599cc75c78fd667d779b3","isMergeCommit":true,"messageTitle":"Merge pull request #50 from Hansel-K/Hansel-AboutUs-branch","messageBody":"Added listCats() method to list categories of entries in order of appearance","fileTypesAndContributionMap":{}}]},{"date":"2025-03-24","commitResults":[{"hash":"2e123f1f240684c3340aa9a232e4629a963da799","isMergeCommit":false,"messageTitle":"help command printed lines updated","messageBody":"","fileTypesAndContributionMap":{"functional-code":{"insertions":2,"deletions":1}}},{"hash":"f00d5f58fee78f7e1b7bb0cdc6c04929fc8a24c3","isMergeCommit":true,"messageTitle":"Merge pull request #51 from Hansel-K/Hansel-AboutUs-branch","messageBody":"Updated \"help\" command","fileTypesAndContributionMap":{}},{"hash":"d55f5b19caad9c65c106dd638c942e49f0882d44","isMergeCommit":false,"messageTitle":"Added JUnit testing for the addExpense command","messageBody":"","fileTypesAndContributionMap":{"test-code":{"insertions":74,"deletions":0}}},{"hash":"715e24796e561bf5e32d96088769290e7357eb59","isMergeCommit":false,"messageTitle":"Fixed code to pass pull request checks","messageBody":"","fileTypesAndContributionMap":{"test-code":{"insertions":6,"deletions":1}}},{"hash":"504858f8fd654a2e9a8b01e37311a2a3022a8922","isMergeCommit":false,"messageTitle":"Fixed bugs causing AddExpenseTest build to fail","messageBody":"","fileTypesAndContributionMap":{"functional-code":{"insertions":5,"deletions":7},"test-code":{"insertions":11,"deletions":15}}},{"hash":"73c971c06a3bd3a8410df593caf0e3675b1eb200","isMergeCommit":true,"messageTitle":"Merge pull request #53 from Hansel-K/Hansel-branch","messageBody":"Added JUnit testing for the addExpense command","fileTypesAndContributionMap":{}},{"hash":"16f44df85656316751d09abecf6a22f27d661e55","isMergeCommit":false,"messageTitle":"Updated User Guide","messageBody":"","fileTypesAndContributionMap":{"functional-code":{"insertions":6,"deletions":1},"docs":{"insertions":9,"deletions":16}}},{"hash":"41a9ddd25fae93895ea7a70baeadd955a82566a4","isMergeCommit":true,"messageTitle":"Merge pull request #54 from Hansel-K/Hansel-branch","messageBody":"Updated User Guide","fileTypesAndContributionMap":{}}]},{"date":"2025-03-25","commitResults":[{"hash":"a0d71bb0e38501c06c0c78affbbb526fd92e6998","isMergeCommit":false,"messageTitle":"Added JUnit Test for setTotalBudget method","messageBody":"","fileTypesAndContributionMap":{"functional-code":{"insertions":11,"deletions":4},"test-code":{"insertions":98,"deletions":0}}},{"hash":"235e46385c0162215d0cec9fff275c31554ef29b","isMergeCommit":true,"messageTitle":"Merge branch \u0027master\u0027 of https://github.com/AY2425S2-CS2113-W12-4/tp into Hansel-branch","messageBody":"","fileTypesAndContributionMap":{}},{"hash":"7ecfac81398b4497d9c6d3de7c223e279488fd53","isMergeCommit":true,"messageTitle":"Merge branch \u0027Local-Branch-A\u0027 into Hansel-branch","messageBody":"","fileTypesAndContributionMap":{}},{"hash":"dc37e795d8184549cf735c8dd9cdee7394c68588","isMergeCommit":false,"messageTitle":"Fixed listCats method","messageBody":"","fileTypesAndContributionMap":{"functional-code":{"insertions":12,"deletions":6}}},{"hash":"95b05a804f7b222ba08ff314eeaa3921868ae962","isMergeCommit":false,"messageTitle":"Fixed bugs for addExpense associated with optional Date parameter","messageBody":"","fileTypesAndContributionMap":{"functional-code":{"insertions":4,"deletions":9}}},{"hash":"25edf443a328f278d168088734d1b89ac0f11113","isMergeCommit":false,"messageTitle":"Modified JUnit testing to adhere to changes to formatting of outputs","messageBody":"","fileTypesAndContributionMap":{"functional-code":{"insertions":1,"deletions":1},"test-code":{"insertions":2,"deletions":2}}},{"hash":"9fbaa95ece2699f04fbf84d6ac18754f344e456e","isMergeCommit":true,"messageTitle":"Fixed bugs for listCats and addExpense methods","messageBody":"Fixed bugs for listCats and addExpense methods","fileTypesAndContributionMap":{}}]}]},"authorFileTypeContributionMap":{"limleyhooi":{"docs":3,"functional-code":407,"test-code":1},"rchlai":{"docs":108,"functional-code":585,"test-code":425,"other":1},"EdwinTun98":{"docs":2,"functional-code":3,"test-code":0},"Hansel-K":{"docs":14,"functional-code":132,"test-code":172,"other":1}},"authorContributionVariance":{"limleyhooi":7986.6816,"rchlai":35930.438,"EdwinTun98":159.63889,"Hansel-K":2613.025},"authorDisplayNameMap":{"limleyhooi":"CS2113-W12-4 LIM ..HOOI","rchlai":"CS2113-W12-4 RAYM..HUNG","EdwinTun98":"CS2113-W12-4 EDWI.. TUN","Hansel-K":"CS2113-W12-4 HANS..KIEW"}}
