{"authorDailyContributionsMap":{"JinbaoAlex":[{"date":"2025-03-07","commitResults":[{"hash":"b444c5d4b7e135f3028969ce0513855130b91328","isMergeCommit":false,"messageTitle":"Jinbaoalex updated AboutUs","messageBody":"","fileTypesAndContributionMap":{"docs":{"insertions":3,"deletions":7}}},{"hash":"1b9732a153d511d709ec2992fbcb0fb5d7cb664b","isMergeCommit":true,"messageTitle":"Merge branch \u0027master\u0027 of https://github.com/AY2425S2-CS2113-F14-2/tp into AlexJinBao-AboutUs","messageBody":"# Conflicts:\n#\tdocs/AboutUs.md\n","fileTypesAndContributionMap":{}}]},{"date":"2025-03-20","commitResults":[{"hash":"68e4e3c2cc34dfaa280bff479c80b3ec6c4d596b","isMergeCommit":false,"messageTitle":"Added workload command","messageBody":"","fileTypesAndContributionMap":{"functional-code":{"insertions":78,"deletions":19}}},{"hash":"8e003138d051279c93ac2244e1c3053ac98e3f1b","isMergeCommit":false,"messageTitle":"added assertions","messageBody":"","fileTypesAndContributionMap":{"functional-code":{"insertions":1,"deletions":0}}},{"hash":"cf1c9d6e5dcb5cd20d19978686ce399867dd914c","isMergeCommit":false,"messageTitle":"fixed checkstyle errors","messageBody":"","fileTypesAndContributionMap":{"functional-code":{"insertions":4,"deletions":5}}},{"hash":"584652248e04e27b5f464bede88fe88ea24bf773","isMergeCommit":true,"messageTitle":"Merge branch \u0027master\u0027 of https://github.com/AY2425S2-CS2113-F14-2/tp","messageBody":"","fileTypesAndContributionMap":{}},{"hash":"a8c199c143613153872b0308853f1fdeea7b702b","isMergeCommit":true,"messageTitle":"Merge branch \u0027master\u0027 of https://github.com/AY2425S2-CS2113-F14-2/tp","messageBody":"","fileTypesAndContributionMap":{}},{"hash":"d85a40af0c78f627c15f474f81d1785cc78d8c2d","isMergeCommit":true,"messageTitle":"Merge branch \u0027master\u0027 of https://github.com/AY2425S2-CS2113-F14-2/tp","messageBody":"# Conflicts:\n#\tsrc/main/java/studybuddy/CEGStudyBuddy.java\n#\tsrc/main/java/studybuddy/commands/Command.java\n","fileTypesAndContributionMap":{}}]}],"Rishi7830":[{"date":"2025-03-07","commitResults":[{"hash":"b5a4472737e651ad4daf317ee67fb8e81cca1772","isMergeCommit":false,"messageTitle":"Week 7 Activity","messageBody":"","fileTypesAndContributionMap":{"docs":{"insertions":3,"deletions":7}}},{"hash":"b90a180387fe2b7248be5724e465d426f3c8887b","isMergeCommit":true,"messageTitle":"Merge branch \u0027rishi-AboutUs\u0027","messageBody":"","fileTypesAndContributionMap":{}},{"hash":"efe6a6cf8d8d777a015b1c758f162a4f9f166c88","isMergeCommit":true,"messageTitle":"Merge branch \u0027master\u0027 of https://github.com/AY2425S2-CS2113-F14-2/tp into rishi-AboutUs","messageBody":"# Conflicts:\n#\tdocs/AboutUs.md\n","fileTypesAndContributionMap":{}}]},{"date":"2025-03-19","commitResults":[{"hash":"119cd73dd516f57070727241a32e4abfbabb32dc","isMergeCommit":true,"messageTitle":"Merge remote-tracking branch \u0027upstream/master\u0027","messageBody":"* upstream/master: (27 commits)\n  Add main package to fix access issues between classes\n  Add Duke.java for build checks\n  Fix root folder issue and main class\n  fix\n  fix\n  fix\n  Commands\n  Commands\n  Revert \"Command\"\n  Fixes\n  Fixes\n  Fixes\n  Fixes\n  Fixes\n  Gradle Fixes\n  Gradle Fixes\n  Gradle Fixes\n  CEGStudyBuddy + Command\n  Add documentation\n  Create Class Course\n  ...\n","fileTypesAndContributionMap":{}},{"hash":"f2009508a94d0d5968518f90679dbd277643fe79","isMergeCommit":false,"messageTitle":"List Course, Delete Course Features (v1.0)","messageBody":"","fileTypesAndContributionMap":{"functional-code":{"insertions":121,"deletions":0}}},{"hash":"0ecb9100a1f19948fc3d3fcaf164d18cf94491d8","isMergeCommit":false,"messageTitle":"Added Comments and Fixes (v1.0)","messageBody":"","fileTypesAndContributionMap":{"functional-code":{"insertions":18,"deletions":7}}}]},{"date":"2025-03-20","commitResults":[{"hash":"c6fa1837cc6d4f139e35f85a4c03ac48594e92a8","isMergeCommit":true,"messageTitle":"Merge branch \u0027master\u0027 of https://github.com/AY2425S2-CS2113-F14-2/tp into Feature_ListCourse_DeleteCourse","messageBody":"# Conflicts:\n#\tsrc/main/java/studybuddy/CEGStudyBuddy.java\n","fileTypesAndContributionMap":{}},{"hash":"0320042234f702a165034d99865d8828ed4e63c5","isMergeCommit":false,"messageTitle":"Latest (v1.0) List Course and Delete Course Features","messageBody":"","fileTypesAndContributionMap":{"functional-code":{"insertions":79,"deletions":90}}},{"hash":"acb8d9fcd2afb8c1f852691e0621e4339323b027","isMergeCommit":false,"messageTitle":"Fixed Style issues","messageBody":"","fileTypesAndContributionMap":{"functional-code":{"insertions":19,"deletions":6}}},{"hash":"e1951506983be25db5234e45a6c8d9f46439c4a2","isMergeCommit":false,"messageTitle":"FIX","messageBody":"","fileTypesAndContributionMap":{"functional-code":{"insertions":0,"deletions":1}}},{"hash":"e62b057d6a52ec5f7e2dc47e0d3b7460d58e60a6","isMergeCommit":true,"messageTitle":"Merge branch \u0027master\u0027 of https://github.com/AY2425S2-CS2113-F14-2/tp into Feature_ListCourse_DeleteCourse","messageBody":"# Conflicts:\n#\tsrc/main/java/studybuddy/CEGStudyBuddy.java\n","fileTypesAndContributionMap":{}},{"hash":"e1f49b1b2cf602c12cea5a82948722e065df8975","isMergeCommit":false,"messageTitle":"FIXES Workload","messageBody":"","fileTypesAndContributionMap":{"functional-code":{"insertions":5,"deletions":0}}},{"hash":"9f569cc2d58902002e05793a1f438f02a7bdebae","isMergeCommit":true,"messageTitle":"Merge pull request #37 from Rishi7830/Feature_ListCourse_DeleteCourse","messageBody":"Feature list course and delete course (v1.0)","fileTypesAndContributionMap":{}},{"hash":"3b7df9bac6d7c74d0e5edde0c52476c3ecaa3f23","isMergeCommit":false,"messageTitle":"Added Testing for Delete Course and List Course (JUnits)","messageBody":"","fileTypesAndContributionMap":{"test-code":{"insertions":88,"deletions":0}}},{"hash":"ab0e9796e6d49d5cfc4aefaa41ca02c62d3bdb2f","isMergeCommit":true,"messageTitle":"Merge pull request #40 from Rishi7830/Feature_ListCourse_DeleteCourse","messageBody":"Added Testing for Delete Course and List Course (JUnits)","fileTypesAndContributionMap":{}}]},{"date":"2025-03-28","commitResults":[{"hash":"14012bc3fa69b9eedf4aabe55f693556b94d985d","isMergeCommit":true,"messageTitle":"Merge branch \u0027master\u0027 of https://github.com/AY2425S2-CS2113-F14-2/tp into Feature_ListCourse_DeleteCourse","messageBody":"","fileTypesAndContributionMap":{}},{"hash":"c4c84dd767fd790c8c2e1d5fd2f9f8e5cdd7f9e5","isMergeCommit":false,"messageTitle":"V2.0: Find Command, Grad Requirement","messageBody":"","fileTypesAndContributionMap":{"functional-code":{"insertions":122,"deletions":0}}},{"hash":"4ad2c1e5380be14d5344d24d530631da57eff796","isMergeCommit":true,"messageTitle":"Merge pull request #46 from Rishi7830/Feature_FindCourse_GradRequirement","messageBody":"Feature to find course and to check grad requirement","fileTypesAndContributionMap":{}}]}],"syCHEN1645":[{"date":"2025-03-07","commitResults":[{"hash":"dea1accacec0a45649dba8718c0578c7f9975b2c","isMergeCommit":false,"messageTitle":"Tutorial 7 Activity","messageBody":"","fileTypesAndContributionMap":{"docs":{"insertions":3,"deletions":7}}},{"hash":"f0143557a8b70c24aaf62aecb76bb9feba6c3b64","isMergeCommit":true,"messageTitle":"Merge branch \u0027master\u0027 of https://github.com/AY2425S2-CS2113-F14-2/tp into siyu-AboutUs","messageBody":"# Conflicts:\n#\tdocs/AboutUs.md\n","fileTypesAndContributionMap":{}},{"hash":"f0f8d0b300a76bc2c45722730a1fcb48f231a473","isMergeCommit":true,"messageTitle":"Merge pull request #8 from syCHEN1645/siyu-AboutUs","messageBody":"Tutorial 7 Activity","fileTypesAndContributionMap":{}}]},{"date":"2025-03-13","commitResults":[{"hash":"2fac8ee20cd7df1094c97a90c2391daa79b900c3","isMergeCommit":false,"messageTitle":"Create Class Course","messageBody":"Add a constructor.\nAdd getters for all parameters.\nAdd setters for editable parameters.\n","fileTypesAndContributionMap":{"functional-code":{"insertions":64,"deletions":0}}},{"hash":"7c65c6b5727831ec9f2166d39d0ec9de83e9ee18","isMergeCommit":false,"messageTitle":"Add documentation","messageBody":"Add documentation to Course and constructor.\nAdd and change some parameters.\n","fileTypesAndContributionMap":{"functional-code":{"insertions":29,"deletions":10}}}]},{"date":"2025-03-15","commitResults":[{"hash":"6dbfc890c2e8b47430f621a17b0dd9951c1972e6","isMergeCommit":true,"messageTitle":"Merge branch \u0027master\u0027 of https://github.com/AY2425S2-CS2113-F14-2/tp","messageBody":"* \u0027master\u0027 of https://github.com/AY2425S2-CS2113-F14-2/tp:\n  Revert \"Command\"\n  Fixes\n  Fixes\n  Fixes\n  Fixes\n  Fixes\n  Gradle Fixes\n  Gradle Fixes\n  Gradle Fixes\n  CEGStudyBuddy + Command\n  Add documentation\n  Create Class Course\n","fileTypesAndContributionMap":{}}]},{"date":"2025-03-19","commitResults":[{"hash":"5c5f4d5603167f00b674ac2760889ea99ea53839","isMergeCommit":false,"messageTitle":"Update Class Course for v1.0","messageBody":"Add a constructor with inputs that match the draft user guide.\nAdd more public getters and setters.\n","fileTypesAndContributionMap":{"functional-code":{"insertions":49,"deletions":9}}},{"hash":"f44ffc956fc18a37b952125f67aa663bb6a6bbd6","isMergeCommit":true,"messageTitle":"Merge branch \u0027master\u0027 of https://github.com/AY2425S2-CS2113-F14-2/tp into branch-Class-Course","messageBody":"","fileTypesAndContributionMap":{}}]},{"date":"2025-03-20","commitResults":[{"hash":"e1530cbdd906dbc9c74deec0b18f55b6b13b20d3","isMergeCommit":false,"messageTitle":"Add Edit Command","messageBody":"","fileTypesAndContributionMap":{"functional-code":{"insertions":213,"deletions":30}}},{"hash":"ba45e2149e07e594131097cd8b9c7c8569555ec5","isMergeCommit":false,"messageTitle":"Correct Indentation","messageBody":"","fileTypesAndContributionMap":{"functional-code":{"insertions":9,"deletions":9}}},{"hash":"f638c056a304c8f7c71ba08516ce2482bb5be8eb","isMergeCommit":false,"messageTitle":"Debug for EditCommand","messageBody":"EditCommand was taking in command with spaces, e.g. \"c/ CS1010\".\nEditCommand now takes in input without spaces, e.g. \"c/CS1010\".\n","fileTypesAndContributionMap":{"functional-code":{"insertions":39,"deletions":32}}},{"hash":"87c2fe52bd927c6ec3f65c642414bc7f34068976","isMergeCommit":true,"messageTitle":"Merge pull request #30 from HightechTR/branch-AddCommand","messageBody":"Branch add command and invalid command","fileTypesAndContributionMap":{}},{"hash":"abd76dfb4729546f029fb22977db6a1e97726f09","isMergeCommit":true,"messageTitle":"Merge branch \u0027master\u0027 into branch-Edit-Courses","messageBody":"","fileTypesAndContributionMap":{}},{"hash":"57b4381ef4305bbbb0ffad8f8ea03566b7865575","isMergeCommit":true,"messageTitle":"Merge pull request #33 from JinbaoAlex/branch-workloadcommand","messageBody":"Branch Add workload command","fileTypesAndContributionMap":{}}]},{"date":"2025-03-28","commitResults":[{"hash":"aacfe5b0d1207acfa9f3cdbd06f82ac78c2b7f07","isMergeCommit":false,"messageTitle":"New Class CourseManager","messageBody":"CourseManager manages conversion between Course and Json String.\nImport Gson dependency.\n","fileTypesAndContributionMap":{"functional-code":{"insertions":20,"deletions":0},"other":{"insertions":4,"deletions":0}}},{"hash":"e6bdf255b4b0e6f80988e278f20d6a69b6a73850","isMergeCommit":false,"messageTitle":"Fix Styles for Gradle Checks","messageBody":"","fileTypesAndContributionMap":{"functional-code":{"insertions":2,"deletions":1}}},{"hash":"31efcc97b16e9f282e1aa2832351b4bd6c177406","isMergeCommit":true,"messageTitle":"Merge pull request #45 from syCHEN1645/branch-Defined-Mods","messageBody":"Branch defined mods","fileTypesAndContributionMap":{}},{"hash":"85a6548fb1c7f45a18f7a7525d385624755cfa96","isMergeCommit":false,"messageTitle":"Add JUnit Tests for EditCommand","messageBody":"","fileTypesAndContributionMap":{"functional-code":{"insertions":2,"deletions":2},"test-code":{"insertions":69,"deletions":0}}},{"hash":"4b86410a087b1439a545bcf80b3c0dedb3dbb0b7","isMergeCommit":false,"messageTitle":"Debug for Exception Throwing in EditCommand","messageBody":"","fileTypesAndContributionMap":{"functional-code":{"insertions":4,"deletions":5}}},{"hash":"08290352043523c835a703ff923d2f9b10329e1b","isMergeCommit":false,"messageTitle":"Minor Change to Pass Style Checks","messageBody":"","fileTypesAndContributionMap":{"test-code":{"insertions":0,"deletions":1}}}]},{"date":"2025-03-29","commitResults":[{"hash":"d7904eb951b3ee07799e2e5c0b4a260cc88ab949","isMergeCommit":true,"messageTitle":"Merge pull request #56 from HightechTR/branch-WorkloadImprovement","messageBody":"Rename \u0026 improve workload commands, update help list","fileTypesAndContributionMap":{}}]}],"SahejAgarwal05":[{"date":"2025-03-07","commitResults":[{"hash":"346f109d334482ac2753c520fcacb3aa05469022","isMergeCommit":false,"messageTitle":"Sahej Agarwal About us","messageBody":"","fileTypesAndContributionMap":{"docs":{"insertions":3,"deletions":7}}},{"hash":"fb51f2cc28001aab1189bca0d7ee876b2003a42d","isMergeCommit":false,"messageTitle":"few Changes","messageBody":"","fileTypesAndContributionMap":{"docs":{"insertions":1,"deletions":1}}}]},{"date":"2025-03-14","commitResults":[{"hash":"9bbeed5bd102cb4d6649edcd7e7dc653ac2d1df3","isMergeCommit":false,"messageTitle":"CEGStudyBuddy + Command","messageBody":"","fileTypesAndContributionMap":{"functional-code":{"insertions":4,"deletions":0}}},{"hash":"0ede1de68e1d05c4b97a2d5b36d873037089e905","isMergeCommit":true,"messageTitle":"Merge pull request #19 from syCHEN1645/branch-Class-Course","messageBody":"Branch class course","fileTypesAndContributionMap":{}},{"hash":"3f39b03cc3533e2e4f9a59864bc039d8d03d8837","isMergeCommit":false,"messageTitle":"Gradle Fixes","messageBody":"","fileTypesAndContributionMap":{"functional-code":{"insertions":33,"deletions":25}}},{"hash":"a1ece99ac93dac1d5c4af8937c64d615c949dd9f","isMergeCommit":false,"messageTitle":"Gradle Fixes","messageBody":"","fileTypesAndContributionMap":{"functional-code":{"insertions":2,"deletions":2}}},{"hash":"86abce509a2ccc020c654fe60207ebe4349728c4","isMergeCommit":false,"messageTitle":"Gradle Fixes","messageBody":"","fileTypesAndContributionMap":{"functional-code":{"insertions":4,"deletions":2}}},{"hash":"88e495bc3be82c3b1ad56459719890bcc1cf76cb","isMergeCommit":false,"messageTitle":"Fixes","messageBody":"","fileTypesAndContributionMap":{"functional-code":{"insertions":3,"deletions":5}}},{"hash":"07d54b5cdd98f8f2cdcb109274ee8ab6aef9ceb9","isMergeCommit":false,"messageTitle":"Fixes","messageBody":"","fileTypesAndContributionMap":{"functional-code":{"insertions":1,"deletions":1}}},{"hash":"16c402dac92ef1eb81cb35cf052fa42296675fdd","isMergeCommit":false,"messageTitle":"Fixes","messageBody":"","fileTypesAndContributionMap":{"functional-code":{"insertions":0,"deletions":2}}},{"hash":"7d889e6310310f87781500ad8418acb868463b43","isMergeCommit":false,"messageTitle":"Fixes","messageBody":"","fileTypesAndContributionMap":{"other":{"insertions":1,"deletions":1}}},{"hash":"4499823b3b8641b64d32dee6de40f9d7515b9c86","isMergeCommit":true,"messageTitle":"Merge pull request #23 from SahejAgarwal05/command","messageBody":"Command","fileTypesAndContributionMap":{}},{"hash":"69b0aee04bc91cc622134c49c436168d38793acd","isMergeCommit":false,"messageTitle":"Revert \"Command\"","messageBody":"","fileTypesAndContributionMap":{"functional-code":{"insertions":21,"deletions":31},"other":{"insertions":1,"deletions":1}}},{"hash":"095e9ee99c6cddb3cbcbe0707fc82855a255cc43","isMergeCommit":true,"messageTitle":"Merge pull request #24 from AY2425S2-CS2113-F14-2/revert-23-command","messageBody":"Revert \"Command\"","fileTypesAndContributionMap":{}},{"hash":"cb09c34036df94caa712e293010c8c018c72356f","isMergeCommit":false,"messageTitle":"Commands","messageBody":"","fileTypesAndContributionMap":{"functional-code":{"insertions":20,"deletions":0}}},{"hash":"2fb7cfb012709903763fee0321e17614b71e0022","isMergeCommit":false,"messageTitle":"Commands","messageBody":"","fileTypesAndContributionMap":{"functional-code":{"insertions":31,"deletions":0}}},{"hash":"027986023ceb56944f3f664ce02d1c7192254aa7","isMergeCommit":false,"messageTitle":"fix","messageBody":"","fileTypesAndContributionMap":{"functional-code":{"insertions":2,"deletions":2}}},{"hash":"56637f2d4217d7f11ae65ea5fb6387be876dac20","isMergeCommit":false,"messageTitle":"fix","messageBody":"","fileTypesAndContributionMap":{"functional-code":{"insertions":12,"deletions":1}}},{"hash":"0f8276776a8265fd0016e221e3745bdfb1700b81","isMergeCommit":false,"messageTitle":"fix","messageBody":"","fileTypesAndContributionMap":{"functional-code":{"insertions":0,"deletions":4}}}]},{"date":"2025-03-20","commitResults":[{"hash":"aa6ba02084f9ea4f758436845a11981c062a16f1","isMergeCommit":false,"messageTitle":"DOne","messageBody":"","fileTypesAndContributionMap":{"functional-code":{"insertions":73,"deletions":8},"other":{"insertions":0,"deletions":0}}},{"hash":"05ce8cda87864f11f5e19e50a02c9d17d53c807c","isMergeCommit":true,"messageTitle":"Merge branch \u0027master\u0027 into Workload-redo","messageBody":"","fileTypesAndContributionMap":{}},{"hash":"74ec12851753ee4c1e9a53571afb87e21b73aa21","isMergeCommit":false,"messageTitle":"Update RequiredWorkLoad.java","messageBody":"","fileTypesAndContributionMap":{"functional-code":{"insertions":5,"deletions":5}}},{"hash":"3695baa09fe95c4a02830b2658eca86da3c5950c","isMergeCommit":false,"messageTitle":"Update TotalWorkLoad.java","messageBody":"","fileTypesAndContributionMap":{"functional-code":{"insertions":1,"deletions":1}}},{"hash":"3297348a0122df7a789b6f5f87bda78b92abee04","isMergeCommit":true,"messageTitle":"Merge branch \u0027master\u0027 into Workload-redo","messageBody":"","fileTypesAndContributionMap":{}},{"hash":"d96d4a27b79ecd9cede6812a40df6196fd5799ee","isMergeCommit":false,"messageTitle":"Update TotalWorkLoad.java","messageBody":"","fileTypesAndContributionMap":{"functional-code":{"insertions":0,"deletions":1}}},{"hash":"90e1db43f8b35d487ba990d091b4c8f2b69db4b6","isMergeCommit":false,"messageTitle":"Update CEGStudyBuddy.java","messageBody":"","fileTypesAndContributionMap":{"functional-code":{"insertions":9,"deletions":1}}},{"hash":"a884a0cc1baa8786662ef7fba6819620ed3f5efe","isMergeCommit":false,"messageTitle":"Update CEGStudyBuddy.java","messageBody":"","fileTypesAndContributionMap":{"functional-code":{"insertions":2,"deletions":1}}},{"hash":"6cfaa9f1b6aa64f90290bbd4c534fbb3fee15f8f","isMergeCommit":false,"messageTitle":"Update CEGStudyBuddy.java","messageBody":"","fileTypesAndContributionMap":{"functional-code":{"insertions":2,"deletions":0}}},{"hash":"64243e93a189497665c8b026e2f8279bc9cd296d","isMergeCommit":true,"messageTitle":"Merge pull request #39 from SahejAgarwal05/Workload-redo","messageBody":"Workload redo","fileTypesAndContributionMap":{}}]},{"date":"2025-03-28","commitResults":[{"hash":"7f62f19d33c56773a02cfa5d45adb47c43d21520","isMergeCommit":false,"messageTitle":"Storaring and retreving plans done","messageBody":"","fileTypesAndContributionMap":{"functional-code":{"insertions":256,"deletions":39}}},{"hash":"317f9092946dd7f285bc12099f956f93299f5cee","isMergeCommit":false,"messageTitle":"JUNit test","messageBody":"","fileTypesAndContributionMap":{"functional-code":{"insertions":72,"deletions":26},"test-code":{"insertions":44,"deletions":0}}},{"hash":"726602c21459edf1dc1ce1b6fd75f2abda9b4c1f","isMergeCommit":true,"messageTitle":"Merge branch \u0027master\u0027 into saving","messageBody":"","fileTypesAndContributionMap":{}},{"hash":"bdf43523cbb538432d75b140bc5d13bc4b9885f5","isMergeCommit":false,"messageTitle":"Update FindCommand.java bug fix","messageBody":"","fileTypesAndContributionMap":{"functional-code":{"insertions":1,"deletions":1}}},{"hash":"5bd5c44a089bc26dc63140b55bcfae33c182e38c","isMergeCommit":false,"messageTitle":"GradRequirementCommand.java fix","messageBody":"","fileTypesAndContributionMap":{"functional-code":{"insertions":1,"deletions":1}}},{"hash":"40b87d1686aaf99b05a4f0071da07e7da61f62ea","isMergeCommit":false,"messageTitle":"Workload bug fix","messageBody":"","fileTypesAndContributionMap":{"functional-code":{"insertions":2,"deletions":2}}},{"hash":"f92990f2b6cf4aa017f161a039b735a1f87eb67a","isMergeCommit":false,"messageTitle":"test fix","messageBody":"","fileTypesAndContributionMap":{"test-code":{"insertions":1,"deletions":1}}},{"hash":"5d1303e4759905211a6a5e972c1233f549854433","isMergeCommit":false,"messageTitle":"Update SavePlanCommandTest.java","messageBody":"","fileTypesAndContributionMap":{"test-code":{"insertions":2,"deletions":1}}},{"hash":"58ea0ddc997d7aac75ed6f08fbe9306893c132c4","isMergeCommit":false,"messageTitle":"Update CEGStudyBuddy.java","messageBody":"","fileTypesAndContributionMap":{"functional-code":{"insertions":0,"deletions":2}}},{"hash":"a7208938fbf2c5ffa2b936e00db6144dcd118976","isMergeCommit":false,"messageTitle":"Update StorageManager.java","messageBody":"","fileTypesAndContributionMap":{"functional-code":{"insertions":0,"deletions":6}}},{"hash":"876bfa9c793dfa4dca9b592b48af1b89b325de65","isMergeCommit":false,"messageTitle":"Update StorageManager.java","messageBody":"","fileTypesAndContributionMap":{"functional-code":{"insertions":5,"deletions":0}}},{"hash":"b950d1ff42d5240783c16ed5ba588f364cbeaae1","isMergeCommit":false,"messageTitle":"Update CEGStudyBuddy.java","messageBody":"","fileTypesAndContributionMap":{"functional-code":{"insertions":0,"deletions":3}}},{"hash":"658971ea793560b8533c770c133f34a5b68a1bec","isMergeCommit":false,"messageTitle":"Update StorageManager.java","messageBody":"","fileTypesAndContributionMap":{"functional-code":{"insertions":0,"deletions":1}}},{"hash":"0b0668db0bfdbdd1d9ee7fb985e80f4a92c94bed","isMergeCommit":false,"messageTitle":"Update AddCommandTest.java","messageBody":"","fileTypesAndContributionMap":{"test-code":{"insertions":1,"deletions":1}}},{"hash":"21285a16c56986bbbf7c6d93ad8a84ede07216ea","isMergeCommit":false,"messageTitle":"Update DeleteCourseTest.java","messageBody":"","fileTypesAndContributionMap":{"test-code":{"insertions":2,"deletions":1}}},{"hash":"5d559472ff1df8f78579932c5b4fb85f360cc76f","isMergeCommit":false,"messageTitle":"Update SavePlanCommandTest.java","messageBody":"","fileTypesAndContributionMap":{"test-code":{"insertions":2,"deletions":1}}},{"hash":"288ccfb319d52c40002244cf015b0d38e534e6ed","isMergeCommit":false,"messageTitle":"Update SavePlanCommandTest.java","messageBody":"","fileTypesAndContributionMap":{"test-code":{"insertions":1,"deletions":0}}},{"hash":"a9a07c1d5ea7b2b7b88da2248e02d56c8ad48206","isMergeCommit":false,"messageTitle":"Update SavePlanCommandTest.java","messageBody":"","fileTypesAndContributionMap":{"test-code":{"insertions":4,"deletions":2}}},{"hash":"f86856cc865314baefd50afb82d6011c7c0a1ce3","isMergeCommit":false,"messageTitle":"Update SavePlanCommandTest.java","messageBody":"","fileTypesAndContributionMap":{"test-code":{"insertions":6,"deletions":9}}},{"hash":"dc69fce9f5dc9bfa7dfa9f5a6ce6ccc997a0e0ae","isMergeCommit":false,"messageTitle":"Update SavePlanCommandTest.java","messageBody":"","fileTypesAndContributionMap":{"test-code":{"insertions":8,"deletions":6}}}]},{"date":"2025-03-30","commitResults":[{"hash":"905e10ed3e1279620d2d6765ba8c8bf0bb6a546f","isMergeCommit":false,"messageTitle":"improvements in workloadfor","messageBody":"","fileTypesAndContributionMap":{"functional-code":{"insertions":8,"deletions":3}}},{"hash":"84e0517edcb2eb2efa8e0b26f2649c0ee09fa39c","isMergeCommit":false,"messageTitle":"small fix","messageBody":"","fileTypesAndContributionMap":{"functional-code":{"insertions":1,"deletions":1}}},{"hash":"7c27691bb5d0eeb8719fcd544fd13a275d2a242d","isMergeCommit":false,"messageTitle":"fix","messageBody":"","fileTypesAndContributionMap":{"functional-code":{"insertions":1,"deletions":1}}},{"hash":"ebbbb0c4ecabe0cf6f5cbf7e19ec51c3e3fc486b","isMergeCommit":false,"messageTitle":"Update WorkloadForCommand.java","messageBody":"","fileTypesAndContributionMap":{"functional-code":{"insertions":1,"deletions":1}}},{"hash":"12fe0a675aa11da2fa868a29fff070528b59ee51","isMergeCommit":false,"messageTitle":"Update WorkloadForCommand.java","messageBody":"","fileTypesAndContributionMap":{"functional-code":{"insertions":1,"deletions":1}}},{"hash":"657a6606292f36b28b08b3ea29ff88b75fadbf98","isMergeCommit":true,"messageTitle":"Merge pull request #58 from SahejAgarwal05/workload_function_updates","messageBody":"improvements in workloadfor","fileTypesAndContributionMap":{}}]}],"HightechTR":[{"date":"2025-02-21","commitResults":[{"hash":"bfe9cd33c7788ec3744cbc2bd27595f9ef907a79","isMergeCommit":false,"messageTitle":"Update README.md","messageBody":"","fileTypesAndContributionMap":{"docs":{"insertions":1,"deletions":1}}}]},{"date":"2025-03-07","commitResults":[{"hash":"78e0c15051a2da9f4e070f6175b254176ee3caaf","isMergeCommit":false,"messageTitle":"Update AboutUs.md","messageBody":"","fileTypesAndContributionMap":{"docs":{"insertions":3,"deletions":7}}},{"hash":"a6630899c7ca41467ec381e64aee98a1d1603090","isMergeCommit":false,"messageTitle":"Update AboutUs.md portfolio","messageBody":"","fileTypesAndContributionMap":{"docs":{"insertions":1,"deletions":1}}},{"hash":"6329bf13c8a9b6381ad139180bb80fc09f34bb8c","isMergeCommit":true,"messageTitle":"Merge pull request #1 from SahejAgarwal05/SahejAgarwal-AboutUs","messageBody":"Sahej Agarwal About us","fileTypesAndContributionMap":{}},{"hash":"94977cc8391177569c4709cbafc96405a439d7aa","isMergeCommit":true,"messageTitle":"Merge branch \u0027master\u0027 of https://github.com/AY2425S2-CS2113-F14-2/tp into JoelChin-AboutUs","messageBody":"","fileTypesAndContributionMap":{}},{"hash":"34f8c03f003fc19d361bffeced809e683c4f44d4","isMergeCommit":true,"messageTitle":"Merge pull request #2 from HightechTR/JoelChin-AboutUs","messageBody":"Update AboutUs.md","fileTypesAndContributionMap":{}},{"hash":"4d60fc0de2fe3f3fcf343ec581408e33407da266","isMergeCommit":true,"messageTitle":"Merge pull request #3 from JinbaoAlex/AlexJinBao-AboutUs","messageBody":"Jinbaoalex updated AboutUs","fileTypesAndContributionMap":{}},{"hash":"d7edc8ce12da8edfa7646054559d520198ffa169","isMergeCommit":true,"messageTitle":"Merge pull request #7 from Rishi7830/rishi-AboutUs","messageBody":"Rishi about us","fileTypesAndContributionMap":{}},{"hash":"ed4bc7c920bd1a2a0133126cd78bc7487ce6a57f","isMergeCommit":false,"messageTitle":"Update AboutUs.md to fix missing information","messageBody":"","fileTypesAndContributionMap":{"docs":{"insertions":4,"deletions":4}}},{"hash":"54839f13a115aebbed56b65a8ef4dd3f77cb03d7","isMergeCommit":true,"messageTitle":"Merge pull request #9 from HightechTR/JoelChin-AboutUs","messageBody":"Update AboutUs.md to fix missing information","fileTypesAndContributionMap":{}}]},{"date":"2025-03-18","commitResults":[{"hash":"0d2a2f06f06f4aced87ca1e2d37f710edf70920c","isMergeCommit":true,"messageTitle":"Merge pull request #25 from SahejAgarwal05/commands","messageBody":"Commands","fileTypesAndContributionMap":{}},{"hash":"5e4bbfab57835898c3220ab8dc8776d5cb56ab3b","isMergeCommit":false,"messageTitle":"Fix root folder issue and main class","messageBody":"","fileTypesAndContributionMap":{"functional-code":{"insertions":1,"deletions":31}}},{"hash":"53e7447c3d3644a3c64708b54308d575484447fe","isMergeCommit":false,"messageTitle":"Add Duke.java for build checks","messageBody":"","fileTypesAndContributionMap":{"functional-code":{"insertions":21,"deletions":0}}},{"hash":"22811a1948d70619bb43465aa834c42b4cd8a59b","isMergeCommit":true,"messageTitle":"Merge pull request #26 from HightechTR/fix-RootFolder","messageBody":"Fix root folder issue and main class","fileTypesAndContributionMap":{}},{"hash":"d1e24f48e9085171cb6448029ab2990853f37a28","isMergeCommit":false,"messageTitle":"Add main package to fix access issues between classes","messageBody":"","fileTypesAndContributionMap":{"other":{"insertions":6,"deletions":4}}},{"hash":"28f2302abcd62401dc34d35ff9974e2ab11f74e0","isMergeCommit":true,"messageTitle":"Merge pull request #27 from HightechTR/fix-Packages","messageBody":"Add main package to fix access issues between classes","fileTypesAndContributionMap":{}}]},{"date":"2025-03-19","commitResults":[{"hash":"febfe2b53109658097c251c69ffc65ef7b2c1670","isMergeCommit":false,"messageTitle":"Add add and invalid command classes","messageBody":"","fileTypesAndContributionMap":{"functional-code":{"insertions":102,"deletions":55},"test-code":{"insertions":30,"deletions":12}}},{"hash":"a84263f439f8ac6eed027b21bff28f007b213f7e","isMergeCommit":false,"messageTitle":"Remove .* imports","messageBody":"","fileTypesAndContributionMap":{"functional-code":{"insertions":4,"deletions":2},"test-code":{"insertions":1,"deletions":1}}},{"hash":"9b78b2ae6a7aa58642e19a5facbfb17c74cfeb11","isMergeCommit":false,"messageTitle":"Add classes to pass runtest","messageBody":"","fileTypesAndContributionMap":{"functional-code":{"insertions":21,"deletions":0},"test-code":{"insertions":12,"deletions":0}}},{"hash":"38b3f05fa972ed4cb494a2cd4f3a5d03cb2cfc4d","isMergeCommit":false,"messageTitle":"Modify classes to pass runtest","messageBody":"","fileTypesAndContributionMap":{"functional-code":{"insertions":1,"deletions":1},"test-code":{"insertions":1,"deletions":1}}}]},{"date":"2025-03-20","commitResults":[{"hash":"2e4563bb4c4c42c95fc237a604c38bdbad47dce8","isMergeCommit":false,"messageTitle":"Add help command","messageBody":"","fileTypesAndContributionMap":{"functional-code":{"insertions":40,"deletions":52},"other":{"insertions":1,"deletions":0},"test-code":{"insertions":0,"deletions":30}}},{"hash":"42118d926df1f5c2d9a34ed741a8944bbc33913f","isMergeCommit":true,"messageTitle":"Merge pull request #29 from syCHEN1645/branch-Class-Course","messageBody":"Class Course for v1.0","fileTypesAndContributionMap":{}},{"hash":"467a97dd32c769b27d1ba3b4a52c01f8dfd4c467","isMergeCommit":true,"messageTitle":"Merge branch \u0027master\u0027 into branch-AddCommand","messageBody":"","fileTypesAndContributionMap":{}},{"hash":"6bc66244d659bce3eacb850ed281822281d3a08f","isMergeCommit":true,"messageTitle":"Merge pull request #32 from syCHEN1645/branch-Edit-Courses","messageBody":"Branch Edit Courses","fileTypesAndContributionMap":{}},{"hash":"35a9bf6a9199002af119937129551778c419cbd5","isMergeCommit":true,"messageTitle":"Merge branch \u0027master\u0027 into branch-HelpCommand","messageBody":"","fileTypesAndContributionMap":{}},{"hash":"eb629702fc912caa36490c415939d8e41a54ef6b","isMergeCommit":false,"messageTitle":"Fix missing AddCommand class","messageBody":"","fileTypesAndContributionMap":{"functional-code":{"insertions":37,"deletions":0}}},{"hash":"f37568b776d98d74ff33814703f2990408c43280","isMergeCommit":false,"messageTitle":"Add exit command to command list","messageBody":"","fileTypesAndContributionMap":{"functional-code":{"insertions":3,"deletions":1}}},{"hash":"4465b73ceb37a5f6f03404f5e7a5d9bdefb20e72","isMergeCommit":true,"messageTitle":"Merge branch \u0027master\u0027 of https://github.com/AY2425S2-CS2113-F14-2/tp into branch-HelpCommand","messageBody":"","fileTypesAndContributionMap":{}},{"hash":"262d68e110c2dd8639680da105aae9e90f3f0052","isMergeCommit":false,"messageTitle":"Modify command list to include new commands","messageBody":"","fileTypesAndContributionMap":{"functional-code":{"insertions":40,"deletions":25}}},{"hash":"6078514a0c2bda79175ac8c88a957b47a704e6a8","isMergeCommit":true,"messageTitle":"Merge pull request #34 from HightechTR/branch-HelpCommand","messageBody":"Branch help command","tags":["v1.0"],"fileTypesAndContributionMap":{}}]},{"date":"2025-03-21","commitResults":[{"hash":"7e178caabc65dc784442263222fc282bad849a7b","isMergeCommit":false,"messageTitle":"Fix error messages for user input","messageBody":"","fileTypesAndContributionMap":{"functional-code":{"insertions":34,"deletions":24}}},{"hash":"585b51a1ade0345db38963ecef758367b2c137de","isMergeCommit":false,"messageTitle":"Fix Gradle failing for no reason","messageBody":"","fileTypesAndContributionMap":{"functional-code":{"insertions":1,"deletions":0}}},{"hash":"9e3fb7e72c52a1a14628e33d5f8d227e56e1e8b0","isMergeCommit":true,"messageTitle":"Merge pull request #41 from HightechTR/fix-ErrorMessages","messageBody":"Fix error messages for user input","fileTypesAndContributionMap":{}}]},{"date":"2025-03-25","commitResults":[{"hash":"2e33ec388d7be976f662e4023d3a33b9a7e16493","isMergeCommit":false,"messageTitle":"Fix bug where semesters with 0 workloads appear as null in workload command","messageBody":"","fileTypesAndContributionMap":{"functional-code":{"insertions":12,"deletions":3},"test-code":{"insertions":50,"deletions":0}}},{"hash":"6148e5c5950ae73d5f6d84a1968bf5443ca62024","isMergeCommit":false,"messageTitle":"Fix unused imports","messageBody":"","fileTypesAndContributionMap":{"test-code":{"insertions":0,"deletions":4}}},{"hash":"1fb6c0228c1f7932e38f5f92fd8adcf244f7d46f","isMergeCommit":false,"messageTitle":"Fix incorrect input format for test","messageBody":"","fileTypesAndContributionMap":{"test-code":{"insertions":4,"deletions":4}}}]},{"date":"2025-03-26","commitResults":[{"hash":"c754796e582c7968cdf324b0099f24e02b3ed2b2","isMergeCommit":true,"messageTitle":"Merge pull request #42 from HightechTR/fix-WorkloadNull","messageBody":"Fix bug where sems with 0 workloads appear as null in workload cmd","fileTypesAndContributionMap":{}}]},{"date":"2025-03-28","commitResults":[{"hash":"9206868f104dfdfcc0859bf8ca4256c7f475b975","isMergeCommit":false,"messageTitle":"Modify Add Command test to be more robust","messageBody":"","fileTypesAndContributionMap":{"functional-code":{"insertions":19,"deletions":3},"other":{"insertions":0,"deletions":0},"test-code":{"insertions":51,"deletions":11}}},{"hash":"57eb1226b32fcd5c16a5d589b07a536947709a3e","isMergeCommit":false,"messageTitle":"Fix style/quality errors","messageBody":"","fileTypesAndContributionMap":{"test-code":{"insertions":7,"deletions":11}}},{"hash":"35b6a4f5bad3422eacba06a05d3cc0697268c006","isMergeCommit":false,"messageTitle":"Fix style/quality errors","messageBody":"","fileTypesAndContributionMap":{"test-code":{"insertions":21,"deletions":18}}},{"hash":"082daa3de12f3f5b031847595474b12f6f796b99","isMergeCommit":false,"messageTitle":"Fix style/quality errors","messageBody":"","fileTypesAndContributionMap":{"test-code":{"insertions":12,"deletions":11}}},{"hash":"f361bdbc4e070d91ebbad3f1ea96a963e83efe0a","isMergeCommit":false,"messageTitle":"Fix style/quality errors","messageBody":"","fileTypesAndContributionMap":{"functional-code":{"insertions":4,"deletions":4},"test-code":{"insertions":0,"deletions":1}}},{"hash":"72c07da09615424b8f7460cd76e2fb47a59c6caf","isMergeCommit":true,"messageTitle":"Merge pull request #47 from HightechTR/branch-AddCommandTest","messageBody":"Modify Add Command test to be more robust","fileTypesAndContributionMap":{}}]},{"date":"2025-03-29","commitResults":[{"hash":"4fcc5a47a2aad13479a5b90b906753d918282ca2","isMergeCommit":true,"messageTitle":"Merge pull request #54 from syCHEN1645/branch-JUnit-Test-EditCourse","messageBody":"Branch JUnit test edit course","fileTypesAndContributionMap":{}},{"hash":"f9501df92450758bcfea33079c25e57168404c3f","isMergeCommit":true,"messageTitle":"Merge pull request #55 from SahejAgarwal05/saving","messageBody":"Saving","fileTypesAndContributionMap":{}},{"hash":"4b382db03e582e249a04135176bd8003b6f6d806","isMergeCommit":false,"messageTitle":"Rename \u0026 improve workload commands, update help list","messageBody":"","fileTypesAndContributionMap":{"functional-code":{"insertions":28,"deletions":19},"other":{"insertions":28,"deletions":11}}},{"hash":"7c098570202026369df8267bf8df597ee39a2485","isMergeCommit":false,"messageTitle":"Rename required_workload command to workload_balance","messageBody":"","fileTypesAndContributionMap":{"functional-code":{"insertions":3,"deletions":3},"other":{"insertions":2,"deletions":2}}}]}]},"authorFileTypeContributionMap":{"JinbaoAlex":{"docs":1,"functional-code":27,"test-code":0},"Rishi7830":{"docs":1,"functional-code":230,"test-code":87},"syCHEN1645":{"docs":1,"functional-code":242,"test-code":68,"other":3},"SahejAgarwal05":{"docs":1,"functional-code":380,"test-code":52},"HightechTR":{"docs":3,"functional-code":225,"test-code":83,"other":1}},"authorContributionVariance":{"JinbaoAlex":294.441,"Rishi7830":2916.1462,"syCHEN1645":3329.1663,"SahejAgarwal05":7864.523,"HightechTR":3697.3823},"authorDisplayNameMap":{"JinbaoAlex":"CS2113-F14-2 ALEX.. BAO","Rishi7830":"CS2113-F14-2 RISH..RTHY","syCHEN1645":"CS2113-F14-2 CHEN..SIYU","SahejAgarwal05":"CS2113-F14-2 AGAR..AHEJ","HightechTR":"CS2113-F14-2 JOEL..NWEI"}}
