{"authorDailyContributionsMap":{"xiaohan28":[{"date":"2025-03-06","commitResults":[{"hash":"3ea95e06b9def36ab374fca152c31c5d6bb2beb0","isMergeCommit":false,"messageTitle":"Add name to AboutUs.md file","messageBody":"","fileTypesAndContributionMap":{"docs":{"insertions":4,"deletions":7}}},{"hash":"3138af8dbf2498b646b1221a3c8276e2731be5cd","isMergeCommit":true,"messageTitle":"Merge branch \u0027master\u0027 into xiaohan-AboutUs","messageBody":"","fileTypesAndContributionMap":{}},{"hash":"1bc3e23123bd01da0b1e7addb28ff4c8b0592922","isMergeCommit":true,"messageTitle":"Merge pull request #5 from xiaohan28/xiaohan-AboutUs","messageBody":"Add name to AboutUs.md file","fileTypesAndContributionMap":{}}]},{"date":"2025-03-14","commitResults":[{"hash":"65cb6dde448d393291457c5c7ad2753856102d29","isMergeCommit":false,"messageTitle":"Add welcome message and change Command to abstract class","messageBody":"","fileTypesAndContributionMap":{"functional-code":{"insertions":15,"deletions":6}}},{"hash":"c87b7a75aa55869eb99510782d5b9bd8e32cd5ab","isMergeCommit":true,"messageTitle":"Merge pull request #44 from xiaohan28/xiaohan-FamiliariseWithTp","messageBody":"Add welcome message and change Command to abstract class","fileTypesAndContributionMap":{}}]},{"date":"2025-03-16","commitResults":[{"hash":"8b7479127bec2cd0c92d649af511923f817495d5","isMergeCommit":false,"messageTitle":"Refactor out the processing of name and description","messageBody":"","fileTypesAndContributionMap":{"functional-code":{"insertions":34,"deletions":30}}},{"hash":"fffbaf27309d4d745abb4bf9262dea8e550207ee","isMergeCommit":true,"messageTitle":"Merge pull request #47 from xiaohan28/xiaohan-RefactorAddCommand","messageBody":"Refactor out the processing of name and description","fileTypesAndContributionMap":{}}]},{"date":"2025-03-17","commitResults":[{"hash":"92f9553831d0d3fb11bd35ff98d99f112bbdf693","isMergeCommit":false,"messageTitle":"Add JUnit Tests for Add command","messageBody":"","fileTypesAndContributionMap":{"test-code":{"insertions":115,"deletions":0}}},{"hash":"95845d87efdddfb6b4254f6e0ce2433acf369cb3","isMergeCommit":true,"messageTitle":"Merge pull request #54 from xiaohan28/xiaohan-JUnitTests","messageBody":"Add JUnit Tests for Add command","fileTypesAndContributionMap":{}}]},{"date":"2025-03-19","commitResults":[{"hash":"faa21a22b318e64969b24ddcd53c9699e8c09737","isMergeCommit":false,"messageTitle":"Add assertions to AddCommand class","messageBody":"","fileTypesAndContributionMap":{"functional-code":{"insertions":11,"deletions":0}}},{"hash":"314fdb63f8c8e8a9afc31a1a691db07406c2067a","isMergeCommit":false,"messageTitle":"Add logging to AddCommand class","messageBody":"","fileTypesAndContributionMap":{"functional-code":{"insertions":16,"deletions":1}}},{"hash":"139bdd969041da2e0024bedc5ff5d8cb71cd6953","isMergeCommit":true,"messageTitle":"Merge pull request #71 from xiaohan28/xiaohan-AssertionsAndLogging","messageBody":"Xiaohan assertions and logging","fileTypesAndContributionMap":{}}]},{"date":"2025-03-20","commitResults":[{"hash":"453e61cddac4f5fb2aacda03cce761f52e626180","isMergeCommit":false,"messageTitle":"Format code by adding new lines","messageBody":"","fileTypesAndContributionMap":{"functional-code":{"insertions":2,"deletions":0}}},{"hash":"4fe3dd0a904fa660f17381a64e7529abf984f9ce","isMergeCommit":false,"messageTitle":"Add logging to Activity class","messageBody":"","fileTypesAndContributionMap":{"functional-code":{"insertions":14,"deletions":0}}},{"hash":"91ad01933b02ab4d03ee12dfb36200ae7bc87bca","isMergeCommit":true,"messageTitle":"Merge branch \u0027master\u0027 into xiaohan-AssertionsAndLogging","messageBody":"","fileTypesAndContributionMap":{}},{"hash":"af3121f3dfd7260d5d288154a7073c0110d762c2","isMergeCommit":true,"messageTitle":"Merge pull request #79 from xiaohan28/xiaohan-AssertionsAndLogging","messageBody":"Xiaohan logging","fileTypesAndContributionMap":{}}]},{"date":"2025-03-24","commitResults":[{"hash":"857f800be14d2bacf2ca31892396346324044486","isMergeCommit":false,"messageTitle":"Add HelpCommand for users to view input commands and their formats","messageBody":"","fileTypesAndContributionMap":{"functional-code":{"insertions":38,"deletions":8}}},{"hash":"4b6378eeab93334919e30e9117714daf223b1c72","isMergeCommit":false,"messageTitle":"Import HelpCommand in commands package into uitl.Parser","messageBody":"","fileTypesAndContributionMap":{"functional-code":{"insertions":8,"deletions":1}}},{"hash":"ed14cad5463533993d2a67c9a9c126365c075dcd","isMergeCommit":true,"messageTitle":"Merge pull request #81 from xiaohan28/xiaohan-CommandsDisplay","messageBody":"Add HelpCommand for users to view input commands and their formats","fileTypesAndContributionMap":{}}]},{"date":"2025-03-26","commitResults":[{"hash":"1d18a6e979d6a7d95e12282d55da300800dd90d6","isMergeCommit":false,"messageTitle":"Add UML diagram for activity class and include the details in DG","messageBody":"","fileTypesAndContributionMap":{"docs":{"insertions":65,"deletions":1}}},{"hash":"5815fca74c3bc34be4cb433d2aef831fea1912e2","isMergeCommit":true,"messageTitle":"Merge pull request #94 from xiaohan28/xiaohan-AddDG","messageBody":"Add UML diagram for activity class and include the details in DG","fileTypesAndContributionMap":{}}]},{"date":"2025-03-27","commitResults":[{"hash":"e2cf72aafcc9da5704479d2f7dce7bd000a4b89d","isMergeCommit":false,"messageTitle":"Add JUnit Test for help command","messageBody":"","fileTypesAndContributionMap":{"test-code":{"insertions":42,"deletions":0}}},{"hash":"0526f57eacb0b6303e1f8c521d41b3f1c5e1da20","isMergeCommit":false,"messageTitle":"Add JUnit test for list command","messageBody":"","fileTypesAndContributionMap":{"test-code":{"insertions":67,"deletions":0}}}]},{"date":"2025-03-28","commitResults":[{"hash":"21ddaf5f4e9a886e4834afa091cfde19fb9de6d3","isMergeCommit":true,"messageTitle":"Merge pull request #107 from brand0nnn/master","messageBody":"Update UG, DG and improve printing format","fileTypesAndContributionMap":{}}]},{"date":"2025-03-31","commitResults":[{"hash":"d82e7d80ebb394909206c1f19d3aa71b9b08f84b","isMergeCommit":true,"messageTitle":"Merge pull request #110 from icknee/yinqi-ppp","messageBody":"Update PPP","fileTypesAndContributionMap":{}},{"hash":"7dd87fedacd0cbcea347d2cf67d1592ed4e540ee","isMergeCommit":true,"messageTitle":"Merge pull request #111 from brand0nnn/master","messageBody":"Add JUnit tests for EditCommand and Storage","fileTypesAndContributionMap":{}}]},{"date":"2025-04-02","commitResults":[{"hash":"c021b85a6efce7c7d0139bb314b26535f9e4f7b4","isMergeCommit":false,"messageTitle":"Add key component sequence diagram to DG","messageBody":"","fileTypesAndContributionMap":{"docs":{"insertions":57,"deletions":8}}},{"hash":"4a52b0243d6b8a6f3356b1b7a06a00832ac7aba4","isMergeCommit":true,"messageTitle":"Merge pull request #117 from xiaohan28/xiaohan-UpdateDG","messageBody":"Add key component sequence diagram to DG","fileTypesAndContributionMap":{}}]}],"brand0nnn":[{"date":"2025-03-06","commitResults":[{"hash":"d11d1aaab647860597704116bbcb5e59bbe38abb","isMergeCommit":false,"messageTitle":"Add my details","messageBody":"","fileTypesAndContributionMap":{"docs":{"insertions":1,"deletions":5}}},{"hash":"d2c08ba8a8ec77eb79b9b201ae2639b9eb7299b7","isMergeCommit":true,"messageTitle":"Resolve merge conflict","messageBody":"","fileTypesAndContributionMap":{}},{"hash":"33763bc48da688077c7318ef4a80b6c972987ad9","isMergeCommit":true,"messageTitle":"Merge pull request #2 from brand0nnn/brandon-AboutUs","messageBody":"Add my details","fileTypesAndContributionMap":{}}]},{"date":"2025-03-14","commitResults":[{"hash":"ca41b5337759ecd568d194fb874c45014fdfa9e6","isMergeCommit":false,"messageTitle":"Add exceptions package and enum for exception handling","messageBody":"","fileTypesAndContributionMap":{"functional-code":{"insertions":21,"deletions":0},"other":{"insertions":11,"deletions":8}}},{"hash":"90e74108481ded81f019bed023037f500633bae4","isMergeCommit":true,"messageTitle":"Merge pull request #35 from brand0nnn/master","messageBody":"Add exceptions package and enum for exception handling","fileTypesAndContributionMap":{}},{"hash":"540af5cd6a58ad525310805a0343ed292c5c826e","isMergeCommit":false,"messageTitle":"Add Command classes with inheritance","messageBody":"","fileTypesAndContributionMap":{"functional-code":{"insertions":191,"deletions":82}}},{"hash":"3419cd2f499aa8622757e5da285bb1e4c22a47d1","isMergeCommit":false,"messageTitle":"Remove unused imports for gradle checkstyle","messageBody":"","fileTypesAndContributionMap":{"functional-code":{"insertions":0,"deletions":3}}},{"hash":"3d91b427981e2d3de62c389e2247a9ab65bdc191","isMergeCommit":true,"messageTitle":"Merge pull request #37 from brand0nnn/master","messageBody":"Add Command classes with Inheritance","fileTypesAndContributionMap":{}},{"hash":"1c56efd416394d31cb3cea5eb96e27fb6d73b268","isMergeCommit":false,"messageTitle":"Add JUnit test for parsing invalid input command","messageBody":"","fileTypesAndContributionMap":{"test-code":{"insertions":28,"deletions":0}}},{"hash":"3519aa57c693ed6107ace69b711b2f1519d36483","isMergeCommit":false,"messageTitle":"Remove unused import statements and fixed formatting for gradle checkStyle","messageBody":"","fileTypesAndContributionMap":{"functional-code":{"insertions":2,"deletions":1},"test-code":{"insertions":0,"deletions":3}}},{"hash":"c7cb8b1b30db14b2390215662ca1b62882763603","isMergeCommit":true,"messageTitle":"Merge branch \u0027AY2425S2-CS2113-T13-2:master\u0027 into master","messageBody":"","fileTypesAndContributionMap":{}},{"hash":"c4aecabd3b46f18f677e6ac200b5721577609566","isMergeCommit":false,"messageTitle":"Fix vairable access definition in wrong order","messageBody":"","fileTypesAndContributionMap":{"functional-code":{"insertions":16,"deletions":5},"test-code":{"insertions":4,"deletions":1}}},{"hash":"91294aefb9bff402a991bb3dba2bb9fa33f40fa3","isMergeCommit":false,"messageTitle":"Remove comment lines","messageBody":"","fileTypesAndContributionMap":{"test-code":{"insertions":0,"deletions":2}}},{"hash":"88bacb982552ce8e132472ef2aed42359ea21573","isMergeCommit":true,"messageTitle":"Merge pull request #41 from brand0nnn/master","messageBody":"Add JUnit test for parsing invalid input command","fileTypesAndContributionMap":{}}]},{"date":"2025-03-17","commitResults":[{"hash":"60c5f966976d0b0414c159ba0edce5e1c5471639","isMergeCommit":false,"messageTitle":"Add Storage class and save method","messageBody":"","fileTypesAndContributionMap":{"functional-code":{"insertions":87,"deletions":1},"other":{"insertions":1,"deletions":1},"test-code":{"insertions":0,"deletions":1}}},{"hash":"d312805a6b1966505cb5498f4573e98041aa0fba","isMergeCommit":true,"messageTitle":"Resolve merge conflict","messageBody":"","fileTypesAndContributionMap":{}},{"hash":"874879801213bba1f4629bb7196ad1bf384bd8f6","isMergeCommit":false,"messageTitle":"Add loading of save file and bug fixes","messageBody":"","fileTypesAndContributionMap":{"functional-code":{"insertions":56,"deletions":17}}},{"hash":"6616464ddeda7f4fbb7f0acb6de1adf834e91884","isMergeCommit":true,"messageTitle":"Merge branch \u0027master\u0027 of https://github.com/brand0nnn/tp Merge fork with updated local repo","messageBody":"","fileTypesAndContributionMap":{}},{"hash":"57315e30154d973a04d1d7245bccf435cda5a67a","isMergeCommit":false,"messageTitle":"Fix long line with excessive characters for gradle checkStyle","messageBody":"","fileTypesAndContributionMap":{"functional-code":{"insertions":2,"deletions":1}}},{"hash":"94e3bfb06a4b884ae0d12fcd6e52001177244990","isMergeCommit":true,"messageTitle":"Merge pull request #53 from brand0nnn/master","messageBody":"Add storage class for saving and loading data","fileTypesAndContributionMap":{}},{"hash":"3d8af01f1cee3364b74258d18b186099e010925f","isMergeCommit":false,"messageTitle":"Add assertions for Storage","messageBody":"","fileTypesAndContributionMap":{"functional-code":{"insertions":5,"deletions":0}}},{"hash":"bfc1a2e0fc46a1bf70ee6a623ed547a6df8f2b18","isMergeCommit":false,"messageTitle":"Add JUnit test for loading","messageBody":"","fileTypesAndContributionMap":{"functional-code":{"insertions":10,"deletions":0},"test-code":{"insertions":52,"deletions":0}}}]},{"date":"2025-03-18","commitResults":[{"hash":"4e1c2203bbc254148060265a91095d1dafb5cd87","isMergeCommit":false,"messageTitle":"Fix bugs for loading save file","messageBody":"","fileTypesAndContributionMap":{"functional-code":{"insertions":23,"deletions":13}}},{"hash":"ff678bd4ac57df776389bfba59d0f9fb6cbcc765","isMergeCommit":true,"messageTitle":"Merge branch \u0027AY2425S2-CS2113-T13-2:master\u0027 into master","messageBody":"","fileTypesAndContributionMap":{}},{"hash":"a0012defe15e583fb25a07b2dcc3979f36f17134","isMergeCommit":true,"messageTitle":"Merge pull request #58 from brand0nnn/master","messageBody":"Fix bugs with storage and add JUnit tests and assertions","fileTypesAndContributionMap":{}},{"hash":"23de3011556efc3ede372a3f19fa91e50da8a789","isMergeCommit":false,"messageTitle":"Add more exception handling for invalid inputs to list and paid commands","messageBody":"","fileTypesAndContributionMap":{"functional-code":{"insertions":10,"deletions":4}}},{"hash":"a80783b0fb35e9a2b8116236aadec02832ab1887","isMergeCommit":false,"messageTitle":"Add logging class and logging for Storage","messageBody":"","fileTypesAndContributionMap":{"functional-code":{"insertions":62,"deletions":0}}},{"hash":"effce81460bc77cee0dd135e10d039c9f9bd0917","isMergeCommit":true,"messageTitle":"Merge branch \u0027master\u0027 of https://github.com/brand0nnn/tp Merge changes with local repo","messageBody":"","fileTypesAndContributionMap":{}},{"hash":"38de14303d40f425a2cd7345b971ef43a55231ba","isMergeCommit":true,"messageTitle":"Merge branch \u0027master\u0027 into master","messageBody":"","fileTypesAndContributionMap":{}},{"hash":"ead4bd00cb9e0b2697bbb6bbbf1b1431f95b546d","isMergeCommit":true,"messageTitle":"Merge branch \u0027master\u0027 into master","messageBody":"","fileTypesAndContributionMap":{}},{"hash":"beb964f5ac6b3ae6dc7bd30cd7d4059ca32418e0","isMergeCommit":true,"messageTitle":"Merge pull request #62 from brand0nnn/master","messageBody":"Add logging and fix bugs","fileTypesAndContributionMap":{}},{"hash":"f5b832a1b73a8bc6c1e0069b419a79195a39aa85","isMergeCommit":false,"messageTitle":"Add UI class and fix printing bug after loading save file","messageBody":"","fileTypesAndContributionMap":{"functional-code":{"insertions":61,"deletions":21}}},{"hash":"731dc1a7c5e9ea63c75b9822f1cf966b10c4bbfa","isMergeCommit":false,"messageTitle":"Remove unused import for gradle checkStyle","messageBody":"","fileTypesAndContributionMap":{"functional-code":{"insertions":0,"deletions":2}}},{"hash":"ba82243426e2583f1af373fa22f169a01fac3f9c","isMergeCommit":false,"messageTitle":"Update command execution in JUnit tests","messageBody":"","fileTypesAndContributionMap":{"test-code":{"insertions":12,"deletions":12}}},{"hash":"ae3decf526b3f9c970333901c7965b9d73713f80","isMergeCommit":true,"messageTitle":"Merge pull request #65 from brand0nnn/ui-branch","messageBody":"Add UI class and fix printing bug after loading save file","fileTypesAndContributionMap":{}}]},{"date":"2025-03-20","commitResults":[{"hash":"4288d2694329f657175f96d8e75db2de041c14f0","isMergeCommit":false,"messageTitle":"Remove logging in console for Add Command","messageBody":"","fileTypesAndContributionMap":{"functional-code":{"insertions":9,"deletions":15}}},{"hash":"ae6f876df40e684a73eae6ee502295e712ff6bb0","isMergeCommit":false,"messageTitle":"Remove logging on console for list command","messageBody":"","fileTypesAndContributionMap":{"functional-code":{"insertions":2,"deletions":3}}},{"hash":"3aa1fa9e4608ff3a3d2fc5aa69cbec6d37ded7c6","isMergeCommit":true,"messageTitle":"Merge branch \u0027master\u0027 of https://github.com/brand0nnn/tp Merge changes with local repo","messageBody":"","fileTypesAndContributionMap":{}},{"hash":"a7a5428ea66047cbdb5a4cb0f8087626dceef231","isMergeCommit":false,"messageTitle":"Remove unused imports for gradle styleCheck","messageBody":"","fileTypesAndContributionMap":{"functional-code":{"insertions":0,"deletions":2}}},{"hash":"bddebeadfe6a643a4623b300988e3956edac5a43","isMergeCommit":true,"messageTitle":"Merge pull request #77 from brand0nnn/master","messageBody":"Remove console logging","fileTypesAndContributionMap":{}}]},{"date":"2025-03-25","commitResults":[{"hash":"fbf88d94f90c623dee383a710e774a05959de7ee","isMergeCommit":false,"messageTitle":"Address feedback and comments given on PR","messageBody":"","fileTypesAndContributionMap":{"functional-code":{"insertions":114,"deletions":43}}},{"hash":"7d86f1cf9dd3a7189f992b710a2d27e78546401f","isMergeCommit":false,"messageTitle":"Fix gradle checkStyle","messageBody":"","fileTypesAndContributionMap":{"functional-code":{"insertions":2,"deletions":1}}},{"hash":"d2bf63f1c24de2b4c5788749a3708740273274c0","isMergeCommit":true,"messageTitle":"Merge pull request #83 from brand0nnn/master","messageBody":"Address feedback and comments given by TA","fileTypesAndContributionMap":{}},{"hash":"f02d17be9f589de408bde29e6980e282e22b9883","isMergeCommit":false,"messageTitle":"Update DeveloperGuide.md with some details","messageBody":"","fileTypesAndContributionMap":{"docs":{"insertions":41,"deletions":10}}},{"hash":"b5908d03bf9ea5e603a6fedf1b62315ca15d24ce","isMergeCommit":true,"messageTitle":"Merge pull request #87 from brand0nnn/master","messageBody":"Update DeveloperGuide.md with some details","fileTypesAndContributionMap":{}},{"hash":"72148c94c20a5de948dfe9cd0455e3cebdd596a7","isMergeCommit":false,"messageTitle":"Update UserGuide.md","messageBody":"","fileTypesAndContributionMap":{"docs":{"insertions":137,"deletions":20}}},{"hash":"0130f513bf9bbf3fbc920f3d82eaec7812a09c31","isMergeCommit":false,"messageTitle":"Update UserGuide.md with some features","messageBody":"","fileTypesAndContributionMap":{"docs":{"insertions":20,"deletions":3}}},{"hash":"24265d58b70c64c51dee676e83a2d4b73c6fd962","isMergeCommit":true,"messageTitle":"Merge branch \u0027AY2425S2-CS2113-T13-2:master\u0027 into master","messageBody":"","fileTypesAndContributionMap":{}}]},{"date":"2025-03-26","commitResults":[{"hash":"b194546dbbb6e26986367fe262890cd6e10099e1","isMergeCommit":true,"messageTitle":"Merge pull request #88 from brand0nnn/master","messageBody":"Update UserGuide.md","fileTypesAndContributionMap":{}},{"hash":"e785a6ec120a1f14da4f3b142e706dd4ee606101","isMergeCommit":false,"messageTitle":"Add UML diagram showing inheritance for Command Class","messageBody":"","fileTypesAndContributionMap":{"docs":{"insertions":34,"deletions":0}}},{"hash":"cd41224001540a4ea6f081cee721c1f321072aa3","isMergeCommit":true,"messageTitle":"Merge pull request #91 from brand0nnn/master","messageBody":"Add UML diagram showing inheritance for Command Class","fileTypesAndContributionMap":{}},{"hash":"f927e19ef6f6050121ea6e77b6b88f4ddf7b17c7","isMergeCommit":false,"messageTitle":"Add details about Command class and format DG","messageBody":"","fileTypesAndContributionMap":{"docs":{"insertions":38,"deletions":23}}},{"hash":"dd0df44e4aeeb6a4ba5bb68f9889e7306c13d61f","isMergeCommit":true,"messageTitle":"Merge branch \u0027AY2425S2-CS2113-T13-2:master\u0027 into master","messageBody":"","fileTypesAndContributionMap":{}},{"hash":"f8162ff4a8b531c6db48c0ffec8f5208b4ce3225","isMergeCommit":false,"messageTitle":"Edit typo","messageBody":"","fileTypesAndContributionMap":{"docs":{"insertions":9,"deletions":1}}},{"hash":"d23fd7e65376a7db4fd6e12f8e642ba5f972d0fc","isMergeCommit":true,"messageTitle":"Merge pull request #93 from brand0nnn/master","messageBody":"Add some details of Command class to DG","fileTypesAndContributionMap":{}},{"hash":"d3bad407fa8f7c43ff73a85776e818d9a82df16e","isMergeCommit":false,"messageTitle":"Add more info about class structure for Command Class","messageBody":"","fileTypesAndContributionMap":{"docs":{"insertions":17,"deletions":4}}},{"hash":"3cb43ffff399684d68537fd080c6014a26986188","isMergeCommit":false,"messageTitle":"Add sequence diagram for loading of save file when program starts","messageBody":"","fileTypesAndContributionMap":{"docs":{"insertions":29,"deletions":0}}},{"hash":"05bdf6ed30c22e949b688aab3b6cc50bafd7fe65","isMergeCommit":false,"messageTitle":"Add Storage component to DG","messageBody":"","fileTypesAndContributionMap":{"docs":{"insertions":34,"deletions":1}}},{"hash":"6e3073ef4613601c31fd87391d20d27e645633de","isMergeCommit":true,"messageTitle":"Merge branch \u0027AY2425S2-CS2113-T13-2:master\u0027 into master","messageBody":"","fileTypesAndContributionMap":{}},{"hash":"580b8a49fc38f7370941edd9b33440ad088e7b99","isMergeCommit":false,"messageTitle":"Add image of sample save file and fix image for UML sequence diagram for loading storage","messageBody":"","fileTypesAndContributionMap":{"docs":{"insertions":2,"deletions":1}}},{"hash":"1a3422b986cbaec5028c1a1848cc1c2f5bb31836","isMergeCommit":true,"messageTitle":"Merge pull request #95 from brand0nnn/master","messageBody":"Add Storage component to DG","fileTypesAndContributionMap":{}}]},{"date":"2025-03-27","commitResults":[{"hash":"530a4ba110ec25987f7bc7b8993cff86ca7b82b7","isMergeCommit":false,"messageTitle":"Add Edit Command with exception handling","messageBody":"","fileTypesAndContributionMap":{"functional-code":{"insertions":140,"deletions":6}}},{"hash":"32f2b6565fa051589ea92f1322a5cbb53f0f13fc","isMergeCommit":true,"messageTitle":"Merge branch \u0027AY2425S2-CS2113-T13-2:master\u0027 into edit-command","messageBody":"","fileTypesAndContributionMap":{}},{"hash":"f6661b1dd1381068c0a34967fca41e42aa845f6a","isMergeCommit":true,"messageTitle":"Merge pull request #96 from brand0nnn/edit-command","messageBody":"Add Edit command and error handling","fileTypesAndContributionMap":{}},{"hash":"9c49c9fc1ba800178912e5cfae7e93b4d1775464","isMergeCommit":true,"messageTitle":"Merge pull request #97 from xiaohan28/xiaohan-AddHelpTest","messageBody":"Add JUnit Test for help command","fileTypesAndContributionMap":{}},{"hash":"2a04a273dc9c56cc71538844fc18a982e35a6e12","isMergeCommit":true,"messageTitle":"Merge pull request #98 from xiaohan28/xiaohan-AddListTest","messageBody":"Add JUnit test for list command","fileTypesAndContributionMap":{}}]},{"date":"2025-03-28","commitResults":[{"hash":"324d8d7c193051c51adcd693edc30c90529795d4","isMergeCommit":false,"messageTitle":"Modify Storage to save after every add, edit or delete command instead of saving only after exiting.","messageBody":"","fileTypesAndContributionMap":{"functional-code":{"insertions":6,"deletions":5}}},{"hash":"ead841b48694c8f9af252f00d287cc1679f1883f","isMergeCommit":true,"messageTitle":"Merge branch \u0027master\u0027 of https://github.com/brand0nnn/tp Merge with changes from local repo","messageBody":"","fileTypesAndContributionMap":{}},{"hash":"b0c74b5204c017c19a590e393f68e4fd239f159a","isMergeCommit":false,"messageTitle":"Add ability to prevent user from editing amount when paid","messageBody":"","fileTypesAndContributionMap":{"functional-code":{"insertions":22,"deletions":3}}},{"hash":"5aa0d88144edc5c59d5821b68575f3b7ea00d65f","isMergeCommit":false,"messageTitle":"Fix formatting for gradle checkStyle","messageBody":"","fileTypesAndContributionMap":{"functional-code":{"insertions":12,"deletions":4}}},{"hash":"82f5a58ef849007c88ba55e7a6cb85f891af5eb3","isMergeCommit":false,"messageTitle":"Update DG with UI and Parser Component, and also updated CommandInheritance UML class diagram","messageBody":"","fileTypesAndContributionMap":{"docs":{"insertions":50,"deletions":2}}},{"hash":"e3cfe1b0a5cd13354e8e96ff6433d51a1fbf22fa","isMergeCommit":false,"messageTitle":"Update printing format and add more details in UG","messageBody":"","fileTypesAndContributionMap":{"functional-code":{"insertions":35,"deletions":22},"docs":{"insertions":332,"deletions":60}}},{"hash":"de831143182205dd5d7809ed07c2d5ae9cf0e9d6","isMergeCommit":false,"messageTitle":"Add newline for build test","messageBody":"","fileTypesAndContributionMap":{"functional-code":{"insertions":1,"deletions":0}}},{"hash":"dcdab1633c1fd382ac4d5d139e971e9feddbcee4","isMergeCommit":false,"messageTitle":"Test whether printing last line was issue for failed build","messageBody":"","fileTypesAndContributionMap":{"functional-code":{"insertions":0,"deletions":2}}}]},{"date":"2025-03-29","commitResults":[{"hash":"ea35d18ebf0fffcec56c95f8fa1d89bcd56fe5b9","isMergeCommit":true,"messageTitle":"Merge pull request #108 from jing-yen/master","messageBody":"Implement groups","fileTypesAndContributionMap":{}}]},{"date":"2025-03-31","commitResults":[{"hash":"8e8f01813cde357951d5cf967a91bf9ac81886e4","isMergeCommit":false,"messageTitle":"Add error handling for groups","messageBody":"","fileTypesAndContributionMap":{"functional-code":{"insertions":46,"deletions":30}}},{"hash":"1164e6f583791038d4ad71433096261c708a8653","isMergeCommit":false,"messageTitle":"Update StorageTest to fit updated storage","messageBody":"","fileTypesAndContributionMap":{"test-code":{"insertions":45,"deletions":35}}},{"hash":"1cf6d2dd429856a306e7e55ffd62b863843c4086","isMergeCommit":false,"messageTitle":"Remove unused import for checkStyleTest","messageBody":"","fileTypesAndContributionMap":{"test-code":{"insertions":0,"deletions":1}}},{"hash":"948a3571394017a5fae04eda099bd1af93054baf","isMergeCommit":false,"messageTitle":"Update test case to check for correct exception","messageBody":"","fileTypesAndContributionMap":{"test-code":{"insertions":1,"deletions":1}}},{"hash":"132feeb1e20f37e6f51b1ce2bdad30cc2a1308ad","isMergeCommit":false,"messageTitle":"Update runtest.bat file to try with dos2unix","messageBody":"","fileTypesAndContributionMap":{"other":{"insertions":2,"deletions":0}}},{"hash":"405e9a966e55f7cd2bf7476691d27d02c41f4403","isMergeCommit":false,"messageTitle":"Remove dos2unix","messageBody":"","fileTypesAndContributionMap":{"other":{"insertions":0,"deletions":2}}},{"hash":"48f3e98b71ec1e12c76a7a0ef8bed577686d24d1","isMergeCommit":false,"messageTitle":"Add JUnit tests for EditCommand","messageBody":"","fileTypesAndContributionMap":{"test-code":{"insertions":140,"deletions":0}}},{"hash":"45f98a1f80c4c3944c6ce01d2c5a86c978a368e7","isMergeCommit":false,"messageTitle":"Modify and add JUnit tests for Storage","messageBody":"","fileTypesAndContributionMap":{"test-code":{"insertions":79,"deletions":48}}},{"hash":"9cb16c1908d3b8387f8aad4ee5bbc0812159d1e9","isMergeCommit":true,"messageTitle":"Merge branch \u0027master\u0027 of https://github.com/brand0nnn/tp Merge with local repo","messageBody":"","fileTypesAndContributionMap":{}},{"hash":"d2ea5870efc451502e3ed02ece0b3ef31f741f48","isMergeCommit":false,"messageTitle":"Fix formatting for checkStyleTest","messageBody":"","fileTypesAndContributionMap":{"test-code":{"insertions":19,"deletions":10}}},{"hash":"378efcf283c52688c09b6cfcd11c000c5a855411","isMergeCommit":false,"messageTitle":"Update checking for truncated filenames due to invalid character","messageBody":"","fileTypesAndContributionMap":{"functional-code":{"insertions":8,"deletions":4}}},{"hash":"2aa68133475ff75a7271636cbf338671a2bb529a","isMergeCommit":false,"messageTitle":"Update wrong exception type","messageBody":"","fileTypesAndContributionMap":{"test-code":{"insertions":7,"deletions":7}}},{"hash":"4d50e20c493210064a727bd07941544f56d842eb","isMergeCommit":false,"messageTitle":"Update exception message","messageBody":"","fileTypesAndContributionMap":{"test-code":{"insertions":1,"deletions":1}}},{"hash":"092e53d673274e9af29b19635ce213bd4c32df34","isMergeCommit":false,"messageTitle":"Change exception type","messageBody":"","fileTypesAndContributionMap":{"test-code":{"insertions":5,"deletions":5}}},{"hash":"7df70e620943a248a345cde4b9ad6cf30780c1bf","isMergeCommit":false,"messageTitle":"Change exception type for length exceeding MAX_PATH","messageBody":"","fileTypesAndContributionMap":{"test-code":{"insertions":1,"deletions":1}}},{"hash":"6f45e6e7321e1087eb7e8fc5bd3e3a758234b6ae","isMergeCommit":false,"messageTitle":"Updated first draft of PPP","messageBody":"","fileTypesAndContributionMap":{"docs":{"insertions":73,"deletions":0}}},{"hash":"053182721d4886905029c1fb65ea3ac262da0e16","isMergeCommit":true,"messageTitle":"Merge pull request #112 from brand0nnn/master","messageBody":"Updated first draft of PPP","fileTypesAndContributionMap":{}},{"hash":"66c5fbed5383caf68f822c6f819261bd4590efd0","isMergeCommit":false,"messageTitle":"Add Group feature and Common Errors","messageBody":"","fileTypesAndContributionMap":{"docs":{"insertions":81,"deletions":2}}}]},{"date":"2025-04-01","commitResults":[{"hash":"bcf4fdcecf292040595d43a31fb286c083fafb22","isMergeCommit":false,"messageTitle":"Fix exception bug, add error handling for large amounts, and amounts that are not 0 or 2 decimal places","messageBody":"","fileTypesAndContributionMap":{"functional-code":{"insertions":43,"deletions":13}}},{"hash":"f113b4197a063427e91eea03fc1b038fab0638b0","isMergeCommit":false,"messageTitle":"Fix test cases and bugs","messageBody":"","fileTypesAndContributionMap":{"functional-code":{"insertions":6,"deletions":10},"docs":{"insertions":24,"deletions":0},"test-code":{"insertions":6,"deletions":6}}},{"hash":"ed90f0d17503f29be0b8e66304fe64e10a6bb47f","isMergeCommit":true,"messageTitle":"Merge branch \u0027AY2425S2-CS2113-T13-2:master\u0027 into master","messageBody":"","fileTypesAndContributionMap":{}},{"hash":"3c9a8dc98b15961e7125eabbfb1e0f65daf646b1","isMergeCommit":true,"messageTitle":"Merge pull request #114 from SeanTerrr/master","messageBody":"Updated UG","fileTypesAndContributionMap":{}},{"hash":"fc02562624fe1faac9648b2224ee35f4e1681aa4","isMergeCommit":true,"messageTitle":"Merge pull request #115 from SeanTerrr/master","messageBody":"added change command with JUnit test","fileTypesAndContributionMap":{}}]}],"SeanTerrr":[{"date":"2025-03-06","commitResults":[{"hash":"d874f159e690e763401298f22b054bfdd01db221","isMergeCommit":false,"messageTitle":"Updated Name in AboutUs.md","messageBody":"","fileTypesAndContributionMap":{"docs":{"insertions":1,"deletions":5}}},{"hash":"abf0f707c7c1de1dac89f37de97e5a09408d5765","isMergeCommit":true,"messageTitle":"Merge pull request #1 from SeanTerrr/Sean---AboutUs","messageBody":"Updated Name in AboutUs.md","fileTypesAndContributionMap":{}}]},{"date":"2025-03-13","commitResults":[{"hash":"9cc17436519b4f647c179d74123be6e940c73cd0","isMergeCommit":false,"messageTitle":"Added split function and skeleton classes","messageBody":"","fileTypesAndContributionMap":{"functional-code":{"insertions":116,"deletions":0}}},{"hash":"c5e44af8423128ca7674acabdacbcd3f692dcc42","isMergeCommit":true,"messageTitle":"Merge pull request #32 from SeanTerrr/master","messageBody":"Added split function and skeleton classes","fileTypesAndContributionMap":{}},{"hash":"9ce5e0ea50e86b2ba30e93970a0991e4a24503eb","isMergeCommit":false,"messageTitle":"Added Split function as well as skeleton classes in accordance to check style","messageBody":"","fileTypesAndContributionMap":{"functional-code":{"insertions":2,"deletions":3}}},{"hash":"00836f22bd3f7bfc030c9a5785e387a122a341e1","isMergeCommit":true,"messageTitle":"Merge pull request #34 from SeanTerrr/master","messageBody":"Added Split function as well as skeleton classes in accordance to check style","fileTypesAndContributionMap":{}}]},{"date":"2025-03-14","commitResults":[{"hash":"52df58fb77eccd60119ad2112c5e728e78fb4509","isMergeCommit":false,"messageTitle":"added junit test for split function","messageBody":"","fileTypesAndContributionMap":{"functional-code":{"insertions":13,"deletions":8},"test-code":{"insertions":34,"deletions":0}}},{"hash":"861f3b200d1e36aa72ed71d2f7075cbb80e0401c","isMergeCommit":true,"messageTitle":"Merge pull request #38 from SeanTerrr/master","messageBody":"added junit test for split function","fileTypesAndContributionMap":{}},{"hash":"1ff882d5c2c88b30df4f47b1a14dfa8d44cc5f93","isMergeCommit":false,"messageTitle":"Fixed test style","messageBody":"","fileTypesAndContributionMap":{"functional-code":{"insertions":0,"deletions":1},"test-code":{"insertions":2,"deletions":1}}},{"hash":"5069e7c6a47b327e38dd22779680bd21b404823c","isMergeCommit":true,"messageTitle":"Merge branch \u0027AY2425S2-CS2113-T13-2:master\u0027 into master","messageBody":"","fileTypesAndContributionMap":{}},{"hash":"19ea46651ab29c7878f1b1f722de4e1610577897","isMergeCommit":true,"messageTitle":"Merge pull request #39 from SeanTerrr/master","messageBody":"Fixed style for junit test","fileTypesAndContributionMap":{}},{"hash":"0846b9ba4dbc46aa91027c9a26af6cf52ff1ce19","isMergeCommit":false,"messageTitle":"Fixed split function bug and Junit test for split function","messageBody":"","fileTypesAndContributionMap":{"functional-code":{"insertions":28,"deletions":16},"test-code":{"insertions":4,"deletions":7}}},{"hash":"dafdd2a93a47e02c1a26abe9dfbe7feb2a5560eb","isMergeCommit":true,"messageTitle":"Merge pull request #43 from SeanTerrr/master","messageBody":"Fixed split function bug and Junit test for split function, change all hashmap value type from Integer to Double","fileTypesAndContributionMap":{}}]},{"date":"2025-03-16","commitResults":[{"hash":"fe03d5607a5419d58a9e7f4b33de361ddedfc579","isMergeCommit":false,"messageTitle":"Added paid and list function","messageBody":"","fileTypesAndContributionMap":{"functional-code":{"insertions":201,"deletions":25}}},{"hash":"74c039692cd42c8af46a3caa361c15f336a879e2","isMergeCommit":false,"messageTitle":"Fixed style check","messageBody":"","fileTypesAndContributionMap":{"functional-code":{"insertions":5,"deletions":3}}},{"hash":"b0fc558f206e88fcce5bf0a764532d7b51fe6646","isMergeCommit":true,"messageTitle":"Merge pull request #46 from SeanTerrr/master","messageBody":"Added paid and list function","fileTypesAndContributionMap":{}}]},{"date":"2025-03-17","commitResults":[{"hash":"292cc28cc80640b3fad7863d49a937ba30b75667","isMergeCommit":false,"messageTitle":"﻿optimised split code","messageBody":"","fileTypesAndContributionMap":{"functional-code":{"insertions":95,"deletions":15}}},{"hash":"74089fd07360019bd1fd582ba953c5e80412d8b7","isMergeCommit":false,"messageTitle":"fixed merge conflict","messageBody":"","fileTypesAndContributionMap":{"functional-code":{"insertions":2,"deletions":3}}},{"hash":"63ce25dc7583eeee2648b23fb6cd2eada76356c0","isMergeCommit":false,"messageTitle":"fixed stylecheck errors","messageBody":"","fileTypesAndContributionMap":{"functional-code":{"insertions":6,"deletions":3}}},{"hash":"651c029ba4fbb3d360be0f09f94364ea22d01e8b","isMergeCommit":false,"messageTitle":"Updated code to match junit test output","messageBody":"","fileTypesAndContributionMap":{"functional-code":{"insertions":1,"deletions":1},"test-code":{"insertions":1,"deletions":1}}},{"hash":"bba64e4f3605bf761c51f25f3ee65e99e9811f7a","isMergeCommit":true,"messageTitle":"Merge pull request #52 from SeanTerrr/master","messageBody":"Optimised split function","fileTypesAndContributionMap":{}}]},{"date":"2025-03-18","commitResults":[{"hash":"bd3a25468296e311421db370bd2f5423823ce989","isMergeCommit":false,"messageTitle":"Fixed bug in split and paid function","messageBody":"","fileTypesAndContributionMap":{"functional-code":{"insertions":23,"deletions":10}}},{"hash":"fc0361733a83e800acd247da0632eec2387addee","isMergeCommit":true,"messageTitle":"Merge pull request #61 from SeanTerrr/master","messageBody":"Fixed bug in split and paid function","fileTypesAndContributionMap":{}},{"hash":"9dbf470d424f7b43f46757f1b2193d0d2602318f","isMergeCommit":false,"messageTitle":"Fixed bug in paid and check style","messageBody":"","fileTypesAndContributionMap":{"functional-code":{"insertions":7,"deletions":1},"other":{"insertions":0,"deletions":1},"test-code":{"insertions":6,"deletions":3}}},{"hash":"9317310fd25953dc773e8241effd360b0c629769","isMergeCommit":true,"messageTitle":"Merge pull request #63 from SeanTerrr/master","messageBody":"Fixed bug in paid and check style","fileTypesAndContributionMap":{}},{"hash":"c75a100f711377282c233b087339624cef1571ce","isMergeCommit":false,"messageTitle":"Fixed bug in list","messageBody":"","fileTypesAndContributionMap":{"functional-code":{"insertions":10,"deletions":4}}},{"hash":"6c63d69e92f3020ec878c7793a3359af2c5a14d8","isMergeCommit":true,"messageTitle":"Merge branch \u0027AY2425S2-CS2113-T13-2:master\u0027 into master","messageBody":"","fileTypesAndContributionMap":{}},{"hash":"e14537e13ff668f17d2f0c86ccd07689151d8a78","isMergeCommit":true,"messageTitle":"Merge pull request #64 from SeanTerrr/master","messageBody":"Fixed bug in list","fileTypesAndContributionMap":{}},{"hash":"a5c0b079dabd44d090038c24bdbf88690e776f6f","isMergeCommit":false,"messageTitle":"Implemented paid function for payer","messageBody":"","fileTypesAndContributionMap":{"functional-code":{"insertions":107,"deletions":51}}},{"hash":"8671e0b2197bf0f471302870ac769b70cef906ee","isMergeCommit":true,"messageTitle":"Merge pull request #66 from SeanTerrr/master","messageBody":"Implemented paid function for payer","fileTypesAndContributionMap":{}}]},{"date":"2025-03-19","commitResults":[{"hash":"9955d1dad52c9e80bf023379cf19ec6dcc03167d","isMergeCommit":false,"messageTitle":"Impoved printing UI","messageBody":"","fileTypesAndContributionMap":{"functional-code":{"insertions":19,"deletions":10}}},{"hash":"e2f96614c753f2c974d2f3c432ed4ab90fbb0470","isMergeCommit":false,"messageTitle":"fixed issue with check style","messageBody":"","fileTypesAndContributionMap":{"functional-code":{"insertions":3,"deletions":3}}},{"hash":"4289be7cd35fe5bd63447104ae773bbf549f4351","isMergeCommit":true,"messageTitle":"Merge branch \u0027AY2425S2-CS2113-T13-2:master\u0027 into master","messageBody":"","fileTypesAndContributionMap":{}},{"hash":"c53164e3a5ca887552ef33e9e79e12c13f296503","isMergeCommit":false,"messageTitle":"Added logging to list","messageBody":"","fileTypesAndContributionMap":{"functional-code":{"insertions":8,"deletions":2}}},{"hash":"85b774708f6a3e99cc53e1b97fd12065c3c31d1c","isMergeCommit":false,"messageTitle":"Fixed check style","messageBody":"","fileTypesAndContributionMap":{"functional-code":{"insertions":4,"deletions":4}}},{"hash":"ad93821dbf8f09dc75e105f5e3d6ee9678e7c786","isMergeCommit":false,"messageTitle":"Fixed text-ui-test bug","messageBody":"","fileTypesAndContributionMap":{"functional-code":{"insertions":1,"deletions":1}}},{"hash":"2c0217c3be3389d4782bde89abbd804addba8b2c","isMergeCommit":true,"messageTitle":"Merge pull request #74 from SeanTerrr/testing","messageBody":"Fixed testing bugs and improved list UI ","fileTypesAndContributionMap":{}}]},{"date":"2025-03-20","commitResults":[{"hash":"3c834610d1f5158d3a073a04fb1c6085059a60ae","isMergeCommit":false,"messageTitle":"Fixed bugs in delete and split","messageBody":"","fileTypesAndContributionMap":{"functional-code":{"insertions":19,"deletions":3}}},{"hash":"dc99c3cd700619369f202df022aea877e3f5f01b","isMergeCommit":true,"messageTitle":"Merge branch \u0027master\u0027 into testing","messageBody":"","fileTypesAndContributionMap":{}},{"hash":"291d21f1c4ace8f04a11dc0740eaf4aff0c614a3","isMergeCommit":true,"messageTitle":"Merge pull request #76 from SeanTerrr/testing","messageBody":"Fixed bugs in delete and split","fileTypesAndContributionMap":{}}]},{"date":"2025-03-21","commitResults":[{"hash":"08711735fe78489922debfda9237cd888dc378fd","isMergeCommit":false,"messageTitle":"added logging in list","messageBody":"","fileTypesAndContributionMap":{"functional-code":{"insertions":1,"deletions":0}}},{"hash":"6a99fd394d756de2b35e37d6c66fc7cbb3491299","isMergeCommit":true,"messageTitle":"Merge pull request #80 from SeanTerrr/master","messageBody":"added logging in list","fileTypesAndContributionMap":{}}]},{"date":"2025-03-25","commitResults":[{"hash":"bbed64806d2f805383c10e702e27b85e63f7c69d","isMergeCommit":false,"messageTitle":"decreased coupling by removing netOwedMap and personActivitiesMap","messageBody":"","fileTypesAndContributionMap":{"functional-code":{"insertions":69,"deletions":199},"test-code":{"insertions":25,"deletions":42}}},{"hash":"a970bfa127a95d5d0cf9b730d97a23716d83ef81","isMergeCommit":true,"messageTitle":"Merge pull request #84 from SeanTerrr/master","messageBody":"decreased coupling by removing netOwedMap and personActivitiesMap","fileTypesAndContributionMap":{}}]},{"date":"2025-03-28","commitResults":[{"hash":"5fcbee27ae504ed4691b6e4906947765ef3c8dab","isMergeCommit":true,"messageTitle":"Merge pull request #100 from brand0nnn/master","messageBody":"Modify Storage to save after every add, delete or edit command","fileTypesAndContributionMap":{}},{"hash":"9d7217d039839f63e1a55eba0a80e6563de8c0bf","isMergeCommit":false,"messageTitle":"Reformatted list to seperate activites into paid and unpaid categories, added unpaid commanded, added junit test for paid and unpaid command","messageBody":"","fileTypesAndContributionMap":{"functional-code":{"insertions":443,"deletions":82},"test-code":{"insertions":114,"deletions":3}}},{"hash":"949a38d8bce81e907ed73ab10ab4d1135e844af9","isMergeCommit":false,"messageTitle":"Fixed check style","messageBody":"","fileTypesAndContributionMap":{"functional-code":{"insertions":7,"deletions":2}}},{"hash":"cc4571060dbdbf73ab34fa884a39e7adb6abbb84","isMergeCommit":false,"messageTitle":"Fixed junit test bug for add command","messageBody":"","fileTypesAndContributionMap":{"test-code":{"insertions":7,"deletions":6}}},{"hash":"5eb8eb2642160cf547a9cc88dac21485086d528c","isMergeCommit":false,"messageTitle":"Update DeveloperGuide","messageBody":"","fileTypesAndContributionMap":{"docs":{"insertions":17,"deletions":0}}},{"hash":"da2ab01102b7a89139352d961fd28d059ddbbbc6","isMergeCommit":false,"messageTitle":"Update DeveloperGuide.md","messageBody":"","fileTypesAndContributionMap":{"docs":{"insertions":2,"deletions":2}}},{"hash":"9ef914af571a75561549e62ec91eaa8ce2ca636c","isMergeCommit":true,"messageTitle":"Merge branch \u0027AY2425S2-CS2113-T13-2:master\u0027 into master","messageBody":"","fileTypesAndContributionMap":{}},{"hash":"6890e3aea1b3b4345d28e52d65e8c38bf87f1f41","isMergeCommit":true,"messageTitle":"Merge pull request #103 from icknee/yinqi-addequalcommand","messageBody":"Implement add equal command class ","fileTypesAndContributionMap":{}},{"hash":"0611b7a63cfaabe37f85c37d06ef158195ecea1b","isMergeCommit":true,"messageTitle":"Merge pull request #105 from SeanTerrr/master","messageBody":"Updated DG Guide","fileTypesAndContributionMap":{}}]},{"date":"2025-04-01","commitResults":[{"hash":"9c7b207210399b6f1148254d6091eb18b0a5980a","isMergeCommit":true,"messageTitle":"Merge pull request #113 from brand0nnn/master","messageBody":"Update UG, fix test cases, bugs and added error handling","fileTypesAndContributionMap":{}},{"hash":"d210ebdcf0363fd41052f624eaf5afe93ec3521d","isMergeCommit":false,"messageTitle":"Updated UG","messageBody":"","fileTypesAndContributionMap":{"docs":{"insertions":21,"deletions":0}}},{"hash":"9887f36923e4e6288873b140fd8cf82137365c2e","isMergeCommit":false,"messageTitle":"Added change command","messageBody":"","fileTypesAndContributionMap":{"functional-code":{"insertions":58,"deletions":27},"test-code":{"insertions":22,"deletions":0}}},{"hash":"ec8951f23aef2d1e7da6ec14a2c520a3a6a8f34e","isMergeCommit":true,"messageTitle":"Merge branch \u0027AY2425S2-CS2113-T13-2:master\u0027 into master","messageBody":"","fileTypesAndContributionMap":{}},{"hash":"83d35ee754d4605cf6de0743a8be6cdd2189aa5b","isMergeCommit":true,"messageTitle":"Merge pull request #116 from jing-yen/master","messageBody":"Test windows file restrictions: CON PRN etc","fileTypesAndContributionMap":{}}]},{"date":"2025-04-02","commitResults":[{"hash":"1da8a3a3ce620a427ae1d91a4c8b8bb0eb891997","isMergeCommit":false,"messageTitle":"Updated UG and added PPP","messageBody":"","fileTypesAndContributionMap":{"docs":{"insertions":101,"deletions":2}}},{"hash":"0559cf7a69e7b66494c24d24568be6536ea0c67a","isMergeCommit":true,"messageTitle":"Merge pull request #119 from SeanTerrr/master","messageBody":"Updated UG and added PPP","fileTypesAndContributionMap":{}},{"hash":"a9a3b4f482a6f764b232a4787b0e48c9f8fcc5db","isMergeCommit":false,"messageTitle":"Updated UG","messageBody":"","fileTypesAndContributionMap":{"docs":{"insertions":4,"deletions":3}}},{"hash":"17cb299ebfcdc06b3ad9121d59f8a2210cf449eb","isMergeCommit":false,"messageTitle":"renamed PPP","messageBody":"","fileTypesAndContributionMap":{"docs":{"insertions":0,"deletions":0}}},{"hash":"89f04dccf2ff19580803a2755d90aa39627d345b","isMergeCommit":true,"messageTitle":"Merge pull request #120 from SeanTerrr/master","messageBody":"Updated UG","fileTypesAndContributionMap":{}}]}],"jing-yen":[{"date":"2025-03-06","commitResults":[{"hash":"ccdb6aff0f84ea7567b82bd405e02698755deebc","isMergeCommit":false,"messageTitle":"Add myself to README","messageBody":"","fileTypesAndContributionMap":{"docs":{"insertions":3,"deletions":7}}},{"hash":"b37741af00a129fcbd2c966616c9f4a2e1f68fc3","isMergeCommit":true,"messageTitle":"Merge branch \u0027master\u0027 into master","messageBody":"","fileTypesAndContributionMap":{}},{"hash":"40e3004568e96f7a960c5b61f06a18d3bd12c00d","isMergeCommit":true,"messageTitle":"Merge pull request #6 from jing-yen/master","messageBody":"Add myself to README","fileTypesAndContributionMap":{}}]},{"date":"2025-03-14","commitResults":[{"hash":"9817be829d683b825c391c306569063064583f3c","isMergeCommit":false,"messageTitle":"Implemented addcommand","messageBody":"","fileTypesAndContributionMap":{"functional-code":{"insertions":97,"deletions":13}}},{"hash":"76ad16ee72150e79eee65e0bb46f23bbdb476e66","isMergeCommit":true,"messageTitle":"Implemented PersonManager + AddCommand","messageBody":"","fileTypesAndContributionMap":{}},{"hash":"9eb451cc76e220d5a521a76b6d59c38a0ffc18f8","isMergeCommit":true,"messageTitle":"Merge pull request #40 from jing-yen/master","messageBody":"Implement PersonManager + AddCommand","fileTypesAndContributionMap":{}}]},{"date":"2025-03-16","commitResults":[{"hash":"4b7eab0aa3a436a5c3d38335fe2da687b05ab22d","isMergeCommit":false,"messageTitle":"Use 2 Hashmaps in Activity","messageBody":"","fileTypesAndContributionMap":{"functional-code":{"insertions":53,"deletions":49}}},{"hash":"290841497fa1edb85853c09c8f649dbc3f77aa42","isMergeCommit":true,"messageTitle":"Merge branch \u0027master\u0027 of https://github.com/jing-yen/tp","messageBody":"# Conflicts:\n#\tsrc/main/java/paypals/commands/AddCommand.java\n","fileTypesAndContributionMap":{}},{"hash":"edd1df5c748a36e88f752648c6773afa278ef4ce","isMergeCommit":false,"messageTitle":"Merged","messageBody":"","fileTypesAndContributionMap":{"functional-code":{"insertions":3,"deletions":24}}}]},{"date":"2025-03-17","commitResults":[{"hash":"75de24adfe6580acd78f21852f61cb22635c3278","isMergeCommit":false,"messageTitle":"Use Person in Activity, remove PersonManager","messageBody":"","fileTypesAndContributionMap":{"functional-code":{"insertions":0,"deletions":19}}},{"hash":"865924a09effcf68ed8382a505b2f9a9b667714d","isMergeCommit":false,"messageTitle":"Use Person in Activity, remove PersonManager (2nd commit)","messageBody":"","fileTypesAndContributionMap":{"functional-code":{"insertions":35,"deletions":45}}},{"hash":"fe63e98467d079649260af914e057be1c6a44165","isMergeCommit":true,"messageTitle":"Merge branch \u0027AY2425S2-CS2113-T13-2:master\u0027 into master","messageBody":"","fileTypesAndContributionMap":{}},{"hash":"f0af17483929cc10b61162c654e9aa41dfe08e83","isMergeCommit":false,"messageTitle":"Fix Gradle errors","messageBody":"","fileTypesAndContributionMap":{"functional-code":{"insertions":2,"deletions":1},"test-code":{"insertions":0,"deletions":2}}},{"hash":"0efd059effabc50deb2668e02bfee0c3dd99cb99","isMergeCommit":true,"messageTitle":"Merge pull request #48 from jing-yen/master","messageBody":"Refactor Activity class ","fileTypesAndContributionMap":{}}]},{"date":"2025-03-18","commitResults":[{"hash":"ddccb0fec9f989162371b0cb407fe040adfc7fb2","isMergeCommit":false,"messageTitle":"Add more checks for AddCommand (throw more exceptions) Print messages on exit and when list is empty","messageBody":"","fileTypesAndContributionMap":{"functional-code":{"insertions":22,"deletions":10},"other":{"insertions":1,"deletions":1}}},{"hash":"1f0da7452b12c5b58f284d9adfa841d70789798b","isMergeCommit":false,"messageTitle":"Revert storage to after exit","messageBody":"","fileTypesAndContributionMap":{"functional-code":{"insertions":5,"deletions":1}}},{"hash":"639ee18485d103511674b073456a8ac016951db9","isMergeCommit":true,"messageTitle":"Merge pull request #56 from jing-yen/master","messageBody":"More checks on AddCommand and more print messages","fileTypesAndContributionMap":{}},{"hash":"544cc184294796d5363f56f8ab91618b779055db","isMergeCommit":false,"messageTitle":"Add tests for AddCommand and SplitCommand","messageBody":"","fileTypesAndContributionMap":{"test-code":{"insertions":72,"deletions":10}}},{"hash":"61528b4c0529d86e319985552711ca8bb1428305","isMergeCommit":true,"messageTitle":"Merge branch \u0027AY2425S2-CS2113-T13-2:master\u0027 into master","messageBody":"","fileTypesAndContributionMap":{}},{"hash":"fd62312141ef1489d28c3e0bd5cc83d1c5af136c","isMergeCommit":true,"messageTitle":"Merge pull request #57 from jing-yen/master","messageBody":"Add tests for AddCommand and SplitCommand","fileTypesAndContributionMap":{}}]},{"date":"2025-03-20","commitResults":[{"hash":"ed4ea027410771c072578f454caf2c11ab42b178","isMergeCommit":false,"messageTitle":"Added invalid format exception for commands like \u0027paid\u0027 without parameters. Added context for exception messages Emoji before input :)","messageBody":"","fileTypesAndContributionMap":{"functional-code":{"insertions":59,"deletions":35},"test-code":{"insertions":46,"deletions":31}}},{"hash":"52e88cd1d769ea79dd7d06e587c3013c7ee1fb0d","isMergeCommit":false,"messageTitle":"Fix checkStyle","messageBody":"","fileTypesAndContributionMap":{"test-code":{"insertions":16,"deletions":17}}},{"hash":"933d3c9578a1bb6c7d8cf654e231b90ab5848567","isMergeCommit":false,"messageTitle":"Fix imports checkStyle","messageBody":"","fileTypesAndContributionMap":{"test-code":{"insertions":3,"deletions":2}}},{"hash":"f62d750ce0c70394845023d14897855b36ea3846","isMergeCommit":false,"messageTitle":"Reset callCommand to print output of execution again (fix)","messageBody":"","fileTypesAndContributionMap":{"test-code":{"insertions":1,"deletions":1}}},{"hash":"6b7121a031c1f3a3755b8f91bb8c6ed70979bd22","isMergeCommit":true,"messageTitle":"Merge pull request #78 from jing-yen/master","messageBody":"Added invalid format exception and added context for exception messages","fileTypesAndContributionMap":{}}]},{"date":"2025-03-25","commitResults":[{"hash":"e1494c83e61006997593f27196d43dc4e573f016","isMergeCommit":false,"messageTitle":"Remove emoji","messageBody":"","fileTypesAndContributionMap":{"functional-code":{"insertions":1,"deletions":1}}},{"hash":"6a5baf5d2bee10f68a91359937cf6e1212eaef05","isMergeCommit":true,"messageTitle":"Merge branch \u0027master\u0027 of https://github.com/jing-yen/tp","messageBody":"","fileTypesAndContributionMap":{}},{"hash":"2a2a4a763e8beca3ba33c3ef22cc9b4d379fcfc3","isMergeCommit":false,"messageTitle":"Add assertions for ActivityManager","messageBody":"","fileTypesAndContributionMap":{"functional-code":{"insertions":2,"deletions":0}}},{"hash":"ec655efe81a63d7affbbf295db5d3880ef6e54c0","isMergeCommit":true,"messageTitle":"Merge pull request #82 from jing-yen/master","messageBody":"Include assertion for DeleteCommand","fileTypesAndContributionMap":{}}]},{"date":"2025-03-28","commitResults":[{"hash":"c34aca2362e9f1aa973d28e10d14db5f619a53b3","isMergeCommit":true,"messageTitle":"Merge pull request #102 from SeanTerrr/master","messageBody":"Reformatted list, added unpaid command, added more junit test","fileTypesAndContributionMap":{}}]},{"date":"2025-03-29","commitResults":[{"hash":"d31e0a9efbfcb73a46644cd6cea7276a36f0a811","isMergeCommit":false,"messageTitle":"Implemented groups","messageBody":"","fileTypesAndContributionMap":{"functional-code":{"insertions":162,"deletions":14},"test-code":{"insertions":27,"deletions":2}}},{"hash":"a1d038bdf7128203b2c3472f6f19a663d38aac45","isMergeCommit":false,"messageTitle":"Improve checkIfFilenameValid and add tests for it","messageBody":"","fileTypesAndContributionMap":{"functional-code":{"insertions":19,"deletions":2},"test-code":{"insertions":58,"deletions":5}}},{"hash":"ca115506d3cba7ac3bc06961e47861aa335a6401","isMergeCommit":false,"messageTitle":"Optimize imports","messageBody":"","fileTypesAndContributionMap":{"functional-code":{"insertions":7,"deletions":9}}},{"hash":"97438bb0f0c5cf7bb1c3550e7cd27ccbf55db45c","isMergeCommit":false,"messageTitle":"Update DG","messageBody":"","fileTypesAndContributionMap":{"functional-code":{"insertions":0,"deletions":1},"docs":{"insertions":24,"deletions":19}}},{"hash":"6f95c6de05a9a19a0eb187fc2d603c718b0835e8","isMergeCommit":false,"messageTitle":"change filename invalid test for win+linux","messageBody":"","fileTypesAndContributionMap":{"test-code":{"insertions":4,"deletions":2}}}]},{"date":"2025-04-01","commitResults":[{"hash":"648b8c47df020839531337041bc77fdcbc220f57","isMergeCommit":false,"messageTitle":"Test windows file restrictions: CON PRN etc","messageBody":"","fileTypesAndContributionMap":{"functional-code":{"insertions":0,"deletions":3}}}]}],"icknee":[{"date":"2025-03-06","commitResults":[{"hash":"67dcf16e3ce2274096dd00c52d4e5c4923f13b31","isMergeCommit":false,"messageTitle":"Update AboutUs.md","messageBody":"","fileTypesAndContributionMap":{"docs":{"insertions":1,"deletions":5}}},{"hash":"9b9e90d6296bfed9c9b71f61b1e7f6d157f6457f","isMergeCommit":true,"messageTitle":"Merge branch \u0027master\u0027 into yinqi-AboutUs","messageBody":"","fileTypesAndContributionMap":{}},{"hash":"9880525e5403c69b3d5c9a6df8ac4916aa7058d0","isMergeCommit":true,"messageTitle":"Merge pull request #3 from icknee/yinqi-AboutUs","messageBody":"Update AboutUs.md","fileTypesAndContributionMap":{}}]},{"date":"2025-03-14","commitResults":[{"hash":"9e23c16c80f7312399540fe32b1cde8dfd3a8ad5","isMergeCommit":false,"messageTitle":"Add ExitCommand and fixed bugs from main","messageBody":"","fileTypesAndContributionMap":{"functional-code":{"insertions":14,"deletions":5}}},{"hash":"3724de43693d13da1be5fe5295a5b870597dd15f","isMergeCommit":true,"messageTitle":"Merge pull request #42 from icknee/yinqi-ExitCommand","messageBody":"Add ExitCommand and fixed bugs from main","fileTypesAndContributionMap":{}}]},{"date":"2025-03-16","commitResults":[{"hash":"15decd650996c072f1291a3bc3c875b32cf1e773","isMergeCommit":false,"messageTitle":"Added delete command","messageBody":"","fileTypesAndContributionMap":{"functional-code":{"insertions":70,"deletions":2}}},{"hash":"a6bac7084c974d68c8e14a73dad5946637a8e4c5","isMergeCommit":true,"messageTitle":"Merge pull request #45 from icknee/yinqi-DeleteCommand","messageBody":"Added delete command","fileTypesAndContributionMap":{}},{"hash":"22eb7a16907610f7e128c922027b4fd86ad6dd37","isMergeCommit":false,"messageTitle":"Add JUnit for exit command","messageBody":"","fileTypesAndContributionMap":{"test-code":{"insertions":15,"deletions":0}}},{"hash":"71535fe71248b2e07acd2514c913f852d68ac7e6","isMergeCommit":false,"messageTitle":"Change assertTrue to assert","messageBody":"","fileTypesAndContributionMap":{"test-code":{"insertions":1,"deletions":1}}},{"hash":"c2a3dc6f6aa76b5cb08f544ac3b57c9e6cb10bb4","isMergeCommit":true,"messageTitle":"Merge pull request #49 from icknee/yinqi-JUnit_test-ExitCommand","messageBody":"JUnit test for ExitCommand","fileTypesAndContributionMap":{}}]},{"date":"2025-03-19","commitResults":[{"hash":"b581c39bda393cd6555f5d346fb3609a5f93f7e6","isMergeCommit":false,"messageTitle":"Fixed bug in delete command and added JUnit, assertions and logging for it","messageBody":"","fileTypesAndContributionMap":{"functional-code":{"insertions":32,"deletions":5},"other":{"insertions":1,"deletions":0},"test-code":{"insertions":102,"deletions":2}}},{"hash":"18249ddd6d801ee39c2c0874ac9065870217d308","isMergeCommit":true,"messageTitle":"Merge pull request #67 from icknee/yinqi-FixDeleteCommandBugs","messageBody":"Fix bugs delete command","fileTypesAndContributionMap":{}},{"hash":"4d4b13c261c23d32ef6e72d401bc4de5afcf4bdc","isMergeCommit":false,"messageTitle":"refactored delete command and fixed gradle check styles","messageBody":"","fileTypesAndContributionMap":{"functional-code":{"insertions":28,"deletions":14},"test-code":{"insertions":11,"deletions":10}}},{"hash":"fd675420b619fd7a444b7e5e1042b0d501b37df4","isMergeCommit":true,"messageTitle":"Merge pull request #68 from icknee/yinqi-RefactorDeleteCommand","messageBody":"Refactored delete command and fixed gradle check styles","fileTypesAndContributionMap":{}},{"hash":"8d5c0f5470a1661145c79c62e5f3e303ebbc204b","isMergeCommit":false,"messageTitle":"edit build.gradle to match tp","messageBody":"","fileTypesAndContributionMap":{"other":{"insertions":2,"deletions":3}}},{"hash":"32120d6a37c40f846f5fab0ef5c2c0083644d9c5","isMergeCommit":true,"messageTitle":"Merge pull request #69 from icknee/yinqi-editbuild.gradle","messageBody":"Edit build.gradle to match tp","tags":["v1.0"],"fileTypesAndContributionMap":{}}]},{"date":"2025-03-20","commitResults":[{"hash":"0eaa02f1cf8f2a381287299c845674b164559f25","isMergeCommit":false,"messageTitle":"fix delete command bug","messageBody":"","fileTypesAndContributionMap":{"functional-code":{"insertions":12,"deletions":2}}},{"hash":"b16757f3352d50daaaba956da67286f56c4d0dc2","isMergeCommit":true,"messageTitle":"Merge pull request #75 from icknee/yinqi-FixDeleteCommandBug2","messageBody":"fix delete command bug","fileTypesAndContributionMap":{}}]},{"date":"2025-03-25","commitResults":[{"hash":"d9a56676b0a3a9d5ba316633182a7141cb5594f0","isMergeCommit":false,"messageTitle":"updated delete test to match no netowedmap","messageBody":"","fileTypesAndContributionMap":{"functional-code":{"insertions":3,"deletions":3},"test-code":{"insertions":64,"deletions":25}}},{"hash":"814dbd059307db42867f06281390b2252445f23d","isMergeCommit":false,"messageTitle":"fix checkstyle","messageBody":"","fileTypesAndContributionMap":{"functional-code":{"insertions":0,"deletions":2}}},{"hash":"cf25b31443133cdc8a062c57fb7ca30c0449c0d1","isMergeCommit":true,"messageTitle":"Merge pull request #86 from icknee/yinqi-updateDeleteTest","messageBody":"Update deleteTestCommand to resolve issue on netOwedMap","fileTypesAndContributionMap":{}}]},{"date":"2025-03-26","commitResults":[{"hash":"5e2eff073a073c5c7af0cf2fa8bbecd5bf680543","isMergeCommit":false,"messageTitle":"Wrote general format for DG and added some puml files","messageBody":"","fileTypesAndContributionMap":{"docs":{"insertions":137,"deletions":18}}},{"hash":"ca5df4e58b6b5eb810611bb43d642cabc77ce270","isMergeCommit":true,"messageTitle":"Merge branch \u0027master\u0027 into yinqi-startonDG","messageBody":"","fileTypesAndContributionMap":{}},{"hash":"dc585cfd18edf979614f7564c38f5f547f637b80","isMergeCommit":true,"messageTitle":"Merge pull request #89 from icknee/yinqi-startonDG","messageBody":"Wrote general format for DG and added some puml files","fileTypesAndContributionMap":{}},{"hash":"5b467b210ea1c10a594e5b1c3dcec40b8fcc2f0d","isMergeCommit":false,"messageTitle":"edit DG","messageBody":"","fileTypesAndContributionMap":{"docs":{"insertions":14,"deletions":33}}},{"hash":"483ca6a7809cae0d029f19372c85ec0a200175ad","isMergeCommit":true,"messageTitle":"Merge pull request #90 from icknee/yinqi-startonDG","messageBody":"edit DG ","fileTypesAndContributionMap":{}},{"hash":"a54e6d5e5df777e8ab6c46615c12fd79b7b8e4a9","isMergeCommit":false,"messageTitle":"edit main archi uml","messageBody":"","fileTypesAndContributionMap":{"docs":{"insertions":2,"deletions":1}}},{"hash":"6910da108f6a48785f2eb6825406709d78b9ed77","isMergeCommit":true,"messageTitle":"Merge pull request #92 from icknee/yinqi-mainarchi","messageBody":"edit main archi uml","fileTypesAndContributionMap":{}}]},{"date":"2025-03-28","commitResults":[{"hash":"da6f790ec56352269dfa3f20832bea61449e7cef","isMergeCommit":false,"messageTitle":"Add and implement add equal command class and JUnit test for it","messageBody":"","fileTypesAndContributionMap":{"functional-code":{"insertions":87,"deletions":3},"test-code":{"insertions":169,"deletions":0}}},{"hash":"d030ba047ef6a01aff9be1e2cc8c5aa5bba41737","isMergeCommit":true,"messageTitle":"Merge branch \u0027master\u0027 into yinqi-addequalcommand","messageBody":"","fileTypesAndContributionMap":{}},{"hash":"e1d71f659eac2fa7a64a5ed595e9ddb97760fcda","isMergeCommit":false,"messageTitle":"Fix checkstyle","messageBody":"","fileTypesAndContributionMap":{"test-code":{"insertions":2,"deletions":1}}},{"hash":"9415b34b5ac57d742e62fa5a08acf04bb337c1e1","isMergeCommit":true,"messageTitle":"Merge branch \u0027yinqi-addequalcommand\u0027 of https://github.com/icknee/tp into yinqi-addequalcommand","messageBody":"","fileTypesAndContributionMap":{}},{"hash":"8d4c195e41c6b84e4d37c11abfdfcc6477f6ce00","isMergeCommit":false,"messageTitle":"removed duplicate import","messageBody":"","fileTypesAndContributionMap":{"functional-code":{"insertions":0,"deletions":1}}},{"hash":"d513655b855a578131c58e5c4096394cb69506e4","isMergeCommit":true,"messageTitle":"Merge pull request #106 from brand0nnn/master","messageBody":"Add ability to prevent user from editing amount when paid","fileTypesAndContributionMap":{}}]},{"date":"2025-03-31","commitResults":[{"hash":"3a208f4eaa57a850f86d98aa06350a6cc93eaefb","isMergeCommit":false,"messageTitle":"Add PPP file","messageBody":"","fileTypesAndContributionMap":{"functional-code":{"insertions":9,"deletions":8},"docs":{"insertions":18,"deletions":2}}},{"hash":"3d46aad3b60f2c08c3f8ac6f6b3ca17fdd10283b","isMergeCommit":true,"messageTitle":"Merge pull request #109 from brand0nnn/master","messageBody":"Add error handling for groups","fileTypesAndContributionMap":{}},{"hash":"e50a8293c885639aabf2bed7d292964416b23811","isMergeCommit":false,"messageTitle":"Wrote more content for PPP and updated UG","messageBody":"","fileTypesAndContributionMap":{"docs":{"insertions":68,"deletions":24}}}]}]},"authorFileTypeContributionMap":{"xiaohan28":{"docs":119,"functional-code":86,"test-code":198},"brand0nnn":{"docs":800,"functional-code":709,"test-code":299},"SeanTerrr":{"docs":133,"functional-code":797,"test-code":164},"jing-yen":{"docs":25,"functional-code":267,"test-code":170},"icknee":{"docs":155,"functional-code":168,"test-code":296,"other":3}},"authorContributionVariance":{"xiaohan28":854.438,"brand0nnn":24405.652,"SeanTerrr":15804.392,"jing-yen":4837.1733,"icknee":3997.117},"authorDisplayNameMap":{"xiaohan28":"CS2113-T13-2 ZHAN..OHAN","brand0nnn":"CS2113-T13-2 BRAN..KANG","SeanTerrr":"CS2113-T13-2 SEAN.. JUN","jing-yen":"CS2113-T13-2 TONG.. YEN","icknee":"CS2113-T13-2 NEO ..N QI"}}
