{"authorDailyContributionsMap":{"zexueteh":[{"date":"2025-03-06","commitResults":[{"hash":"f772d0349788840d71d45b64e30da6445959238c","isMergeCommit":false,"messageTitle":"updated AboutUs.md with my own details","messageBody":"","fileTypesAndContributionMap":{"docs":{"insertions":1,"deletions":1}}},{"hash":"02a1a7128daa7c2b7d0bcfe8a36289fc3d9b51e8","isMergeCommit":true,"messageTitle":"Merge branch \u0027master\u0027 into Ethan-AboutUs","messageBody":"","fileTypesAndContributionMap":{}},{"hash":"586bfb59cad4ddc5a4bf54dfb3b90bb7fec65443","isMergeCommit":true,"messageTitle":"Merge branch \u0027master\u0027 into Ethan-AboutUs","messageBody":"","fileTypesAndContributionMap":{}}]},{"date":"2025-03-11","commitResults":[{"hash":"a2957e1c2d3b28eefd870e2dd82224cc1c186e38","isMergeCommit":false,"messageTitle":"add parser package and classes","messageBody":"","fileTypesAndContributionMap":{"functional-code":{"insertions":149,"deletions":0}}}]},{"date":"2025-03-12","commitResults":[{"hash":"4af504c930c4f81bc7b10d0b37d86dea3fcf416f","isMergeCommit":true,"messageTitle":"Merge pull request #8 from fivenames/branch-UI","messageBody":"Implement UI functions to print data as table","fileTypesAndContributionMap":{}}]}],"ecxm02":[{"date":"2025-03-06","commitResults":[{"hash":"d32cb28b81c5f48369c4bcf6665b346705b47de6","isMergeCommit":true,"messageTitle":"Merge pull request #3 from fivenames/master","messageBody":"Update AboutUs","fileTypesAndContributionMap":{}},{"hash":"67934cc0797d57e1980d9b97729918caec0f977b","isMergeCommit":false,"messageTitle":"Update AboutUs","messageBody":"","fileTypesAndContributionMap":{"docs":{"insertions":1,"deletions":5}}}]}],"irfandeen":[],"fivenames":[{"date":"2025-03-06","commitResults":[{"hash":"33abff63e830e58397ac8e49f0c4b0f4f0654f41","isMergeCommit":false,"messageTitle":"Update AboutUs","messageBody":"","fileTypesAndContributionMap":{"docs":{"insertions":7,"deletions":7}}},{"hash":"9731a86314814f0b5570d83bdce8541e04c6afc0","isMergeCommit":true,"messageTitle":"Merge branch \u0027master\u0027 into tehZeXue-AboutUs","messageBody":"","fileTypesAndContributionMap":{}},{"hash":"7e7a3bef77306552adb1b1478d1140d5a716598a","isMergeCommit":true,"messageTitle":"Merge pull request #4 from zexueteh/tehZeXue-AboutUs","messageBody":"update AboutUs.md with my own details","fileTypesAndContributionMap":{}},{"hash":"1d228148880c0807ef03b24e823632900bf48d54","isMergeCommit":true,"messageTitle":"Merge pull request #5 from ecxm02/Ethan-AboutUs","messageBody":"Update AboutUs","fileTypesAndContributionMap":{}}]},{"date":"2025-03-11","commitResults":[{"hash":"aeece5dc656ea98534ec757809c51cf965f4e206","isMergeCommit":true,"messageTitle":"Merge pull request #6 from zexueteh/add-parser","messageBody":"add parser package and classes","fileTypesAndContributionMap":{}},{"hash":"468628e3f19ad415d0fb8a1991369cb437e0617a","isMergeCommit":false,"messageTitle":"Implement UI to list applications as table","messageBody":"","fileTypesAndContributionMap":{"functional-code":{"insertions":125,"deletions":14}}},{"hash":"68054895a07f935d343b42e25d1f5155e71c5226","isMergeCommit":false,"messageTitle":"Implement UI to list applications as table","messageBody":"","fileTypesAndContributionMap":{"functional-code":{"insertions":17,"deletions":6}}},{"hash":"4da41c85fcaf328f97864bb4c0058c7f7c4522e7","isMergeCommit":false,"messageTitle":"Implement UI to list applications as table","messageBody":"","fileTypesAndContributionMap":{"functional-code":{"insertions":4,"deletions":4}}}]}]},"authorFileTypeContributionMap":{"zexueteh":{"docs":0,"functional-code":137,"test-code":0},"ecxm02":{"docs":1,"functional-code":0,"test-code":0},"irfandeen":{"docs":0,"functional-code":0,"test-code":0},"fivenames":{"docs":3,"functional-code":134,"test-code":0}},"authorContributionVariance":{"zexueteh":1053.2474,"ecxm02":1.71,"irfandeen":0.0,"fivenames":1370.16},"authorDisplayNameMap":{"zexueteh":"CS2113-T11a-2 TEH .. XUE","ecxm02":"CS2113-T11a-2 CHAN..THAN","irfandeen":"CS2113-T11a-2 ABDU..DEEN","fivenames":"CS2113-T11a-2 LIAN..MING"}}
