{"authorDailyContributionsMap":{"yyingg-243":[{"date":"2025-03-06","commitResults":[{"hash":"83e5e125d00cd6b276876d2f5cf8ed73ab8340bd","isMergeCommit":false,"messageTitle":"update name","messageBody":"","fileTypesAndContributionMap":{"docs":{"insertions":7,"deletions":7}}}]},{"date":"2025-03-18","commitResults":[{"hash":"56abd8cd1fd54b135467938184b9effc65bde301","isMergeCommit":true,"messageTitle":"Merged master and resolved conflicts","messageBody":"","fileTypesAndContributionMap":{}},{"hash":"25502732ef69e61a640e2c248fd9c2f56108c67c","isMergeCommit":true,"messageTitle":"Merged master and resolved conflicts","messageBody":"","fileTypesAndContributionMap":{}},{"hash":"0e2019180de30a51eda423a20a5e721816a4bbc1","isMergeCommit":false,"messageTitle":"Add getters to the character class Break down the attack method update the index variable to instance variable","messageBody":"","fileTypesAndContributionMap":{"functional-code":{"insertions":38,"deletions":16}}},{"hash":"908d4cea3169c1b9302d183f63a53d940018b0b2","isMergeCommit":false,"messageTitle":"Fixes #12 Add javadoc comments","messageBody":"","fileTypesAndContributionMap":{"functional-code":{"insertions":77,"deletions":1}}},{"hash":"2cb589a5af00c5f5866272d013fee5ee917e21a0","isMergeCommit":false,"messageTitle":"Fixes #12 Create CharacterTest class Implement some Junit test for the Character class methods","messageBody":"","fileTypesAndContributionMap":{"test-code":{"insertions":45,"deletions":0}}}]},{"date":"2025-03-19","commitResults":[{"hash":"479bb77b46484a6d9cd5751e8e714296180bacf0","isMergeCommit":true,"messageTitle":"Merge branch \u0027master\u0027 of https://github.com/AY2425S2-CS2113-T13-4/tp","messageBody":"","fileTypesAndContributionMap":{}},{"hash":"4f5cf7b4b5e51a86db9ada24944195691fc771c4","isMergeCommit":false,"messageTitle":"Fixes #23","messageBody":"Add assertion code to the methods in Character class\n\nEdit gradle file to enable assertions\n\nFix variable naming\n","fileTypesAndContributionMap":{"functional-code":{"insertions":14,"deletions":3},"other":{"insertions":1,"deletions":0}}}]},{"date":"2025-03-30","commitResults":[{"hash":"ec7a5b96d0e6ad50ca77d53227fcdedd85950de9","isMergeCommit":false,"messageTitle":"Fix #29","messageBody":"Implement the dice class\n","fileTypesAndContributionMap":{"functional-code":{"insertions":82,"deletions":0}}},{"hash":"ee5f9645932274c28a7b7412fa77ca4af6a4ff97","isMergeCommit":false,"messageTitle":"Fix #29","messageBody":"Integrate dice to battle logic\n\nroll dice only for attack and defence feature\n","fileTypesAndContributionMap":{"functional-code":{"insertions":26,"deletions":3}}}]},{"date":"2025-03-31","commitResults":[{"hash":"eac525fe3d8013917e9c9491a1b00d6fa9547aaa","isMergeCommit":false,"messageTitle":"Fix #29","messageBody":"Edit code so only player cna roll dice\n\nOnly player has attack and defend bonus added to its attack and defend value\n","fileTypesAndContributionMap":{"functional-code":{"insertions":42,"deletions":20}}},{"hash":"63f09b71880638e927f76a684b62b0932acdb856","isMergeCommit":true,"messageTitle":"Merge branch \u0027master\u0027 of https://github.com/AY2425S2-CS2113-T13-4/tp","messageBody":"# Conflicts:\n#\tsrc/main/java/Game/Characters/Enemy.java\n","fileTypesAndContributionMap":{}},{"hash":"c4efb5d1778294aab4e1a9166c5830395b3ed510","isMergeCommit":false,"messageTitle":"Fix #29","messageBody":"Add javadoc comments and fix code quality\n","fileTypesAndContributionMap":{"functional-code":{"insertions":56,"deletions":22}}},{"hash":"a70f6604a95cffa5d19cb260c97d7a8d099ee760","isMergeCommit":false,"messageTitle":"Fix #41","messageBody":"Add junit test for rollDice class ( 2 test )\n\nAdd more junit test for character class\n\nEdit batlle class code to handle exception thrown (for junit test)\n","fileTypesAndContributionMap":{"functional-code":{"insertions":22,"deletions":13},"test-code":{"insertions":63,"deletions":2}}}]},{"date":"2025-04-02","commitResults":[{"hash":"ce148eb65d86472d1903adbe0848f9290e3b6d6f","isMergeCommit":false,"messageTitle":"Fix #45","messageBody":"Create sequence diagram for defend and attack feature\n\nUpdate DG\n","fileTypesAndContributionMap":{"docs":{"insertions":331,"deletions":13}}}]}],"TiangSoonYong":[{"date":"2025-03-06","commitResults":[{"hash":"1cb75cf3120a87d694f42f32b20daf494043002d","isMergeCommit":false,"messageTitle":"Update AboutUs","messageBody":"","fileTypesAndContributionMap":{"docs":{"insertions":9,"deletions":11}}},{"hash":"8483ff168c99ecf9bbf6144ecc60e97fac299fa4","isMergeCommit":true,"messageTitle":"Merge pull request #4 from zavsky/docs","messageBody":"Insert Irwin into AboutUs.md","fileTypesAndContributionMap":{}},{"hash":"a794f268e194bbfe39738598e79d69183ca8658d","isMergeCommit":false,"messageTitle":"Updated name","messageBody":"","fileTypesAndContributionMap":{"docs":{"insertions":3,"deletions":3}}},{"hash":"87f7ce256a3e1c7b81fbfaaf0d0e534aff129ba1","isMergeCommit":true,"messageTitle":"Merge branch \u0027master\u0027 into A-AboutUs","messageBody":"","fileTypesAndContributionMap":{}},{"hash":"d6247ac5baaed71a19d0f27cad5ba041664f4c67","isMergeCommit":true,"messageTitle":"Merge pull request #5 from TiangSoonYong/A-AboutUs","messageBody":"Update Soon Yong\u0027s AboutUs","fileTypesAndContributionMap":{}},{"hash":"c5da049f52fe90603479e6f6fae87c3017df53de","isMergeCommit":true,"messageTitle":"Merge branch \u0027master\u0027 into James---Docs","messageBody":"","fileTypesAndContributionMap":{}},{"hash":"2aeee3f0af55c4a27cf1aaf38f4c4c6907cb8f68","isMergeCommit":true,"messageTitle":"Merge pull request #6 from James17042002/James---Docs","messageBody":"James - Edit Doc to reflect own name","fileTypesAndContributionMap":{}},{"hash":"8bd7ca23cdf68ac6584564ca58c4c99b1f258bb9","isMergeCommit":true,"messageTitle":"Merge branch \u0027master\u0027 into doc","messageBody":"","fileTypesAndContributionMap":{}},{"hash":"4c9b569b55a5bbceb275d3dbe52e421bdf8ca220","isMergeCommit":true,"messageTitle":"Merge pull request #7 from yyingg-243/doc","messageBody":"update name Yingying","fileTypesAndContributionMap":{}},{"hash":"d91a8eebd82467c76bb03b6b59bbc0356df49a1f","isMergeCommit":true,"messageTitle":"Merge branch \u0027master\u0027 into Vincent-AboutUs","messageBody":"","fileTypesAndContributionMap":{}}]},{"date":"2025-03-16","commitResults":[{"hash":"f3310d4fc493f1af452880899ab946644a510c9f","isMergeCommit":false,"messageTitle":"Add skeletons for every classes","messageBody":"Prep for forking workflow\n","fileTypesAndContributionMap":{"functional-code":{"insertions":51,"deletions":5}}},{"hash":"b8e435e1b09ad7075d0dfa97cf111f7c47b6a3e6","isMergeCommit":false,"messageTitle":"Change arrayList to Queue instead","messageBody":"Better code clarity\n","fileTypesAndContributionMap":{"functional-code":{"insertions":7,"deletions":3}}}]},{"date":"2025-03-17","commitResults":[{"hash":"16cd3315bd642131a959835a0b77b7db0a61c365","isMergeCommit":false,"messageTitle":"Add functions for charactersQueue and eventsQueue","messageBody":"Initialize required objects for Main class\n","fileTypesAndContributionMap":{"functional-code":{"insertions":44,"deletions":5}}},{"hash":"796d3bce3e951e5d4b9220d18e16bd817a49ea18","isMergeCommit":false,"messageTitle":"Add missing skeleton classes for Attack and Default","messageBody":"","fileTypesAndContributionMap":{"functional-code":{"insertions":8,"deletions":0}}},{"hash":"002320c65e3d1cd2a3bffdde06b5c32448ec07bd","isMergeCommit":false,"messageTitle":"Implement Parser class to handle all actions","messageBody":"","fileTypesAndContributionMap":{"functional-code":{"insertions":57,"deletions":0}}},{"hash":"55eeb9dbee2fbfcdd71e9631e0dfaa2e236b2dcd","isMergeCommit":true,"messageTitle":"Merge pull request #16 from James17042002/UI_edit","messageBody":"Basic UI functions","fileTypesAndContributionMap":{}},{"hash":"a3f9fc21bd0a1d85fba1f912ad56cc53ac4f08ff","isMergeCommit":true,"messageTitle":"Merge branch \u0027master\u0027 into Class-Skeletons","messageBody":"","fileTypesAndContributionMap":{}},{"hash":"3ac4033ff0af5cea468b34ef3fd5ab9a089a283d","isMergeCommit":false,"messageTitle":"Add abstract method in Attack and Default","messageBody":"","fileTypesAndContributionMap":{"functional-code":{"insertions":12,"deletions":0}}},{"hash":"7758539f5219f630721247d66556ef21dfdad986","isMergeCommit":true,"messageTitle":"Merge pull request #17 from TiangSoonYong/Class-Skeletons","messageBody":"Add abstract method in Attack and Default","fileTypesAndContributionMap":{}},{"hash":"072fb0fa91bf6059e2baa3350ef2aacf632814b5","isMergeCommit":false,"messageTitle":"Revert \"Add abstract method in Attack and Default\"","messageBody":"","fileTypesAndContributionMap":{"functional-code":{"insertions":0,"deletions":12}}},{"hash":"696c7186ca9c96521e1470b500cbbc1c9e5f4ac6","isMergeCommit":false,"messageTitle":"Fix minor error","messageBody":"","fileTypesAndContributionMap":{"functional-code":{"insertions":3,"deletions":2}}},{"hash":"fb89dad7ce943992d519d4bf7c47bc6561551efc","isMergeCommit":true,"messageTitle":"Merge pull request #19 from TiangSoonYong/Class-Skeletons","messageBody":"Fix minor error","fileTypesAndContributionMap":{}}]},{"date":"2025-03-18","commitResults":[{"hash":"e854423d713057caa4e533616ba65cedc505da05","isMergeCommit":true,"messageTitle":"Merge pull request #20 from vincesum/master","messageBody":"Create Battle, BattleLogic, PlayerTurn and Turn classes","fileTypesAndContributionMap":{}},{"hash":"8702f6baf5a586545cb5ca9a433c3bfb24947836","isMergeCommit":false,"messageTitle":"Revert \"Add abstract method in Attack and Default\"","messageBody":"# Conflicts:\n#\tsrc/main/java/Game/Actions/DefaultAction.java\n","fileTypesAndContributionMap":{"functional-code":{"insertions":0,"deletions":6}}},{"hash":"cefc2bcda3ebfcf5c3163df27a617e41a8a06891","isMergeCommit":true,"messageTitle":"Merge pull request #21 from yyingg-243/branch-Character","messageBody":"Fixes #12 - Add code to Character class and create Junit test.","fileTypesAndContributionMap":{}},{"hash":"9df7c4e9b0ef2a75b60f886b9f0dc0f98e3075e2","isMergeCommit":false,"messageTitle":"Add support for different Actions","messageBody":"Add constraint to restrict Event-specific actions\n","fileTypesAndContributionMap":{"functional-code":{"insertions":212,"deletions":94},"other":{"insertions":11,"deletions":8}}},{"hash":"19bc2dc50cffafba181875a7c7234b17b160b75e","isMergeCommit":false,"messageTitle":"Reset UI class back to static methods","messageBody":"","fileTypesAndContributionMap":{"functional-code":{"insertions":9,"deletions":9}}}]},{"date":"2025-03-19","commitResults":[{"hash":"f7d0c7112d20f53557089fc0f50f50a4d9b3492b","isMergeCommit":false,"messageTitle":"Add support for game logic","messageBody":"","fileTypesAndContributionMap":{"functional-code":{"insertions":8,"deletions":0},"other":{"insertions":17,"deletions":1}}},{"hash":"8e5c7ac0199ef617981c5013ff46e7593da2d4b9","isMergeCommit":false,"messageTitle":"Add support for full game logic","messageBody":"","fileTypesAndContributionMap":{"functional-code":{"insertions":213,"deletions":39},"other":{"insertions":9,"deletions":12}}},{"hash":"dc1c67bdf36eafc958275d48d7d8b61cf0bf0d74","isMergeCommit":true,"messageTitle":"Merge branch \u0027Class-Action\u0027 of https://github.com/TiangSoonYong/tp into Class-Action","messageBody":"# Conflicts:\n#\tsrc/main/java/Game/Battle/Battle.java\n#\tsrc/main/java/Game/Events/Battle.java\n#\tsrc/main/java/Game/Events/Death.java\n","fileTypesAndContributionMap":{}}]},{"date":"2025-03-26","commitResults":[{"hash":"9f203e998a97d40a1774138465faf27da6c67acd","isMergeCommit":false,"messageTitle":"Add support for eventQueue","messageBody":"","fileTypesAndContributionMap":{"functional-code":{"insertions":69,"deletions":333},"other":{"insertions":29,"deletions":21}}},{"hash":"f61093432295c173cbe6de11381ae95678af9b51","isMergeCommit":true,"messageTitle":"Merge remote-tracking branch \u0027upstream/master\u0027 into Class-Game","messageBody":"","fileTypesAndContributionMap":{}}]},{"date":"2025-03-27","commitResults":[{"hash":"fc6b7b9330fb4a2b46cc0321883ff35cf568bd8e","isMergeCommit":false,"messageTitle":"Update RolladieException","messageBody":"","fileTypesAndContributionMap":{"functional-code":{"insertions":4,"deletions":17}}},{"hash":"85c6b0285006301be04f63c20e7f9563e05672bc","isMergeCommit":false,"messageTitle":"Add support for saving game in Storage class","messageBody":"","fileTypesAndContributionMap":{"functional-code":{"insertions":112,"deletions":7}}},{"hash":"081ae4d336fb1ab8b6618628d982cf7e168d2837","isMergeCommit":false,"messageTitle":"Add support for loading game in Storage class","messageBody":"Remove support for actions as they are redundant\n","fileTypesAndContributionMap":{"functional-code":{"insertions":98,"deletions":39}}},{"hash":"04e95a52a906e3075e90331a699d3c60d67c89d5","isMergeCommit":true,"messageTitle":"Merge branch \u0027Class-Storage\u0027 of https://github.com/TiangSoonYong/tp into Class-Storage","messageBody":"","fileTypesAndContributionMap":{}}]},{"date":"2025-03-28","commitResults":[{"hash":"b5ed5e16eab7d2665b82ee2bb9213fd5e6fc6bc8","isMergeCommit":false,"messageTitle":"Bug Fix within Game","messageBody":"Initially, the player character through different game, resulting in a new game starting with a dead player.\nAdditionally, the eventQueue was not functioning as intended. It would not execute the final event as the while loop terminates upon eventQueue.isEmpty()\nChange if-else statement into switch case for better readability\n","fileTypesAndContributionMap":{"functional-code":{"insertions":16,"deletions":17},"test-code":{"insertions":2,"deletions":0}}},{"hash":"bbf903bd9741c2e7d0f625f3addae480eef6c4df","isMergeCommit":false,"messageTitle":"Add javadocs for Rolladie, Game and Storage class","messageBody":"","fileTypesAndContributionMap":{"functional-code":{"insertions":129,"deletions":41}}},{"hash":"9c6d18ccb973292334707c90ee86ce003f93e52a","isMergeCommit":false,"messageTitle":"Add skeleton for JUnits testing of Storage, Game and Rolladie","messageBody":"","fileTypesAndContributionMap":{"functional-code":{"insertions":1,"deletions":1},"test-code":{"insertions":31,"deletions":0}}}]},{"date":"2025-04-01","commitResults":[{"hash":"caedfb8c91e2c0fb2166763aba2c3aec289751bc","isMergeCommit":true,"messageTitle":"Merge branch \u0027master\u0027 of https://github.com/TiangSoonYong/tp","messageBody":"","fileTypesAndContributionMap":{}},{"hash":"ef4151627e12b4322506835fa8906f8009b2c9cc","isMergeCommit":true,"messageTitle":"Merge branch \u0027master\u0027 into A-Testing","messageBody":"# Conflicts:\n#\tsrc/main/java/Functionalities/Storage.java\n#\tsrc/main/java/Game/Characters/Enemy.java\n#\tsrc/main/java/Game/Game.java\n#\tsrc/main/java/Game/Rolladie.java\n","fileTypesAndContributionMap":{}}]},{"date":"2025-04-02","commitResults":[{"hash":"20995d8170956fae101829fce8183f6d7cc93f3d","isMergeCommit":false,"messageTitle":"Add javadocs for added classes and methods","messageBody":"","fileTypesAndContributionMap":{"functional-code":{"insertions":39,"deletions":15}}},{"hash":"72c2a31199bc28f09615d227a31a1e58eeccd0f3","isMergeCommit":false,"messageTitle":"Delete outdated test file","messageBody":"","fileTypesAndContributionMap":{"test-code":{"insertions":0,"deletions":27}}}]}],"James17042002":[{"date":"2025-03-06","commitResults":[{"hash":"3b7fe72027c762c6645dcd883039a09430e9a0d6","isMergeCommit":false,"messageTitle":"Edit Doc to reflect own name","messageBody":"","fileTypesAndContributionMap":{"docs":{"insertions":8,"deletions":8}}}]},{"date":"2025-03-17","commitResults":[{"hash":"a2713e5b61211f91c0d1ce17ea44944d6e26bbee","isMergeCommit":false,"messageTitle":"Basic UI functions","messageBody":"","fileTypesAndContributionMap":{"functional-code":{"insertions":122,"deletions":5}}},{"hash":"be642cf76ed82def63893f294736df192766b9b1","isMergeCommit":true,"messageTitle":"Merge pull request #15 from TiangSoonYong/Class-Parser","messageBody":"Implement Parser class to handle all actions","fileTypesAndContributionMap":{}},{"hash":"d5fdf68c221deb21e5a1e08f42ec0bb0c318c033","isMergeCommit":true,"messageTitle":"Merge pull request #14 from TiangSoonYong/Class-Skeletons","messageBody":"Change arrayList to Queue","fileTypesAndContributionMap":{}}]},{"date":"2025-03-19","commitResults":[{"hash":"c08a5f6a8d69fc3249dcc0c063aaa4c2d52737d0","isMergeCommit":true,"messageTitle":"Merge pull request #24 from yyingg-243/branch-Assert","messageBody":"Add assertions code to methods in Character class","fileTypesAndContributionMap":{}},{"hash":"5812a0e394eb68916ea5d2103f9a63595a4e0259","isMergeCommit":true,"messageTitle":"Merge pull request #22 from TiangSoonYong/Class-Action","messageBody":"Add support for different Actions","tags":["Release-V1.0"],"fileTypesAndContributionMap":{}},{"hash":"4cc5c0a0ccfb5d27838c7901de06cc2020cef84f","isMergeCommit":false,"messageTitle":"no message","messageBody":"","fileTypesAndContributionMap":{"functional-code":{"insertions":11,"deletions":1}}},{"hash":"f5b2b495cdffe898cb7bfc37e74a7a7e99fccc76","isMergeCommit":true,"messageTitle":"Merge branch \u0027master\u0027 of https://github.com/James17042002/tp","messageBody":"* \u0027master\u0027 of https://github.com/James17042002/tp:\n  Fixes #23\n  Add support for full game logic\n  Add support for game logic\n  Reset UI class back to static methods\n  Add support for different Actions\n  Fixes #12 Create CharacterTest class Implement some Junit test for the Character class methods\n  Fixes #12 Add javadoc comments\n  Add getters to the character class Break down the attack method update the index variable to instance variable\n  Revert \"Add abstract method in Attack and Default\"\n  Change Permissions for enum Action to protected in PlayerTurn class\n  Fix minor error\n  Revert \"Add abstract method in Attack and Default\"\n  Add abstract method in Attack and Default\n  Create Battle, BattleLogic, Turn and PlayerTurn classes.\n\n# Conflicts:\n#\tsrc/main/java/Game/Actions/AttackAction.java\n#\tsrc/main/java/Game/Actions/DefaultAction.java\n","fileTypesAndContributionMap":{}},{"hash":"8b1b2a34122fb022469350bc94fc0f686b1c1c06","isMergeCommit":false,"messageTitle":"Add changes to the toString methods of Character class and player class. Updated UI","messageBody":"","fileTypesAndContributionMap":{"functional-code":{"insertions":233,"deletions":5}}},{"hash":"5d10432ee752c773d517b53b686077f49757d85f","isMergeCommit":false,"messageTitle":"Resolved stashed conflicts","messageBody":"","fileTypesAndContributionMap":{"functional-code":{"insertions":1,"deletions":68}}},{"hash":"a0d7a04c0d0178d05707376a8857148dc8d44f97","isMergeCommit":false,"messageTitle":"change ui to take in char instead of enemy/player","messageBody":"","fileTypesAndContributionMap":{"functional-code":{"insertions":4,"deletions":4}}}]},{"date":"2025-03-20","commitResults":[{"hash":"41ebc81dd1c98e9fd6b75c772f4a7ed1103f615c","isMergeCommit":false,"messageTitle":"Print Player defend","messageBody":"","fileTypesAndContributionMap":{"functional-code":{"insertions":12,"deletions":0}}},{"hash":"381f80787cda335aa2e8fcc6683a69f0d29533ef","isMergeCommit":false,"messageTitle":"maxHealth as a variable inside character class","messageBody":"","fileTypesAndContributionMap":{"functional-code":{"insertions":3,"deletions":2}}}]},{"date":"2025-03-26","commitResults":[{"hash":"8526aa132a9bf11854fb170099af811572b233bf","isMergeCommit":false,"messageTitle":"small changes to UI","messageBody":"todo remove game logic from ui\n","fileTypesAndContributionMap":{"functional-code":{"insertions":23,"deletions":9}}},{"hash":"125c19d9dcf9f0a8ce605793057764b4ecb15efa","isMergeCommit":true,"messageTitle":"Merge branch \u0027master\u0027 of https://github.com/James17042002/tp","messageBody":"* \u0027master\u0027 of https://github.com/James17042002/tp:\n  Update turnNumber\n  Implement basic battle logic.\n  Update PlayerTurn to handle player actions for AttackAction and DefendAction\n\n# Conflicts:\n#\tsrc/main/java/Functionalities/UI.java\n","fileTypesAndContributionMap":{}},{"hash":"68b7ae063bb1962d7c1b008f81958097c47d3017","isMergeCommit":true,"messageTitle":"Merge pull request #28 from vincesum/master","messageBody":"Create Equipment, EquipmentList, Armor, Boots, Weapon class templates","fileTypesAndContributionMap":{}},{"hash":"6b18130bf79f748ed5cd9bf376035d74dd4e1a57","isMergeCommit":true,"messageTitle":"Merge branch \u0027master\u0027 of https://github.com/James17042002/tp","messageBody":"* \u0027master\u0027 of https://github.com/James17042002/tp:\n  Create Equipment, EquipmentList, Armor, Boots, Weapon and ArmorDatabase templates for class.\n","fileTypesAndContributionMap":{}},{"hash":"f9768a1793b2dd4ccec64157001b55d9ecedd997","isMergeCommit":false,"messageTitle":"created enemy database for standard enemies as well as bosses and the gold class","messageBody":"","fileTypesAndContributionMap":{"functional-code":{"insertions":97,"deletions":0}}}]},{"date":"2025-03-27","commitResults":[{"hash":"c2e9f04a1cba71fd80330ab52da69fc6abde89e4","isMergeCommit":true,"messageTitle":"Merge pull request #35 from James17042002/master","messageBody":"Created Gold class and implement gold into player class. Also Created enemy database to store standard enemies","fileTypesAndContributionMap":{}},{"hash":"8a98053c7e5915e78f7cd0c3cc84e60a1976cbad","isMergeCommit":true,"messageTitle":"Merge pull request #36 from TiangSoonYong/Class-Game","messageBody":"Class game","fileTypesAndContributionMap":{}},{"hash":"3f4d11984155704ffb702a8f1ac90821b20c313a","isMergeCommit":true,"messageTitle":"Merge branch \u0027master\u0027 into Class-Storage","messageBody":"","fileTypesAndContributionMap":{}},{"hash":"ba8ba2f0796f1c58e7b476db827bb690a9826c23","isMergeCommit":true,"messageTitle":"Merge pull request #37 from TiangSoonYong/Class-Storage","messageBody":"Class storage","fileTypesAndContributionMap":{}}]},{"date":"2025-03-30","commitResults":[{"hash":"ce1311a49c22e2991a22266d53960540e38449d9","isMergeCommit":true,"messageTitle":"Merge pull request #38 from vincesum/master","messageBody":"Create JUnit tests for Battle class","fileTypesAndContributionMap":{}},{"hash":"51666f9e08eac582beac861ddf09268a79f868da","isMergeCommit":false,"messageTitle":"Added basic Loot and Shop event methods, UITest also added","messageBody":"","fileTypesAndContributionMap":{"functional-code":{"insertions":496,"deletions":287},"test-code":{"insertions":27,"deletions":0}}}]},{"date":"2025-03-31","commitResults":[{"hash":"36369851302e4c50e02a8e952d0752a21ce8b0f0","isMergeCommit":true,"messageTitle":"Merge pull request #39 from James17042002/master","messageBody":"Added basic Loot and Shop event methods, UITest also added","fileTypesAndContributionMap":{}},{"hash":"6896c9c172f4aef26588805076580290f76da4cd","isMergeCommit":true,"messageTitle":"Merge branch \u0027master\u0027 into master","messageBody":"","fileTypesAndContributionMap":{}},{"hash":"bcc0db1aac3236016fbdefcfaa6ca631439c549f","isMergeCommit":true,"messageTitle":"Merge pull request #42 from yyingg-243/master","messageBody":"Implement rollDice class and add Junit test","fileTypesAndContributionMap":{}}]},{"date":"2025-04-02","commitResults":[{"hash":"a0d4fcc0d16c9bf189c62dfe5ed11c73f1fb6208","isMergeCommit":true,"messageTitle":"Merge pull request #46 from yyingg-243/master","messageBody":"Create sequence diagram and update DG","fileTypesAndContributionMap":{}},{"hash":"d833ec3eac813ac0ee394bd7d7c9b4556e831876","isMergeCommit":true,"messageTitle":"Merge pull request #43 from TiangSoonYong/A-Fix","messageBody":"Javadocs and Bug Fix","fileTypesAndContributionMap":{}},{"hash":"990e74f5c5128eb4749c8c2066f8a27e57b5d760","isMergeCommit":false,"messageTitle":"delete shop interaction class","messageBody":"","fileTypesAndContributionMap":{"functional-code":{"insertions":14,"deletions":34}}},{"hash":"4fab042856445cf9c4eccadbe29b1868ba3d0689","isMergeCommit":true,"messageTitle":"Merge branch \u0027master\u0027 of https://github.com/James17042002/tp","messageBody":"* \u0027master\u0027 of https://github.com/James17042002/tp:\n  Fix #45\n  Delete outdated test file\n  Add javadocs for added classes and methods\n  Add skeleton for JUnits testing of Storage, Game and Rolladie\n  Add javadocs for Rolladie, Game and Storage class\n  Bug Fix within Game\n\n# Conflicts:\n#\tsrc/main/java/Game/Events/Shop/Shop.java\n","fileTypesAndContributionMap":{}},{"hash":"fb95da7dd9eb4e59ee42863798d05488fd048be5","isMergeCommit":false,"messageTitle":"Shop Completed, Equipment List and Player methods for buy sell added","messageBody":"","fileTypesAndContributionMap":{"functional-code":{"insertions":298,"deletions":86}}},{"hash":"b115e5455b6916d0f83d5640a91d3c2d29c17acd","isMergeCommit":true,"messageTitle":"Merge pull request #47 from vincesum/master","messageBody":"Create BootsDatabase and WeaponDatabase for predefined equipment.","fileTypesAndContributionMap":{}},{"hash":"5972999fafb85b2e997b3a54a0f31a5d9181ad1d","isMergeCommit":true,"messageTitle":"Merge branch \u0027master\u0027 into master","messageBody":"","fileTypesAndContributionMap":{}},{"hash":"6c253f2e490771919d60338f40a96353b1ee8880","isMergeCommit":true,"messageTitle":"Merge pull request #48 from James17042002/master","messageBody":"Completed Loot and Shop event classes + Player and Equipment Logic","fileTypesAndContributionMap":{}},{"hash":"ee394cf576a58411d76beddf00664dcfc0ac3946","isMergeCommit":false,"messageTitle":"Update toString methods for equipmentlist and player","messageBody":"","fileTypesAndContributionMap":{"functional-code":{"insertions":8,"deletions":1}}},{"hash":"7fd138c99e064fac7dca0c00a1ecbbc6f7cc6583","isMergeCommit":true,"messageTitle":"Merge branch \u0027master\u0027 of https://github.com/James17042002/tp","messageBody":"* \u0027master\u0027 of https://github.com/James17042002/tp:\n  Create BootsDatabase and WeaponDatabase for predefined equipment.\n","fileTypesAndContributionMap":{}},{"hash":"98d52fc425471da87388d6b508321195d7300fbe","isMergeCommit":false,"messageTitle":"Updated Shop UI","messageBody":"","fileTypesAndContributionMap":{"functional-code":{"insertions":49,"deletions":45}}},{"hash":"cc3acd49296a8fa5e1da7dc63587943ff80edf78","isMergeCommit":true,"messageTitle":"Merge branch \u0027AY2425S2-CS2113-T13-4:master\u0027 into master","messageBody":"","fileTypesAndContributionMap":{}},{"hash":"1902f51b335cc5f5ca22c26fd20d8ba549923196","isMergeCommit":true,"messageTitle":"Merge pull request #49 from James17042002/master","messageBody":"updated Shop UI for better user experience","fileTypesAndContributionMap":{}}]}],"vincesum":[{"date":"2025-02-25","commitResults":[{"hash":"d61d3b153330b06097239629e62d7f9aa5e6b803","isMergeCommit":false,"messageTitle":"Update README.md title of project with rolladie","messageBody":"","fileTypesAndContributionMap":{"docs":{"insertions":2,"deletions":2}}},{"hash":"3b79ff5478eeee4d5ea4828859bad4d9cd9ae5be","isMergeCommit":true,"messageTitle":"Update README.md title of project with rolladie","messageBody":"","fileTypesAndContributionMap":{}}]},{"date":"2025-03-01","commitResults":[{"hash":"0c0f3ea78c84327a33f0fc70d570a785bb75299f","isMergeCommit":false,"messageTitle":"Create Base Template for Project with logo","messageBody":"Create classes Parser, Storage, UI, Game, Rolladie, Character, Enemy and Player\nAdd constructor for Character class and methods for attack and takeDamage\nUpdate UI to print welcome message with logo \"ROLLADIE\"\n","fileTypesAndContributionMap":{"functional-code":{"insertions":120,"deletions":21},"other":{"insertions":2,"deletions":2}}}]},{"date":"2025-03-06","commitResults":[{"hash":"a4296f33225ecaa577ae87a4138ff718a8b77304","isMergeCommit":false,"messageTitle":"Edit AboutUs to include vincent","messageBody":"","fileTypesAndContributionMap":{"docs":{"insertions":7,"deletions":1}}},{"hash":"62348be13535eb34a089d71abefbe8ec921b4815","isMergeCommit":true,"messageTitle":"Merge pull request #2 from vincesum/master","messageBody":"Create Base Template for Project with logo","fileTypesAndContributionMap":{}},{"hash":"5dabc0d818e0059a6ee0dd05c22c1c0cebddcaff","isMergeCommit":true,"messageTitle":"Merge pull request #8 from vincesum/Vincent-AboutUs","messageBody":"Vincent - Edit AboutUs","fileTypesAndContributionMap":{}}]},{"date":"2025-03-16","commitResults":[{"hash":"f40f6725c0e3f2add38f917393c2ff26284787a7","isMergeCommit":true,"messageTitle":"Merge pull request #13 from TiangSoonYong/Class-Skeletons","messageBody":"Add skeletons for every classes","fileTypesAndContributionMap":{}}]},{"date":"2025-03-17","commitResults":[{"hash":"51d075e8c6b20b108d62e82f1da49078e3f51791","isMergeCommit":false,"messageTitle":"Create Battle, BattleLogic, Turn and PlayerTurn classes.","messageBody":"Update comments by following JavaDoc standards\n","fileTypesAndContributionMap":{"functional-code":{"insertions":174,"deletions":9}}},{"hash":"17a8423d1d79f7def4a8d072d2357bd57cf7ce1d","isMergeCommit":true,"messageTitle":"Merge remote-tracking branch \u0027upstream/master\u0027","messageBody":"# Conflicts:\n#\tsrc/main/java/Game/Characters/Character.java\n","fileTypesAndContributionMap":{}},{"hash":"f8a03c9e60464c8cfd6c3afc10a4b4c124ca1728","isMergeCommit":false,"messageTitle":"Change Permissions for enum Action to protected in PlayerTurn class","messageBody":"","fileTypesAndContributionMap":{"functional-code":{"insertions":5,"deletions":4}}},{"hash":"eb4b23af9bf1a80288e56f1c4429bed0a42d509e","isMergeCommit":true,"messageTitle":"Merge remote-tracking branch \u0027upstream/master\u0027","messageBody":"# Conflicts:\n#\tsrc/main/java/Functionalities/Parser.java\n","fileTypesAndContributionMap":{}}]},{"date":"2025-03-19","commitResults":[{"hash":"ce17348f690dab0a5021dfff270d632bd0d94b87","isMergeCommit":false,"messageTitle":"Update PlayerTurn to handle player actions for AttackAction and DefendAction","messageBody":"","fileTypesAndContributionMap":{"functional-code":{"insertions":33,"deletions":11}}},{"hash":"11bf5eb2c7251d403cc4868b5a42e0566c0b82ca","isMergeCommit":true,"messageTitle":"Merge remote-tracking branch \u0027upstream/master\u0027","messageBody":"","fileTypesAndContributionMap":{}},{"hash":"9b2f8b538d6b37c3d626951d4ab743ce85bd8414","isMergeCommit":false,"messageTitle":"Implement basic battle logic.","messageBody":"Player can choose to attack or defend. Enemy can only attack player.\n","fileTypesAndContributionMap":{"functional-code":{"insertions":170,"deletions":33}}}]},{"date":"2025-03-20","commitResults":[{"hash":"bdf97d741c00a1acb9aa4c9ca00ef6ec7a793e2f","isMergeCommit":true,"messageTitle":"Merge remote-tracking branch \u0027upstream/master\u0027","messageBody":"# Conflicts:\n#\tsrc/main/java/Functionalities/Parser.java\n#\tsrc/main/java/Functionalities/UI.java\n#\tsrc/main/java/Game/Actions/AttackAction.java\n#\tsrc/main/java/Game/Characters/Character.java\n#\tsrc/main/java/Game/Events/Battle.java\n#\tsrc/main/java/Game/Events/Travel.java\n#\tsrc/main/java/Game/Rolladie.java\n","fileTypesAndContributionMap":{}}]},{"date":"2025-03-21","commitResults":[{"hash":"659bf2fb88a996b0e724e9a053720281b4572118","isMergeCommit":true,"messageTitle":"Merge pull request #25 from James17042002/master","messageBody":"Updated UI, made changes to the toString methods of Player and Character to better use for UI","fileTypesAndContributionMap":{}},{"hash":"71f55231ea9d10347b19ddd27692869ca7ab378d","isMergeCommit":false,"messageTitle":"Update turnNumber","messageBody":"","fileTypesAndContributionMap":{"functional-code":{"insertions":2,"deletions":0}}},{"hash":"5835e7f7729249c85f98f28a300a9fbb6bb25403","isMergeCommit":true,"messageTitle":"Merge remote-tracking branch \u0027upstream/master\u0027","messageBody":"# Conflicts:\n#\tsrc/main/java/Functionalities/UI.java\n#\tsrc/main/java/Game/Characters/Character.java\n#\tsrc/main/java/Game/Characters/Player.java\n","fileTypesAndContributionMap":{}},{"hash":"fe0236a4e1930ee97e6c9719dafe0667c9287c17","isMergeCommit":true,"messageTitle":"Merge pull request #27 from vincesum/master","messageBody":"Create and implement Battle Logic","fileTypesAndContributionMap":{}}]},{"date":"2025-03-26","commitResults":[{"hash":"2058de7c7f32be4349f962753639e004c27039ff","isMergeCommit":false,"messageTitle":"Create Equipment, EquipmentList, Armor, Boots, Weapon and ArmorDatabase templates for class.","messageBody":"","fileTypesAndContributionMap":{"functional-code":{"insertions":121,"deletions":2}}}]},{"date":"2025-03-29","commitResults":[{"hash":"cd7d8a396dc214267b02372baaf19f738a95de92","isMergeCommit":false,"messageTitle":"Create JUnit tests for Battle class","messageBody":"","fileTypesAndContributionMap":{"functional-code":{"insertions":102,"deletions":45},"test-code":{"insertions":84,"deletions":0}}},{"hash":"dda6a8a51cda76f10940ee7d22e4c9bf874391ca","isMergeCommit":true,"messageTitle":"Merge remote-tracking branch \u0027upstream/master\u0027","messageBody":"# Conflicts:\n#\tsrc/main/java/Exceptions/RolladieException.java\n#\tsrc/main/java/Game/Events/Battle/Battle.java\n#\tsrc/main/java/Game/Events/Battle/PlayerTurn.java\n#\tsrc/main/java/Game/Rolladie.java\n","fileTypesAndContributionMap":{}}]},{"date":"2025-04-02","commitResults":[{"hash":"a054614621b2edbd71a8b2a74a2c7e54f962e592","isMergeCommit":false,"messageTitle":"Create BootsDatabase and WeaponDatabase for predefined equipment.","messageBody":"","fileTypesAndContributionMap":{"functional-code":{"insertions":91,"deletions":13}}}]},{"date":"2025-04-06","commitResults":[{"hash":"3e3f1708aa2eabd4c2ef92e0a3e6411c26c85763","isMergeCommit":false,"messageTitle":"Update dev guide","messageBody":"","fileTypesAndContributionMap":{"docs":{"insertions":281,"deletions":96}}},{"hash":"efbafa6feb4cfd084d9db0a73ef16affae5d55aa","isMergeCommit":true,"messageTitle":"Merge pull request #87 from vincesum/master","messageBody":"Update dev guide","fileTypesAndContributionMap":{}}]}],"zavsky":[{"date":"2025-03-06","commitResults":[{"hash":"9c08615b50ca212667fee0a64d9834075441a5c0","isMergeCommit":false,"messageTitle":"Insert Irwin into AboutUs.md","messageBody":"","fileTypesAndContributionMap":{"docs":{"insertions":2,"deletions":1}}}]},{"date":"2025-03-25","commitResults":[{"hash":"463470394387ad91c66c2460780ef40309ecd669","isMergeCommit":false,"messageTitle":"Convert String to constant","messageBody":"","fileTypesAndContributionMap":{"functional-code":{"insertions":91,"deletions":57}}}]},{"date":"2025-04-02","commitResults":[{"hash":"201469fdb207b891a1aff511c86cbf2fee226511","isMergeCommit":true,"messageTitle":"Initial menu-based UI","messageBody":"","fileTypesAndContributionMap":{}},{"hash":"a89d0d90edefa627cbc493b751afbb8173e2e9eb","isMergeCommit":true,"messageTitle":"Add simple working menu","messageBody":"","fileTypesAndContributionMap":{}}]},{"date":"2025-04-03","commitResults":[{"hash":"ccfe04fb3204d9ac1e8ba7456c33ed7f3e11645b","isMergeCommit":false,"messageTitle":"Fix Parser crashing due to empty entered command","messageBody":"","fileTypesAndContributionMap":{"functional-code":{"insertions":28,"deletions":7}}},{"hash":"e0acc3838899ed915f7d75601589368ec2c942d5","isMergeCommit":false,"messageTitle":"Add basic battle event queue and menu fixes","messageBody":"","fileTypesAndContributionMap":{"functional-code":{"insertions":133,"deletions":62}}},{"hash":"a185b2abaaf3c45f8d8e1ab879c8f49affbed385","isMergeCommit":false,"messageTitle":"Add chance shop event","messageBody":"","fileTypesAndContributionMap":{"functional-code":{"insertions":54,"deletions":2}}},{"hash":"169845acab26fe2ce6f1d0e25f11a40b7dca32b3","isMergeCommit":false,"messageTitle":"Fix game shop appearance logic","messageBody":"","fileTypesAndContributionMap":{"functional-code":{"insertions":1,"deletions":0}}}]},{"date":"2025-04-04","commitResults":[{"hash":"ab7d72df95b22356cecd1f0e8cfe6af77161c73e","isMergeCommit":false,"messageTitle":"Fix shop appearing after game over","messageBody":"","fileTypesAndContributionMap":{"functional-code":{"insertions":10,"deletions":4},"other":{"insertions":2,"deletions":2}}},{"hash":"b8f10f46b42daaf66543836233cb404d4fbf0ee5","isMergeCommit":false,"messageTitle":"Standardise armor spelling","messageBody":"","fileTypesAndContributionMap":{"functional-code":{"insertions":15,"deletions":17}}}]},{"date":"2025-04-05","commitResults":[{"hash":"e272696fbe72d5e7a57da03fd783e7be79078f74","isMergeCommit":false,"messageTitle":"Rewrite for greater replayability and dynamism","messageBody":"","fileTypesAndContributionMap":{"functional-code":{"insertions":1450,"deletions":281},"other":{"insertions":1,"deletions":2}}}]},{"date":"2025-04-06","commitResults":[{"hash":"661f9dd74b635bd25b34c4ab11511931c2bac5cb","isMergeCommit":true,"messageTitle":"Merge branch \u0027zavsky-rewritev2-1\u0027","messageBody":"","fileTypesAndContributionMap":{}}]}]},"authorFileTypeContributionMap":{"yyingg-243":{"docs":250,"functional-code":258,"test-code":106,"other":1},"TiangSoonYong":{"docs":9,"functional-code":466,"test-code":6},"James17042002":{"docs":2,"functional-code":823,"test-code":27},"vincesum":{"docs":268,"functional-code":570,"test-code":88},"zavsky":{"docs":2,"functional-code":1617,"test-code":0,"other":2}},"authorContributionVariance":{"yyingg-243":4487.6807,"TiangSoonYong":11067.994,"James17042002":22158.062,"vincesum":6550.753,"zavsky":66751.57},"authorDisplayNameMap":{"yyingg-243":"CS2113-T13-4 LEE ..YING","TiangSoonYong":"CS2113-T13-4 TIAN..YONG","James17042002":"CS2113-T13-4 JAME.. JIE","vincesum":"CS2113-T13-4 SU M..CENT","zavsky":"CS2113-T13-4 IRWI.. KAI"}}
