{"authorDailyContributionsMap":{"yyingg-243":[{"date":"2025-03-06","commitResults":[{"hash":"83e5e125d00cd6b276876d2f5cf8ed73ab8340bd","isMergeCommit":false,"messageTitle":"update name","messageBody":"","fileTypesAndContributionMap":{"docs":{"insertions":7,"deletions":7}}}]}],"TiangSoonYong":[{"date":"2025-03-06","commitResults":[{"hash":"1cb75cf3120a87d694f42f32b20daf494043002d","isMergeCommit":false,"messageTitle":"Update AboutUs","messageBody":"","fileTypesAndContributionMap":{"docs":{"insertions":9,"deletions":11}}},{"hash":"8483ff168c99ecf9bbf6144ecc60e97fac299fa4","isMergeCommit":true,"messageTitle":"Merge pull request #4 from zavsky/docs","messageBody":"Insert Irwin into AboutUs.md","fileTypesAndContributionMap":{}},{"hash":"a794f268e194bbfe39738598e79d69183ca8658d","isMergeCommit":false,"messageTitle":"Updated name","messageBody":"","fileTypesAndContributionMap":{"docs":{"insertions":3,"deletions":3}}},{"hash":"87f7ce256a3e1c7b81fbfaaf0d0e534aff129ba1","isMergeCommit":true,"messageTitle":"Merge branch \u0027master\u0027 into A-AboutUs","messageBody":"","fileTypesAndContributionMap":{}},{"hash":"d6247ac5baaed71a19d0f27cad5ba041664f4c67","isMergeCommit":true,"messageTitle":"Merge pull request #5 from TiangSoonYong/A-AboutUs","messageBody":"Update Soon Yong\u0027s AboutUs","fileTypesAndContributionMap":{}},{"hash":"c5da049f52fe90603479e6f6fae87c3017df53de","isMergeCommit":true,"messageTitle":"Merge branch \u0027master\u0027 into James---Docs","messageBody":"","fileTypesAndContributionMap":{}},{"hash":"2aeee3f0af55c4a27cf1aaf38f4c4c6907cb8f68","isMergeCommit":true,"messageTitle":"Merge pull request #6 from James17042002/James---Docs","messageBody":"James - Edit Doc to reflect own name","fileTypesAndContributionMap":{}},{"hash":"8bd7ca23cdf68ac6584564ca58c4c99b1f258bb9","isMergeCommit":true,"messageTitle":"Merge branch \u0027master\u0027 into doc","messageBody":"","fileTypesAndContributionMap":{}},{"hash":"4c9b569b55a5bbceb275d3dbe52e421bdf8ca220","isMergeCommit":true,"messageTitle":"Merge pull request #7 from yyingg-243/doc","messageBody":"update name Yingying","fileTypesAndContributionMap":{}},{"hash":"d91a8eebd82467c76bb03b6b59bbc0356df49a1f","isMergeCommit":true,"messageTitle":"Merge branch \u0027master\u0027 into Vincent-AboutUs","messageBody":"","fileTypesAndContributionMap":{}}]}],"James17042002":[{"date":"2025-03-06","commitResults":[{"hash":"3b7fe72027c762c6645dcd883039a09430e9a0d6","isMergeCommit":false,"messageTitle":"Edit Doc to reflect own name","messageBody":"","fileTypesAndContributionMap":{"docs":{"insertions":8,"deletions":8}}}]}],"vincesum":[{"date":"2025-02-25","commitResults":[{"hash":"d61d3b153330b06097239629e62d7f9aa5e6b803","isMergeCommit":false,"messageTitle":"Update README.md title of project with rolladie","messageBody":"","fileTypesAndContributionMap":{"docs":{"insertions":2,"deletions":2}}},{"hash":"3b79ff5478eeee4d5ea4828859bad4d9cd9ae5be","isMergeCommit":true,"messageTitle":"Update README.md title of project with rolladie","messageBody":"","fileTypesAndContributionMap":{}}]},{"date":"2025-03-01","commitResults":[{"hash":"0c0f3ea78c84327a33f0fc70d570a785bb75299f","isMergeCommit":false,"messageTitle":"Create Base Template for Project with logo","messageBody":"Create classes Parser, Storage, UI, Game, Rolladie, Character, Enemy and Player\nAdd constructor for Character class and methods for attack and takeDamage\nUpdate UI to print welcome message with logo \"ROLLADIE\"\n","fileTypesAndContributionMap":{"functional-code":{"insertions":120,"deletions":21},"other":{"insertions":2,"deletions":2}}}]},{"date":"2025-03-06","commitResults":[{"hash":"a4296f33225ecaa577ae87a4138ff718a8b77304","isMergeCommit":false,"messageTitle":"Edit AboutUs to include vincent","messageBody":"","fileTypesAndContributionMap":{"docs":{"insertions":7,"deletions":1}}},{"hash":"62348be13535eb34a089d71abefbe8ec921b4815","isMergeCommit":true,"messageTitle":"Merge pull request #2 from vincesum/master","messageBody":"Create Base Template for Project with logo","fileTypesAndContributionMap":{}},{"hash":"5dabc0d818e0059a6ee0dd05c22c1c0cebddcaff","isMergeCommit":true,"messageTitle":"Merge pull request #8 from vincesum/Vincent-AboutUs","messageBody":"Vincent - Edit AboutUs","fileTypesAndContributionMap":{}}]}],"zavsky":[{"date":"2025-03-06","commitResults":[{"hash":"9c08615b50ca212667fee0a64d9834075441a5c0","isMergeCommit":false,"messageTitle":"Insert Irwin into AboutUs.md","messageBody":"","fileTypesAndContributionMap":{"docs":{"insertions":2,"deletions":1}}}]}]},"authorFileTypeContributionMap":{"yyingg-243":{"docs":1,"functional-code":0,"test-code":0},"TiangSoonYong":{"docs":9,"functional-code":0,"test-code":0},"James17042002":{"docs":2,"functional-code":0,"test-code":0},"vincesum":{"docs":4,"functional-code":120,"test-code":2},"zavsky":{"docs":2,"functional-code":0,"test-code":0}},"authorContributionVariance":{"yyingg-243":13.0,"TiangSoonYong":44.83673,"James17042002":16.979591,"vincesum":1381.7399,"zavsky":0.5969388},"authorDisplayNameMap":{"yyingg-243":"CS2113-T13-4 LEE ..YING","TiangSoonYong":"CS2113-T13-4 TIAN..YONG","James17042002":"CS2113-T13-4 JAME.. JIE","vincesum":"CS2113-T13-4 SU M..CENT","zavsky":"CS2113-T13-4 IRWI.. KAI"}}
