{"authorDailyContributionsMap":{"minhbgn":[{"date":"2025-03-15","commitResults":[{"hash":"9da69cfa1029bebbe386250bee235fb733be26a4","isMergeCommit":false,"messageTitle":"Add Recipe and RecipeManager","messageBody":"","fileTypesAndContributionMap":{"functional-code":{"insertions":103,"deletions":0}}},{"hash":"a6fb7cacf88febcbc2ae3b786b881cbde046c176","isMergeCommit":false,"messageTitle":"Add functions for Recipe \u0026 RecipeManager","messageBody":"Add list, remove, search function for RecipeManger. Add content getter\nfor Recipe, and add JUnit Test for RecipeManager.\n","fileTypesAndContributionMap":{"functional-code":{"insertions":102,"deletions":0}}},{"hash":"3a4074d4ba79ff86180bfe669f7e62a95398bdb7","isMergeCommit":false,"messageTitle":"Add more functions","messageBody":"Added editRecipe functions. Completed v1.0 for Recipe branch\n","fileTypesAndContributionMap":{"functional-code":{"insertions":177,"deletions":16}}},{"hash":"5404231e34ce8ec15247c1cc622fb9155ce79ab8","isMergeCommit":false,"messageTitle":"Remove JUnit test temporarily","messageBody":"","fileTypesAndContributionMap":{"functional-code":{"insertions":0,"deletions":28}}},{"hash":"cdd4431914ed6aa87013eb7c340305b519984c37","isMergeCommit":true,"messageTitle":"Merge pull request #28 from minhbgn/branch-recipe","messageBody":"Branch recipe","fileTypesAndContributionMap":{}}]}],"srfl0":[{"date":"2025-03-07","commitResults":[{"hash":"539b6bf00b552a27c7e709ae38023fd07a9d11b4","isMergeCommit":false,"messageTitle":"Update AboutUs.md for Feng Yuan","messageBody":"","fileTypesAndContributionMap":{"docs":{"insertions":1,"deletions":5}}},{"hash":"b6432135b483499342ef28909bd02483183e0dc1","isMergeCommit":true,"messageTitle":"Merge pull request #1 from srfl0/Chua_Feng_Yuan-AboutUs","messageBody":"Update AboutUs.md for Feng Yuan","fileTypesAndContributionMap":{}}]}],"kemilii":[{"date":"2025-03-07","commitResults":[{"hash":"5e20d97bb50fcf5b640e4592a3848ef17dae8d11","isMergeCommit":false,"messageTitle":"Update Jiali A-AboutUs","messageBody":"","fileTypesAndContributionMap":{"docs":{"insertions":7,"deletions":7}}},{"hash":"3bf9bc55275b7bd4f1a636cfb96e61333141cb00","isMergeCommit":false,"messageTitle":"Add Jiali A-AboutUs","messageBody":"","fileTypesAndContributionMap":{"docs":{"insertions":7,"deletions":7}}},{"hash":"dcadfca741efaa70335ff8b2e9c14e851f961042","isMergeCommit":true,"messageTitle":"Update A-AboutUs","messageBody":"","fileTypesAndContributionMap":{}},{"hash":"feefa210df40a9e6015907715548f38cde48c65a","isMergeCommit":true,"messageTitle":"Update AboutUs.md","messageBody":"","fileTypesAndContributionMap":{}},{"hash":"178ccfbbf984f0d8d000cb89e51d2468144175fb","isMergeCommit":true,"messageTitle":"Update AboutUs.md","messageBody":"","fileTypesAndContributionMap":{}},{"hash":"55dddfe6210a4a0ea2f34a0068cae9080764d23f","isMergeCommit":true,"messageTitle":"Merge pull request #4 from kemilii/A-AboutUs","messageBody":"Update Jiali A-AboutUs","fileTypesAndContributionMap":{}}]},{"date":"2025-03-13","commitResults":[{"hash":"75be94f78fe4e7d571193cd67d649ad3f5266b85","isMergeCommit":false,"messageTitle":"Implement ShoppingListltem ShoppingList classes based on the new project structure","messageBody":"","fileTypesAndContributionMap":{"functional-code":{"insertions":80,"deletions":0}}},{"hash":"ee83dee496016b042cbd49905ef9e7357b20b837","isMergeCommit":true,"messageTitle":"Merge pull request #16 from kemilii/fixed-implement-ShoppingListltem-ShoppingList-classes","messageBody":"Implement ShoppingListltem ShoppingList classes based on the new project structure","fileTypesAndContributionMap":{}},{"hash":"f73e7b117be2a7f3bc60ee28c84e1c1f207d1bb6","isMergeCommit":false,"messageTitle":"Implement auto generation logic for shopping list integrated with inventory feature","messageBody":"","fileTypesAndContributionMap":{"functional-code":{"insertions":79,"deletions":5}}}]},{"date":"2025-03-14","commitResults":[{"hash":"1db5ced3b03a10a7afae0adb5dbb3f0a6d698b8c","isMergeCommit":true,"messageTitle":"Merge pull request #17 from kemilii/Implement-AutoGeneration","messageBody":"Implement auto generation logic for shopping list integrated with inventory feature","fileTypesAndContributionMap":{}}]}],"yok2086":[{"date":"2025-03-07","commitResults":[{"hash":"30fb8046988cd629af59ff726be923f6522cb939","isMergeCommit":false,"messageTitle":"Updated first line in AboutUs Doc","messageBody":"","fileTypesAndContributionMap":{"docs":{"insertions":7,"deletions":7}}},{"hash":"554bccbf190db6c34c6d4883c60b6ab74799f277","isMergeCommit":false,"messageTitle":"Added Portfolio","messageBody":"","fileTypesAndContributionMap":{"docs":{"insertions":1,"deletions":1}}},{"hash":"add83f1f076f416ee4cf3919fae6b88b4f877ef3","isMergeCommit":false,"messageTitle":"Fixed Issue","messageBody":"","fileTypesAndContributionMap":{"docs":{"insertions":1,"deletions":4}}},{"hash":"2d3b093b655b7048093afedf615f501a2d273838","isMergeCommit":true,"messageTitle":"Merge branch \u0027master\u0027 of ssh://github.com/yok2086/tp into Kim-Gyurim-AboutUs","messageBody":"* \u0027master\u0027 of ssh://github.com/yok2086/tp:\n  Update AboutUs.md for Feng Yuan\n\n# Conflicts:\n#\tdocs/AboutUs.md\n","fileTypesAndContributionMap":{}},{"hash":"0a491476177bb21d1131dd91c486d9547815a2cd","isMergeCommit":true,"messageTitle":"Merge branch \u0027master\u0027 into Kim-Gyurim-AboutUs","messageBody":"* master:\n  Update AboutUs\n\n# Conflicts:\n#\tdocs/AboutUs.md\n","fileTypesAndContributionMap":{}},{"hash":"ff2a1303be97d7cce5aaade2c60b480bf108cff2","isMergeCommit":true,"messageTitle":"Merge pull request #3 from yok2086/Kim-Gyurim-AboutUs","messageBody":"Update About Us","fileTypesAndContributionMap":{}}]},{"date":"2025-03-13","commitResults":[{"hash":"0f41faa374dc6965d60fd84347259497e6e9c65a","isMergeCommit":false,"messageTitle":"Added Ingredient Inventory and Ingredient Class","messageBody":"","fileTypesAndContributionMap":{"functional-code":{"insertions":174,"deletions":0}}},{"hash":"2ca10cf3d38fc162782efae1e2613abf0af59a48","isMergeCommit":false,"messageTitle":"Fixed Gradle Issues","messageBody":"","fileTypesAndContributionMap":{"functional-code":{"insertions":34,"deletions":23}}},{"hash":"b204e91fe2d0322398e36f35297aa22355da517e","isMergeCommit":false,"messageTitle":"Fixed Gradle code style issues","messageBody":"","fileTypesAndContributionMap":{"functional-code":{"insertions":4,"deletions":2}}},{"hash":"2145890667a988d3a0367e0179b9970b45bf868d","isMergeCommit":true,"messageTitle":"Merge pull request #15 from yok2086/master","messageBody":"Added Ingredient Inventory and Ingredient Class","fileTypesAndContributionMap":{}}]}],"H-ZhanHao":[{"date":"2025-02-21","commitResults":[{"hash":"d673bbc17e93cbc8def99929c1b746e47790734a","isMergeCommit":false,"messageTitle":"Update README.md","messageBody":"","fileTypesAndContributionMap":{"docs":{"insertions":1,"deletions":1}}}]},{"date":"2025-03-07","commitResults":[{"hash":"788b7543e04e80c0b79307e27a4a6b8556de0b67","isMergeCommit":false,"messageTitle":"Update AboutUs","messageBody":"","fileTypesAndContributionMap":{"docs":{"insertions":4,"deletions":7}}},{"hash":"569a535602a15785a9c74984c552553749c43416","isMergeCommit":true,"messageTitle":"Merge branch \u0027H-ZhanHao-Zhan-AboutUs\u0027","messageBody":"","fileTypesAndContributionMap":{}},{"hash":"d3d0433eecdc8e246779ee7340887b94c99cfe1c","isMergeCommit":true,"messageTitle":"Merge pull request #2 from H-ZhanHao/Zhan-AboutUs","messageBody":"Update AboutUs","fileTypesAndContributionMap":{}}]},{"date":"2025-03-13","commitResults":[{"hash":"58eed245e6e0732a0371eb93fd856afb019a1807","isMergeCommit":false,"messageTitle":"Create packages for each feature","messageBody":"","fileTypesAndContributionMap":{"functional-code":{"insertions":8,"deletions":0},"other":{"insertions":1,"deletions":1},"test-code":{"insertions":0,"deletions":12}}},{"hash":"b4f9fd4c4ad0a9718cd9def4929198fc0bfdc568","isMergeCommit":true,"messageTitle":"Merge pull request #12 from H-ZhanHao/zhan-feature-v1.0","messageBody":"Create packages for each feature","fileTypesAndContributionMap":{}}]},{"date":"2025-03-14","commitResults":[{"hash":"2a2808f617292253ddca753c485403d93d2b641e","isMergeCommit":false,"messageTitle":"Add abstract Command Class","messageBody":"Add Exit Command\n\nAdd Help Command\n\nAdd Null Command\n\nPantryPal Main: Refactor code to be more OOP\n","fileTypesAndContributionMap":{"functional-code":{"insertions":171,"deletions":23}}},{"hash":"37dba858a9ec6da26cc2b810453f5a3360bae634","isMergeCommit":true,"messageTitle":"Merge branch \u0027master\u0027 of https://github.com/AY2425S2-CS2113-F11-3/tp into zhan-feature-v1.0","messageBody":"","fileTypesAndContributionMap":{}},{"hash":"2bf28d1321211feadabd539a188d57ff1e0d2c2f","isMergeCommit":true,"messageTitle":"Merge pull request #18 from H-ZhanHao/zhan-feature-v1.0","messageBody":"Zhan feature v1.0","fileTypesAndContributionMap":{}}]}]},"authorFileTypeContributionMap":{"minhbgn":{"docs":0,"functional-code":338,"test-code":0},"srfl0":{"docs":1,"functional-code":0,"test-code":0},"kemilii":{"docs":1,"functional-code":155,"test-code":0},"yok2086":{"docs":1,"functional-code":186,"test-code":0},"H-ZhanHao":{"docs":3,"functional-code":177,"test-code":0}},"authorContributionVariance":{"minhbgn":7547.2065,"srfl0":1.497165,"kemilii":1133.792,"yok2086":2335.4744,"H-ZhanHao":1563.6936},"authorDisplayNameMap":{"minhbgn":"CS2113-F11-3 BUI ..MINH","srfl0":"CS2113-F11-3 CHUA..YUAN","kemilii":"CS2113-F11-3 CAI ..IALI","yok2086":"CS2113-F11-3 KIM ..URIM","H-ZhanHao":"CS2113-F11-3 HOE .. HAO"}}
