{"authorDailyContributionsMap":{"minhbgn":[{"date":"2025-03-15","commitResults":[{"hash":"9da69cfa1029bebbe386250bee235fb733be26a4","isMergeCommit":false,"messageTitle":"Add Recipe and RecipeManager","messageBody":"","fileTypesAndContributionMap":{"functional-code":{"insertions":103,"deletions":0}}},{"hash":"a6fb7cacf88febcbc2ae3b786b881cbde046c176","isMergeCommit":false,"messageTitle":"Add functions for Recipe \u0026 RecipeManager","messageBody":"Add list, remove, search function for RecipeManger. Add content getter\nfor Recipe, and add JUnit Test for RecipeManager.\n","fileTypesAndContributionMap":{"functional-code":{"insertions":102,"deletions":0}}},{"hash":"3a4074d4ba79ff86180bfe669f7e62a95398bdb7","isMergeCommit":false,"messageTitle":"Add more functions","messageBody":"Added editRecipe functions. Completed v1.0 for Recipe branch\n","fileTypesAndContributionMap":{"functional-code":{"insertions":177,"deletions":16}}},{"hash":"5404231e34ce8ec15247c1cc622fb9155ce79ab8","isMergeCommit":false,"messageTitle":"Remove JUnit test temporarily","messageBody":"","fileTypesAndContributionMap":{"functional-code":{"insertions":0,"deletions":28}}},{"hash":"cdd4431914ed6aa87013eb7c340305b519984c37","isMergeCommit":true,"messageTitle":"Merge pull request #28 from minhbgn/branch-recipe","messageBody":"Branch recipe","fileTypesAndContributionMap":{}}]},{"date":"2025-03-21","commitResults":[{"hash":"f5de88c0608894f8b30a8e830f6f9aa9d7dacf36","isMergeCommit":true,"messageTitle":"Merge branch \u0027master\u0027 of https://github.com/AY2425S2-CS2113-F11-3/tp","messageBody":"","fileTypesAndContributionMap":{}}]},{"date":"2025-03-22","commitResults":[{"hash":"e53f946e8c37892aadcbdd7068d16e5da5f16723","isMergeCommit":false,"messageTitle":"Add Ingredient adder and editer","messageBody":"","fileTypesAndContributionMap":{"functional-code":{"insertions":68,"deletions":11}}},{"hash":"555a112a1b7fbac70fbd3e35cac9bc9d109792e5","isMergeCommit":false,"messageTitle":"Add addIngredient to AddRecipe","messageBody":"Add addIngredient to AddRecipe, change ingredient from type String to\ntype inventory.Ingredient for program coherence\n","fileTypesAndContributionMap":{"functional-code":{"insertions":42,"deletions":6}}}]},{"date":"2025-03-26","commitResults":[{"hash":"cb143f375640ce3f58b8f67f4e29c4007e28a91a","isMergeCommit":false,"messageTitle":"Change Ingredient-related methods","messageBody":"Modified Recipe, Ingredient, and RecipeManager to be compatible with\ningredient of type Ingredient (previously String)\n","fileTypesAndContributionMap":{"functional-code":{"insertions":30,"deletions":11}}},{"hash":"235c91c6dfc99d3925fda2a07827fad345e51c40","isMergeCommit":true,"messageTitle":"Merge branch \u0027master\u0027 into minh-branch","messageBody":"","fileTypesAndContributionMap":{}},{"hash":"597c957994339ed8f6f0c67ba8e825f903879c59","isMergeCommit":true,"messageTitle":"Merge pull request #1 from minhbgn/minh-branch","messageBody":"Change Ingredient-related methods","fileTypesAndContributionMap":{}}]},{"date":"2025-03-27","commitResults":[{"hash":"522c1701585b28a018adacf1c1304d1337d09f0c","isMergeCommit":true,"messageTitle":"Merge pull request #72 from minhbgn/master","messageBody":"Change Ingredient-related methods","fileTypesAndContributionMap":{}}]}],"srfl0":[{"date":"2025-03-07","commitResults":[{"hash":"539b6bf00b552a27c7e709ae38023fd07a9d11b4","isMergeCommit":false,"messageTitle":"Update AboutUs.md for Feng Yuan","messageBody":"","fileTypesAndContributionMap":{"docs":{"insertions":1,"deletions":5}}},{"hash":"b6432135b483499342ef28909bd02483183e0dc1","isMergeCommit":true,"messageTitle":"Merge pull request #1 from srfl0/Chua_Feng_Yuan-AboutUs","messageBody":"Update AboutUs.md for Feng Yuan","fileTypesAndContributionMap":{}}]},{"date":"2025-03-14","commitResults":[{"hash":"0bda56694f02c2cfe74aa01dc4c5c13ae9c01dbd","isMergeCommit":false,"messageTitle":"Add initial interfacing for meal plan feature","messageBody":"","fileTypesAndContributionMap":{"functional-code":{"insertions":141,"deletions":0}}}]},{"date":"2025-03-18","commitResults":[{"hash":"2002ff31904911cc1e84d546ef1635013d098201","isMergeCommit":true,"messageTitle":"Merge branch \u0027Meal-Plan-v1.0\u0027","messageBody":"","fileTypesAndContributionMap":{}},{"hash":"f18f01188cc1dbff5aff34fb798ecafe5d1b73a9","isMergeCommit":false,"messageTitle":"Add Gradle check","messageBody":"","fileTypesAndContributionMap":{"functional-code":{"insertions":12,"deletions":8}}},{"hash":"d563b849fe34f3dd4b22fc39e68fb84695f7fd16","isMergeCommit":true,"messageTitle":"Merge pull request #33 from srfl0/master","messageBody":"Add new request to pull initial interfacing implementation for meal plan feature","fileTypesAndContributionMap":{}}]},{"date":"2025-03-20","commitResults":[{"hash":"71021caa28fcffb027fba4bcad6ffbffc7991440","isMergeCommit":false,"messageTitle":"Modify recipe package for use in MealPlan Modify MealPlan for v1.0","messageBody":"","fileTypesAndContributionMap":{"functional-code":{"insertions":148,"deletions":54}}},{"hash":"d826675129a5dde60768b029fd5662970f8c3a76","isMergeCommit":true,"messageTitle":"Merge branch \u0027v1.0\u0027","messageBody":"","fileTypesAndContributionMap":{}},{"hash":"17918b7d6ccdf4d5bc6d2edc15925c3d24adf768","isMergeCommit":false,"messageTitle":"Fix styling for Gradle","messageBody":"","fileTypesAndContributionMap":{"other":{"insertions":18,"deletions":18}}},{"hash":"ce523c995c01ea0a6773459557cebe8501cc1324","isMergeCommit":true,"messageTitle":"Merge branch \u0027v1.0\u0027","messageBody":"","fileTypesAndContributionMap":{}},{"hash":"b82b000b24b0e17da52c542f87381ea80d70f401","isMergeCommit":true,"messageTitle":"Merge pull request #59 from srfl0/master","messageBody":"Update MealPlan","fileTypesAndContributionMap":{}},{"hash":"4fbd4fc447d9c2fc332063d92aae6f1c565c2f84","isMergeCommit":false,"messageTitle":"Modify mealplan package structure","messageBody":"","fileTypesAndContributionMap":{"functional-code":{"insertions":111,"deletions":82}}},{"hash":"6922b1fc91f604a3a9d1c1e06289932d0b25b5f0","isMergeCommit":true,"messageTitle":"Merge branch \u0027v1.0\u0027","messageBody":"","fileTypesAndContributionMap":{}},{"hash":"d4b6a122cbc11200d79db4e4687d9259ba8dec1f","isMergeCommit":false,"messageTitle":"Fix: Gradle style-checking","messageBody":"","fileTypesAndContributionMap":{"functional-code":{"insertions":3,"deletions":1}}},{"hash":"28e4ad9349751aadb4463b6f0271e9e3bc8a6d3e","isMergeCommit":true,"messageTitle":"Merge branch \u0027v1.0\u0027","messageBody":"","fileTypesAndContributionMap":{}},{"hash":"40439d114ba0097d82d438b47e465a9241f986a1","isMergeCommit":true,"messageTitle":"Merge pull request #65 from srfl0/master","messageBody":"Meal Plan adjustments","fileTypesAndContributionMap":{}}]},{"date":"2025-03-24","commitResults":[{"hash":"275e2601893809217de9d852fa211bdaf3d15270","isMergeCommit":false,"messageTitle":"Refactor view of calendar to week-based","messageBody":"","fileTypesAndContributionMap":{"functional-code":{"insertions":74,"deletions":61}}},{"hash":"5f7029cdb6ded31b994f686c2ce6e6261a6b1817","isMergeCommit":false,"messageTitle":"Split weekly view into consolidated view of day views, modify MealPlan and planPresets to match new implementation","messageBody":"","fileTypesAndContributionMap":{"functional-code":{"insertions":47,"deletions":33}}},{"hash":"5f6a8eaef571d1cf31c555dcb861bd6f62fde394","isMergeCommit":true,"messageTitle":"Merge branch \u0027branch-v2-calendar\u0027","messageBody":"# Conflicts:\n#\tsrc/main/java/pantrypal/general/commands/mealplan/AddRecipeToPlan.java\n#\tsrc/main/java/pantrypal/mealplan/Calendar.java\n#\tsrc/main/java/pantrypal/mealplan/PlanPresets.java\n\nfix coding style issues\n","fileTypesAndContributionMap":{}},{"hash":"55a1598171225043c15511e4f4885766c529701a","isMergeCommit":true,"messageTitle":"Merge pull request #70 from srfl0/master","messageBody":"Modify viewing of meal plans","fileTypesAndContributionMap":{}}]}],"kemilii":[{"date":"2025-03-07","commitResults":[{"hash":"5e20d97bb50fcf5b640e4592a3848ef17dae8d11","isMergeCommit":false,"messageTitle":"Update Jiali A-AboutUs","messageBody":"","fileTypesAndContributionMap":{"docs":{"insertions":7,"deletions":7}}},{"hash":"3bf9bc55275b7bd4f1a636cfb96e61333141cb00","isMergeCommit":false,"messageTitle":"Add Jiali A-AboutUs","messageBody":"","fileTypesAndContributionMap":{"docs":{"insertions":7,"deletions":7}}},{"hash":"dcadfca741efaa70335ff8b2e9c14e851f961042","isMergeCommit":true,"messageTitle":"Update A-AboutUs","messageBody":"","fileTypesAndContributionMap":{}},{"hash":"feefa210df40a9e6015907715548f38cde48c65a","isMergeCommit":true,"messageTitle":"Update AboutUs.md","messageBody":"","fileTypesAndContributionMap":{}},{"hash":"178ccfbbf984f0d8d000cb89e51d2468144175fb","isMergeCommit":true,"messageTitle":"Update AboutUs.md","messageBody":"","fileTypesAndContributionMap":{}},{"hash":"55dddfe6210a4a0ea2f34a0068cae9080764d23f","isMergeCommit":true,"messageTitle":"Merge pull request #4 from kemilii/A-AboutUs","messageBody":"Update Jiali A-AboutUs","fileTypesAndContributionMap":{}}]},{"date":"2025-03-13","commitResults":[{"hash":"75be94f78fe4e7d571193cd67d649ad3f5266b85","isMergeCommit":false,"messageTitle":"Implement ShoppingListltem ShoppingList classes based on the new project structure","messageBody":"","fileTypesAndContributionMap":{"functional-code":{"insertions":80,"deletions":0}}},{"hash":"ee83dee496016b042cbd49905ef9e7357b20b837","isMergeCommit":true,"messageTitle":"Merge pull request #16 from kemilii/fixed-implement-ShoppingListltem-ShoppingList-classes","messageBody":"Implement ShoppingListltem ShoppingList classes based on the new project structure","fileTypesAndContributionMap":{}},{"hash":"f73e7b117be2a7f3bc60ee28c84e1c1f207d1bb6","isMergeCommit":false,"messageTitle":"Implement auto generation logic for shopping list integrated with inventory feature","messageBody":"","fileTypesAndContributionMap":{"functional-code":{"insertions":79,"deletions":5}}}]},{"date":"2025-03-14","commitResults":[{"hash":"1db5ced3b03a10a7afae0adb5dbb3f0a6d698b8c","isMergeCommit":true,"messageTitle":"Merge pull request #17 from kemilii/Implement-AutoGeneration","messageBody":"Implement auto generation logic for shopping list integrated with inventory feature","fileTypesAndContributionMap":{}}]},{"date":"2025-03-19","commitResults":[{"hash":"398ad0403ff315cd76f7671dc98775a276491912","isMergeCommit":false,"messageTitle":"Implement CLD Command removeShoppingListItem","messageBody":"","fileTypesAndContributionMap":{"functional-code":{"insertions":42,"deletions":0},"other":{"insertions":7,"deletions":3}}},{"hash":"9dd2cf2563e1df61221319425427ee66be26f9ff","isMergeCommit":true,"messageTitle":"Merge pull request #44 from kemilii/implement-command-removeShopplingListItem","messageBody":"Implement CLD Command removeShoppingListItem","fileTypesAndContributionMap":{}}]},{"date":"2025-03-20","commitResults":[{"hash":"a52135d900efbfe04e7156a1808499008d9a6750","isMergeCommit":false,"messageTitle":"implement command generateShoppingList","messageBody":"","fileTypesAndContributionMap":{"functional-code":{"insertions":25,"deletions":6}}},{"hash":"67eb7a7fa8d966be6bf47340c61140b738a7d4df","isMergeCommit":true,"messageTitle":"Merge pull request #52 from kemilii/implement-command-generateShoppingList","messageBody":"implement command generateShoppingList","fileTypesAndContributionMap":{}},{"hash":"70d62a681f1c8000e5f4132a6d5d5ae2ab28396b","isMergeCommit":false,"messageTitle":"implement command viewShoppingList","messageBody":"","fileTypesAndContributionMap":{"functional-code":{"insertions":23,"deletions":1}}},{"hash":"7d08d46febebd2c9dc533b723468213c77569eda","isMergeCommit":true,"messageTitle":"Merge pull request #53 from kemilii/implement-command-viewShoppingList","messageBody":"implement command viewShoppingList","fileTypesAndContributionMap":{}},{"hash":"2159db2dfeecf8ec596e65b74e881c8dbb4ae5f4","isMergeCommit":false,"messageTitle":"implement command addShoppingItem","messageBody":"","fileTypesAndContributionMap":{"functional-code":{"insertions":31,"deletions":0}}},{"hash":"c266d2d413f15678963895da43754563d72137a8","isMergeCommit":true,"messageTitle":"Merge pull request #54 from kemilii/implement-command-addShoppingItem","messageBody":"implement command addShoppingItem","fileTypesAndContributionMap":{}},{"hash":"5cd3c7c4f1fae97469bfb9ab72b95368611fc253","isMergeCommit":false,"messageTitle":"Change to JUnit test structure","messageBody":"","fileTypesAndContributionMap":{"other":{"insertions":1,"deletions":1},"test-code":{"insertions":0,"deletions":12}}},{"hash":"c9c1a7fbec6f2bd9e04fc4b048454e534af6cbcb","isMergeCommit":true,"messageTitle":"Merge pull request #61 from kemilii/JUnit-test-structure","messageBody":"Change to JUnit test structure","fileTypesAndContributionMap":{}},{"hash":"694c2d8d0711bf492bf7ab5a37937aaea1712e4b","isMergeCommit":false,"messageTitle":"Add JUnit tests for \u0027Shopping List\u0027","messageBody":"","fileTypesAndContributionMap":{"test-code":{"insertions":73,"deletions":0}}},{"hash":"705a87acf16bddc0ce565fea32205f018c403f03","isMergeCommit":false,"messageTitle":"Replace wildcard static import with explicit static imports","messageBody":"","fileTypesAndContributionMap":{"test-code":{"insertions":5,"deletions":1}}},{"hash":"7ebf577befcccfc0be6741152c273ad7038bad39","isMergeCommit":true,"messageTitle":"Merge pull request #62 from kemilii/JUnit-tests","messageBody":"Add JUnit tests for \u0027Shopping List\u0027","fileTypesAndContributionMap":{}},{"hash":"797c1f3556f3c9b0195c6b3e10e480b6639f3a16","isMergeCommit":false,"messageTitle":"Add assertions for shopping list","messageBody":"","fileTypesAndContributionMap":{"functional-code":{"insertions":15,"deletions":0}}},{"hash":"e17aae9be0d944c0b6252325744246b06ca05873","isMergeCommit":true,"messageTitle":"Merge pull request #64 from kemilii/Assertions","messageBody":"Add assertions for shopping list","fileTypesAndContributionMap":{}}]},{"date":"2025-03-27","commitResults":[{"hash":"d233241d2dde2b722c2f55ce2c3c9b77d4e609f1","isMergeCommit":false,"messageTitle":"Enable assertion","messageBody":"","fileTypesAndContributionMap":{"other":{"insertions":6,"deletions":1}}},{"hash":"29745516c3fc68aba04d90e826599c3105a41137","isMergeCommit":true,"messageTitle":"Merge pull request #87 from kemilii/Assertions","messageBody":"Enable assertion","fileTypesAndContributionMap":{}}]}],"yok2086":[{"date":"2025-03-07","commitResults":[{"hash":"30fb8046988cd629af59ff726be923f6522cb939","isMergeCommit":false,"messageTitle":"Updated first line in AboutUs Doc","messageBody":"","fileTypesAndContributionMap":{"docs":{"insertions":7,"deletions":7}}},{"hash":"554bccbf190db6c34c6d4883c60b6ab74799f277","isMergeCommit":false,"messageTitle":"Added Portfolio","messageBody":"","fileTypesAndContributionMap":{"docs":{"insertions":1,"deletions":1}}},{"hash":"add83f1f076f416ee4cf3919fae6b88b4f877ef3","isMergeCommit":false,"messageTitle":"Fixed Issue","messageBody":"","fileTypesAndContributionMap":{"docs":{"insertions":1,"deletions":4}}},{"hash":"2d3b093b655b7048093afedf615f501a2d273838","isMergeCommit":true,"messageTitle":"Merge branch \u0027master\u0027 of ssh://github.com/yok2086/tp into Kim-Gyurim-AboutUs","messageBody":"* \u0027master\u0027 of ssh://github.com/yok2086/tp:\n  Update AboutUs.md for Feng Yuan\n\n# Conflicts:\n#\tdocs/AboutUs.md\n","fileTypesAndContributionMap":{}},{"hash":"0a491476177bb21d1131dd91c486d9547815a2cd","isMergeCommit":true,"messageTitle":"Merge branch \u0027master\u0027 into Kim-Gyurim-AboutUs","messageBody":"* master:\n  Update AboutUs\n\n# Conflicts:\n#\tdocs/AboutUs.md\n","fileTypesAndContributionMap":{}},{"hash":"ff2a1303be97d7cce5aaade2c60b480bf108cff2","isMergeCommit":true,"messageTitle":"Merge pull request #3 from yok2086/Kim-Gyurim-AboutUs","messageBody":"Update About Us","fileTypesAndContributionMap":{}}]},{"date":"2025-03-13","commitResults":[{"hash":"0f41faa374dc6965d60fd84347259497e6e9c65a","isMergeCommit":false,"messageTitle":"Added Ingredient Inventory and Ingredient Class","messageBody":"","fileTypesAndContributionMap":{"functional-code":{"insertions":174,"deletions":0}}},{"hash":"2ca10cf3d38fc162782efae1e2613abf0af59a48","isMergeCommit":false,"messageTitle":"Fixed Gradle Issues","messageBody":"","fileTypesAndContributionMap":{"functional-code":{"insertions":34,"deletions":23}}},{"hash":"b204e91fe2d0322398e36f35297aa22355da517e","isMergeCommit":false,"messageTitle":"Fixed Gradle code style issues","messageBody":"","fileTypesAndContributionMap":{"functional-code":{"insertions":4,"deletions":2}}},{"hash":"2145890667a988d3a0367e0179b9970b45bf868d","isMergeCommit":true,"messageTitle":"Merge pull request #15 from yok2086/master","messageBody":"Added Ingredient Inventory and Ingredient Class","fileTypesAndContributionMap":{}}]},{"date":"2025-03-20","commitResults":[{"hash":"973e0e52e42071bbc12cb2a8247940bd48254dbe","isMergeCommit":false,"messageTitle":"Implemented J-Unit testing for IngredientInventory","messageBody":"","fileTypesAndContributionMap":{"test-code":{"insertions":58,"deletions":0}}},{"hash":"ae4578c1cbfa7c1a000102f17f18ef5e466959e2","isMergeCommit":true,"messageTitle":"Merge pull request #56 from yok2086/gyurim-feature-v1.0","messageBody":"Implemented J-Unit testing for IngredientInventory","fileTypesAndContributionMap":{}},{"hash":"2b8c939eeba4be90810e985492c1260963e686ed","isMergeCommit":false,"messageTitle":"Fixed Comment Indentation","messageBody":"","fileTypesAndContributionMap":{"test-code":{"insertions":1,"deletions":1}}},{"hash":"008f1bced1c1f23657ee5cddb1ad225d141b2355","isMergeCommit":true,"messageTitle":"Merge pull request #58 from yok2086/gyurim-feature-v1.0","messageBody":"Fixed Comment Indentation","fileTypesAndContributionMap":{}}]},{"date":"2025-03-24","commitResults":[{"hash":"e44d3f08aacf86a44dcfa98a79fdb857ae1ce7da","isMergeCommit":false,"messageTitle":"Add Assertions","messageBody":"","fileTypesAndContributionMap":{"functional-code":{"insertions":10,"deletions":0}}},{"hash":"021077d4cbda6e4c2083da31499f5b908b9d89a4","isMergeCommit":true,"messageTitle":"Merge pull request #69 from yok2086/master","messageBody":"Added Assertions in IngredientInventory","fileTypesAndContributionMap":{}}]},{"date":"2025-03-27","commitResults":[{"hash":"724c45f4ed2a206edf2d0f6154e8ba48b6ba37db","isMergeCommit":false,"messageTitle":"Enumerated Standard Unit","messageBody":"","fileTypesAndContributionMap":{"functional-code":{"insertions":68,"deletions":23},"test-code":{"insertions":8,"deletions":5}}},{"hash":"5d938244e97d5afbab53ad126c797525b3187b19","isMergeCommit":false,"messageTitle":"Edit Ingredient parameter from other classes from String to Unit","messageBody":"","fileTypesAndContributionMap":{"functional-code":{"insertions":10,"deletions":8}}},{"hash":"f3a0c9f28a761f13ca39366a658c95cbb111f1f4","isMergeCommit":false,"messageTitle":"Fixed Issues of J-unit Testing type mismatch of String and Unit","messageBody":"","fileTypesAndContributionMap":{"test-code":{"insertions":5,"deletions":5}}},{"hash":"47158825eee75c8162adb9ffdf7ab4552eb277f4","isMergeCommit":true,"messageTitle":"Merge pull request #76 from yok2086/gyurim-feature-v2.0","messageBody":"Implemented Enumerate Unit Class","fileTypesAndContributionMap":{}},{"hash":"5eca9efc6115e5a9a6a37ef378dbe5aeecbfa2ee","isMergeCommit":false,"messageTitle":"Make Ingredient Class more Defensive by Adding Exceptions","messageBody":"","fileTypesAndContributionMap":{"functional-code":{"insertions":44,"deletions":3}}},{"hash":"583e2a49de02f7080f8d3f41ecee8427b8bfb65f","isMergeCommit":true,"messageTitle":"Merge pull request #82 from yok2086/gyurim-feature-v2.0","messageBody":"Make Ingredient/IngredientInventory Class more Defensive ","fileTypesAndContributionMap":{}},{"hash":"ff310a4f1c570823688bac8060852eaa95c83ff9","isMergeCommit":false,"messageTitle":"Implemented Expiry Date In Ingredient Class","messageBody":"","fileTypesAndContributionMap":{"functional-code":{"insertions":52,"deletions":62},"test-code":{"insertions":9,"deletions":6}}},{"hash":"fd33e7c796a036b0b486c386accaa98bbbf29d95","isMergeCommit":false,"messageTitle":"Fixed CheckStyle Error","messageBody":"","fileTypesAndContributionMap":{"functional-code":{"insertions":28,"deletions":15},"test-code":{"insertions":4,"deletions":2}}},{"hash":"25a96f073433af9c330b725c2cc3073fe63d99ac","isMergeCommit":false,"messageTitle":"Commented Assertion in Shopping LIst Generator Test Line 55-56","messageBody":"","fileTypesAndContributionMap":{"test-code":{"insertions":12,"deletions":6}}},{"hash":"f7c985e791c94766e27ed33fa9885dccb23cb4f6","isMergeCommit":true,"messageTitle":"Merge pull request #85 from yok2086/gyurim-feature-v2.0","messageBody":"Implemented Expiry Date In Ingredient Class","fileTypesAndContributionMap":{}},{"hash":"6c02f234250ea9fb9d3e06e8ada11706cf6f4ab4","isMergeCommit":false,"messageTitle":"Implement Alert Expired Ingredient Method","messageBody":"","fileTypesAndContributionMap":{"functional-code":{"insertions":46,"deletions":0}}},{"hash":"b45db656c1defcdade725fec31043573dc010722","isMergeCommit":false,"messageTitle":"Fixed StyleCheck","messageBody":"","fileTypesAndContributionMap":{"functional-code":{"insertions":8,"deletions":13}}},{"hash":"1e3de8fc253591cdc38b4f66fae3377271a0b824","isMergeCommit":true,"messageTitle":"Merge pull request #86 from yok2086/gyurim-feature-v2.0","messageBody":"Implement Alert Expired Ingredient Method","fileTypesAndContributionMap":{}}]}],"H-ZhanHao":[{"date":"2025-02-21","commitResults":[{"hash":"d673bbc17e93cbc8def99929c1b746e47790734a","isMergeCommit":false,"messageTitle":"Update README.md","messageBody":"","fileTypesAndContributionMap":{"docs":{"insertions":1,"deletions":1}}}]},{"date":"2025-03-07","commitResults":[{"hash":"788b7543e04e80c0b79307e27a4a6b8556de0b67","isMergeCommit":false,"messageTitle":"Update AboutUs","messageBody":"","fileTypesAndContributionMap":{"docs":{"insertions":4,"deletions":7}}},{"hash":"569a535602a15785a9c74984c552553749c43416","isMergeCommit":true,"messageTitle":"Merge branch \u0027H-ZhanHao-Zhan-AboutUs\u0027","messageBody":"","fileTypesAndContributionMap":{}},{"hash":"d3d0433eecdc8e246779ee7340887b94c99cfe1c","isMergeCommit":true,"messageTitle":"Merge pull request #2 from H-ZhanHao/Zhan-AboutUs","messageBody":"Update AboutUs","fileTypesAndContributionMap":{}}]},{"date":"2025-03-13","commitResults":[{"hash":"58eed245e6e0732a0371eb93fd856afb019a1807","isMergeCommit":false,"messageTitle":"Create packages for each feature","messageBody":"","fileTypesAndContributionMap":{"functional-code":{"insertions":8,"deletions":0},"other":{"insertions":1,"deletions":1},"test-code":{"insertions":0,"deletions":12}}},{"hash":"b4f9fd4c4ad0a9718cd9def4929198fc0bfdc568","isMergeCommit":true,"messageTitle":"Merge pull request #12 from H-ZhanHao/zhan-feature-v1.0","messageBody":"Create packages for each feature","fileTypesAndContributionMap":{}}]},{"date":"2025-03-14","commitResults":[{"hash":"2a2808f617292253ddca753c485403d93d2b641e","isMergeCommit":false,"messageTitle":"Add abstract Command Class","messageBody":"Add Exit Command\n\nAdd Help Command\n\nAdd Null Command\n\nPantryPal Main: Refactor code to be more OOP\n","fileTypesAndContributionMap":{"functional-code":{"insertions":171,"deletions":23}}},{"hash":"37dba858a9ec6da26cc2b810453f5a3360bae634","isMergeCommit":true,"messageTitle":"Merge branch \u0027master\u0027 of https://github.com/AY2425S2-CS2113-F11-3/tp into zhan-feature-v1.0","messageBody":"","fileTypesAndContributionMap":{}},{"hash":"2bf28d1321211feadabd539a188d57ff1e0d2c2f","isMergeCommit":true,"messageTitle":"Merge pull request #18 from H-ZhanHao/zhan-feature-v1.0","messageBody":"Zhan feature v1.0","fileTypesAndContributionMap":{}}]},{"date":"2025-03-16","commitResults":[{"hash":"5804fdb1e45258a6b3bd6ffddade530eba49514d","isMergeCommit":false,"messageTitle":"Add test folder","messageBody":"","fileTypesAndContributionMap":{"test-code":{"insertions":12,"deletions":0}}},{"hash":"e2256b781a59f5da7baf57e00c0c715b6d66728c","isMergeCommit":true,"messageTitle":"Merge pull request #30 from H-ZhanHao/zhan-feature-v1.0","messageBody":"Add test folder","fileTypesAndContributionMap":{}}]},{"date":"2025-03-17","commitResults":[{"hash":"d18a4122737ca21c6319837aa27b74176d2cc017","isMergeCommit":false,"messageTitle":"Fix Gradle code style errors","messageBody":"","fileTypesAndContributionMap":{"functional-code":{"insertions":48,"deletions":62}}},{"hash":"eb8076fa667eed20cbc1d3e0510e8098d908ea10","isMergeCommit":false,"messageTitle":"bug fix: runtest.bat","messageBody":"","fileTypesAndContributionMap":{"other":{"insertions":4,"deletions":6}}},{"hash":"ec56c178bc8e7638b7d4dbb7d8cae54d4e2ae0e3","isMergeCommit":false,"messageTitle":"bug fix: runtest.sh file directory change","messageBody":"","fileTypesAndContributionMap":{"other":{"insertions":11,"deletions":5}}},{"hash":"baa29c799cfa4d13af6bd0c04e14b6bc1a43b98c","isMergeCommit":false,"messageTitle":"bug fix: runtest.bat and runtest.sh","messageBody":"","fileTypesAndContributionMap":{"other":{"insertions":22,"deletions":30}}},{"hash":"d71b1a24d3a1ca7d4140725c08ffc473d2faded5","isMergeCommit":false,"messageTitle":"bug fix: test-ui-test","messageBody":"","fileTypesAndContributionMap":{"other":{"insertions":18,"deletions":15}}},{"hash":"6ecb96052c773e7928d55c63a22e29fe7dc3a278","isMergeCommit":true,"messageTitle":"Fix text-ui-test issues","messageBody":"","fileTypesAndContributionMap":{}}]},{"date":"2025-03-18","commitResults":[{"hash":"cb61e94992a946d0bd6054865808a99987a6023a","isMergeCommit":false,"messageTitle":"Integrate inventory commands","messageBody":"Create \"addIngredientCommand\" and integrate into main program\n\nCreate \"decreaseQuantityCommand\" and integrate into main program\n\nCreate \"increaseQuantityCommand\" and integrate into main program\n","fileTypesAndContributionMap":{"functional-code":{"insertions":220,"deletions":116}}},{"hash":"49fa5e9aa29c5d4745c2abfb04f357e4b86ea612","isMergeCommit":false,"messageTitle":"Fix: Gradle coding style issues","messageBody":"","fileTypesAndContributionMap":{"functional-code":{"insertions":81,"deletions":82}}},{"hash":"ebd1052164c8e4761343348c532ad5f7d5e3cce2","isMergeCommit":false,"messageTitle":"Fix: Gradle coding style issues","messageBody":"","fileTypesAndContributionMap":{"functional-code":{"insertions":8,"deletions":7}}},{"hash":"a50fea748d4d1be58be073ae44c290884b7b6708","isMergeCommit":true,"messageTitle":"Merge pull request #32 from H-ZhanHao/zhan-feature-v1.0","messageBody":"Zhan feature v1.0","fileTypesAndContributionMap":{}},{"hash":"6380f9c477402f5cff41d9be27bd151a8bc75f24","isMergeCommit":false,"messageTitle":"Add ingredient management commands into main","messageBody":"Update: Parser change to accommodate new commands\n\nCreate CheckStockCommand\n\nCreate DeleteIngredientCommand\n\nCreate SetAlertCommand\n\nCreate ViewLowStockCommand\n","fileTypesAndContributionMap":{"functional-code":{"insertions":95,"deletions":83}}}]},{"date":"2025-03-19","commitResults":[{"hash":"fb18068588788f7b4bdb455d408694525a6b0e21","isMergeCommit":false,"messageTitle":"Fix Gradle coding style issues","messageBody":"","fileTypesAndContributionMap":{"functional-code":{"insertions":19,"deletions":4},"other":{"insertions":14,"deletions":7}}},{"hash":"6789e08a6765d7b0295647890a66756e6407ed0b","isMergeCommit":true,"messageTitle":"Merge pull request #43 from H-ZhanHao/zhan-feature-v1.0","messageBody":"Add ingredient management commands into main","fileTypesAndContributionMap":{}}]},{"date":"2025-03-21","commitResults":[{"hash":"b0aea0c3c497eceec23abab24129fd5b6b852905","isMergeCommit":false,"messageTitle":"Integrate Shopping List Commands into main program","messageBody":"Add shopping list commands into parser\n","fileTypesAndContributionMap":{"functional-code":{"insertions":80,"deletions":36}}},{"hash":"8f8778ccf09bffcae31fbb2a235cf3e2a7eafaad","isMergeCommit":false,"messageTitle":"Integrate Recipe Management and Meal Planning","messageBody":"Add commands into parser and help command\n","fileTypesAndContributionMap":{"functional-code":{"insertions":412,"deletions":47}}},{"hash":"cccacc1c062d4ffc36d890a158f5a2eb107d8cec","isMergeCommit":false,"messageTitle":"Fix code style issues","messageBody":"","fileTypesAndContributionMap":{"functional-code":{"insertions":65,"deletions":41}}},{"hash":"3b51b7382ee94459226adbdff6b37ead79f40562","isMergeCommit":true,"messageTitle":"Merge pull request #66 from H-ZhanHao/zhan-feature-v1.0","messageBody":"Release v1.0","tags":["v1.0_Release"],"fileTypesAndContributionMap":{}}]},{"date":"2025-03-24","commitResults":[{"hash":"99c4c62e827a270125b0be810725caadfdbdfaf6","isMergeCommit":false,"messageTitle":"Update AddNewPlan command","messageBody":"","fileTypesAndContributionMap":{"functional-code":{"insertions":1,"deletions":1}}},{"hash":"070d1d515b32636634029e2e0a5170899592431c","isMergeCommit":true,"messageTitle":"Merge branch \u0027master\u0027 into zhan-feature-v1.0","messageBody":"","fileTypesAndContributionMap":{}},{"hash":"6b42baa4fa0744a5f27e158c6783ddfa28e64d99","isMergeCommit":false,"messageTitle":"Separate commands into sub commands","messageBody":"Add Save function to Recipes and Shopping List\n","fileTypesAndContributionMap":{"functional-code":{"insertions":363,"deletions":109},"other":{"insertions":36,"deletions":34}}}]},{"date":"2025-03-26","commitResults":[{"hash":"541956d3146ac9dc251da4585f90ea47fb5062b1","isMergeCommit":false,"messageTitle":"Update Load Data Function to handle Stock and Low Stock lists","messageBody":"Add Save Data Function for Shopping list, Stock list,\nLow stock list\n","fileTypesAndContributionMap":{"functional-code":{"insertions":131,"deletions":70},"test-code":{"insertions":8,"deletions":8}}},{"hash":"06ae6f631f53e10c30754408157636af854ecc07","isMergeCommit":true,"messageTitle":"Merge branch \u0027master\u0027 into zhan-feature-v1.0","messageBody":"# Conflicts:\n#\tsrc/main/java/pantrypal/general/commands/mealplan/DeleteUser.java\n#\tsrc/main/java/pantrypal/inventory/IngredientInventory.java\n","fileTypesAndContributionMap":{}}]},{"date":"2025-03-27","commitResults":[{"hash":"77dc4d659e75ee43a13aca57b52b42536c2b38cd","isMergeCommit":false,"messageTitle":"Add JUnit test for parser","messageBody":"","fileTypesAndContributionMap":{"functional-code":{"insertions":25,"deletions":2},"test-code":{"insertions":65,"deletions":0}}},{"hash":"ff72d623280e50c95f4cd4f2e765e02d08f2654b","isMergeCommit":true,"messageTitle":"Merge branch \u0027master\u0027 into zhan-feature-v1.0","messageBody":"","fileTypesAndContributionMap":{}},{"hash":"b8775569153450746f6313b935e84cf5ccc542f1","isMergeCommit":false,"messageTitle":"Fix Gradle coding style errors","messageBody":"","fileTypesAndContributionMap":{"functional-code":{"insertions":17,"deletions":44},"test-code":{"insertions":0,"deletions":1}}},{"hash":"73207c661910ccc0e5111ec37d702bb8f9af55b0","isMergeCommit":true,"messageTitle":"Merge pull request #73 from H-ZhanHao/zhan-feature-v1.0","messageBody":"Zhan feature v2.0 Part 1","fileTypesAndContributionMap":{}}]}]},"authorFileTypeContributionMap":{"minhbgn":{"docs":0,"functional-code":370,"test-code":0},"srfl0":{"docs":1,"functional-code":267,"test-code":1},"kemilii":{"docs":1,"functional-code":235,"test-code":65,"other":5},"yok2086":{"docs":1,"functional-code":275,"test-code":77},"H-ZhanHao":{"docs":3,"functional-code":1282,"test-code":70,"other":3}},"authorContributionVariance":{"minhbgn":5405.857,"srfl0":6762.7393,"kemilii":1783.1753,"yok2086":6820.971,"H-ZhanHao":33585.46},"authorDisplayNameMap":{"minhbgn":"CS2113-F11-3 BUI ..MINH","srfl0":"CS2113-F11-3 CHUA..YUAN","kemilii":"CS2113-F11-3 CAI ..IALI","yok2086":"CS2113-F11-3 KIM ..URIM","H-ZhanHao":"CS2113-F11-3 HOE .. HAO"}}
