{"authorDailyContributionsMap":{"minhbgn":[{"date":"2025-03-15","commitResults":[{"hash":"9da69cfa1029bebbe386250bee235fb733be26a4","isMergeCommit":false,"messageTitle":"Add Recipe and RecipeManager","messageBody":"","fileTypesAndContributionMap":{"functional-code":{"insertions":103,"deletions":0}}},{"hash":"a6fb7cacf88febcbc2ae3b786b881cbde046c176","isMergeCommit":false,"messageTitle":"Add functions for Recipe \u0026 RecipeManager","messageBody":"Add list, remove, search function for RecipeManger. Add content getter\nfor Recipe, and add JUnit Test for RecipeManager.\n","fileTypesAndContributionMap":{"functional-code":{"insertions":102,"deletions":0}}},{"hash":"3a4074d4ba79ff86180bfe669f7e62a95398bdb7","isMergeCommit":false,"messageTitle":"Add more functions","messageBody":"Added editRecipe functions. Completed v1.0 for Recipe branch\n","fileTypesAndContributionMap":{"functional-code":{"insertions":177,"deletions":16}}},{"hash":"5404231e34ce8ec15247c1cc622fb9155ce79ab8","isMergeCommit":false,"messageTitle":"Remove JUnit test temporarily","messageBody":"","fileTypesAndContributionMap":{"functional-code":{"insertions":0,"deletions":28}}},{"hash":"cdd4431914ed6aa87013eb7c340305b519984c37","isMergeCommit":true,"messageTitle":"Merge pull request #28 from minhbgn/branch-recipe","messageBody":"Branch recipe","fileTypesAndContributionMap":{}}]}],"srfl0":[{"date":"2025-03-07","commitResults":[{"hash":"539b6bf00b552a27c7e709ae38023fd07a9d11b4","isMergeCommit":false,"messageTitle":"Update AboutUs.md for Feng Yuan","messageBody":"","fileTypesAndContributionMap":{"docs":{"insertions":1,"deletions":5}}},{"hash":"b6432135b483499342ef28909bd02483183e0dc1","isMergeCommit":true,"messageTitle":"Merge pull request #1 from srfl0/Chua_Feng_Yuan-AboutUs","messageBody":"Update AboutUs.md for Feng Yuan","fileTypesAndContributionMap":{}}]},{"date":"2025-03-14","commitResults":[{"hash":"0bda56694f02c2cfe74aa01dc4c5c13ae9c01dbd","isMergeCommit":false,"messageTitle":"Add initial interfacing for meal plan feature","messageBody":"","fileTypesAndContributionMap":{"functional-code":{"insertions":141,"deletions":0}}}]},{"date":"2025-03-18","commitResults":[{"hash":"2002ff31904911cc1e84d546ef1635013d098201","isMergeCommit":true,"messageTitle":"Merge branch \u0027Meal-Plan-v1.0\u0027","messageBody":"","fileTypesAndContributionMap":{}},{"hash":"f18f01188cc1dbff5aff34fb798ecafe5d1b73a9","isMergeCommit":false,"messageTitle":"Add Gradle check","messageBody":"","fileTypesAndContributionMap":{"functional-code":{"insertions":12,"deletions":8}}},{"hash":"d563b849fe34f3dd4b22fc39e68fb84695f7fd16","isMergeCommit":true,"messageTitle":"Merge pull request #33 from srfl0/master","messageBody":"Add new request to pull initial interfacing implementation for meal plan feature","fileTypesAndContributionMap":{}}]}],"kemilii":[{"date":"2025-03-07","commitResults":[{"hash":"5e20d97bb50fcf5b640e4592a3848ef17dae8d11","isMergeCommit":false,"messageTitle":"Update Jiali A-AboutUs","messageBody":"","fileTypesAndContributionMap":{"docs":{"insertions":7,"deletions":7}}},{"hash":"3bf9bc55275b7bd4f1a636cfb96e61333141cb00","isMergeCommit":false,"messageTitle":"Add Jiali A-AboutUs","messageBody":"","fileTypesAndContributionMap":{"docs":{"insertions":7,"deletions":7}}},{"hash":"dcadfca741efaa70335ff8b2e9c14e851f961042","isMergeCommit":true,"messageTitle":"Update A-AboutUs","messageBody":"","fileTypesAndContributionMap":{}},{"hash":"feefa210df40a9e6015907715548f38cde48c65a","isMergeCommit":true,"messageTitle":"Update AboutUs.md","messageBody":"","fileTypesAndContributionMap":{}},{"hash":"178ccfbbf984f0d8d000cb89e51d2468144175fb","isMergeCommit":true,"messageTitle":"Update AboutUs.md","messageBody":"","fileTypesAndContributionMap":{}},{"hash":"55dddfe6210a4a0ea2f34a0068cae9080764d23f","isMergeCommit":true,"messageTitle":"Merge pull request #4 from kemilii/A-AboutUs","messageBody":"Update Jiali A-AboutUs","fileTypesAndContributionMap":{}}]},{"date":"2025-03-13","commitResults":[{"hash":"75be94f78fe4e7d571193cd67d649ad3f5266b85","isMergeCommit":false,"messageTitle":"Implement ShoppingListltem ShoppingList classes based on the new project structure","messageBody":"","fileTypesAndContributionMap":{"functional-code":{"insertions":80,"deletions":0}}},{"hash":"ee83dee496016b042cbd49905ef9e7357b20b837","isMergeCommit":true,"messageTitle":"Merge pull request #16 from kemilii/fixed-implement-ShoppingListltem-ShoppingList-classes","messageBody":"Implement ShoppingListltem ShoppingList classes based on the new project structure","fileTypesAndContributionMap":{}},{"hash":"f73e7b117be2a7f3bc60ee28c84e1c1f207d1bb6","isMergeCommit":false,"messageTitle":"Implement auto generation logic for shopping list integrated with inventory feature","messageBody":"","fileTypesAndContributionMap":{"functional-code":{"insertions":79,"deletions":5}}}]},{"date":"2025-03-14","commitResults":[{"hash":"1db5ced3b03a10a7afae0adb5dbb3f0a6d698b8c","isMergeCommit":true,"messageTitle":"Merge pull request #17 from kemilii/Implement-AutoGeneration","messageBody":"Implement auto generation logic for shopping list integrated with inventory feature","fileTypesAndContributionMap":{}}]},{"date":"2025-03-19","commitResults":[{"hash":"398ad0403ff315cd76f7671dc98775a276491912","isMergeCommit":false,"messageTitle":"Implement CLD Command removeShoppingListItem","messageBody":"","fileTypesAndContributionMap":{"functional-code":{"insertions":42,"deletions":0},"other":{"insertions":7,"deletions":3}}},{"hash":"9dd2cf2563e1df61221319425427ee66be26f9ff","isMergeCommit":true,"messageTitle":"Merge pull request #44 from kemilii/implement-command-removeShopplingListItem","messageBody":"Implement CLD Command removeShoppingListItem","fileTypesAndContributionMap":{}}]},{"date":"2025-03-20","commitResults":[{"hash":"a52135d900efbfe04e7156a1808499008d9a6750","isMergeCommit":false,"messageTitle":"implement command generateShoppingList","messageBody":"","fileTypesAndContributionMap":{"functional-code":{"insertions":25,"deletions":6}}},{"hash":"67eb7a7fa8d966be6bf47340c61140b738a7d4df","isMergeCommit":true,"messageTitle":"Merge pull request #52 from kemilii/implement-command-generateShoppingList","messageBody":"implement command generateShoppingList","fileTypesAndContributionMap":{}},{"hash":"70d62a681f1c8000e5f4132a6d5d5ae2ab28396b","isMergeCommit":false,"messageTitle":"implement command viewShoppingList","messageBody":"","fileTypesAndContributionMap":{"functional-code":{"insertions":23,"deletions":1}}},{"hash":"7d08d46febebd2c9dc533b723468213c77569eda","isMergeCommit":true,"messageTitle":"Merge pull request #53 from kemilii/implement-command-viewShoppingList","messageBody":"implement command viewShoppingList","fileTypesAndContributionMap":{}},{"hash":"2159db2dfeecf8ec596e65b74e881c8dbb4ae5f4","isMergeCommit":false,"messageTitle":"implement command addShoppingItem","messageBody":"","fileTypesAndContributionMap":{"functional-code":{"insertions":31,"deletions":0}}},{"hash":"c266d2d413f15678963895da43754563d72137a8","isMergeCommit":true,"messageTitle":"Merge pull request #54 from kemilii/implement-command-addShoppingItem","messageBody":"implement command addShoppingItem","fileTypesAndContributionMap":{}}]}],"yok2086":[{"date":"2025-03-07","commitResults":[{"hash":"30fb8046988cd629af59ff726be923f6522cb939","isMergeCommit":false,"messageTitle":"Updated first line in AboutUs Doc","messageBody":"","fileTypesAndContributionMap":{"docs":{"insertions":7,"deletions":7}}},{"hash":"554bccbf190db6c34c6d4883c60b6ab74799f277","isMergeCommit":false,"messageTitle":"Added Portfolio","messageBody":"","fileTypesAndContributionMap":{"docs":{"insertions":1,"deletions":1}}},{"hash":"add83f1f076f416ee4cf3919fae6b88b4f877ef3","isMergeCommit":false,"messageTitle":"Fixed Issue","messageBody":"","fileTypesAndContributionMap":{"docs":{"insertions":1,"deletions":4}}},{"hash":"2d3b093b655b7048093afedf615f501a2d273838","isMergeCommit":true,"messageTitle":"Merge branch \u0027master\u0027 of ssh://github.com/yok2086/tp into Kim-Gyurim-AboutUs","messageBody":"* \u0027master\u0027 of ssh://github.com/yok2086/tp:\n  Update AboutUs.md for Feng Yuan\n\n# Conflicts:\n#\tdocs/AboutUs.md\n","fileTypesAndContributionMap":{}},{"hash":"0a491476177bb21d1131dd91c486d9547815a2cd","isMergeCommit":true,"messageTitle":"Merge branch \u0027master\u0027 into Kim-Gyurim-AboutUs","messageBody":"* master:\n  Update AboutUs\n\n# Conflicts:\n#\tdocs/AboutUs.md\n","fileTypesAndContributionMap":{}},{"hash":"ff2a1303be97d7cce5aaade2c60b480bf108cff2","isMergeCommit":true,"messageTitle":"Merge pull request #3 from yok2086/Kim-Gyurim-AboutUs","messageBody":"Update About Us","fileTypesAndContributionMap":{}}]},{"date":"2025-03-13","commitResults":[{"hash":"0f41faa374dc6965d60fd84347259497e6e9c65a","isMergeCommit":false,"messageTitle":"Added Ingredient Inventory and Ingredient Class","messageBody":"","fileTypesAndContributionMap":{"functional-code":{"insertions":174,"deletions":0}}},{"hash":"2ca10cf3d38fc162782efae1e2613abf0af59a48","isMergeCommit":false,"messageTitle":"Fixed Gradle Issues","messageBody":"","fileTypesAndContributionMap":{"functional-code":{"insertions":34,"deletions":23}}},{"hash":"b204e91fe2d0322398e36f35297aa22355da517e","isMergeCommit":false,"messageTitle":"Fixed Gradle code style issues","messageBody":"","fileTypesAndContributionMap":{"functional-code":{"insertions":4,"deletions":2}}},{"hash":"2145890667a988d3a0367e0179b9970b45bf868d","isMergeCommit":true,"messageTitle":"Merge pull request #15 from yok2086/master","messageBody":"Added Ingredient Inventory and Ingredient Class","fileTypesAndContributionMap":{}}]},{"date":"2025-03-20","commitResults":[{"hash":"973e0e52e42071bbc12cb2a8247940bd48254dbe","isMergeCommit":false,"messageTitle":"Implemented J-Unit testing for IngredientInventory","messageBody":"","fileTypesAndContributionMap":{"test-code":{"insertions":58,"deletions":0}}},{"hash":"ae4578c1cbfa7c1a000102f17f18ef5e466959e2","isMergeCommit":true,"messageTitle":"Merge pull request #56 from yok2086/gyurim-feature-v1.0","messageBody":"Implemented J-Unit testing for IngredientInventory","fileTypesAndContributionMap":{}},{"hash":"2b8c939eeba4be90810e985492c1260963e686ed","isMergeCommit":false,"messageTitle":"Fixed Comment Indentation","messageBody":"","fileTypesAndContributionMap":{"test-code":{"insertions":1,"deletions":1}}},{"hash":"008f1bced1c1f23657ee5cddb1ad225d141b2355","isMergeCommit":true,"messageTitle":"Merge pull request #58 from yok2086/gyurim-feature-v1.0","messageBody":"Fixed Comment Indentation","fileTypesAndContributionMap":{}}]}],"H-ZhanHao":[{"date":"2025-02-21","commitResults":[{"hash":"d673bbc17e93cbc8def99929c1b746e47790734a","isMergeCommit":false,"messageTitle":"Update README.md","messageBody":"","fileTypesAndContributionMap":{"docs":{"insertions":1,"deletions":1}}}]},{"date":"2025-03-07","commitResults":[{"hash":"788b7543e04e80c0b79307e27a4a6b8556de0b67","isMergeCommit":false,"messageTitle":"Update AboutUs","messageBody":"","fileTypesAndContributionMap":{"docs":{"insertions":4,"deletions":7}}},{"hash":"569a535602a15785a9c74984c552553749c43416","isMergeCommit":true,"messageTitle":"Merge branch \u0027H-ZhanHao-Zhan-AboutUs\u0027","messageBody":"","fileTypesAndContributionMap":{}},{"hash":"d3d0433eecdc8e246779ee7340887b94c99cfe1c","isMergeCommit":true,"messageTitle":"Merge pull request #2 from H-ZhanHao/Zhan-AboutUs","messageBody":"Update AboutUs","fileTypesAndContributionMap":{}}]},{"date":"2025-03-13","commitResults":[{"hash":"58eed245e6e0732a0371eb93fd856afb019a1807","isMergeCommit":false,"messageTitle":"Create packages for each feature","messageBody":"","fileTypesAndContributionMap":{"functional-code":{"insertions":8,"deletions":0},"other":{"insertions":1,"deletions":1},"test-code":{"insertions":0,"deletions":12}}},{"hash":"b4f9fd4c4ad0a9718cd9def4929198fc0bfdc568","isMergeCommit":true,"messageTitle":"Merge pull request #12 from H-ZhanHao/zhan-feature-v1.0","messageBody":"Create packages for each feature","fileTypesAndContributionMap":{}}]},{"date":"2025-03-14","commitResults":[{"hash":"2a2808f617292253ddca753c485403d93d2b641e","isMergeCommit":false,"messageTitle":"Add abstract Command Class","messageBody":"Add Exit Command\n\nAdd Help Command\n\nAdd Null Command\n\nPantryPal Main: Refactor code to be more OOP\n","fileTypesAndContributionMap":{"functional-code":{"insertions":171,"deletions":23}}},{"hash":"37dba858a9ec6da26cc2b810453f5a3360bae634","isMergeCommit":true,"messageTitle":"Merge branch \u0027master\u0027 of https://github.com/AY2425S2-CS2113-F11-3/tp into zhan-feature-v1.0","messageBody":"","fileTypesAndContributionMap":{}},{"hash":"2bf28d1321211feadabd539a188d57ff1e0d2c2f","isMergeCommit":true,"messageTitle":"Merge pull request #18 from H-ZhanHao/zhan-feature-v1.0","messageBody":"Zhan feature v1.0","fileTypesAndContributionMap":{}}]},{"date":"2025-03-16","commitResults":[{"hash":"5804fdb1e45258a6b3bd6ffddade530eba49514d","isMergeCommit":false,"messageTitle":"Add test folder","messageBody":"","fileTypesAndContributionMap":{"test-code":{"insertions":12,"deletions":0}}},{"hash":"e2256b781a59f5da7baf57e00c0c715b6d66728c","isMergeCommit":true,"messageTitle":"Merge pull request #30 from H-ZhanHao/zhan-feature-v1.0","messageBody":"Add test folder","fileTypesAndContributionMap":{}}]},{"date":"2025-03-17","commitResults":[{"hash":"d18a4122737ca21c6319837aa27b74176d2cc017","isMergeCommit":false,"messageTitle":"Fix Gradle code style errors","messageBody":"","fileTypesAndContributionMap":{"functional-code":{"insertions":48,"deletions":62}}},{"hash":"eb8076fa667eed20cbc1d3e0510e8098d908ea10","isMergeCommit":false,"messageTitle":"bug fix: runtest.bat","messageBody":"","fileTypesAndContributionMap":{"other":{"insertions":4,"deletions":6}}},{"hash":"ec56c178bc8e7638b7d4dbb7d8cae54d4e2ae0e3","isMergeCommit":false,"messageTitle":"bug fix: runtest.sh file directory change","messageBody":"","fileTypesAndContributionMap":{"other":{"insertions":11,"deletions":5}}},{"hash":"baa29c799cfa4d13af6bd0c04e14b6bc1a43b98c","isMergeCommit":false,"messageTitle":"bug fix: runtest.bat and runtest.sh","messageBody":"","fileTypesAndContributionMap":{"other":{"insertions":22,"deletions":30}}},{"hash":"d71b1a24d3a1ca7d4140725c08ffc473d2faded5","isMergeCommit":false,"messageTitle":"bug fix: test-ui-test","messageBody":"","fileTypesAndContributionMap":{"other":{"insertions":18,"deletions":15}}},{"hash":"6ecb96052c773e7928d55c63a22e29fe7dc3a278","isMergeCommit":true,"messageTitle":"Fix text-ui-test issues","messageBody":"","fileTypesAndContributionMap":{}}]},{"date":"2025-03-18","commitResults":[{"hash":"cb61e94992a946d0bd6054865808a99987a6023a","isMergeCommit":false,"messageTitle":"Integrate inventory commands","messageBody":"Create \"addIngredientCommand\" and integrate into main program\n\nCreate \"decreaseQuantityCommand\" and integrate into main program\n\nCreate \"increaseQuantityCommand\" and integrate into main program\n","fileTypesAndContributionMap":{"functional-code":{"insertions":220,"deletions":116}}},{"hash":"49fa5e9aa29c5d4745c2abfb04f357e4b86ea612","isMergeCommit":false,"messageTitle":"Fix: Gradle coding style issues","messageBody":"","fileTypesAndContributionMap":{"functional-code":{"insertions":81,"deletions":82}}},{"hash":"ebd1052164c8e4761343348c532ad5f7d5e3cce2","isMergeCommit":false,"messageTitle":"Fix: Gradle coding style issues","messageBody":"","fileTypesAndContributionMap":{"functional-code":{"insertions":8,"deletions":7}}},{"hash":"a50fea748d4d1be58be073ae44c290884b7b6708","isMergeCommit":true,"messageTitle":"Merge pull request #32 from H-ZhanHao/zhan-feature-v1.0","messageBody":"Zhan feature v1.0","fileTypesAndContributionMap":{}},{"hash":"6380f9c477402f5cff41d9be27bd151a8bc75f24","isMergeCommit":false,"messageTitle":"Add ingredient management commands into main","messageBody":"Update: Parser change to accommodate new commands\n\nCreate CheckStockCommand\n\nCreate DeleteIngredientCommand\n\nCreate SetAlertCommand\n\nCreate ViewLowStockCommand\n","fileTypesAndContributionMap":{"functional-code":{"insertions":95,"deletions":83}}}]},{"date":"2025-03-19","commitResults":[{"hash":"fb18068588788f7b4bdb455d408694525a6b0e21","isMergeCommit":false,"messageTitle":"Fix Gradle coding style issues","messageBody":"","fileTypesAndContributionMap":{"functional-code":{"insertions":19,"deletions":4},"other":{"insertions":14,"deletions":7}}},{"hash":"6789e08a6765d7b0295647890a66756e6407ed0b","isMergeCommit":true,"messageTitle":"Merge pull request #43 from H-ZhanHao/zhan-feature-v1.0","messageBody":"Add ingredient management commands into main","fileTypesAndContributionMap":{}}]}]},"authorFileTypeContributionMap":{"minhbgn":{"docs":0,"functional-code":293,"test-code":0},"srfl0":{"docs":1,"functional-code":145,"test-code":0},"kemilii":{"docs":1,"functional-code":273,"test-code":0},"yok2086":{"docs":1,"functional-code":108,"test-code":58},"H-ZhanHao":{"docs":3,"functional-code":424,"test-code":0,"other":3}},"authorContributionVariance":{"minhbgn":6249.81,"srfl0":690.0345,"kemilii":1210.3826,"yok2086":2021.3723,"H-ZhanHao":18456.168},"authorDisplayNameMap":{"minhbgn":"CS2113-F11-3 BUI ..MINH","srfl0":"CS2113-F11-3 CHUA..YUAN","kemilii":"CS2113-F11-3 CAI ..IALI","yok2086":"CS2113-F11-3 KIM ..URIM","H-ZhanHao":"CS2113-F11-3 HOE .. HAO"}}
