[{"path":"README.md","fileType":"docs","lines":[{"lineNumber":1,"author":{"gitId":"siqiangz"},"content":"\u003c\u003c\u003c\u003c\u003c\u003c\u003c HEAD","lastModifiedDate":"2025-03-06","isFullCredit":false},{"lineNumber":2,"author":{"gitId":"siqiangz"},"content":"# MediNote template","lastModifiedDate":"2025-02-24","isFullCredit":false},{"lineNumber":3,"author":{"gitId":"siqiangz"},"content":"\u003d\u003d\u003d\u003d\u003d\u003d\u003d","lastModifiedDate":"2025-03-06","isFullCredit":false},{"lineNumber":4,"author":{"gitId":"Li-JunXian"},"content":"# MediNote project template","lastModifiedDate":"2025-03-06","isFullCredit":false},{"lineNumber":5,"author":{"gitId":"siqiangz"},"content":"\u003e\u003e\u003e\u003e\u003e\u003e\u003e upstream/master","lastModifiedDate":"2025-03-06","isFullCredit":false},{"lineNumber":6,"author":{"gitId":"-"},"content":"","lastModifiedDate":"2020-05-25","isFullCredit":false},{"lineNumber":7,"author":{"gitId":"-"},"content":"This is a project template for a greenfield Java project. It\u0027s named after the Java mascot _Duke_. Given below are instructions on how to use it.","lastModifiedDate":"2020-05-25","isFullCredit":false},{"lineNumber":8,"author":{"gitId":"-"},"content":"","lastModifiedDate":"2020-05-25","isFullCredit":false},{"lineNumber":9,"author":{"gitId":"-"},"content":"## Setting up in Intellij","lastModifiedDate":"2020-05-25","isFullCredit":false},{"lineNumber":10,"author":{"gitId":"-"},"content":"","lastModifiedDate":"2020-05-25","isFullCredit":false},{"lineNumber":11,"author":{"gitId":"-"},"content":"Prerequisites: JDK 17 (use the exact version), update Intellij to the most recent version.","lastModifiedDate":"2020-05-24","isFullCredit":false},{"lineNumber":12,"author":{"gitId":"-"},"content":"","lastModifiedDate":"2020-05-24","isFullCredit":false},{"lineNumber":13,"author":{"gitId":"-"},"content":"1. **Ensure Intellij JDK 17 is defined as an SDK**, as described [here](https://www.jetbrains.com/help/idea/sdk.html#set-up-jdk) -- this step is not needed if you have used JDK 17 in a previous Intellij project.","lastModifiedDate":"2020-05-24","isFullCredit":false},{"lineNumber":14,"author":{"gitId":"-"},"content":"1. **Import the project _as a Gradle project_**, as described [here](https://se-education.org/guides/tutorials/intellijImportGradleProject.html).","lastModifiedDate":"2020-05-24","isFullCredit":false},{"lineNumber":15,"author":{"gitId":"-"},"content":"1. **Verify the setup**: After the importing is complete, locate the `src/main/java/seedu/duke/Duke.java` file, right-click it, and choose `Run Duke.main()`. If the setup is correct, you should see something like the below:","lastModifiedDate":"2020-05-24","isFullCredit":false},{"lineNumber":16,"author":{"gitId":"-"},"content":"   ```","lastModifiedDate":"2020-05-25","isFullCredit":false},{"lineNumber":17,"author":{"gitId":"-"},"content":"   \u003e Task :compileJava","lastModifiedDate":"2020-05-24","isFullCredit":false},{"lineNumber":18,"author":{"gitId":"-"},"content":"   \u003e Task :processResources NO-SOURCE","lastModifiedDate":"2020-05-24","isFullCredit":false},{"lineNumber":19,"author":{"gitId":"-"},"content":"   \u003e Task :classes","lastModifiedDate":"2020-05-24","isFullCredit":false},{"lineNumber":20,"author":{"gitId":"-"},"content":"   ","lastModifiedDate":"2020-05-24","isFullCredit":false},{"lineNumber":21,"author":{"gitId":"-"},"content":"   \u003e Task :Duke.main()","lastModifiedDate":"2020-05-24","isFullCredit":false},{"lineNumber":22,"author":{"gitId":"-"},"content":"   Hello from","lastModifiedDate":"2020-05-25","isFullCredit":false},{"lineNumber":23,"author":{"gitId":"-"},"content":"    ____        _        ","lastModifiedDate":"2020-05-25","isFullCredit":false},{"lineNumber":24,"author":{"gitId":"-"},"content":"   |  _ \\ _   _| | _____ ","lastModifiedDate":"2020-05-25","isFullCredit":false},{"lineNumber":25,"author":{"gitId":"-"},"content":"   | | | | | | | |/ / _ \\","lastModifiedDate":"2020-05-25","isFullCredit":false},{"lineNumber":26,"author":{"gitId":"-"},"content":"   | |_| | |_| |   \u003c  __/","lastModifiedDate":"2020-05-25","isFullCredit":false},{"lineNumber":27,"author":{"gitId":"-"},"content":"   |____/ \\__,_|_|\\_\\___|","lastModifiedDate":"2020-05-25","isFullCredit":false},{"lineNumber":28,"author":{"gitId":"-"},"content":"   ","lastModifiedDate":"2020-05-24","isFullCredit":false},{"lineNumber":29,"author":{"gitId":"-"},"content":"   What is your name?","lastModifiedDate":"2020-05-24","isFullCredit":false},{"lineNumber":30,"author":{"gitId":"-"},"content":"   ```","lastModifiedDate":"2020-05-25","isFullCredit":false},{"lineNumber":31,"author":{"gitId":"-"},"content":"   Type some word and press enter to let the execution proceed to the end.","lastModifiedDate":"2020-05-24","isFullCredit":false},{"lineNumber":32,"author":{"gitId":"-"},"content":"","lastModifiedDate":"2025-01-04","isFullCredit":false},{"lineNumber":33,"author":{"gitId":"-"},"content":"**Warning:** Keep the `src\\main\\java` folder as the root folder for Java files (i.e., don\u0027t rename those folders or move Java files to another folder outside of this folder path), as this is the default location some tools (e.g., Gradle) expect to find Java files.","lastModifiedDate":"2025-01-04","isFullCredit":false},{"lineNumber":34,"author":{"gitId":"-"},"content":"","lastModifiedDate":"2020-05-24","isFullCredit":false},{"lineNumber":35,"author":{"gitId":"-"},"content":"## Build automation using Gradle","lastModifiedDate":"2020-05-24","isFullCredit":false},{"lineNumber":36,"author":{"gitId":"-"},"content":"","lastModifiedDate":"2020-05-24","isFullCredit":false},{"lineNumber":37,"author":{"gitId":"-"},"content":"* This project uses Gradle for build automation and dependency management. It includes a basic build script as well (i.e. the `build.gradle` file).","lastModifiedDate":"2020-05-24","isFullCredit":false},{"lineNumber":38,"author":{"gitId":"-"},"content":"* If you are new to Gradle, refer to the [Gradle Tutorial at se-education.org/guides](https://se-education.org/guides/tutorials/gradle.html).","lastModifiedDate":"2020-05-24","isFullCredit":false},{"lineNumber":39,"author":{"gitId":"-"},"content":"","lastModifiedDate":"2020-05-24","isFullCredit":false},{"lineNumber":40,"author":{"gitId":"-"},"content":"## Testing","lastModifiedDate":"2020-05-24","isFullCredit":false},{"lineNumber":41,"author":{"gitId":"-"},"content":"","lastModifiedDate":"2020-05-24","isFullCredit":false},{"lineNumber":42,"author":{"gitId":"-"},"content":"### I/O redirection tests","lastModifiedDate":"2020-05-24","isFullCredit":false},{"lineNumber":43,"author":{"gitId":"-"},"content":"","lastModifiedDate":"2020-05-24","isFullCredit":false},{"lineNumber":44,"author":{"gitId":"-"},"content":"* To run _I/O redirection_ tests (aka _Text UI tests_), navigate to the `text-ui-test` and run the `runtest(.bat/.sh)` script.","lastModifiedDate":"2020-05-24","isFullCredit":false},{"lineNumber":45,"author":{"gitId":"-"},"content":"","lastModifiedDate":"2020-05-24","isFullCredit":false},{"lineNumber":46,"author":{"gitId":"-"},"content":"### JUnit tests","lastModifiedDate":"2020-05-24","isFullCredit":false},{"lineNumber":47,"author":{"gitId":"-"},"content":"","lastModifiedDate":"2020-05-24","isFullCredit":false},{"lineNumber":48,"author":{"gitId":"-"},"content":"* A skeleton JUnit test (`src/test/java/seedu/duke/DukeTest.java`) is provided with this project template. ","lastModifiedDate":"2020-05-24","isFullCredit":false},{"lineNumber":49,"author":{"gitId":"-"},"content":"* If you are new to JUnit, refer to the [JUnit Tutorial at se-education.org/guides](https://se-education.org/guides/tutorials/junit.html).","lastModifiedDate":"2020-05-24","isFullCredit":false},{"lineNumber":50,"author":{"gitId":"-"},"content":"","lastModifiedDate":"2020-05-24","isFullCredit":false},{"lineNumber":51,"author":{"gitId":"-"},"content":"## Checkstyle","lastModifiedDate":"2020-05-24","isFullCredit":false},{"lineNumber":52,"author":{"gitId":"-"},"content":"","lastModifiedDate":"2020-05-24","isFullCredit":false},{"lineNumber":53,"author":{"gitId":"-"},"content":"* A sample CheckStyle rule configuration is provided in this project.","lastModifiedDate":"2020-05-24","isFullCredit":false},{"lineNumber":54,"author":{"gitId":"-"},"content":"* If you are new to Checkstyle, refer to the [Checkstyle Tutorial at se-education.org/guides](https://se-education.org/guides/tutorials/checkstyle.html).","lastModifiedDate":"2020-05-24","isFullCredit":false},{"lineNumber":55,"author":{"gitId":"-"},"content":"","lastModifiedDate":"2020-05-24","isFullCredit":false},{"lineNumber":56,"author":{"gitId":"-"},"content":"## CI using GitHub Actions","lastModifiedDate":"2020-05-24","isFullCredit":false},{"lineNumber":57,"author":{"gitId":"-"},"content":"","lastModifiedDate":"2020-05-24","isFullCredit":false},{"lineNumber":58,"author":{"gitId":"-"},"content":"The project uses [GitHub actions](https://github.com/features/actions) for CI. When you push a commit to this repo or PR against it, GitHub actions will run automatically to build and verify the code as updated by the commit/PR.","lastModifiedDate":"2020-05-24","isFullCredit":false},{"lineNumber":59,"author":{"gitId":"-"},"content":"","lastModifiedDate":"2020-05-24","isFullCredit":false},{"lineNumber":60,"author":{"gitId":"-"},"content":"## Documentation","lastModifiedDate":"2020-05-24","isFullCredit":false},{"lineNumber":61,"author":{"gitId":"-"},"content":"","lastModifiedDate":"2020-05-24","isFullCredit":false},{"lineNumber":62,"author":{"gitId":"-"},"content":"`/docs` folder contains a skeleton version of the project documentation.","lastModifiedDate":"2020-05-24","isFullCredit":false},{"lineNumber":63,"author":{"gitId":"-"},"content":"","lastModifiedDate":"2020-05-24","isFullCredit":false},{"lineNumber":64,"author":{"gitId":"-"},"content":"Steps for publishing documentation to the public: ","lastModifiedDate":"2020-05-24","isFullCredit":false},{"lineNumber":65,"author":{"gitId":"-"},"content":"1. If you are using this project template for an individual project, go your fork on GitHub.\u003cbr\u003e","lastModifiedDate":"2020-05-24","isFullCredit":false},{"lineNumber":66,"author":{"gitId":"-"},"content":"   If you are using this project template for a team project, go to the team fork on GitHub.","lastModifiedDate":"2020-05-24","isFullCredit":false},{"lineNumber":67,"author":{"gitId":"-"},"content":"1. Click on the `settings` tab.","lastModifiedDate":"2020-05-24","isFullCredit":false},{"lineNumber":68,"author":{"gitId":"-"},"content":"1. Scroll down to the `GitHub Pages` section.","lastModifiedDate":"2020-05-24","isFullCredit":false},{"lineNumber":69,"author":{"gitId":"-"},"content":"1. Set the `source` as `master branch /docs folder`.","lastModifiedDate":"2020-05-24","isFullCredit":false},{"lineNumber":70,"author":{"gitId":"-"},"content":"1. Optionally, use the `choose a theme` button to choose a theme for your documentation.","lastModifiedDate":"2020-05-24","isFullCredit":false}],"authorContributionMap":{"siqiangz":4,"Li-JunXian":1,"-":65}},{"path":"docs/AboutUs.md","fileType":"docs","lines":[{"lineNumber":1,"author":{"gitId":"-"},"content":"# About us","lastModifiedDate":"2020-05-24","isFullCredit":false},{"lineNumber":2,"author":{"gitId":"-"},"content":"","lastModifiedDate":"2020-05-24","isFullCredit":false},{"lineNumber":3,"author":{"gitId":"-"},"content":"Display |    Name     |            Github Profile             | Portfolio ","lastModifiedDate":"2020-05-24","isFullCredit":false},{"lineNumber":4,"author":{"gitId":"cj143n"},"content":"--------|:-----------:|:-----------------------------------:|:---------:","lastModifiedDate":"2025-03-20","isFullCredit":false},{"lineNumber":5,"author":{"gitId":"cj143n"},"content":"![](https://via.placeholder.com/100.png?text\u003dPhoto) | Chua Jia En | [Github](https://github.com/cj143n) | [Portfolio](cj143n)","lastModifiedDate":"2025-03-06","isFullCredit":false},{"lineNumber":6,"author":{"gitId":"siqiangz"},"content":"![](https://via.placeholder.com/100.png?text\u003dPhoto) | Zhong Siqiang | [Github](https://github.com/siqiangz) | [Portfolio](siqiangz)","lastModifiedDate":"2025-03-06","isFullCredit":false},{"lineNumber":7,"author":{"gitId":"jhu0748"},"content":"![](https://via.placeholder.com/100.png?text\u003dPhoto) | Jackson Hu | [Github](https://github.com/jhu0748) | [Portfolio](jhu0748)","lastModifiedDate":"2025-03-18","isFullCredit":false},{"lineNumber":8,"author":{"gitId":"RaidaNUS"},"content":"![](https://via.placeholder.com/100.png?text\u003dPhoto) | Raida Farnaz Chowdhury | [RaidaNUS](https://github.com/RaidaNUS) | [Portfolio](RaidaNUS)","lastModifiedDate":"2025-03-06","isFullCredit":false},{"lineNumber":9,"author":{"gitId":"Li-JunXian"},"content":"![](https://via.placeholder.com/100.png?text\u003dPhoto) | Li Junxian | [Github](https://github.com/Li-JunXian) | [Portfolio](Li-JunXian)","lastModifiedDate":"2025-03-19","isFullCredit":false}],"authorContributionMap":{"siqiangz":1,"jhu0748":1,"Li-JunXian":1,"cj143n":2,"RaidaNUS":1,"-":3}},{"path":"src/main/java/seedu/duke/Doctor.java","fileType":"functional-code","lines":[{"lineNumber":1,"author":{"gitId":"cj143n"},"content":"package seedu.duke;","lastModifiedDate":"2025-03-18","isFullCredit":false},{"lineNumber":2,"author":{"gitId":"cj143n"},"content":"","lastModifiedDate":"2025-03-18","isFullCredit":false},{"lineNumber":3,"author":{"gitId":"cj143n"},"content":"public class Doctor {","lastModifiedDate":"2025-03-18","isFullCredit":false},{"lineNumber":4,"author":{"gitId":"cj143n"},"content":"    private String name;","lastModifiedDate":"2025-03-18","isFullCredit":false},{"lineNumber":5,"author":{"gitId":"cj143n"},"content":"    private String specialisation;","lastModifiedDate":"2025-03-18","isFullCredit":false},{"lineNumber":6,"author":{"gitId":"cj143n"},"content":"    private String availability;","lastModifiedDate":"2025-03-18","isFullCredit":false},{"lineNumber":7,"author":{"gitId":"cj143n"},"content":"    private String patientsBeingTreated;","lastModifiedDate":"2025-03-18","isFullCredit":false},{"lineNumber":8,"author":{"gitId":"cj143n"},"content":"","lastModifiedDate":"2025-03-18","isFullCredit":false},{"lineNumber":9,"author":{"gitId":"cj143n"},"content":"    public Doctor(String name, String specialisation, String availability, String patientsBeingTreated) {","lastModifiedDate":"2025-03-18","isFullCredit":false},{"lineNumber":10,"author":{"gitId":"cj143n"},"content":"        this.name \u003d name;","lastModifiedDate":"2025-03-18","isFullCredit":false},{"lineNumber":11,"author":{"gitId":"cj143n"},"content":"        this.specialisation \u003d specialisation;","lastModifiedDate":"2025-03-18","isFullCredit":false},{"lineNumber":12,"author":{"gitId":"cj143n"},"content":"        this.availability \u003d availability;","lastModifiedDate":"2025-03-18","isFullCredit":false},{"lineNumber":13,"author":{"gitId":"cj143n"},"content":"        this.patientsBeingTreated \u003d patientsBeingTreated;","lastModifiedDate":"2025-03-18","isFullCredit":false},{"lineNumber":14,"author":{"gitId":"cj143n"},"content":"    }","lastModifiedDate":"2025-03-18","isFullCredit":false},{"lineNumber":15,"author":{"gitId":"cj143n"},"content":"","lastModifiedDate":"2025-03-18","isFullCredit":false},{"lineNumber":16,"author":{"gitId":"cj143n"},"content":"    public String getName() {","lastModifiedDate":"2025-03-18","isFullCredit":false},{"lineNumber":17,"author":{"gitId":"cj143n"},"content":"        return name;","lastModifiedDate":"2025-03-18","isFullCredit":false},{"lineNumber":18,"author":{"gitId":"cj143n"},"content":"    }","lastModifiedDate":"2025-03-18","isFullCredit":false},{"lineNumber":19,"author":{"gitId":"cj143n"},"content":"","lastModifiedDate":"2025-03-18","isFullCredit":false},{"lineNumber":20,"author":{"gitId":"cj143n"},"content":"    public String getSpecialisation() {","lastModifiedDate":"2025-03-18","isFullCredit":false},{"lineNumber":21,"author":{"gitId":"cj143n"},"content":"        return specialisation;","lastModifiedDate":"2025-03-18","isFullCredit":false},{"lineNumber":22,"author":{"gitId":"cj143n"},"content":"    }","lastModifiedDate":"2025-03-18","isFullCredit":false},{"lineNumber":23,"author":{"gitId":"cj143n"},"content":"","lastModifiedDate":"2025-03-18","isFullCredit":false},{"lineNumber":24,"author":{"gitId":"cj143n"},"content":"    public String getAvailability() {","lastModifiedDate":"2025-03-18","isFullCredit":false},{"lineNumber":25,"author":{"gitId":"cj143n"},"content":"        return availability;","lastModifiedDate":"2025-03-18","isFullCredit":false},{"lineNumber":26,"author":{"gitId":"cj143n"},"content":"    }","lastModifiedDate":"2025-03-18","isFullCredit":false},{"lineNumber":27,"author":{"gitId":"cj143n"},"content":"","lastModifiedDate":"2025-03-18","isFullCredit":false},{"lineNumber":28,"author":{"gitId":"cj143n"},"content":"    public String getPatientsBeingTreated() {","lastModifiedDate":"2025-03-18","isFullCredit":false},{"lineNumber":29,"author":{"gitId":"cj143n"},"content":"        return patientsBeingTreated;","lastModifiedDate":"2025-03-18","isFullCredit":false},{"lineNumber":30,"author":{"gitId":"cj143n"},"content":"    }","lastModifiedDate":"2025-03-18","isFullCredit":false},{"lineNumber":31,"author":{"gitId":"cj143n"},"content":"","lastModifiedDate":"2025-03-18","isFullCredit":false},{"lineNumber":32,"author":{"gitId":"cj143n"},"content":"    public void setAvailability(String availability) {","lastModifiedDate":"2025-03-20","isFullCredit":false},{"lineNumber":33,"author":{"gitId":"cj143n"},"content":"        this.availability \u003d availability;","lastModifiedDate":"2025-03-20","isFullCredit":false},{"lineNumber":34,"author":{"gitId":"cj143n"},"content":"    }","lastModifiedDate":"2025-03-20","isFullCredit":false},{"lineNumber":35,"author":{"gitId":"RaidaNUS"},"content":"","lastModifiedDate":"2025-03-19","isFullCredit":false},{"lineNumber":36,"author":{"gitId":"cj143n"},"content":"    public void setCurrentPatient(String patientName) {","lastModifiedDate":"2025-03-20","isFullCredit":false},{"lineNumber":37,"author":{"gitId":"cj143n"},"content":"        this.patientsBeingTreated \u003d patientName;","lastModifiedDate":"2025-03-20","isFullCredit":false},{"lineNumber":38,"author":{"gitId":"cj143n"},"content":"    }","lastModifiedDate":"2025-03-20","isFullCredit":false},{"lineNumber":39,"author":{"gitId":"RaidaNUS"},"content":"","lastModifiedDate":"2025-03-19","isFullCredit":false},{"lineNumber":40,"author":{"gitId":"cj143n"},"content":"}","lastModifiedDate":"2025-03-18","isFullCredit":false}],"authorContributionMap":{"cj143n":38,"RaidaNUS":2}},{"path":"src/main/java/seedu/duke/DoctorDeleter.java","fileType":"functional-code","lines":[{"lineNumber":1,"author":{"gitId":"jhu0748"},"content":"package seedu.duke;","lastModifiedDate":"2025-03-19","isFullCredit":false},{"lineNumber":2,"author":{"gitId":"jhu0748"},"content":"","lastModifiedDate":"2025-03-19","isFullCredit":false},{"lineNumber":3,"author":{"gitId":"jhu0748"},"content":"import java.util.ArrayList;","lastModifiedDate":"2025-03-19","isFullCredit":false},{"lineNumber":4,"author":{"gitId":"jhu0748"},"content":"","lastModifiedDate":"2025-03-19","isFullCredit":false},{"lineNumber":5,"author":{"gitId":"jhu0748"},"content":"public class DoctorDeleter {","lastModifiedDate":"2025-03-19","isFullCredit":false},{"lineNumber":6,"author":{"gitId":"jhu0748"},"content":"    public static void deleteDoctor(String doctorName) {","lastModifiedDate":"2025-03-19","isFullCredit":false},{"lineNumber":7,"author":{"gitId":"siqiangz"},"content":"        doctorName \u003d doctorName.trim();","lastModifiedDate":"2025-03-19","isFullCredit":false},{"lineNumber":8,"author":{"gitId":"jhu0748"},"content":"        if(doctorName.isEmpty()) {","lastModifiedDate":"2025-03-19","isFullCredit":false},{"lineNumber":9,"author":{"gitId":"jhu0748"},"content":"            System.out.println(\"Please provide a doctor name and try again.\");","lastModifiedDate":"2025-03-19","isFullCredit":false},{"lineNumber":10,"author":{"gitId":"jhu0748"},"content":"            return;","lastModifiedDate":"2025-03-19","isFullCredit":false},{"lineNumber":11,"author":{"gitId":"jhu0748"},"content":"        }","lastModifiedDate":"2025-03-19","isFullCredit":false},{"lineNumber":12,"author":{"gitId":"jhu0748"},"content":"","lastModifiedDate":"2025-03-19","isFullCredit":false},{"lineNumber":13,"author":{"gitId":"jhu0748"},"content":"        ArrayList\u003cDoctor\u003e doctorList \u003d DoctorListManager.getDoctorList();","lastModifiedDate":"2025-03-19","isFullCredit":false},{"lineNumber":14,"author":{"gitId":"jhu0748"},"content":"        for(Doctor doctor : doctorList) {","lastModifiedDate":"2025-03-19","isFullCredit":false},{"lineNumber":15,"author":{"gitId":"jhu0748"},"content":"            if(doctor.getName().equalsIgnoreCase(doctorName)) {","lastModifiedDate":"2025-03-19","isFullCredit":false},{"lineNumber":16,"author":{"gitId":"jhu0748"},"content":"                DoctorListManager.removeDoctor(doctor);","lastModifiedDate":"2025-03-19","isFullCredit":false},{"lineNumber":17,"author":{"gitId":"jhu0748"},"content":"                System.out.println(\"Doctor \" + doctorName + \" has been deleted.\");","lastModifiedDate":"2025-03-19","isFullCredit":false},{"lineNumber":18,"author":{"gitId":"jhu0748"},"content":"                return;","lastModifiedDate":"2025-03-19","isFullCredit":false},{"lineNumber":19,"author":{"gitId":"jhu0748"},"content":"            }","lastModifiedDate":"2025-03-19","isFullCredit":false},{"lineNumber":20,"author":{"gitId":"jhu0748"},"content":"        }","lastModifiedDate":"2025-03-19","isFullCredit":false},{"lineNumber":21,"author":{"gitId":"jhu0748"},"content":"","lastModifiedDate":"2025-03-19","isFullCredit":false},{"lineNumber":22,"author":{"gitId":"jhu0748"},"content":"        System.out.println(\"Doctor with name \\\"\" + doctorName + \"\\\" was not found\");","lastModifiedDate":"2025-03-19","isFullCredit":false},{"lineNumber":23,"author":{"gitId":"jhu0748"},"content":"    }","lastModifiedDate":"2025-03-19","isFullCredit":false},{"lineNumber":24,"author":{"gitId":"jhu0748"},"content":"}","lastModifiedDate":"2025-03-19","isFullCredit":false}],"authorContributionMap":{"siqiangz":1,"jhu0748":23}},{"path":"src/main/java/seedu/duke/DoctorListManager.java","fileType":"functional-code","lines":[{"lineNumber":1,"author":{"gitId":"siqiangz"},"content":"package seedu.duke;","lastModifiedDate":"2025-03-19","isFullCredit":false},{"lineNumber":2,"author":{"gitId":"siqiangz"},"content":"","lastModifiedDate":"2025-03-19","isFullCredit":false},{"lineNumber":3,"author":{"gitId":"siqiangz"},"content":"import java.util.ArrayList;","lastModifiedDate":"2025-03-19","isFullCredit":false},{"lineNumber":4,"author":{"gitId":"siqiangz"},"content":"","lastModifiedDate":"2025-03-19","isFullCredit":false},{"lineNumber":5,"author":{"gitId":"siqiangz"},"content":"public class DoctorListManager {","lastModifiedDate":"2025-03-19","isFullCredit":false},{"lineNumber":6,"author":{"gitId":"siqiangz"},"content":"    private static ArrayList\u003cDoctor\u003e doctorList \u003d new ArrayList\u003c\u003e();","lastModifiedDate":"2025-03-19","isFullCredit":false},{"lineNumber":7,"author":{"gitId":"siqiangz"},"content":"","lastModifiedDate":"2025-03-19","isFullCredit":false},{"lineNumber":8,"author":{"gitId":"siqiangz"},"content":"    public static ArrayList\u003cDoctor\u003e getDoctorList() {","lastModifiedDate":"2025-03-19","isFullCredit":false},{"lineNumber":9,"author":{"gitId":"siqiangz"},"content":"        return doctorList;","lastModifiedDate":"2025-03-19","isFullCredit":false},{"lineNumber":10,"author":{"gitId":"siqiangz"},"content":"    }","lastModifiedDate":"2025-03-19","isFullCredit":false},{"lineNumber":11,"author":{"gitId":"siqiangz"},"content":"","lastModifiedDate":"2025-03-19","isFullCredit":false},{"lineNumber":12,"author":{"gitId":"siqiangz"},"content":"    public static void listDoctors() {","lastModifiedDate":"2025-03-19","isFullCredit":false},{"lineNumber":13,"author":{"gitId":"siqiangz"},"content":"        DoctorLister.listAllDoctors(doctorList);","lastModifiedDate":"2025-03-19","isFullCredit":false},{"lineNumber":14,"author":{"gitId":"siqiangz"},"content":"    }","lastModifiedDate":"2025-03-19","isFullCredit":false},{"lineNumber":15,"author":{"gitId":"cj143n"},"content":"","lastModifiedDate":"2025-03-19","isFullCredit":false},{"lineNumber":16,"author":{"gitId":"cj143n"},"content":"    public static void addDoctor(Doctor doctor) {","lastModifiedDate":"2025-03-19","isFullCredit":false},{"lineNumber":17,"author":{"gitId":"cj143n"},"content":"        doctorList.add(doctor);","lastModifiedDate":"2025-03-19","isFullCredit":false},{"lineNumber":18,"author":{"gitId":"cj143n"},"content":"    }","lastModifiedDate":"2025-03-19","isFullCredit":false},{"lineNumber":19,"author":{"gitId":"jhu0748"},"content":"","lastModifiedDate":"2025-03-19","isFullCredit":false},{"lineNumber":20,"author":{"gitId":"cj143n"},"content":"    public static void removeDoctor(Doctor doctor) {","lastModifiedDate":"2025-03-20","isFullCredit":false},{"lineNumber":21,"author":{"gitId":"cj143n"},"content":"        doctorList.remove(doctor);","lastModifiedDate":"2025-03-20","isFullCredit":false},{"lineNumber":22,"author":{"gitId":"cj143n"},"content":"    }","lastModifiedDate":"2025-03-20","isFullCredit":false},{"lineNumber":23,"author":{"gitId":"cj143n"},"content":"","lastModifiedDate":"2025-03-20","isFullCredit":false},{"lineNumber":24,"author":{"gitId":"siqiangz"},"content":"}","lastModifiedDate":"2025-03-19","isFullCredit":false}],"authorContributionMap":{"siqiangz":15,"jhu0748":1,"cj143n":8}},{"path":"src/main/java/seedu/duke/DoctorLister.java","fileType":"functional-code","lines":[{"lineNumber":1,"author":{"gitId":"siqiangz"},"content":"package seedu.duke;","lastModifiedDate":"2025-03-19","isFullCredit":false},{"lineNumber":2,"author":{"gitId":"siqiangz"},"content":"","lastModifiedDate":"2025-03-19","isFullCredit":false},{"lineNumber":3,"author":{"gitId":"siqiangz"},"content":"import java.util.ArrayList;","lastModifiedDate":"2025-03-19","isFullCredit":false},{"lineNumber":4,"author":{"gitId":"siqiangz"},"content":"","lastModifiedDate":"2025-03-19","isFullCredit":false},{"lineNumber":5,"author":{"gitId":"siqiangz"},"content":"public class DoctorLister {","lastModifiedDate":"2025-03-19","isFullCredit":false},{"lineNumber":6,"author":{"gitId":"siqiangz"},"content":"    public static final String LINE_BREAK \u003d \"\u003d\u003d\u003d\u003d\u003d\u003d\u003d\u003d\u003d\u003d\u003d\u003d\u003d\u003d\u003d\u003d\u003d\u003d\u003d\u003d\u003d\u003d\u003d\u003d\u003d\u003d\u003d\u003d\u003d\u003d\u003d\u003d\";","lastModifiedDate":"2025-03-19","isFullCredit":false},{"lineNumber":7,"author":{"gitId":"siqiangz"},"content":"","lastModifiedDate":"2025-03-19","isFullCredit":false},{"lineNumber":8,"author":{"gitId":"siqiangz"},"content":"    public static void listAllDoctors(ArrayList\u003cDoctor\u003e doctorList) {","lastModifiedDate":"2025-03-19","isFullCredit":false},{"lineNumber":9,"author":{"gitId":"siqiangz"},"content":"        printListDoctorHeader(doctorList.size());","lastModifiedDate":"2025-03-19","isFullCredit":false},{"lineNumber":10,"author":{"gitId":"siqiangz"},"content":"        int doctorIndex \u003d 1;","lastModifiedDate":"2025-03-19","isFullCredit":false},{"lineNumber":11,"author":{"gitId":"siqiangz"},"content":"        for (Doctor doctor : doctorList) {","lastModifiedDate":"2025-03-19","isFullCredit":false},{"lineNumber":12,"author":{"gitId":"siqiangz"},"content":"            printOneDoctorDetails(doctorIndex, doctor);","lastModifiedDate":"2025-03-19","isFullCredit":false},{"lineNumber":13,"author":{"gitId":"siqiangz"},"content":"        }","lastModifiedDate":"2025-03-19","isFullCredit":false},{"lineNumber":14,"author":{"gitId":"siqiangz"},"content":"        System.out.println(LINE_BREAK);","lastModifiedDate":"2025-03-19","isFullCredit":false},{"lineNumber":15,"author":{"gitId":"siqiangz"},"content":"    }","lastModifiedDate":"2025-03-19","isFullCredit":false},{"lineNumber":16,"author":{"gitId":"siqiangz"},"content":"","lastModifiedDate":"2025-03-19","isFullCredit":false},{"lineNumber":17,"author":{"gitId":"siqiangz"},"content":"    private static void printOneDoctorDetails(int doctorIndex, Doctor doctor) {","lastModifiedDate":"2025-03-19","isFullCredit":false},{"lineNumber":18,"author":{"gitId":"siqiangz"},"content":"        System.out.print(doctorIndex + \". \");","lastModifiedDate":"2025-03-19","isFullCredit":false},{"lineNumber":19,"author":{"gitId":"siqiangz"},"content":"        System.out.println(doctor.getName() + \":\");","lastModifiedDate":"2025-03-19","isFullCredit":false},{"lineNumber":20,"author":{"gitId":"siqiangz"},"content":"        System.out.println(\"\\t\u003eSpecialization: \" + doctor.getSpecialisation());","lastModifiedDate":"2025-03-19","isFullCredit":false},{"lineNumber":21,"author":{"gitId":"siqiangz"},"content":"        System.out.println(\"\\t\u003eAvailability: \" + doctor.getAvailability());","lastModifiedDate":"2025-03-19","isFullCredit":false},{"lineNumber":22,"author":{"gitId":"siqiangz"},"content":"        System.out.println(\"\\t\u003eCurrently treating: \" + doctor.getPatientsBeingTreated() + System.lineSeparator());","lastModifiedDate":"2025-03-19","isFullCredit":false},{"lineNumber":23,"author":{"gitId":"siqiangz"},"content":"    }","lastModifiedDate":"2025-03-19","isFullCredit":false},{"lineNumber":24,"author":{"gitId":"siqiangz"},"content":"","lastModifiedDate":"2025-03-19","isFullCredit":false},{"lineNumber":25,"author":{"gitId":"siqiangz"},"content":"    private static void printListDoctorHeader(int size) {","lastModifiedDate":"2025-03-19","isFullCredit":false},{"lineNumber":26,"author":{"gitId":"siqiangz"},"content":"        System.out.println(LINE_BREAK);","lastModifiedDate":"2025-03-19","isFullCredit":false},{"lineNumber":27,"author":{"gitId":"siqiangz"},"content":"        System.out.println(\"You have \" + size + \" doctor(s) in hospital\");","lastModifiedDate":"2025-03-19","isFullCredit":false},{"lineNumber":28,"author":{"gitId":"siqiangz"},"content":"    }","lastModifiedDate":"2025-03-19","isFullCredit":false},{"lineNumber":29,"author":{"gitId":"siqiangz"},"content":"}","lastModifiedDate":"2025-03-19","isFullCredit":false}],"authorContributionMap":{"siqiangz":29}},{"path":"src/main/java/seedu/duke/DoctorUpdater.java","fileType":"functional-code","lines":[{"lineNumber":1,"author":{"gitId":"RaidaNUS"},"content":"package seedu.duke;","lastModifiedDate":"2025-03-19","isFullCredit":false},{"lineNumber":2,"author":{"gitId":"RaidaNUS"},"content":"","lastModifiedDate":"2025-03-19","isFullCredit":false},{"lineNumber":3,"author":{"gitId":"RaidaNUS"},"content":"public class DoctorUpdater {","lastModifiedDate":"2025-03-19","isFullCredit":false},{"lineNumber":4,"author":{"gitId":"RaidaNUS"},"content":"    public static void updateDoctor(String doctorDetails) {","lastModifiedDate":"2025-03-19","isFullCredit":false},{"lineNumber":5,"author":{"gitId":"RaidaNUS"},"content":"        String[] details \u003d doctorDetails.split(\" \", 3);","lastModifiedDate":"2025-03-19","isFullCredit":false},{"lineNumber":6,"author":{"gitId":"RaidaNUS"},"content":"        if (details.length \u003c 3) {","lastModifiedDate":"2025-03-19","isFullCredit":false},{"lineNumber":7,"author":{"gitId":"RaidaNUS"},"content":"            System.out.println(\"Invalid format. \\nUse: update doctor \u003cNAME\u003e \u003cAVAILABILITY\u003e \u003cPATIENT NAME\u003e\");","lastModifiedDate":"2025-03-19","isFullCredit":false},{"lineNumber":8,"author":{"gitId":"RaidaNUS"},"content":"            return;","lastModifiedDate":"2025-03-19","isFullCredit":false},{"lineNumber":9,"author":{"gitId":"RaidaNUS"},"content":"        }","lastModifiedDate":"2025-03-19","isFullCredit":false},{"lineNumber":10,"author":{"gitId":"RaidaNUS"},"content":"        Doctor doctor \u003d DoctorListManager.getDoctorList()","lastModifiedDate":"2025-03-19","isFullCredit":false},{"lineNumber":11,"author":{"gitId":"RaidaNUS"},"content":"                .stream()// This converts the list of doctors into a stream, allowing operations like filtering.","lastModifiedDate":"2025-03-19","isFullCredit":false},{"lineNumber":12,"author":{"gitId":"RaidaNUS"},"content":"                .filter(d -\u003e d.getName().equalsIgnoreCase(details[0]))","lastModifiedDate":"2025-03-19","isFullCredit":false},{"lineNumber":13,"author":{"gitId":"RaidaNUS"},"content":"                .findFirst()","lastModifiedDate":"2025-03-19","isFullCredit":false},{"lineNumber":14,"author":{"gitId":"RaidaNUS"},"content":"                .orElse(null);","lastModifiedDate":"2025-03-19","isFullCredit":false},{"lineNumber":15,"author":{"gitId":"RaidaNUS"},"content":"        if (doctor \u003d\u003d null) {","lastModifiedDate":"2025-03-19","isFullCredit":false},{"lineNumber":16,"author":{"gitId":"RaidaNUS"},"content":"            System.out.println(\"Doctor not found.\");","lastModifiedDate":"2025-03-19","isFullCredit":false},{"lineNumber":17,"author":{"gitId":"RaidaNUS"},"content":"            return;","lastModifiedDate":"2025-03-19","isFullCredit":false},{"lineNumber":18,"author":{"gitId":"RaidaNUS"},"content":"        }","lastModifiedDate":"2025-03-19","isFullCredit":false},{"lineNumber":19,"author":{"gitId":"RaidaNUS"},"content":"        doctor.setAvailability(details[1]);","lastModifiedDate":"2025-03-19","isFullCredit":false},{"lineNumber":20,"author":{"gitId":"RaidaNUS"},"content":"        doctor.setCurrentPatient(details[2]);","lastModifiedDate":"2025-03-19","isFullCredit":false},{"lineNumber":21,"author":{"gitId":"RaidaNUS"},"content":"        System.out.println(\"Doctor information updated successfully.\");","lastModifiedDate":"2025-03-19","isFullCredit":false},{"lineNumber":22,"author":{"gitId":"RaidaNUS"},"content":"    }","lastModifiedDate":"2025-03-19","isFullCredit":false},{"lineNumber":23,"author":{"gitId":"RaidaNUS"},"content":"}","lastModifiedDate":"2025-03-19","isFullCredit":false}],"authorContributionMap":{"RaidaNUS":23}},{"path":"src/main/java/seedu/duke/MediNote.java","fileType":"functional-code","lines":[{"lineNumber":1,"author":{"gitId":"RaidaNUS"},"content":"package seedu.duke;","lastModifiedDate":"2025-03-18","isFullCredit":false},{"lineNumber":2,"author":{"gitId":"RaidaNUS"},"content":"","lastModifiedDate":"2025-03-18","isFullCredit":false},{"lineNumber":3,"author":{"gitId":"RaidaNUS"},"content":"import java.util.Scanner;","lastModifiedDate":"2025-03-18","isFullCredit":false},{"lineNumber":4,"author":{"gitId":"RaidaNUS"},"content":"","lastModifiedDate":"2025-03-18","isFullCredit":false},{"lineNumber":5,"author":{"gitId":"RaidaNUS"},"content":"public class MediNote {","lastModifiedDate":"2025-03-18","isFullCredit":false},{"lineNumber":6,"author":{"gitId":"RaidaNUS"},"content":"","lastModifiedDate":"2025-03-18","isFullCredit":false},{"lineNumber":7,"author":{"gitId":"RaidaNUS"},"content":"    public static void main(String[] args) {","lastModifiedDate":"2025-03-18","isFullCredit":false},{"lineNumber":8,"author":{"gitId":"siqiangz"},"content":"        final Scanner userLineScanner \u003d new Scanner(System.in);","lastModifiedDate":"2025-03-18","isFullCredit":false},{"lineNumber":9,"author":{"gitId":"siqiangz"},"content":"        String userInput \u003d \"\";","lastModifiedDate":"2025-03-19","isFullCredit":false},{"lineNumber":10,"author":{"gitId":"siqiangz"},"content":"","lastModifiedDate":"2025-03-19","isFullCredit":false},{"lineNumber":11,"author":{"gitId":"siqiangz"},"content":"        while (!userInput.equals(\"exit\")) {","lastModifiedDate":"2025-03-19","isFullCredit":false},{"lineNumber":12,"author":{"gitId":"siqiangz"},"content":"            userInput \u003d userLineScanner.nextLine().trim();","lastModifiedDate":"2025-03-19","isFullCredit":false},{"lineNumber":13,"author":{"gitId":"siqiangz"},"content":"            TaskManager.checkCommand(userInput);","lastModifiedDate":"2025-03-19","isFullCredit":false},{"lineNumber":14,"author":{"gitId":"RaidaNUS"},"content":"        }","lastModifiedDate":"2025-03-18","isFullCredit":false},{"lineNumber":15,"author":{"gitId":"RaidaNUS"},"content":"    }","lastModifiedDate":"2025-03-18","isFullCredit":false},{"lineNumber":16,"author":{"gitId":"RaidaNUS"},"content":"}","lastModifiedDate":"2025-03-18","isFullCredit":false}],"authorContributionMap":{"siqiangz":6,"RaidaNUS":10}},{"path":"src/main/java/seedu/duke/Patient.java","fileType":"functional-code","lines":[{"lineNumber":1,"author":{"gitId":"siqiangz"},"content":"package seedu.duke;","lastModifiedDate":"2025-03-18","isFullCredit":false},{"lineNumber":2,"author":{"gitId":"siqiangz"},"content":"","lastModifiedDate":"2025-03-18","isFullCredit":false},{"lineNumber":3,"author":{"gitId":"siqiangz"},"content":"public class Patient {","lastModifiedDate":"2025-03-18","isFullCredit":false},{"lineNumber":4,"author":{"gitId":"cj143n"},"content":"    private String name;","lastModifiedDate":"2025-03-18","isFullCredit":false},{"lineNumber":5,"author":{"gitId":"cj143n"},"content":"    private String symptoms;","lastModifiedDate":"2025-03-18","isFullCredit":false},{"lineNumber":6,"author":{"gitId":"cj143n"},"content":"    private String timeStamp;","lastModifiedDate":"2025-03-18","isFullCredit":false},{"lineNumber":7,"author":{"gitId":"cj143n"},"content":"    private String medicalHistory;","lastModifiedDate":"2025-03-18","isFullCredit":false},{"lineNumber":8,"author":{"gitId":"cj143n"},"content":"    private String treatmentStatus;","lastModifiedDate":"2025-03-18","isFullCredit":false},{"lineNumber":9,"author":{"gitId":"cj143n"},"content":"    private String doctorAssigned;","lastModifiedDate":"2025-03-18","isFullCredit":false},{"lineNumber":10,"author":{"gitId":"cj143n"},"content":"","lastModifiedDate":"2025-03-18","isFullCredit":false},{"lineNumber":11,"author":{"gitId":"cj143n"},"content":"    public Patient(String name, String symptoms, String timeStamp,","lastModifiedDate":"2025-03-20","isFullCredit":false},{"lineNumber":12,"author":{"gitId":"cj143n"},"content":"                   String medicalHistory, String treatmentStatus, String doctorAssigned) {","lastModifiedDate":"2025-03-20","isFullCredit":false},{"lineNumber":13,"author":{"gitId":"cj143n"},"content":"        this.name \u003d name;","lastModifiedDate":"2025-03-18","isFullCredit":false},{"lineNumber":14,"author":{"gitId":"cj143n"},"content":"        this.symptoms \u003d symptoms;","lastModifiedDate":"2025-03-18","isFullCredit":false},{"lineNumber":15,"author":{"gitId":"cj143n"},"content":"        this.timeStamp \u003d timeStamp;","lastModifiedDate":"2025-03-18","isFullCredit":false},{"lineNumber":16,"author":{"gitId":"cj143n"},"content":"        this.medicalHistory \u003d medicalHistory;","lastModifiedDate":"2025-03-18","isFullCredit":false},{"lineNumber":17,"author":{"gitId":"cj143n"},"content":"        this.treatmentStatus \u003d treatmentStatus;","lastModifiedDate":"2025-03-18","isFullCredit":false},{"lineNumber":18,"author":{"gitId":"cj143n"},"content":"        this.doctorAssigned \u003d doctorAssigned;","lastModifiedDate":"2025-03-18","isFullCredit":false},{"lineNumber":19,"author":{"gitId":"cj143n"},"content":"    }","lastModifiedDate":"2025-03-18","isFullCredit":false},{"lineNumber":20,"author":{"gitId":"cj143n"},"content":"","lastModifiedDate":"2025-03-18","isFullCredit":false},{"lineNumber":21,"author":{"gitId":"cj143n"},"content":"    public String getName() {","lastModifiedDate":"2025-03-18","isFullCredit":false},{"lineNumber":22,"author":{"gitId":"cj143n"},"content":"        return name;","lastModifiedDate":"2025-03-18","isFullCredit":false},{"lineNumber":23,"author":{"gitId":"cj143n"},"content":"    }","lastModifiedDate":"2025-03-18","isFullCredit":false},{"lineNumber":24,"author":{"gitId":"cj143n"},"content":"","lastModifiedDate":"2025-03-18","isFullCredit":false},{"lineNumber":25,"author":{"gitId":"cj143n"},"content":"    public String getSymptoms() {","lastModifiedDate":"2025-03-18","isFullCredit":false},{"lineNumber":26,"author":{"gitId":"cj143n"},"content":"        return symptoms;","lastModifiedDate":"2025-03-18","isFullCredit":false},{"lineNumber":27,"author":{"gitId":"cj143n"},"content":"    }","lastModifiedDate":"2025-03-18","isFullCredit":false},{"lineNumber":28,"author":{"gitId":"cj143n"},"content":"","lastModifiedDate":"2025-03-18","isFullCredit":false},{"lineNumber":29,"author":{"gitId":"cj143n"},"content":"    public String getTimeStamp() {","lastModifiedDate":"2025-03-18","isFullCredit":false},{"lineNumber":30,"author":{"gitId":"cj143n"},"content":"        return timeStamp;","lastModifiedDate":"2025-03-18","isFullCredit":false},{"lineNumber":31,"author":{"gitId":"cj143n"},"content":"    }","lastModifiedDate":"2025-03-18","isFullCredit":false},{"lineNumber":32,"author":{"gitId":"cj143n"},"content":"","lastModifiedDate":"2025-03-18","isFullCredit":false},{"lineNumber":33,"author":{"gitId":"cj143n"},"content":"    public String getMedicalHistory() {","lastModifiedDate":"2025-03-18","isFullCredit":false},{"lineNumber":34,"author":{"gitId":"cj143n"},"content":"        return medicalHistory;","lastModifiedDate":"2025-03-18","isFullCredit":false},{"lineNumber":35,"author":{"gitId":"cj143n"},"content":"    }","lastModifiedDate":"2025-03-18","isFullCredit":false},{"lineNumber":36,"author":{"gitId":"cj143n"},"content":"","lastModifiedDate":"2025-03-18","isFullCredit":false},{"lineNumber":37,"author":{"gitId":"cj143n"},"content":"    public String getTreatmentStatus() {","lastModifiedDate":"2025-03-18","isFullCredit":false},{"lineNumber":38,"author":{"gitId":"cj143n"},"content":"        return treatmentStatus;","lastModifiedDate":"2025-03-18","isFullCredit":false},{"lineNumber":39,"author":{"gitId":"cj143n"},"content":"    }","lastModifiedDate":"2025-03-18","isFullCredit":false},{"lineNumber":40,"author":{"gitId":"cj143n"},"content":"","lastModifiedDate":"2025-03-18","isFullCredit":false},{"lineNumber":41,"author":{"gitId":"cj143n"},"content":"    public String getDoctorAssigned() {","lastModifiedDate":"2025-03-18","isFullCredit":false},{"lineNumber":42,"author":{"gitId":"cj143n"},"content":"        return doctorAssigned;","lastModifiedDate":"2025-03-18","isFullCredit":false},{"lineNumber":43,"author":{"gitId":"cj143n"},"content":"    }","lastModifiedDate":"2025-03-18","isFullCredit":false},{"lineNumber":44,"author":{"gitId":"cj143n"},"content":"","lastModifiedDate":"2025-03-18","isFullCredit":false},{"lineNumber":45,"author":{"gitId":"RaidaNUS"},"content":"    public void setTreatmentStatus(String treatmentStatus) {","lastModifiedDate":"2025-03-19","isFullCredit":false},{"lineNumber":46,"author":{"gitId":"RaidaNUS"},"content":"        this.treatmentStatus \u003d treatmentStatus;","lastModifiedDate":"2025-03-19","isFullCredit":false},{"lineNumber":47,"author":{"gitId":"RaidaNUS"},"content":"    }","lastModifiedDate":"2025-03-19","isFullCredit":false},{"lineNumber":48,"author":{"gitId":"RaidaNUS"},"content":"","lastModifiedDate":"2025-03-19","isFullCredit":false},{"lineNumber":49,"author":{"gitId":"RaidaNUS"},"content":"    public void setDoctorAssigned(String doctorAssigned) {","lastModifiedDate":"2025-03-19","isFullCredit":false},{"lineNumber":50,"author":{"gitId":"RaidaNUS"},"content":"        this.doctorAssigned \u003d doctorAssigned;","lastModifiedDate":"2025-03-19","isFullCredit":false},{"lineNumber":51,"author":{"gitId":"RaidaNUS"},"content":"    }","lastModifiedDate":"2025-03-19","isFullCredit":false},{"lineNumber":52,"author":{"gitId":"siqiangz"},"content":"}","lastModifiedDate":"2025-03-18","isFullCredit":false}],"authorContributionMap":{"siqiangz":4,"cj143n":41,"RaidaNUS":7}},{"path":"src/main/java/seedu/duke/PatientDischarger.java","fileType":"functional-code","lines":[{"lineNumber":1,"author":{"gitId":"jhu0748"},"content":"package seedu.duke;","lastModifiedDate":"2025-03-19","isFullCredit":false},{"lineNumber":2,"author":{"gitId":"jhu0748"},"content":"","lastModifiedDate":"2025-03-19","isFullCredit":false},{"lineNumber":3,"author":{"gitId":"jhu0748"},"content":"import java.util.ArrayList;","lastModifiedDate":"2025-03-19","isFullCredit":false},{"lineNumber":4,"author":{"gitId":"jhu0748"},"content":"","lastModifiedDate":"2025-03-19","isFullCredit":false},{"lineNumber":5,"author":{"gitId":"jhu0748"},"content":"public class PatientDischarger {","lastModifiedDate":"2025-03-19","isFullCredit":false},{"lineNumber":6,"author":{"gitId":"jhu0748"},"content":"    public static void dischargePatient(String patientName) {","lastModifiedDate":"2025-03-19","isFullCredit":false},{"lineNumber":7,"author":{"gitId":"siqiangz"},"content":"        patientName \u003d patientName.trim();","lastModifiedDate":"2025-03-19","isFullCredit":false},{"lineNumber":8,"author":{"gitId":"jhu0748"},"content":"        if(patientName.isEmpty()) {","lastModifiedDate":"2025-03-19","isFullCredit":false},{"lineNumber":9,"author":{"gitId":"jhu0748"},"content":"            System.out.println(\"Please provide a patient name and try again.\");","lastModifiedDate":"2025-03-19","isFullCredit":false},{"lineNumber":10,"author":{"gitId":"jhu0748"},"content":"            return;","lastModifiedDate":"2025-03-19","isFullCredit":false},{"lineNumber":11,"author":{"gitId":"jhu0748"},"content":"        }","lastModifiedDate":"2025-03-19","isFullCredit":false},{"lineNumber":12,"author":{"gitId":"jhu0748"},"content":"","lastModifiedDate":"2025-03-19","isFullCredit":false},{"lineNumber":13,"author":{"gitId":"jhu0748"},"content":"        ArrayList\u003cPatient\u003e patientList \u003d PatientListManager.getPatientList();","lastModifiedDate":"2025-03-19","isFullCredit":false},{"lineNumber":14,"author":{"gitId":"jhu0748"},"content":"        for(Patient patient : patientList) {","lastModifiedDate":"2025-03-19","isFullCredit":false},{"lineNumber":15,"author":{"gitId":"jhu0748"},"content":"            if(patient.getName().equalsIgnoreCase(patientName)) {","lastModifiedDate":"2025-03-19","isFullCredit":false},{"lineNumber":16,"author":{"gitId":"jhu0748"},"content":"                PatientListManager.removePatient(patient);","lastModifiedDate":"2025-03-19","isFullCredit":false},{"lineNumber":17,"author":{"gitId":"jhu0748"},"content":"                System.out.println(\"Patient \" + patientName + \" has been discharged.\");","lastModifiedDate":"2025-03-19","isFullCredit":false},{"lineNumber":18,"author":{"gitId":"jhu0748"},"content":"                return;","lastModifiedDate":"2025-03-19","isFullCredit":false},{"lineNumber":19,"author":{"gitId":"jhu0748"},"content":"            }","lastModifiedDate":"2025-03-19","isFullCredit":false},{"lineNumber":20,"author":{"gitId":"jhu0748"},"content":"        }","lastModifiedDate":"2025-03-19","isFullCredit":false},{"lineNumber":21,"author":{"gitId":"jhu0748"},"content":"","lastModifiedDate":"2025-03-19","isFullCredit":false},{"lineNumber":22,"author":{"gitId":"jhu0748"},"content":"        System.out.println(\"Patient with name \\\"\" + patientName + \"\\\" was not found\");","lastModifiedDate":"2025-03-19","isFullCredit":false},{"lineNumber":23,"author":{"gitId":"jhu0748"},"content":"    }","lastModifiedDate":"2025-03-19","isFullCredit":false},{"lineNumber":24,"author":{"gitId":"jhu0748"},"content":"}","lastModifiedDate":"2025-03-19","isFullCredit":false}],"authorContributionMap":{"siqiangz":1,"jhu0748":23}},{"path":"src/main/java/seedu/duke/PatientListManager.java","fileType":"functional-code","lines":[{"lineNumber":1,"author":{"gitId":"siqiangz"},"content":"package seedu.duke;","lastModifiedDate":"2025-03-19","isFullCredit":false},{"lineNumber":2,"author":{"gitId":"siqiangz"},"content":"","lastModifiedDate":"2025-03-19","isFullCredit":false},{"lineNumber":3,"author":{"gitId":"siqiangz"},"content":"import java.util.ArrayList;","lastModifiedDate":"2025-03-19","isFullCredit":false},{"lineNumber":4,"author":{"gitId":"siqiangz"},"content":"","lastModifiedDate":"2025-03-19","isFullCredit":false},{"lineNumber":5,"author":{"gitId":"siqiangz"},"content":"public class PatientListManager {","lastModifiedDate":"2025-03-19","isFullCredit":false},{"lineNumber":6,"author":{"gitId":"siqiangz"},"content":"    private static ArrayList\u003cPatient\u003e patientList \u003d new ArrayList\u003c\u003e();","lastModifiedDate":"2025-03-19","isFullCredit":false},{"lineNumber":7,"author":{"gitId":"siqiangz"},"content":"","lastModifiedDate":"2025-03-19","isFullCredit":false},{"lineNumber":8,"author":{"gitId":"siqiangz"},"content":"    public static ArrayList\u003cPatient\u003e getPatientList() {","lastModifiedDate":"2025-03-19","isFullCredit":false},{"lineNumber":9,"author":{"gitId":"siqiangz"},"content":"        return patientList;","lastModifiedDate":"2025-03-19","isFullCredit":false},{"lineNumber":10,"author":{"gitId":"siqiangz"},"content":"    }","lastModifiedDate":"2025-03-19","isFullCredit":false},{"lineNumber":11,"author":{"gitId":"siqiangz"},"content":"","lastModifiedDate":"2025-03-19","isFullCredit":false},{"lineNumber":12,"author":{"gitId":"siqiangz"},"content":"    public static void listPatients() {","lastModifiedDate":"2025-03-19","isFullCredit":false},{"lineNumber":13,"author":{"gitId":"siqiangz"},"content":"        PatientLister.listAllPatients(patientList);","lastModifiedDate":"2025-03-19","isFullCredit":false},{"lineNumber":14,"author":{"gitId":"siqiangz"},"content":"    }","lastModifiedDate":"2025-03-19","isFullCredit":false},{"lineNumber":15,"author":{"gitId":"cj143n"},"content":"","lastModifiedDate":"2025-03-19","isFullCredit":false},{"lineNumber":16,"author":{"gitId":"cj143n"},"content":"    public static void addPatient(Patient patient) {","lastModifiedDate":"2025-03-19","isFullCredit":false},{"lineNumber":17,"author":{"gitId":"cj143n"},"content":"        patientList.add(patient);","lastModifiedDate":"2025-03-19","isFullCredit":false},{"lineNumber":18,"author":{"gitId":"cj143n"},"content":"    }","lastModifiedDate":"2025-03-19","isFullCredit":false},{"lineNumber":19,"author":{"gitId":"jhu0748"},"content":"","lastModifiedDate":"2025-03-19","isFullCredit":false},{"lineNumber":20,"author":{"gitId":"cj143n"},"content":"    public static void removePatient(Patient patient) {","lastModifiedDate":"2025-03-20","isFullCredit":false},{"lineNumber":21,"author":{"gitId":"cj143n"},"content":"        patientList.remove(patient);","lastModifiedDate":"2025-03-20","isFullCredit":false},{"lineNumber":22,"author":{"gitId":"cj143n"},"content":"    }","lastModifiedDate":"2025-03-20","isFullCredit":false},{"lineNumber":23,"author":{"gitId":"cj143n"},"content":"","lastModifiedDate":"2025-03-20","isFullCredit":false},{"lineNumber":24,"author":{"gitId":"siqiangz"},"content":"}","lastModifiedDate":"2025-03-19","isFullCredit":false}],"authorContributionMap":{"siqiangz":15,"jhu0748":1,"cj143n":8}},{"path":"src/main/java/seedu/duke/PatientLister.java","fileType":"functional-code","lines":[{"lineNumber":1,"author":{"gitId":"siqiangz"},"content":"package seedu.duke;","lastModifiedDate":"2025-03-18","isFullCredit":false},{"lineNumber":2,"author":{"gitId":"siqiangz"},"content":"","lastModifiedDate":"2025-03-18","isFullCredit":false},{"lineNumber":3,"author":{"gitId":"siqiangz"},"content":"import java.util.ArrayList;","lastModifiedDate":"2025-03-19","isFullCredit":false},{"lineNumber":4,"author":{"gitId":"siqiangz"},"content":"","lastModifiedDate":"2025-03-19","isFullCredit":false},{"lineNumber":5,"author":{"gitId":"siqiangz"},"content":"public class PatientLister {","lastModifiedDate":"2025-03-18","isFullCredit":false},{"lineNumber":6,"author":{"gitId":"siqiangz"},"content":"    public static final String LINE_BREAK \u003d \"\u003d\u003d\u003d\u003d\u003d\u003d\u003d\u003d\u003d\u003d\u003d\u003d\u003d\u003d\u003d\u003d\u003d\u003d\u003d\u003d\u003d\u003d\u003d\u003d\u003d\u003d\u003d\u003d\u003d\u003d\u003d\u003d\";","lastModifiedDate":"2025-03-19","isFullCredit":false},{"lineNumber":7,"author":{"gitId":"siqiangz"},"content":"","lastModifiedDate":"2025-03-19","isFullCredit":false},{"lineNumber":8,"author":{"gitId":"siqiangz"},"content":"    public static void listAllPatients(ArrayList\u003cPatient\u003e patientList) {","lastModifiedDate":"2025-03-19","isFullCredit":false},{"lineNumber":9,"author":{"gitId":"siqiangz"},"content":"        printListPatientHeader(patientList.size());","lastModifiedDate":"2025-03-19","isFullCredit":false},{"lineNumber":10,"author":{"gitId":"siqiangz"},"content":"        int patientIndex \u003d 1;","lastModifiedDate":"2025-03-19","isFullCredit":false},{"lineNumber":11,"author":{"gitId":"siqiangz"},"content":"        for (Patient patient : patientList) {","lastModifiedDate":"2025-03-19","isFullCredit":false},{"lineNumber":12,"author":{"gitId":"siqiangz"},"content":"            printOnePatientDetails(patientIndex, patient);","lastModifiedDate":"2025-03-19","isFullCredit":false},{"lineNumber":13,"author":{"gitId":"siqiangz"},"content":"        }","lastModifiedDate":"2025-03-19","isFullCredit":false},{"lineNumber":14,"author":{"gitId":"siqiangz"},"content":"        System.out.println(LINE_BREAK);","lastModifiedDate":"2025-03-19","isFullCredit":false},{"lineNumber":15,"author":{"gitId":"siqiangz"},"content":"    }","lastModifiedDate":"2025-03-19","isFullCredit":false},{"lineNumber":16,"author":{"gitId":"siqiangz"},"content":"","lastModifiedDate":"2025-03-19","isFullCredit":false},{"lineNumber":17,"author":{"gitId":"siqiangz"},"content":"    private static void printOnePatientDetails(int patientIndex, Patient patient) {","lastModifiedDate":"2025-03-19","isFullCredit":false},{"lineNumber":18,"author":{"gitId":"siqiangz"},"content":"        System.out.print(patientIndex + \". \");","lastModifiedDate":"2025-03-19","isFullCredit":false},{"lineNumber":19,"author":{"gitId":"siqiangz"},"content":"        System.out.println(patient.getName() + \":\");","lastModifiedDate":"2025-03-19","isFullCredit":false},{"lineNumber":20,"author":{"gitId":"siqiangz"},"content":"        System.out.println(\"\\t\u003eTime of Admission: \" + patient.getTimeStamp());","lastModifiedDate":"2025-03-19","isFullCredit":false},{"lineNumber":21,"author":{"gitId":"siqiangz"},"content":"        System.out.println(\"\\t\u003eSymptoms: \" + patient.getSymptoms());","lastModifiedDate":"2025-03-19","isFullCredit":false},{"lineNumber":22,"author":{"gitId":"siqiangz"},"content":"        System.out.println(\"\\t\u003eMedical History: \" + patient.getMedicalHistory());","lastModifiedDate":"2025-03-19","isFullCredit":false},{"lineNumber":23,"author":{"gitId":"siqiangz"},"content":"        System.out.println(\"\\t\u003eTreatment Status: \" + patient.getTreatmentStatus());","lastModifiedDate":"2025-03-19","isFullCredit":false},{"lineNumber":24,"author":{"gitId":"siqiangz"},"content":"        System.out.println(\"\\t\u003eDoctor Assigned: \" + patient.getDoctorAssigned() + System.lineSeparator());","lastModifiedDate":"2025-03-19","isFullCredit":false},{"lineNumber":25,"author":{"gitId":"siqiangz"},"content":"    }","lastModifiedDate":"2025-03-19","isFullCredit":false},{"lineNumber":26,"author":{"gitId":"siqiangz"},"content":"","lastModifiedDate":"2025-03-19","isFullCredit":false},{"lineNumber":27,"author":{"gitId":"siqiangz"},"content":"    private static void printListPatientHeader(int size) {","lastModifiedDate":"2025-03-19","isFullCredit":false},{"lineNumber":28,"author":{"gitId":"siqiangz"},"content":"        System.out.println(LINE_BREAK);","lastModifiedDate":"2025-03-19","isFullCredit":false},{"lineNumber":29,"author":{"gitId":"siqiangz"},"content":"        System.out.println(\"You have \" + size + \" patient(s) in hospital\");","lastModifiedDate":"2025-03-19","isFullCredit":false},{"lineNumber":30,"author":{"gitId":"siqiangz"},"content":"    }","lastModifiedDate":"2025-03-18","isFullCredit":false},{"lineNumber":31,"author":{"gitId":"siqiangz"},"content":"}","lastModifiedDate":"2025-03-18","isFullCredit":false}],"authorContributionMap":{"siqiangz":31}},{"path":"src/main/java/seedu/duke/PatientUpdater.java","fileType":"functional-code","lines":[{"lineNumber":1,"author":{"gitId":"RaidaNUS"},"content":"package seedu.duke;","lastModifiedDate":"2025-03-19","isFullCredit":false},{"lineNumber":2,"author":{"gitId":"RaidaNUS"},"content":"","lastModifiedDate":"2025-03-19","isFullCredit":false},{"lineNumber":3,"author":{"gitId":"RaidaNUS"},"content":"public class PatientUpdater {","lastModifiedDate":"2025-03-19","isFullCredit":false},{"lineNumber":4,"author":{"gitId":"RaidaNUS"},"content":"    public static void updatePatient(String patientDetails) {","lastModifiedDate":"2025-03-19","isFullCredit":false},{"lineNumber":5,"author":{"gitId":"RaidaNUS"},"content":"        String[] details \u003d patientDetails.split(\" \", 3);","lastModifiedDate":"2025-03-19","isFullCredit":false},{"lineNumber":6,"author":{"gitId":"RaidaNUS"},"content":"        if (details.length \u003c 3) {","lastModifiedDate":"2025-03-19","isFullCredit":false},{"lineNumber":7,"author":{"gitId":"RaidaNUS"},"content":"            System.out.println(\"Invalid format. Use: update patient \u003cNAME\u003e \u003cTREATMENT STATUS\u003e \u003cDOCTOR ASSIGNED\u003e\");","lastModifiedDate":"2025-03-19","isFullCredit":false},{"lineNumber":8,"author":{"gitId":"RaidaNUS"},"content":"            return;","lastModifiedDate":"2025-03-19","isFullCredit":false},{"lineNumber":9,"author":{"gitId":"RaidaNUS"},"content":"        }","lastModifiedDate":"2025-03-19","isFullCredit":false},{"lineNumber":10,"author":{"gitId":"RaidaNUS"},"content":"        Patient patient \u003d PatientListManager.getPatientList()","lastModifiedDate":"2025-03-19","isFullCredit":false},{"lineNumber":11,"author":{"gitId":"RaidaNUS"},"content":"                .stream()","lastModifiedDate":"2025-03-19","isFullCredit":false},{"lineNumber":12,"author":{"gitId":"RaidaNUS"},"content":"                .filter(p -\u003e p.getName().equalsIgnoreCase(details[0]))","lastModifiedDate":"2025-03-19","isFullCredit":false},{"lineNumber":13,"author":{"gitId":"RaidaNUS"},"content":"                .findFirst()","lastModifiedDate":"2025-03-19","isFullCredit":false},{"lineNumber":14,"author":{"gitId":"RaidaNUS"},"content":"                .orElse(null);","lastModifiedDate":"2025-03-19","isFullCredit":false},{"lineNumber":15,"author":{"gitId":"RaidaNUS"},"content":"        if (patient \u003d\u003d null) {","lastModifiedDate":"2025-03-19","isFullCredit":false},{"lineNumber":16,"author":{"gitId":"RaidaNUS"},"content":"            System.out.println(\"Patient not found.\");","lastModifiedDate":"2025-03-19","isFullCredit":false},{"lineNumber":17,"author":{"gitId":"RaidaNUS"},"content":"            return;","lastModifiedDate":"2025-03-19","isFullCredit":false},{"lineNumber":18,"author":{"gitId":"RaidaNUS"},"content":"        }","lastModifiedDate":"2025-03-19","isFullCredit":false},{"lineNumber":19,"author":{"gitId":"RaidaNUS"},"content":"        patient.setTreatmentStatus(details[1]);","lastModifiedDate":"2025-03-19","isFullCredit":false},{"lineNumber":20,"author":{"gitId":"RaidaNUS"},"content":"        patient.setDoctorAssigned(details[2]);","lastModifiedDate":"2025-03-19","isFullCredit":false},{"lineNumber":21,"author":{"gitId":"RaidaNUS"},"content":"        System.out.println(\"Patient information updated successfully.\");","lastModifiedDate":"2025-03-19","isFullCredit":false},{"lineNumber":22,"author":{"gitId":"RaidaNUS"},"content":"    }","lastModifiedDate":"2025-03-19","isFullCredit":false},{"lineNumber":23,"author":{"gitId":"RaidaNUS"},"content":"}","lastModifiedDate":"2025-03-19","isFullCredit":false}],"authorContributionMap":{"RaidaNUS":23}},{"path":"src/main/java/seedu/duke/Registration.java","fileType":"functional-code","lines":[{"lineNumber":1,"author":{"gitId":"cj143n"},"content":"package seedu.duke;","lastModifiedDate":"2025-03-19","isFullCredit":false},{"lineNumber":2,"author":{"gitId":"cj143n"},"content":"","lastModifiedDate":"2025-03-19","isFullCredit":false},{"lineNumber":3,"author":{"gitId":"cj143n"},"content":"public class Registration {","lastModifiedDate":"2025-03-19","isFullCredit":false},{"lineNumber":4,"author":{"gitId":"cj143n"},"content":"","lastModifiedDate":"2025-03-19","isFullCredit":false},{"lineNumber":5,"author":{"gitId":"cj143n"},"content":"    public static void registerPatient(String patientDetails) {","lastModifiedDate":"2025-03-19","isFullCredit":false},{"lineNumber":6,"author":{"gitId":"cj143n"},"content":"        try {","lastModifiedDate":"2025-03-19","isFullCredit":false},{"lineNumber":7,"author":{"gitId":"cj143n"},"content":"            String[] patientInfo \u003d patientDetails.split(\"/\");","lastModifiedDate":"2025-03-19","isFullCredit":false},{"lineNumber":8,"author":{"gitId":"cj143n"},"content":"","lastModifiedDate":"2025-03-19","isFullCredit":false},{"lineNumber":9,"author":{"gitId":"cj143n"},"content":"            for (String info : patientInfo) {","lastModifiedDate":"2025-03-19","isFullCredit":false},{"lineNumber":10,"author":{"gitId":"cj143n"},"content":"                if (info.trim().isEmpty()) {","lastModifiedDate":"2025-03-19","isFullCredit":false},{"lineNumber":11,"author":{"gitId":"cj143n"},"content":"                    throw new IllegalArgumentException(\"Compulsory patient details are empty. Please re-enter.\");","lastModifiedDate":"2025-03-19","isFullCredit":false},{"lineNumber":12,"author":{"gitId":"cj143n"},"content":"                }","lastModifiedDate":"2025-03-19","isFullCredit":false},{"lineNumber":13,"author":{"gitId":"cj143n"},"content":"            }","lastModifiedDate":"2025-03-19","isFullCredit":false},{"lineNumber":14,"author":{"gitId":"cj143n"},"content":"","lastModifiedDate":"2025-03-19","isFullCredit":false},{"lineNumber":15,"author":{"gitId":"cj143n"},"content":"            if (patientInfo.length \u003d\u003d 4) {","lastModifiedDate":"2025-03-19","isFullCredit":false},{"lineNumber":16,"author":{"gitId":"cj143n"},"content":"                Patient patient \u003d new Patient(patientInfo[0].trim(), patientInfo[1].trim(),","lastModifiedDate":"2025-03-20","isFullCredit":false},{"lineNumber":17,"author":{"gitId":"cj143n"},"content":"                        patientInfo[2].trim(), patientInfo[3].trim(), \"NA\", \"NA\");","lastModifiedDate":"2025-03-20","isFullCredit":false},{"lineNumber":18,"author":{"gitId":"cj143n"},"content":"                PatientListManager.addPatient(patient);","lastModifiedDate":"2025-03-19","isFullCredit":false},{"lineNumber":19,"author":{"gitId":"cj143n"},"content":"                System.out.println(\"Patient \" + patientInfo[0].trim() + \" successfully registered as patient!\");","lastModifiedDate":"2025-03-19","isFullCredit":false},{"lineNumber":20,"author":{"gitId":"cj143n"},"content":"            } else {","lastModifiedDate":"2025-03-19","isFullCredit":false},{"lineNumber":21,"author":{"gitId":"cj143n"},"content":"                throw new IllegalArgumentException(\"Compulsory patient details are not entered.\\n\" +","lastModifiedDate":"2025-03-20","isFullCredit":false},{"lineNumber":22,"author":{"gitId":"cj143n"},"content":"                        \"Expected Format: reigster name/symptoms/timestamp/medical history. Please re-enter.\");","lastModifiedDate":"2025-03-20","isFullCredit":false},{"lineNumber":23,"author":{"gitId":"cj143n"},"content":"            }","lastModifiedDate":"2025-03-19","isFullCredit":false},{"lineNumber":24,"author":{"gitId":"cj143n"},"content":"        } catch (IllegalArgumentException e) {","lastModifiedDate":"2025-03-19","isFullCredit":false},{"lineNumber":25,"author":{"gitId":"cj143n"},"content":"            System.out.println(e.getMessage());","lastModifiedDate":"2025-03-19","isFullCredit":false},{"lineNumber":26,"author":{"gitId":"cj143n"},"content":"        }","lastModifiedDate":"2025-03-19","isFullCredit":false},{"lineNumber":27,"author":{"gitId":"cj143n"},"content":"    }","lastModifiedDate":"2025-03-19","isFullCredit":false},{"lineNumber":28,"author":{"gitId":"cj143n"},"content":"","lastModifiedDate":"2025-03-19","isFullCredit":false},{"lineNumber":29,"author":{"gitId":"cj143n"},"content":"    public static void registerDoctor(String doctorDetails) {","lastModifiedDate":"2025-03-19","isFullCredit":false},{"lineNumber":30,"author":{"gitId":"cj143n"},"content":"        try {","lastModifiedDate":"2025-03-19","isFullCredit":false},{"lineNumber":31,"author":{"gitId":"cj143n"},"content":"            String[] doctorInfo \u003d doctorDetails.split(\"/\");","lastModifiedDate":"2025-03-19","isFullCredit":false},{"lineNumber":32,"author":{"gitId":"cj143n"},"content":"","lastModifiedDate":"2025-03-19","isFullCredit":false},{"lineNumber":33,"author":{"gitId":"cj143n"},"content":"            for (String info : doctorInfo) {","lastModifiedDate":"2025-03-19","isFullCredit":false},{"lineNumber":34,"author":{"gitId":"cj143n"},"content":"                if (info.trim().isEmpty()) {","lastModifiedDate":"2025-03-19","isFullCredit":false},{"lineNumber":35,"author":{"gitId":"cj143n"},"content":"                    throw new IllegalArgumentException(\"Compulsory doctor details are empty. Please re-enter.\");","lastModifiedDate":"2025-03-19","isFullCredit":false},{"lineNumber":36,"author":{"gitId":"cj143n"},"content":"                }","lastModifiedDate":"2025-03-19","isFullCredit":false},{"lineNumber":37,"author":{"gitId":"cj143n"},"content":"            }","lastModifiedDate":"2025-03-19","isFullCredit":false},{"lineNumber":38,"author":{"gitId":"cj143n"},"content":"","lastModifiedDate":"2025-03-19","isFullCredit":false},{"lineNumber":39,"author":{"gitId":"cj143n"},"content":"            if (doctorInfo.length \u003d\u003d 2) {","lastModifiedDate":"2025-03-19","isFullCredit":false},{"lineNumber":40,"author":{"gitId":"cj143n"},"content":"                Doctor doctor \u003d new Doctor (doctorInfo[0].trim(), doctorInfo[1].trim(), \"NA\", \"NA\");","lastModifiedDate":"2025-03-19","isFullCredit":false},{"lineNumber":41,"author":{"gitId":"cj143n"},"content":"                DoctorListManager.addDoctor(doctor);","lastModifiedDate":"2025-03-19","isFullCredit":false},{"lineNumber":42,"author":{"gitId":"cj143n"},"content":"                System.out.println(\"Doctor \" + doctorInfo[0].trim() + \" successfully registered as doctor!\");","lastModifiedDate":"2025-03-19","isFullCredit":false},{"lineNumber":43,"author":{"gitId":"cj143n"},"content":"            } else {","lastModifiedDate":"2025-03-19","isFullCredit":false},{"lineNumber":44,"author":{"gitId":"cj143n"},"content":"                throw new IllegalArgumentException(\"Compulsory doctor details are not entered.\\n\" +","lastModifiedDate":"2025-03-20","isFullCredit":false},{"lineNumber":45,"author":{"gitId":"cj143n"},"content":"                        \"Expected Format: oncall name/specialisation. Please re-enter.\");","lastModifiedDate":"2025-03-20","isFullCredit":false},{"lineNumber":46,"author":{"gitId":"cj143n"},"content":"            }","lastModifiedDate":"2025-03-19","isFullCredit":false},{"lineNumber":47,"author":{"gitId":"cj143n"},"content":"        } catch (IllegalArgumentException e) {","lastModifiedDate":"2025-03-19","isFullCredit":false},{"lineNumber":48,"author":{"gitId":"cj143n"},"content":"            System.out.println(e.getMessage());","lastModifiedDate":"2025-03-19","isFullCredit":false},{"lineNumber":49,"author":{"gitId":"cj143n"},"content":"        }","lastModifiedDate":"2025-03-19","isFullCredit":false},{"lineNumber":50,"author":{"gitId":"cj143n"},"content":"","lastModifiedDate":"2025-03-19","isFullCredit":false},{"lineNumber":51,"author":{"gitId":"cj143n"},"content":"    }","lastModifiedDate":"2025-03-19","isFullCredit":false},{"lineNumber":52,"author":{"gitId":"cj143n"},"content":"}","lastModifiedDate":"2025-03-19","isFullCredit":false}],"authorContributionMap":{"cj143n":52}},{"path":"src/main/java/seedu/duke/TaskManager.java","fileType":"functional-code","lines":[{"lineNumber":1,"author":{"gitId":"siqiangz"},"content":"package seedu.duke;","lastModifiedDate":"2025-03-18","isFullCredit":false},{"lineNumber":2,"author":{"gitId":"siqiangz"},"content":"","lastModifiedDate":"2025-03-18","isFullCredit":false},{"lineNumber":3,"author":{"gitId":"siqiangz"},"content":"public class TaskManager {","lastModifiedDate":"2025-03-18","isFullCredit":false},{"lineNumber":4,"author":{"gitId":"siqiangz"},"content":"","lastModifiedDate":"2025-03-18","isFullCredit":false},{"lineNumber":5,"author":{"gitId":"siqiangz"},"content":"    public static void checkCommand(String input) {","lastModifiedDate":"2025-03-19","isFullCredit":false},{"lineNumber":6,"author":{"gitId":"siqiangz"},"content":"        String[] words \u003d input.split(\" \", 2);","lastModifiedDate":"2025-03-19","isFullCredit":false},{"lineNumber":7,"author":{"gitId":"siqiangz"},"content":"        String command \u003d words[0].toLowerCase();","lastModifiedDate":"2025-03-19","isFullCredit":false},{"lineNumber":8,"author":{"gitId":"siqiangz"},"content":"        String arguments \u003d words.length \u003e 1 ? words[1] : \"\";","lastModifiedDate":"2025-03-19","isFullCredit":false},{"lineNumber":9,"author":{"gitId":"siqiangz"},"content":"        switch (command) {","lastModifiedDate":"2025-03-18","isFullCredit":false},{"lineNumber":10,"author":{"gitId":"siqiangz"},"content":"        case \"help\":","lastModifiedDate":"2025-03-18","isFullCredit":false},{"lineNumber":11,"author":{"gitId":"Li-JunXian"},"content":"            Ui.printHelpTable();","lastModifiedDate":"2025-03-19","isFullCredit":false},{"lineNumber":12,"author":{"gitId":"siqiangz"},"content":"            break;","lastModifiedDate":"2025-03-18","isFullCredit":false},{"lineNumber":13,"author":{"gitId":"siqiangz"},"content":"        case \"register\":","lastModifiedDate":"2025-03-18","isFullCredit":false},{"lineNumber":14,"author":{"gitId":"cj143n"},"content":"            Registration.registerPatient(arguments);","lastModifiedDate":"2025-03-19","isFullCredit":false},{"lineNumber":15,"author":{"gitId":"siqiangz"},"content":"            break;","lastModifiedDate":"2025-03-18","isFullCredit":false},{"lineNumber":16,"author":{"gitId":"siqiangz"},"content":"        case \"oncall\":","lastModifiedDate":"2025-03-18","isFullCredit":false},{"lineNumber":17,"author":{"gitId":"cj143n"},"content":"            Registration.registerDoctor(arguments);","lastModifiedDate":"2025-03-19","isFullCredit":false},{"lineNumber":18,"author":{"gitId":"siqiangz"},"content":"            break;","lastModifiedDate":"2025-03-18","isFullCredit":false},{"lineNumber":19,"author":{"gitId":"siqiangz"},"content":"        case \"patient\":","lastModifiedDate":"2025-03-18","isFullCredit":false},{"lineNumber":20,"author":{"gitId":"siqiangz"},"content":"            //viewPatient(arguments);","lastModifiedDate":"2025-03-18","isFullCredit":false},{"lineNumber":21,"author":{"gitId":"siqiangz"},"content":"            break;","lastModifiedDate":"2025-03-18","isFullCredit":false},{"lineNumber":22,"author":{"gitId":"siqiangz"},"content":"        case \"doctor\":","lastModifiedDate":"2025-03-18","isFullCredit":false},{"lineNumber":23,"author":{"gitId":"siqiangz"},"content":"            //viewDoctor(arguments);","lastModifiedDate":"2025-03-18","isFullCredit":false},{"lineNumber":24,"author":{"gitId":"siqiangz"},"content":"            break;","lastModifiedDate":"2025-03-18","isFullCredit":false},{"lineNumber":25,"author":{"gitId":"siqiangz"},"content":"        case \"list\":","lastModifiedDate":"2025-03-18","isFullCredit":false},{"lineNumber":26,"author":{"gitId":"siqiangz"},"content":"            if (arguments.equals(\"patient\")) {","lastModifiedDate":"2025-03-19","isFullCredit":false},{"lineNumber":27,"author":{"gitId":"siqiangz"},"content":"                PatientListManager.listPatients();","lastModifiedDate":"2025-03-19","isFullCredit":false},{"lineNumber":28,"author":{"gitId":"siqiangz"},"content":"            } else if (arguments.equals(\"doctor\")) {","lastModifiedDate":"2025-03-19","isFullCredit":false},{"lineNumber":29,"author":{"gitId":"siqiangz"},"content":"                DoctorListManager.listDoctors();","lastModifiedDate":"2025-03-19","isFullCredit":false},{"lineNumber":30,"author":{"gitId":"siqiangz"},"content":"            } else {","lastModifiedDate":"2025-03-18","isFullCredit":false},{"lineNumber":31,"author":{"gitId":"siqiangz"},"content":"                System.out.println(\"Invalid list command.\");","lastModifiedDate":"2025-03-19","isFullCredit":false},{"lineNumber":32,"author":{"gitId":"siqiangz"},"content":"            }","lastModifiedDate":"2025-03-18","isFullCredit":false},{"lineNumber":33,"author":{"gitId":"siqiangz"},"content":"            break;","lastModifiedDate":"2025-03-18","isFullCredit":false},{"lineNumber":34,"author":{"gitId":"siqiangz"},"content":"        case \"update\":","lastModifiedDate":"2025-03-18","isFullCredit":false},{"lineNumber":35,"author":{"gitId":"siqiangz"},"content":"            if (arguments.startsWith(\"patient\")) {","lastModifiedDate":"2025-03-18","isFullCredit":false},{"lineNumber":36,"author":{"gitId":"siqiangz"},"content":"                PatientUpdater.updatePatient(arguments.substring(8));","lastModifiedDate":"2025-03-19","isFullCredit":false},{"lineNumber":37,"author":{"gitId":"siqiangz"},"content":"            } else if (arguments.startsWith(\"doctor\")) {","lastModifiedDate":"2025-03-18","isFullCredit":false},{"lineNumber":38,"author":{"gitId":"siqiangz"},"content":"                DoctorUpdater.updateDoctor(arguments.substring(7));","lastModifiedDate":"2025-03-19","isFullCredit":false},{"lineNumber":39,"author":{"gitId":"siqiangz"},"content":"            } else {","lastModifiedDate":"2025-03-18","isFullCredit":false},{"lineNumber":40,"author":{"gitId":"siqiangz"},"content":"                System.out.println(\"Invalid update command.\");","lastModifiedDate":"2025-03-18","isFullCredit":false},{"lineNumber":41,"author":{"gitId":"siqiangz"},"content":"            }","lastModifiedDate":"2025-03-18","isFullCredit":false},{"lineNumber":42,"author":{"gitId":"siqiangz"},"content":"            break;","lastModifiedDate":"2025-03-18","isFullCredit":false},{"lineNumber":43,"author":{"gitId":"siqiangz"},"content":"        case \"discharge\":","lastModifiedDate":"2025-03-18","isFullCredit":false},{"lineNumber":44,"author":{"gitId":"jhu0748"},"content":"            if (arguments.startsWith(\"patient\")) {","lastModifiedDate":"2025-03-19","isFullCredit":false},{"lineNumber":45,"author":{"gitId":"siqiangz"},"content":"                PatientDischarger.dischargePatient(arguments.substring((7)));","lastModifiedDate":"2025-03-19","isFullCredit":false},{"lineNumber":46,"author":{"gitId":"jhu0748"},"content":"            } else {","lastModifiedDate":"2025-03-19","isFullCredit":false},{"lineNumber":47,"author":{"gitId":"jhu0748"},"content":"                System.out.println(\"Invalid discharge patient command.\");","lastModifiedDate":"2025-03-19","isFullCredit":false},{"lineNumber":48,"author":{"gitId":"jhu0748"},"content":"            }","lastModifiedDate":"2025-03-19","isFullCredit":false},{"lineNumber":49,"author":{"gitId":"siqiangz"},"content":"            break;","lastModifiedDate":"2025-03-18","isFullCredit":false},{"lineNumber":50,"author":{"gitId":"siqiangz"},"content":"        case \"delete\":","lastModifiedDate":"2025-03-18","isFullCredit":false},{"lineNumber":51,"author":{"gitId":"jhu0748"},"content":"            if(arguments.startsWith(\"doctor\")) {","lastModifiedDate":"2025-03-19","isFullCredit":false},{"lineNumber":52,"author":{"gitId":"siqiangz"},"content":"                DoctorDeleter.deleteDoctor(arguments.substring(6));","lastModifiedDate":"2025-03-19","isFullCredit":false},{"lineNumber":53,"author":{"gitId":"jhu0748"},"content":"            } else {","lastModifiedDate":"2025-03-19","isFullCredit":false},{"lineNumber":54,"author":{"gitId":"jhu0748"},"content":"                System.out.println(\"Invalid delete doctor command.\");","lastModifiedDate":"2025-03-19","isFullCredit":false},{"lineNumber":55,"author":{"gitId":"jhu0748"},"content":"            }","lastModifiedDate":"2025-03-19","isFullCredit":false},{"lineNumber":56,"author":{"gitId":"siqiangz"},"content":"            break;","lastModifiedDate":"2025-03-18","isFullCredit":false},{"lineNumber":57,"author":{"gitId":"siqiangz"},"content":"        case \"exit\":","lastModifiedDate":"2025-03-18","isFullCredit":false},{"lineNumber":58,"author":{"gitId":"siqiangz"},"content":"            System.out.println(\"Exiting MediNote...\");","lastModifiedDate":"2025-03-18","isFullCredit":false},{"lineNumber":59,"author":{"gitId":"siqiangz"},"content":"            break;","lastModifiedDate":"2025-03-19","isFullCredit":false},{"lineNumber":60,"author":{"gitId":"siqiangz"},"content":"        default:","lastModifiedDate":"2025-03-18","isFullCredit":false},{"lineNumber":61,"author":{"gitId":"siqiangz"},"content":"            System.out.println(\"Invalid command. Type \u0027help\u0027 for a list of commands.\");","lastModifiedDate":"2025-03-18","isFullCredit":false},{"lineNumber":62,"author":{"gitId":"siqiangz"},"content":"            break;","lastModifiedDate":"2025-03-18","isFullCredit":false},{"lineNumber":63,"author":{"gitId":"siqiangz"},"content":"        }","lastModifiedDate":"2025-03-18","isFullCredit":false},{"lineNumber":64,"author":{"gitId":"siqiangz"},"content":"    }","lastModifiedDate":"2025-03-18","isFullCredit":false},{"lineNumber":65,"author":{"gitId":"siqiangz"},"content":"}","lastModifiedDate":"2025-03-18","isFullCredit":false}],"authorContributionMap":{"siqiangz":54,"jhu0748":8,"Li-JunXian":1,"cj143n":2}},{"path":"src/main/java/seedu/duke/Ui.java","fileType":"functional-code","lines":[{"lineNumber":1,"author":{"gitId":"Li-JunXian"},"content":"package seedu.duke;","lastModifiedDate":"2025-03-19","isFullCredit":false},{"lineNumber":2,"author":{"gitId":"Li-JunXian"},"content":"","lastModifiedDate":"2025-03-19","isFullCredit":false},{"lineNumber":3,"author":{"gitId":"Li-JunXian"},"content":"public class Ui {","lastModifiedDate":"2025-03-19","isFullCredit":false},{"lineNumber":4,"author":{"gitId":"cj143n"},"content":"","lastModifiedDate":"2025-03-20","isFullCredit":false},{"lineNumber":5,"author":{"gitId":"cj143n"},"content":"    public static final String UI_LINE_BREAK \u003d \"\u003d\u003d\u003d\u003d\u003d\u003d\u003d\u003d\u003d\u003d\u003d\u003d\u003d\u003d\u003d\u003d\u003d\u003d\u003d\u003d\u003d\u003d\u003d\u003d\u003d\u003d\u003d\u003d\u003d\u003d\u003d\u003d\u003d\u003d\u003d\u003d\u003d\u003d\u003d\u003d\u003d\u003d\u003d\u003d\u003d\u003d\u003d\" +","lastModifiedDate":"2025-03-20","isFullCredit":false},{"lineNumber":6,"author":{"gitId":"cj143n"},"content":"            \"\u003d\u003d\u003d\u003d\u003d\u003d\u003d\u003d\u003d\u003d\u003d\u003d\u003d\u003d\u003d\u003d\u003d\u003d\u003d\u003d\u003d\u003d\u003d\u003d\u003d\u003d\u003d\u003d\u003d\u003d\u003d\u003d\u003d\u003d\u003d\u003d\u003d\u003d\u003d\u003d\u003d\u003d\u003d\u003d\u003d\u003d\u003d\";","lastModifiedDate":"2025-03-20","isFullCredit":false},{"lineNumber":7,"author":{"gitId":"cj143n"},"content":"","lastModifiedDate":"2025-03-20","isFullCredit":false},{"lineNumber":8,"author":{"gitId":"Li-JunXian"},"content":"    public static void printHelpTable() {","lastModifiedDate":"2025-03-19","isFullCredit":false},{"lineNumber":9,"author":{"gitId":"Li-JunXian"},"content":"        String format \u003d \"%-20s | %-80s%n\"; // Formatting for alignment","lastModifiedDate":"2025-03-19","isFullCredit":false},{"lineNumber":10,"author":{"gitId":"Li-JunXian"},"content":"","lastModifiedDate":"2025-03-19","isFullCredit":false},{"lineNumber":11,"author":{"gitId":"cj143n"},"content":"        System.out.println(UI_LINE_BREAK);","lastModifiedDate":"2025-03-20","isFullCredit":false},{"lineNumber":12,"author":{"gitId":"Li-JunXian"},"content":"        System.out.printf(format, \"Keyword\", \"Action\");","lastModifiedDate":"2025-03-19","isFullCredit":false},{"lineNumber":13,"author":{"gitId":"cj143n"},"content":"        System.out.println(UI_LINE_BREAK);","lastModifiedDate":"2025-03-20","isFullCredit":false},{"lineNumber":14,"author":{"gitId":"Li-JunXian"},"content":"","lastModifiedDate":"2025-03-19","isFullCredit":false},{"lineNumber":15,"author":{"gitId":"Li-JunXian"},"content":"        printRow(\"help\", \"Shows a list of commands for navigating the database\");","lastModifiedDate":"2025-03-19","isFullCredit":false},{"lineNumber":16,"author":{"gitId":"Li-JunXian"},"content":"        printEmptyRow();","lastModifiedDate":"2025-03-19","isFullCredit":false},{"lineNumber":17,"author":{"gitId":"Li-JunXian"},"content":"","lastModifiedDate":"2025-03-19","isFullCredit":false},{"lineNumber":18,"author":{"gitId":"Li-JunXian"},"content":"        printRow(\"register\", \"Registers new patient with necessary details:\");","lastModifiedDate":"2025-03-19","isFullCredit":false},{"lineNumber":19,"author":{"gitId":"Li-JunXian"},"content":"        printRow(\"\", \"• \u003cNAME\u003e\");","lastModifiedDate":"2025-03-19","isFullCredit":false},{"lineNumber":20,"author":{"gitId":"Li-JunXian"},"content":"        printRow(\"\", \"• \u003cSYMPTOMS\u003e\");","lastModifiedDate":"2025-03-19","isFullCredit":false},{"lineNumber":21,"author":{"gitId":"Li-JunXian"},"content":"        printRow(\"\", \"• \u003cTIMESTAMP\u003e\");","lastModifiedDate":"2025-03-19","isFullCredit":false},{"lineNumber":22,"author":{"gitId":"Li-JunXian"},"content":"        printRow(\"\", \"• \u003cMEDICAL HISTORY\u003e\");","lastModifiedDate":"2025-03-19","isFullCredit":false},{"lineNumber":23,"author":{"gitId":"Li-JunXian"},"content":"        printRow(\"\", \"Format: register / \u003cNAME\u003e / \u003cSYMPTOMS\u003e / \u003cTIMESTAMP\u003e / \u003cMEDICAL HISTORY\u003e\");","lastModifiedDate":"2025-03-19","isFullCredit":false},{"lineNumber":24,"author":{"gitId":"Li-JunXian"},"content":"        printEmptyRow();","lastModifiedDate":"2025-03-19","isFullCredit":false},{"lineNumber":25,"author":{"gitId":"Li-JunXian"},"content":"","lastModifiedDate":"2025-03-19","isFullCredit":false},{"lineNumber":26,"author":{"gitId":"Li-JunXian"},"content":"        printRow(\"oncall\", \"Register on-call doctor(s) with necessary details:\");","lastModifiedDate":"2025-03-19","isFullCredit":false},{"lineNumber":27,"author":{"gitId":"Li-JunXian"},"content":"        printRow(\"\", \"• \u003cNAME\u003e\");","lastModifiedDate":"2025-03-19","isFullCredit":false},{"lineNumber":28,"author":{"gitId":"Li-JunXian"},"content":"        printRow(\"\", \"• \u003cSPECIALISATION\u003e\");","lastModifiedDate":"2025-03-19","isFullCredit":false},{"lineNumber":29,"author":{"gitId":"Li-JunXian"},"content":"        printRow(\"\", \"Format: onCall / \u003cNAME\u003e / \u003cSPECIALISATION\u003e\");","lastModifiedDate":"2025-03-19","isFullCredit":false},{"lineNumber":30,"author":{"gitId":"Li-JunXian"},"content":"        printEmptyRow();","lastModifiedDate":"2025-03-19","isFullCredit":false},{"lineNumber":31,"author":{"gitId":"Li-JunXian"},"content":"","lastModifiedDate":"2025-03-19","isFullCredit":false},{"lineNumber":32,"author":{"gitId":"Li-JunXian"},"content":"        printRow(\"patient\", \"Displays specific patient information such as:\");","lastModifiedDate":"2025-03-19","isFullCredit":false},{"lineNumber":33,"author":{"gitId":"Li-JunXian"},"content":"        printRow(\"\", \"• Name\");","lastModifiedDate":"2025-03-19","isFullCredit":false},{"lineNumber":34,"author":{"gitId":"Li-JunXian"},"content":"        printRow(\"\", \"• Symptoms\");","lastModifiedDate":"2025-03-19","isFullCredit":false},{"lineNumber":35,"author":{"gitId":"Li-JunXian"},"content":"        printRow(\"\", \"• Timestamp\");","lastModifiedDate":"2025-03-19","isFullCredit":false},{"lineNumber":36,"author":{"gitId":"Li-JunXian"},"content":"        printRow(\"\", \"• Medical history\");","lastModifiedDate":"2025-03-19","isFullCredit":false},{"lineNumber":37,"author":{"gitId":"Li-JunXian"},"content":"        printRow(\"\", \"• Treatment status (if any)\");","lastModifiedDate":"2025-03-19","isFullCredit":false},{"lineNumber":38,"author":{"gitId":"Li-JunXian"},"content":"        printRow(\"\", \"• Doctors assigned (if any)\");","lastModifiedDate":"2025-03-19","isFullCredit":false},{"lineNumber":39,"author":{"gitId":"Li-JunXian"},"content":"        printRow(\"\", \"Note: \u003cNAME\u003e inputted does not need to be case-sensitive\");","lastModifiedDate":"2025-03-19","isFullCredit":false},{"lineNumber":40,"author":{"gitId":"Li-JunXian"},"content":"        printEmptyRow();","lastModifiedDate":"2025-03-19","isFullCredit":false},{"lineNumber":41,"author":{"gitId":"Li-JunXian"},"content":"","lastModifiedDate":"2025-03-19","isFullCredit":false},{"lineNumber":42,"author":{"gitId":"Li-JunXian"},"content":"        printRow(\"doctor\", \"Displays specific doctor information such as:\");","lastModifiedDate":"2025-03-19","isFullCredit":false},{"lineNumber":43,"author":{"gitId":"Li-JunXian"},"content":"        printRow(\"\", \"• Specialisation\");","lastModifiedDate":"2025-03-19","isFullCredit":false},{"lineNumber":44,"author":{"gitId":"Li-JunXian"},"content":"        printRow(\"\", \"• Availability\");","lastModifiedDate":"2025-03-19","isFullCredit":false},{"lineNumber":45,"author":{"gitId":"Li-JunXian"},"content":"        printRow(\"\", \"• Patients under the doctor (if any)\");","lastModifiedDate":"2025-03-19","isFullCredit":false},{"lineNumber":46,"author":{"gitId":"Li-JunXian"},"content":"        printRow(\"\", \"Note: \u003cNAME\u003e inputted does not need to be case-sensitive\");","lastModifiedDate":"2025-03-19","isFullCredit":false},{"lineNumber":47,"author":{"gitId":"Li-JunXian"},"content":"        printEmptyRow();","lastModifiedDate":"2025-03-19","isFullCredit":false},{"lineNumber":48,"author":{"gitId":"Li-JunXian"},"content":"","lastModifiedDate":"2025-03-19","isFullCredit":false},{"lineNumber":49,"author":{"gitId":"Li-JunXian"},"content":"        printRow(\"list patient\", \"Displays all the patients in the patients class array that are yet to be discharged\");","lastModifiedDate":"2025-03-19","isFullCredit":false},{"lineNumber":50,"author":{"gitId":"Li-JunXian"},"content":"        printRow(\"list doctor\", \"Displays all doctors available in the hospital\");","lastModifiedDate":"2025-03-19","isFullCredit":false},{"lineNumber":51,"author":{"gitId":"Li-JunXian"},"content":"        printEmptyRow();","lastModifiedDate":"2025-03-19","isFullCredit":false},{"lineNumber":52,"author":{"gitId":"Li-JunXian"},"content":"","lastModifiedDate":"2025-03-19","isFullCredit":false},{"lineNumber":53,"author":{"gitId":"Li-JunXian"},"content":"        printRow(\"update patient\", \"Updates corresponding patient’s information on:\");","lastModifiedDate":"2025-03-19","isFullCredit":false},{"lineNumber":54,"author":{"gitId":"Li-JunXian"},"content":"        printRow(\"\", \"• \u003cTREATMENT STATUS\u003e whether they are still in queue or being treated\");","lastModifiedDate":"2025-03-19","isFullCredit":false},{"lineNumber":55,"author":{"gitId":"Li-JunXian"},"content":"        printRow(\"\", \"• \u003cDOCTOR ASSIGNED\u003e the doctor that they are assigned\");","lastModifiedDate":"2025-03-19","isFullCredit":false},{"lineNumber":56,"author":{"gitId":"Li-JunXian"},"content":"        printEmptyRow();","lastModifiedDate":"2025-03-19","isFullCredit":false},{"lineNumber":57,"author":{"gitId":"Li-JunXian"},"content":"","lastModifiedDate":"2025-03-19","isFullCredit":false},{"lineNumber":58,"author":{"gitId":"Li-JunXian"},"content":"        printRow(\"update doctor\", \"Updates corresponding doctor information on:\");","lastModifiedDate":"2025-03-19","isFullCredit":false},{"lineNumber":59,"author":{"gitId":"Li-JunXian"},"content":"        printRow(\"\", \"• \u003cAVAILABILITY\u003e their current working status\");","lastModifiedDate":"2025-03-19","isFullCredit":false},{"lineNumber":60,"author":{"gitId":"Li-JunXian"},"content":"        printRow(\"\", \"• \u003cPATIENT NAME\u003e the patient they are currently treating (if any)\");","lastModifiedDate":"2025-03-19","isFullCredit":false},{"lineNumber":61,"author":{"gitId":"Li-JunXian"},"content":"        printEmptyRow();","lastModifiedDate":"2025-03-19","isFullCredit":false},{"lineNumber":62,"author":{"gitId":"Li-JunXian"},"content":"","lastModifiedDate":"2025-03-19","isFullCredit":false},{"lineNumber":63,"author":{"gitId":"Li-JunXian"},"content":"        printRow(\"discharge patient\", \"Deletes patient and corresponding information from the database.\");","lastModifiedDate":"2025-03-19","isFullCredit":false},{"lineNumber":64,"author":{"gitId":"Li-JunXian"},"content":"        printRow(\"delete doctor\", \"Deletes doctor and corresponding information from the database\");","lastModifiedDate":"2025-03-19","isFullCredit":false},{"lineNumber":65,"author":{"gitId":"Li-JunXian"},"content":"        printEmptyRow();","lastModifiedDate":"2025-03-19","isFullCredit":false},{"lineNumber":66,"author":{"gitId":"Li-JunXian"},"content":"","lastModifiedDate":"2025-03-19","isFullCredit":false},{"lineNumber":67,"author":{"gitId":"Li-JunXian"},"content":"        printRow(\"clear patients\", \"Clears all patient entries from the database\");","lastModifiedDate":"2025-03-19","isFullCredit":false},{"lineNumber":68,"author":{"gitId":"Li-JunXian"},"content":"        printRow(\"clear doctors\", \"Clears all doctor entries from the database\");","lastModifiedDate":"2025-03-19","isFullCredit":false},{"lineNumber":69,"author":{"gitId":"Li-JunXian"},"content":"        printEmptyRow();","lastModifiedDate":"2025-03-19","isFullCredit":false},{"lineNumber":70,"author":{"gitId":"Li-JunXian"},"content":"","lastModifiedDate":"2025-03-19","isFullCredit":false},{"lineNumber":71,"author":{"gitId":"Li-JunXian"},"content":"        printRow(\"exit\", \"Exits the program\");","lastModifiedDate":"2025-03-19","isFullCredit":false},{"lineNumber":72,"author":{"gitId":"Li-JunXian"},"content":"","lastModifiedDate":"2025-03-19","isFullCredit":false},{"lineNumber":73,"author":{"gitId":"cj143n"},"content":"        System.out.println(UI_LINE_BREAK);","lastModifiedDate":"2025-03-20","isFullCredit":false},{"lineNumber":74,"author":{"gitId":"Li-JunXian"},"content":"    }","lastModifiedDate":"2025-03-19","isFullCredit":false},{"lineNumber":75,"author":{"gitId":"Li-JunXian"},"content":"","lastModifiedDate":"2025-03-19","isFullCredit":false},{"lineNumber":76,"author":{"gitId":"Li-JunXian"},"content":"    public static void printRow(String keyword, String action) {","lastModifiedDate":"2025-03-19","isFullCredit":false},{"lineNumber":77,"author":{"gitId":"Li-JunXian"},"content":"        System.out.printf(\"%-20s | %-80s%n\", keyword, action);","lastModifiedDate":"2025-03-19","isFullCredit":false},{"lineNumber":78,"author":{"gitId":"Li-JunXian"},"content":"    }","lastModifiedDate":"2025-03-19","isFullCredit":false},{"lineNumber":79,"author":{"gitId":"Li-JunXian"},"content":"","lastModifiedDate":"2025-03-19","isFullCredit":false},{"lineNumber":80,"author":{"gitId":"Li-JunXian"},"content":"    public static void printEmptyRow() {","lastModifiedDate":"2025-03-19","isFullCredit":false},{"lineNumber":81,"author":{"gitId":"Li-JunXian"},"content":"        System.out.printf(\"%-20s | %-80s%n\", \"\", \"\");","lastModifiedDate":"2025-03-19","isFullCredit":false},{"lineNumber":82,"author":{"gitId":"Li-JunXian"},"content":"    }","lastModifiedDate":"2025-03-19","isFullCredit":false},{"lineNumber":83,"author":{"gitId":"Li-JunXian"},"content":"","lastModifiedDate":"2025-03-19","isFullCredit":false},{"lineNumber":84,"author":{"gitId":"Li-JunXian"},"content":"}","lastModifiedDate":"2025-03-19","isFullCredit":false}],"authorContributionMap":{"Li-JunXian":77,"cj143n":7}}]
