{"authorDailyContributionsMap":{"Markneoneo":[{"date":"2025-03-01","commitResults":[{"hash":"cc20609bf3bd091053b24f69b107f743ee1740a8","isMergeCommit":false,"messageTitle":"Poker Hands:","messageBody":"- Added Card Class: Each with a Rank and Suit, and each rank has their own Chips value.\n- Added HandResult Class: Contains the Name of the Hand, number of chips its worth, and the multiplier it provides.\n- Added PokerHand Class: Takes in a list of 5 Cards and calculates what hand they equate to. Returns a HandResult.\n- Added Javatro Class: This will act as the main function class where the user launches the game.\n\n- Added PokerHandTest: To check all possible poker hand cards.\n- Updated build.gradle to the correct directories.\n","fileTypesAndContributionMap":{"functional-code":{"insertions":191,"deletions":0},"other":{"insertions":2,"deletions":2},"test-code":{"insertions":138,"deletions":0}}},{"hash":"b89364593026f19a7e06108e0d7ba40333a2fc08","isMergeCommit":true,"messageTitle":"Merge branch \u0027AY2425S2-CS2113-W13-1:master\u0027 into PokerHand","messageBody":"","fileTypesAndContributionMap":{}},{"hash":"d98c6483f17b9b14cdf72f2fd63f66a1e2ecc87c","isMergeCommit":false,"messageTitle":"Fixed import issues","messageBody":"","fileTypesAndContributionMap":{"test-code":{"insertions":1,"deletions":1}}},{"hash":"f3ce3b14fb3e8546db3fa5785790f6b83e5e79bd","isMergeCommit":true,"messageTitle":"Merge branch \u0027master\u0027 into PokerHand","messageBody":"","fileTypesAndContributionMap":{}},{"hash":"809100dfccb5bd4833e5cb7ad50b9e93ea8880c7","isMergeCommit":true,"messageTitle":"Merge branch \u0027PokerHand\u0027 of https://github.com/Markneoneo/tp into PokerHand","messageBody":"","fileTypesAndContributionMap":{}}]},{"date":"2025-03-05","commitResults":[{"hash":"5bbebabbc9f9150de200d598eeebb75677f79b07","isMergeCommit":false,"messageTitle":"Updated AboutUs.md","messageBody":"","fileTypesAndContributionMap":{"docs":{"insertions":4,"deletions":7}}},{"hash":"578e80dfd33a2e81b1f12429946f5cdba30664d1","isMergeCommit":true,"messageTitle":"Merge pull request #48 from flyingapricot/Neeraj-AboutUs","messageBody":"Updated Neeraj\u0027s info on AboutUs PR","fileTypesAndContributionMap":{}},{"hash":"b9aa6af7da77e74a736696dcec0a26db1fc1a9ca","isMergeCommit":true,"messageTitle":"Resolve merge conflict","messageBody":"","fileTypesAndContributionMap":{}}]},{"date":"2025-03-06","commitResults":[{"hash":"5f154b72311ee6339197559bfd9afe489af52a4e","isMergeCommit":false,"messageTitle":"Added extensive Unit test cases.","messageBody":"","fileTypesAndContributionMap":{"test-code":{"insertions":302,"deletions":86}}},{"hash":"2a792b57e2bdba9072d63a8ea80f1198f55c407b","isMergeCommit":false,"messageTitle":"Deleted seedu.duke files","messageBody":"","fileTypesAndContributionMap":{"functional-code":{"insertions":0,"deletions":20},"test-code":{"insertions":0,"deletions":12}}},{"hash":"48db7c2b39759e7507915345d0fe73b1b0f3b5e0","isMergeCommit":false,"messageTitle":"Refactor naming, improve HandResult, and fix isStraight() detection","messageBody":"- Swapped PokerHand and HandResult names for better clarity:\n  - PokerHand: Stores different types of playable poker hands.\n  - HandResult: Evaluates and returns the determined poker hand.\n\n- Added multi-card input functionality to HandResult.evaluateHand():\n  - Previously only accepted 5-card hands.\n  - Now supports hands with 1 to 5 cards.\n\n- Improved PokerHand:\n  - Added enums for all possible poker hands within the class.\n  - No longer constructs hands in HandResult.\n\n- Fixed isStraight() to correctly detect Ace-low straights (A-2-3-4-5).\n\n- Added Javadocs for Card, HandResult, PokerHand, Javatro, and HandResultTest.\n\n- Used static imports for Card.Rank, Card.Suit, and PokerHand.HandType for better readability.\n\n- Retained priority-based approach in HandResult evaluation:\n  - Considered a map-based approach but found the current method simpler and clearer.\n","fileTypesAndContributionMap":{"functional-code":{"insertions":287,"deletions":101},"test-code":{"insertions":497,"deletions":356}}},{"hash":"c4ed400d8f3cac41d4d595b827f03d73262e380c","isMergeCommit":true,"messageTitle":"Merge branch \u0027AY2425S2-CS2113-W13-1:master\u0027 into Update-PokerHand","messageBody":"","fileTypesAndContributionMap":{}},{"hash":"c3f07b86fa7485acb4d2b2f04a5b9d2626042347","isMergeCommit":false,"messageTitle":"Changed star imports into single imports.","messageBody":"","fileTypesAndContributionMap":{"functional-code":{"insertions":23,"deletions":4},"test-code":{"insertions":17,"deletions":2}}}]},{"date":"2025-03-08","commitResults":[{"hash":"9c93428ed929c99f5e99bad3d11521232db9db80","isMergeCommit":false,"messageTitle":"Added JavatroException.","messageBody":"","fileTypesAndContributionMap":{"functional-code":{"insertions":33,"deletions":2}}},{"hash":"5dca627015968b3008af67d66adbceb9b3020424","isMergeCommit":false,"messageTitle":"Moved High Card to default case","messageBody":"","fileTypesAndContributionMap":{"functional-code":{"insertions":2,"deletions":2}}}]},{"date":"2025-03-16","commitResults":[{"hash":"d8e7e1a427599f8e019431964402a87f37f2d3d6","isMergeCommit":true,"messageTitle":"Merge pull request #45 from flyingapricot/Create-Structure","messageBody":"Set up Project Structure (Core, Manager, View)","fileTypesAndContributionMap":{}}]}],"swethacool":[],"flyingapricot":[{"date":"2025-03-01","commitResults":[{"hash":"b6b7f20840b94d7c105feec3b837b28bf28e946a","isMergeCommit":false,"messageTitle":"Update gradle.yml","messageBody":"","fileTypesAndContributionMap":{"other":{"insertions":6,"deletions":2}}},{"hash":"c81d35429fbdd4938068009af82d16e2c953f179","isMergeCommit":false,"messageTitle":"Update checkstyle.xml to update the supression.xml location","messageBody":"","fileTypesAndContributionMap":{"other":{"insertions":1,"deletions":1}}},{"hash":"4de8b45e6fe786ffbaaf104a8c9ad67024b0b221","isMergeCommit":false,"messageTitle":"Create FormatLintTest.yml to automate formatting, linting and testing","messageBody":"","fileTypesAndContributionMap":{"other":{"insertions":89,"deletions":0}}},{"hash":"7639d6f74b275d7ac16e2673678beb005b51b993","isMergeCommit":false,"messageTitle":"yml now also builds and uploads the .jar as an artefact","messageBody":"","fileTypesAndContributionMap":{"other":{"insertions":33,"deletions":0}}},{"hash":"85008c23a73b7c33a09768c1c19a8c491337292a","isMergeCommit":false,"messageTitle":"Updated to upload-artefact v4","messageBody":"","fileTypesAndContributionMap":{"other":{"insertions":1,"deletions":1}}},{"hash":"87820e8cd48cbd3cfac6decbfac99121e870d363","isMergeCommit":false,"messageTitle":"Skipping Checkstyle since it is performed earlier","messageBody":"","fileTypesAndContributionMap":{"other":{"insertions":2,"deletions":2}}},{"hash":"20d69bf1d3c3b759b5f98da7b06849ac753ce41f","isMergeCommit":false,"messageTitle":"Update README.md to include super linter status","messageBody":"","fileTypesAndContributionMap":{"docs":{"insertions":2,"deletions":1}}},{"hash":"a3bdec17cf4e234bb3d384ad026c93c7f9aeb59c","isMergeCommit":true,"messageTitle":"Merge pull request #30 from Markneoneo/PokerHand","messageBody":"Poker Hand Class","fileTypesAndContributionMap":{}},{"hash":"3eec14c478c0e44b2c34259f904a681aea748c96","isMergeCommit":false,"messageTitle":"Retest of CI/CD","messageBody":"","fileTypesAndContributionMap":{"functional-code":{"insertions":1,"deletions":2}}},{"hash":"1302165c978d3a1021da563282003292b11f022a","isMergeCommit":false,"messageTitle":"Undoing the last change, wrong branch","messageBody":"","fileTypesAndContributionMap":{"functional-code":{"insertions":2,"deletions":1}}}]},{"date":"2025-03-02","commitResults":[{"hash":"88a89de6fa4f22eede213f420df8a90d62ecfeae","isMergeCommit":false,"messageTitle":"CI: Ensure Lint, Test, and Build steps use the latest formatted code","messageBody":"Previously, the Lint, Test, and Build steps could run on outdated code if the Auto Formatter made changes. This update ensures that each step fetches the latest commit after formatting, preventing inconsistencies and ensuring correctness.","fileTypesAndContributionMap":{"other":{"insertions":51,"deletions":20}}}]},{"date":"2025-03-03","commitResults":[{"hash":"cb2b4ec6d248e8797b5411018733397aa58c1827","isMergeCommit":false,"messageTitle":"Initialize basic project structure with package definitions","messageBody":"","fileTypesAndContributionMap":{"functional-code":{"insertions":31,"deletions":0}}}]},{"date":"2025-03-04","commitResults":[{"hash":"ad9e4a4e7a2630bc5b307dc0bd19156a8cb8a827","isMergeCommit":false,"messageTitle":"Added JavatroView class which is responsible for displaying the UI","messageBody":"","fileTypesAndContributionMap":{"functional-code":{"insertions":70,"deletions":24}}},{"hash":"2e8e4886aea59d43b44ee8b7107a40c93f9f0805","isMergeCommit":false,"messageTitle":"Added basic Start, Gameplay Screens and navigation between the 2 following the new project structure","messageBody":"","fileTypesAndContributionMap":{"functional-code":{"insertions":215,"deletions":24}}},{"hash":"40537fd55b374084b322824e2dfdf782dd0edbd7","isMergeCommit":false,"messageTitle":"Added Page Navigation and created base game screen view","messageBody":"","fileTypesAndContributionMap":{"functional-code":{"insertions":91,"deletions":22},"other":{"insertions":5,"deletions":1}}},{"hash":"51c27c5750353283b551c99a0d1c44d6681bd8da","isMergeCommit":true,"messageTitle":"Resolved merge conflicts","messageBody":"","fileTypesAndContributionMap":{}},{"hash":"5c07df4365f3e557027411bca0cb008665c144f3","isMergeCommit":false,"messageTitle":"Moved the Card, HandResult and PokerHand classes into the core package since they are related to the game logic","messageBody":"","fileTypesAndContributionMap":{"other":{"insertions":3,"deletions":3},"test-code":{"insertions":3,"deletions":0}}},{"hash":"4ac63644229159b63b97d095ef2fa179f9a7d94f","isMergeCommit":true,"messageTitle":"Merge branch \u0027Create-Structure\u0027 of https://github.com/flyingapricot/tp into Create-Structure Getting latest code from remote after auto-formatting.","messageBody":"","fileTypesAndContributionMap":{}},{"hash":"3064db3f3e8941813d7a4d910161da0489502ad4","isMergeCommit":false,"messageTitle":"Defined LoadGameScreen and LoadStartScreen commands to handle the loading of the game and start screen separately","messageBody":"","fileTypesAndContributionMap":{"functional-code":{"insertions":68,"deletions":17}}},{"hash":"dbbe2659b8b08e816bc2bb78b8b359f23188a74f","isMergeCommit":false,"messageTitle":"Added braces for if statement","messageBody":"","fileTypesAndContributionMap":{"functional-code":{"insertions":3,"deletions":1}}}]},{"date":"2025-03-05","commitResults":[{"hash":"c628429adc3e36386e1d69200b3b04d83338ed78","isMergeCommit":false,"messageTitle":"Updated Neeraj\u0027s info on AboutUs PR","messageBody":"","fileTypesAndContributionMap":{"docs":{"insertions":1,"deletions":5}}},{"hash":"f8911615702ba66e7d96214943794e1f090b9bff","isMergeCommit":true,"messageTitle":"Merge pull request #49 from Markneoneo/Markneoqihao-AboutUs","messageBody":"Updated AboutUs.md of Neo Qi Hao","fileTypesAndContributionMap":{}},{"hash":"cb4b485e340a411b8b44ccf70194b6aead9430a7","isMergeCommit":true,"messageTitle":"Merge pull request #50 from jwyk/JohnWooYiKai-AboutUs","messageBody":"Update AboutUs.md for John Woo Yi Kai","fileTypesAndContributionMap":{}}]},{"date":"2025-03-08","commitResults":[{"hash":"fe4451203bb3a7c7f379d98880626ba499c12e09","isMergeCommit":true,"messageTitle":"Merge pull request #52 from Markneoneo/Update-PokerHand","messageBody":"Overall Code Improvement","fileTypesAndContributionMap":{}},{"hash":"f95a727502e77b087952a11f9b0dbd8769574248","isMergeCommit":true,"messageTitle":"Merge pull request #54 from jwyk/Fix-Exception","messageBody":"Fix JavatroExceptions not being thrown","fileTypesAndContributionMap":{}},{"hash":"d27477918015122872058b6726c3eed6079b4247","isMergeCommit":true,"messageTitle":"Merge pull request #46 from jwyk/Decks","messageBody":"Deck and HoldingHand","fileTypesAndContributionMap":{}},{"hash":"766082d767a1c0cc77e55de59a0f39c639df653e","isMergeCommit":true,"messageTitle":"Merge pull request #35 from K-J-Q/master","messageBody":"Add skeleton codes for Round class","fileTypesAndContributionMap":{}}]},{"date":"2025-03-12","commitResults":[{"hash":"7ec4b7547e30331650d845d82b7e8df257b1c760","isMergeCommit":true,"messageTitle":"Merge pull request #60 from K-J-Q/Ui","messageBody":"implement Ui class","fileTypesAndContributionMap":{}},{"hash":"d31aa7bbdec8a7c55f84d32ab2dcafdd97c440a9","isMergeCommit":true,"messageTitle":"Resolved merge conflicts that occurred while merging into Create-Structure","messageBody":"","fileTypesAndContributionMap":{}},{"hash":"3dfde170014420f10fb7ba539e87f2eec474939d","isMergeCommit":false,"messageTitle":"Resolved import issues arising from moving classes into the javatro_core package","messageBody":"","fileTypesAndContributionMap":{"functional-code":{"insertions":60,"deletions":54},"test-code":{"insertions":20,"deletions":17}}}]},{"date":"2025-03-13","commitResults":[{"hash":"14248ec24c9e07d14c42ed929c0ee84a28e7e58c","isMergeCommit":false,"messageTitle":"Revamped the code for the manager and view classes by updating the way they interact through the use of a observer-listener","messageBody":"","fileTypesAndContributionMap":{"functional-code":{"insertions":409,"deletions":281},"test-code":{"insertions":1,"deletions":0}}}]},{"date":"2025-03-15","commitResults":[{"hash":"c46f8b0be44cda786175d542693e3a373f179070","isMergeCommit":true,"messageTitle":"Merge pull request #63 from K-J-Q/align-round","messageBody":"","fileTypesAndContributionMap":{}}]},{"date":"2025-03-16","commitResults":[{"hash":"a122798f2fb5a631844d72da84c4914b638cec6e","isMergeCommit":true,"messageTitle":"Resolved merge conflicts","messageBody":"","fileTypesAndContributionMap":{}},{"hash":"49ab369d98313a90901d5d56715c84587369bb32","isMergeCommit":false,"messageTitle":"Updated model structure and started integrating model with the manager class","messageBody":"","fileTypesAndContributionMap":{"functional-code":{"insertions":330,"deletions":163}}},{"hash":"4d577319a9422de0671b718e494ebb2a6e32e399","isMergeCommit":true,"messageTitle":"Merge branch \u0027master\u0027 into Create-Structure","messageBody":"","fileTypesAndContributionMap":{}},{"hash":"2c630ac2a131faead24ea67ace4c8696a910cf83","isMergeCommit":true,"messageTitle":"Resolved merge conflicts","messageBody":"","fileTypesAndContributionMap":{}},{"hash":"d0bccc8aff0a9861143fc32cfa1a8bdf02c9493b","isMergeCommit":false,"messageTitle":"Added working listener/observer relation between game screen and javatro core class","messageBody":"","fileTypesAndContributionMap":{"functional-code":{"insertions":54,"deletions":45},"test-code":{"insertions":106,"deletions":106}}}]},{"date":"2025-03-17","commitResults":[{"hash":"3873bf11bd3d279ae9162e3947ba6e7068ba754b","isMergeCommit":false,"messageTitle":"Cards drawn by player are now displayed in the UI","messageBody":"","fileTypesAndContributionMap":{"functional-code":{"insertions":77,"deletions":15}}},{"hash":"f65e9c78635ed32ea6892a80dc6afb9b4ef05472","isMergeCommit":false,"messageTitle":"Add ability to select to play","messageBody":"","fileTypesAndContributionMap":{"functional-code":{"insertions":242,"deletions":30}}},{"hash":"a307ec533c2f87a5eedd40eb08e199134c684a42","isMergeCommit":false,"messageTitle":"Add ability to discard cards","messageBody":"","fileTypesAndContributionMap":{"functional-code":{"insertions":68,"deletions":5}}},{"hash":"65dfaedf04108b0363eb840c53f2a39a6c96d66a","isMergeCommit":false,"messageTitle":"Add structure to display round over on UI","messageBody":"","fileTypesAndContributionMap":{"functional-code":{"insertions":9,"deletions":16}}},{"hash":"4b8e9cafb34e7f2e9ee12ea35d577a0731f33122","isMergeCommit":true,"messageTitle":"Resolved merge conflicts","messageBody":"","fileTypesAndContributionMap":{}},{"hash":"1262a0a39ccc8fed241c791c70b8d994974a09d3","isMergeCommit":false,"messageTitle":"Add Round Over Detection And Fixed Discards Not Showing In UI","messageBody":"","fileTypesAndContributionMap":{"functional-code":{"insertions":33,"deletions":9}}},{"hash":"feb469323388f1ed2e4a484b93af9fbf81719fcc","isMergeCommit":false,"messageTitle":"Remove unecessary parameters from gameScreen that have not been implemented and update round creation method in Javatro Core","messageBody":"","fileTypesAndContributionMap":{"functional-code":{"insertions":14,"deletions":23}}},{"hash":"737b24fa17f15ef9375e4b1f73c11a06a90443c2","isMergeCommit":false,"messageTitle":"Place files in correct packages and create a seperate package for exceptions. Update printing of handResult and discardResult and remove the UI call from Round Class","messageBody":"","fileTypesAndContributionMap":{"functional-code":{"insertions":50,"deletions":66},"other":{"insertions":10,"deletions":20},"test-code":{"insertions":4,"deletions":0}}},{"hash":"d0132933d9f4c85e2ad9dca4c555e6765e4de5b5","isMergeCommit":false,"messageTitle":"Fix bug where when game screen options does not update on a new game and add options to go to main menu or exit ingame","messageBody":"","fileTypesAndContributionMap":{"functional-code":{"insertions":16,"deletions":0}}},{"hash":"18689bfb95cce6a44a9791fa07fa08136d64430c","isMergeCommit":false,"messageTitle":"Write Javadocs for the main class as well as well as explain variables used in the main","messageBody":"","fileTypesAndContributionMap":{"functional-code":{"insertions":23,"deletions":3}}},{"hash":"fd437cf7b907dbf5b1eedd442495f47149c2c08e","isMergeCommit":false,"messageTitle":"Add javadocs for the View Package except Game Screen","messageBody":"","fileTypesAndContributionMap":{"functional-code":{"insertions":231,"deletions":111}}},{"hash":"b0079e8c8a023aa5900c866b5f7d3ef79ca0052f","isMergeCommit":false,"messageTitle":"Add Javadocs for javatro_view package and updated package-info. Update the function for printing the cards","messageBody":"","fileTypesAndContributionMap":{"functional-code":{"insertions":177,"deletions":138}}},{"hash":"8e1f1d4fc196705e4dfcab0cf5c2370389554142","isMergeCommit":false,"messageTitle":"Add Javadocs for javatro_manager","messageBody":"","fileTypesAndContributionMap":{"functional-code":{"insertions":232,"deletions":37}}},{"hash":"383a71ea04f0a08a7efc5e2cc9895ac9f31204b4","isMergeCommit":false,"messageTitle":"Add Javadocs for javatro_core package and update package-info.java","messageBody":"","fileTypesAndContributionMap":{"functional-code":{"insertions":56,"deletions":10}}},{"hash":"42c99f4e6c226b75edec5ce8b89e6f8e95305475","isMergeCommit":false,"messageTitle":"Resolve Linting Issues","messageBody":"","fileTypesAndContributionMap":{"functional-code":{"insertions":51,"deletions":34}}},{"hash":"e0224fc98a90ac60f37cec14d81c34ced8f6c14b","isMergeCommit":false,"messageTitle":"Resolve Linting Issues","messageBody":"","fileTypesAndContributionMap":{"functional-code":{"insertions":6,"deletions":10}}},{"hash":"53ebf7d36e9affe6cd4c313f24f3fbd188396b48","isMergeCommit":false,"messageTitle":"Resolve Linting Errors","messageBody":"","fileTypesAndContributionMap":{"functional-code":{"insertions":7,"deletions":5}}},{"hash":"3e75c8cee1453dd0a9b2f33344729f8138627d7a","isMergeCommit":false,"messageTitle":"Resolve Linting Errors","messageBody":"","fileTypesAndContributionMap":{"functional-code":{"insertions":6,"deletions":2}}},{"hash":"12d929ce69f2099e92f3c08b4231647a9e48aed5","isMergeCommit":true,"messageTitle":"Merge pull request #70 from flyingapricot/StructureEnhancement","messageBody":"","fileTypesAndContributionMap":{}}]}],"K-J-Q":[{"date":"2025-03-01","commitResults":[{"hash":"f2c4bdbe5fdbbb75b248dbdd6466b0a39b212cf6","isMergeCommit":false,"messageTitle":"add Round.java skeleton code","messageBody":"","fileTypesAndContributionMap":{"functional-code":{"insertions":127,"deletions":0}}},{"hash":"61b174aa5c543e9b5cec86dc29698734c19b6a8f","isMergeCommit":false,"messageTitle":"merge with implemented class PokerHand","messageBody":"","fileTypesAndContributionMap":{"functional-code":{"insertions":23,"deletions":23}}}]},{"date":"2025-03-02","commitResults":[{"hash":"f9d95ff00151b0a4828a04d14d4fe22c7d109f02","isMergeCommit":false,"messageTitle":"remove magic numbers","messageBody":"","fileTypesAndContributionMap":{"functional-code":{"insertions":10,"deletions":6}}},{"hash":"bcd0818d772811b0e78d89617628104742383075","isMergeCommit":false,"messageTitle":"fix gameplay mechanics","messageBody":"","fileTypesAndContributionMap":{"functional-code":{"insertions":11,"deletions":18}}},{"hash":"4f8e50351502d55e2fa58757a9f4cdf8eda882f8","isMergeCommit":false,"messageTitle":"change discards tracker to count down","messageBody":"","fileTypesAndContributionMap":{"functional-code":{"insertions":9,"deletions":5}}},{"hash":"00e2e33de60c10452a40d7b6bed554c8e20107e8","isMergeCommit":false,"messageTitle":"add State class","messageBody":"","fileTypesAndContributionMap":{"functional-code":{"insertions":5,"deletions":9}}},{"hash":"7c844f0cc383f265a9c12cec2a72e9acefba5a3a","isMergeCommit":true,"messageTitle":"Merge branch \u0027AY2425S2-CS2113-W13-1:master\u0027 into master","messageBody":"","fileTypesAndContributionMap":{}},{"hash":"6350eb3563e98b37d71d3f2c913c4798e0aa1326","isMergeCommit":true,"messageTitle":"Merge branch \u0027round\u0027","messageBody":"","fileTypesAndContributionMap":{}},{"hash":"8ad058b8e90659e1e5d443b4b1d1e5b60007ff73","isMergeCommit":false,"messageTitle":"add scaffold ui","messageBody":"","fileTypesAndContributionMap":{"functional-code":{"insertions":5,"deletions":0}}},{"hash":"7f6d1dfd76833d314274b5bb4248e36116d794e5","isMergeCommit":false,"messageTitle":"fix plays variable","messageBody":"","fileTypesAndContributionMap":{"functional-code":{"insertions":12,"deletions":11}}}]},{"date":"2025-03-05","commitResults":[{"hash":"91b66149f44630d5d0a03e36427b1d7c19bc98aa","isMergeCommit":false,"messageTitle":"update AboutUs.md","messageBody":"","fileTypesAndContributionMap":{"docs":{"insertions":1,"deletions":5}}},{"hash":"899bd938e407f856888583df5dc62d6b1629add8","isMergeCommit":true,"messageTitle":"Merge commit \u002788a89de6fa4f22eede213f420df8a90d62ecfeae\u0027 into Jian_Quan-AboutUs","messageBody":"","fileTypesAndContributionMap":{}},{"hash":"37d9fa5e462a576a2cbc68a10289f66e072f6c2d","isMergeCommit":true,"messageTitle":"Merge branch \u0027master\u0027 into Jian_Quan-AboutUs","messageBody":"","fileTypesAndContributionMap":{}},{"hash":"98aa4d68051d761546430db2bb9f37dc0bfd7154","isMergeCommit":true,"messageTitle":"Merge pull request #51 from K-J-Q/Jian_Quan-AboutUs","messageBody":"Jian quan about us","fileTypesAndContributionMap":{}},{"hash":"1b8ae930fce2078280034458b45d4d68ad87a670","isMergeCommit":true,"messageTitle":"Merge branch \u0027AY2425S2-CS2113-W13-1:master\u0027 into master","messageBody":"","fileTypesAndContributionMap":{}}]},{"date":"2025-03-11","commitResults":[{"hash":"debd7d67601aebf8761ef1c8407d8b475b264782","isMergeCommit":false,"messageTitle":"implement Ui class","messageBody":"","fileTypesAndContributionMap":{"functional-code":{"insertions":41,"deletions":2}}}]},{"date":"2025-03-13","commitResults":[{"hash":"20addd499d318e126248b982fcd1e275c9fa38e9","isMergeCommit":false,"messageTitle":"Alignment with classes","messageBody":"","fileTypesAndContributionMap":{"functional-code":{"insertions":42,"deletions":24}}},{"hash":"5babcd3d97ac6eeba3384f0ee943a3273057dd69","isMergeCommit":false,"messageTitle":"add draw n cards","messageBody":"","fileTypesAndContributionMap":{"functional-code":{"insertions":18,"deletions":0}}},{"hash":"b0c967a7ea9fc2e263582ed44ece3d5059839ba6","isMergeCommit":false,"messageTitle":"add State class","messageBody":"","fileTypesAndContributionMap":{"functional-code":{"insertions":38,"deletions":0}}}]},{"date":"2025-03-14","commitResults":[{"hash":"334a121fbb61619c7e0fff87ae617031e9c0c50a","isMergeCommit":false,"messageTitle":"Add validation exceptions Round constructor","messageBody":"","fileTypesAndContributionMap":{"functional-code":{"insertions":51,"deletions":2}}},{"hash":"a131106ac42c3dd76cea0b9035ed8d9aed3b5cd3","isMergeCommit":false,"messageTitle":"Add unit tests for Round class initialization and validation","messageBody":"","fileTypesAndContributionMap":{"test-code":{"insertions":106,"deletions":0}}}]},{"date":"2025-03-16","commitResults":[{"hash":"15489041f4523a799285ddba6de908fa2f42e1eb","isMergeCommit":true,"messageTitle":"Merge pull request #65 from jwyk/Fix-HoldingHand-Index","messageBody":"Fix HoldingHand Play() and Discard()","fileTypesAndContributionMap":{}}]}],"jwyk":[{"date":"2025-03-01","commitResults":[{"hash":"e292247b9131c2cc5c4e286d1fedb1f4b802a1c1","isMergeCommit":true,"messageTitle":"Merge pull request #28 from flyingapricot/CICD-Setup","messageBody":"CICD Setup","fileTypesAndContributionMap":{}},{"hash":"2f27026d1fda28b05b92ae5d69367cb542d24c0b","isMergeCommit":true,"messageTitle":"Merge pull request #29 from AY2425S2-CS2113-W13-1/Super-Linter-Status","messageBody":"Super Linter Status","fileTypesAndContributionMap":{}}]},{"date":"2025-03-02","commitResults":[{"hash":"24ace225b83aa5902235c62e70470865b2e34c8b","isMergeCommit":true,"messageTitle":"Merge pull request #40 from flyingapricot/CICD-Enhancement","messageBody":"CI: Run workflow on PRs and ensure latest formatted code in Lint, Test, and Build","fileTypesAndContributionMap":{}}]},{"date":"2025-03-04","commitResults":[{"hash":"5b4d3a83a9970e0d8e44b32b48294efcfb7754eb","isMergeCommit":false,"messageTitle":"Add functionality of Decks, HoldingHand","messageBody":"Deck.java: Holds the deck of cards. User is able to draw 1 card, and query remaining cards in the deck.\nHoldingHand.java: Holds the cards the user is given to play. User is able to play a set number of cards, or discard a set number of cards.\n","fileTypesAndContributionMap":{"functional-code":{"insertions":109,"deletions":0},"test-code":{"insertions":32,"deletions":0}}},{"hash":"b943c3fcb4ca7a6b9b9d392a8302f2416fa37c18","isMergeCommit":false,"messageTitle":"Fix variable access definition order","messageBody":"","fileTypesAndContributionMap":{"functional-code":{"insertions":1,"deletions":1}}}]},{"date":"2025-03-05","commitResults":[{"hash":"1973041052364981a6eab4cf44be6cb029743d69","isMergeCommit":false,"messageTitle":"Update HoldingHand based on PR feedback","messageBody":"","fileTypesAndContributionMap":{"functional-code":{"insertions":34,"deletions":13},"test-code":{"insertions":4,"deletions":1}}},{"hash":"04f64068c8347ada9dd96cabc6360d996a205664","isMergeCommit":false,"messageTitle":"Update AboutUs.md","messageBody":"","fileTypesAndContributionMap":{"docs":{"insertions":3,"deletions":7}}},{"hash":"2be3bb1e0194356ca0e7109b03e6824e23ac11b7","isMergeCommit":true,"messageTitle":"Resolve merge conflict and update gitignore","messageBody":"","fileTypesAndContributionMap":{}}]},{"date":"2025-03-08","commitResults":[{"hash":"6034f73b90a6d0a98f12b82004391813438b3b1e","isMergeCommit":false,"messageTitle":"Fix JavatroException not being thrown in test cases and main","messageBody":"","fileTypesAndContributionMap":{"functional-code":{"insertions":1,"deletions":1},"test-code":{"insertions":30,"deletions":30}}}]},{"date":"2025-03-16","commitResults":[{"hash":"4b8fe5c17861b43a8cd06844cb7b977a6235f426","isMergeCommit":false,"messageTitle":"Fix indices positions not being accounted for after each card removal for both discard() and draw()","messageBody":"","fileTypesAndContributionMap":{"functional-code":{"insertions":61,"deletions":21},"test-code":{"insertions":4,"deletions":2}}},{"hash":"e23e32e75e33efddca93912afa91e88e2f386b8f","isMergeCommit":false,"messageTitle":"Fix variable access definition order","messageBody":"","fileTypesAndContributionMap":{"functional-code":{"insertions":1,"deletions":1}}},{"hash":"e91cf24e1babfe39ef10534ffa57cd3353bc7ab4","isMergeCommit":false,"messageTitle":"Fix naming in JavatroExceptions","messageBody":"","fileTypesAndContributionMap":{"functional-code":{"insertions":2,"deletions":2}}},{"hash":"7c4ddc401b0ee90f5e614c4fb18073d81ec90e08","isMergeCommit":false,"messageTitle":"Fix error messages being duplicated","messageBody":"","fileTypesAndContributionMap":{"functional-code":{"insertions":1,"deletions":1}}},{"hash":"d54cd782a803c537f8a54406fdd624a5e8c96c6f","isMergeCommit":false,"messageTitle":"Apply google-java-format","messageBody":"","fileTypesAndContributionMap":{"functional-code":{"insertions":1,"deletions":1}}}]},{"date":"2025-03-17","commitResults":[{"hash":"ccd71f7e70f6458601a065699e7946e7de871869","isMergeCommit":true,"messageTitle":"Merge pull request #69 from flyingapricot/ConnectLogic","messageBody":"Establish Communcation From JavatroCore to JavatroManager and to JavatroView","fileTypesAndContributionMap":{}}]}]},"authorFileTypeContributionMap":{"Markneoneo":{"docs":1,"functional-code":328,"test-code":366,"other":2},"swethacool":{"docs":0,"functional-code":0,"test-code":0},"flyingapricot":{"docs":3,"functional-code":1235,"test-code":131,"other":159},"K-J-Q":{"docs":1,"functional-code":188,"test-code":0},"jwyk":{"docs":1,"functional-code":158,"test-code":67}},"authorContributionVariance":{"Markneoneo":114106.25,"swethacool":0.0,"flyingapricot":165839.7,"K-J-Q":2703.4944,"jwyk":1296.48},"authorDisplayNameMap":{"Markneoneo":"CS2113-W13-1 NEO .. HAO","swethacool":"CS2113-W13-1 SARA..ETHA","flyingapricot":"CS2113-W13-1 NEER..MBAR","K-J-Q":"CS2113-W13-1 KWA ..QUAN","jwyk":"CS2113-W13-1 JOHN.. KAI"}}
