{"authorDailyContributionsMap":{"Markneoneo":[{"date":"2025-03-01","commitResults":[{"hash":"cc20609bf3bd091053b24f69b107f743ee1740a8","isMergeCommit":false,"messageTitle":"Poker Hands:","messageBody":"- Added Card Class: Each with a Rank and Suit, and each rank has their own Chips value.\n- Added HandResult Class: Contains the Name of the Hand, number of chips its worth, and the multiplier it provides.\n- Added PokerHand Class: Takes in a list of 5 Cards and calculates what hand they equate to. Returns a HandResult.\n- Added Javatro Class: This will act as the main function class where the user launches the game.\n\n- Added PokerHandTest: To check all possible poker hand cards.\n- Updated build.gradle to the correct directories.\n","fileTypesAndContributionMap":{"functional-code":{"insertions":191,"deletions":0},"other":{"insertions":2,"deletions":2},"test-code":{"insertions":138,"deletions":0}}},{"hash":"b89364593026f19a7e06108e0d7ba40333a2fc08","isMergeCommit":true,"messageTitle":"Merge branch \u0027AY2425S2-CS2113-W13-1:master\u0027 into PokerHand","messageBody":"","fileTypesAndContributionMap":{}},{"hash":"d98c6483f17b9b14cdf72f2fd63f66a1e2ecc87c","isMergeCommit":false,"messageTitle":"Fixed import issues","messageBody":"","fileTypesAndContributionMap":{"test-code":{"insertions":1,"deletions":1}}},{"hash":"f3ce3b14fb3e8546db3fa5785790f6b83e5e79bd","isMergeCommit":true,"messageTitle":"Merge branch \u0027master\u0027 into PokerHand","messageBody":"","fileTypesAndContributionMap":{}},{"hash":"809100dfccb5bd4833e5cb7ad50b9e93ea8880c7","isMergeCommit":true,"messageTitle":"Merge branch \u0027PokerHand\u0027 of https://github.com/Markneoneo/tp into PokerHand","messageBody":"","fileTypesAndContributionMap":{}}]},{"date":"2025-03-05","commitResults":[{"hash":"5bbebabbc9f9150de200d598eeebb75677f79b07","isMergeCommit":false,"messageTitle":"Updated AboutUs.md","messageBody":"","fileTypesAndContributionMap":{"docs":{"insertions":4,"deletions":7}}},{"hash":"578e80dfd33a2e81b1f12429946f5cdba30664d1","isMergeCommit":true,"messageTitle":"Merge pull request #48 from flyingapricot/Neeraj-AboutUs","messageBody":"Updated Neeraj\u0027s info on AboutUs PR","fileTypesAndContributionMap":{}},{"hash":"b9aa6af7da77e74a736696dcec0a26db1fc1a9ca","isMergeCommit":true,"messageTitle":"Resolve merge conflict","messageBody":"","fileTypesAndContributionMap":{}}]},{"date":"2025-03-06","commitResults":[{"hash":"5f154b72311ee6339197559bfd9afe489af52a4e","isMergeCommit":false,"messageTitle":"Added extensive Unit test cases.","messageBody":"","fileTypesAndContributionMap":{"test-code":{"insertions":302,"deletions":86}}},{"hash":"2a792b57e2bdba9072d63a8ea80f1198f55c407b","isMergeCommit":false,"messageTitle":"Deleted seedu.duke files","messageBody":"","fileTypesAndContributionMap":{"functional-code":{"insertions":0,"deletions":20},"test-code":{"insertions":0,"deletions":12}}},{"hash":"48db7c2b39759e7507915345d0fe73b1b0f3b5e0","isMergeCommit":false,"messageTitle":"Refactor naming, improve HandResult, and fix isStraight() detection","messageBody":"- Swapped PokerHand and HandResult names for better clarity:\n  - PokerHand: Stores different types of playable poker hands.\n  - HandResult: Evaluates and returns the determined poker hand.\n\n- Added multi-card input functionality to HandResult.evaluateHand():\n  - Previously only accepted 5-card hands.\n  - Now supports hands with 1 to 5 cards.\n\n- Improved PokerHand:\n  - Added enums for all possible poker hands within the class.\n  - No longer constructs hands in HandResult.\n\n- Fixed isStraight() to correctly detect Ace-low straights (A-2-3-4-5).\n\n- Added Javadocs for Card, HandResult, PokerHand, Javatro, and HandResultTest.\n\n- Used static imports for Card.Rank, Card.Suit, and PokerHand.HandType for better readability.\n\n- Retained priority-based approach in HandResult evaluation:\n  - Considered a map-based approach but found the current method simpler and clearer.\n","fileTypesAndContributionMap":{"functional-code":{"insertions":287,"deletions":101},"test-code":{"insertions":497,"deletions":356}}},{"hash":"c4ed400d8f3cac41d4d595b827f03d73262e380c","isMergeCommit":true,"messageTitle":"Merge branch \u0027AY2425S2-CS2113-W13-1:master\u0027 into Update-PokerHand","messageBody":"","fileTypesAndContributionMap":{}},{"hash":"c3f07b86fa7485acb4d2b2f04a5b9d2626042347","isMergeCommit":false,"messageTitle":"Changed star imports into single imports.","messageBody":"","fileTypesAndContributionMap":{"functional-code":{"insertions":23,"deletions":4},"test-code":{"insertions":17,"deletions":2}}}]},{"date":"2025-03-08","commitResults":[{"hash":"9c93428ed929c99f5e99bad3d11521232db9db80","isMergeCommit":false,"messageTitle":"Added JavatroException.","messageBody":"","fileTypesAndContributionMap":{"functional-code":{"insertions":33,"deletions":2}}},{"hash":"5dca627015968b3008af67d66adbceb9b3020424","isMergeCommit":false,"messageTitle":"Moved High Card to default case","messageBody":"","fileTypesAndContributionMap":{"functional-code":{"insertions":2,"deletions":2}}}]},{"date":"2025-03-16","commitResults":[{"hash":"d8e7e1a427599f8e019431964402a87f37f2d3d6","isMergeCommit":true,"messageTitle":"Merge pull request #45 from flyingapricot/Create-Structure","messageBody":"Set up Project Structure (Core, Manager, View)","fileTypesAndContributionMap":{}}]},{"date":"2025-03-22","commitResults":[{"hash":"2557e21e40822f995f17c2fd7d668d54082e1388","isMergeCommit":true,"messageTitle":"Merge branch \u0027master\u0027 of https://github.com/Markneoneo/tp","messageBody":"","fileTypesAndContributionMap":{}},{"hash":"8c2e957fb4f43e48819d8d683062fe90b0064876","isMergeCommit":false,"messageTitle":"Refactored Packages and removed outdated UI class","messageBody":"","fileTypesAndContributionMap":{"functional-code":{"insertions":75,"deletions":136},"other":{"insertions":109,"deletions":107},"test-code":{"insertions":28,"deletions":28}}},{"hash":"6b266f401c923b5816f5210ed1a6d74054d65749","isMergeCommit":true,"messageTitle":"Merge pull request #76 from Markneoneo/UI","messageBody":"Small changes","fileTypesAndContributionMap":{}},{"hash":"02f9935dd3d2bfff079bc3bd5029e2e20485540d","isMergeCommit":true,"messageTitle":"Merge pull request #78 from flyingapricot/Structure-EnhancementII","messageBody":"Structure Enhancement II ","fileTypesAndContributionMap":{}},{"hash":"e017bca2c6667ec2e9b98297a89eb8351cec0372","isMergeCommit":false,"messageTitle":"Updated UI class","messageBody":"","fileTypesAndContributionMap":{"functional-code":{"insertions":86,"deletions":163},"other":{"insertions":11,"deletions":11},"test-code":{"insertions":3,"deletions":3}}}]},{"date":"2025-03-23","commitResults":[{"hash":"b052716236613e9c25b1b86fc5b1dfcce009c938","isMergeCommit":false,"messageTitle":"Updated Screen class, and added Javatro Exceptions to UI and Screen classes.","messageBody":"","fileTypesAndContributionMap":{"functional-code":{"insertions":302,"deletions":146},"other":{"insertions":55,"deletions":43},"test-code":{"insertions":39,"deletions":0}}},{"hash":"e3593635ed20649dbb3f5121189e65f80246b855","isMergeCommit":false,"messageTitle":"Added Javatro Logo","messageBody":"","fileTypesAndContributionMap":{"functional-code":{"insertions":59,"deletions":21},"other":{"insertions":9,"deletions":0}}},{"hash":"a2071f944dc8a829771ee263820bfa3c87de4e30","isMergeCommit":false,"messageTitle":"Updated Screen Borders and Options visuals","messageBody":"","fileTypesAndContributionMap":{"functional-code":{"insertions":81,"deletions":43},"other":{"insertions":12,"deletions":12}}},{"hash":"eb4d7e2ce5ee2e07d84ff2b68def9f48aa536a5f","isMergeCommit":false,"messageTitle":"Updated Exit Screen","messageBody":"","fileTypesAndContributionMap":{"functional-code":{"insertions":78,"deletions":60}}},{"hash":"0746023847480d5b037af078a1c624490308c0f8","isMergeCommit":false,"messageTitle":"Updated Help Menu UI","messageBody":"","fileTypesAndContributionMap":{"functional-code":{"insertions":227,"deletions":142}}},{"hash":"7368177c619481c2b380283c0195869673c29032","isMergeCommit":false,"messageTitle":"Changed package names to lowercase","messageBody":"","fileTypesAndContributionMap":{"other":{"insertions":254,"deletions":254},"docs":{"insertions":8,"deletions":8}}},{"hash":"c5f80f323efc5a5799a7cfedb49d21c2e6ceb193","isMergeCommit":false,"messageTitle":"Update Discard to 5 card limit","messageBody":"","fileTypesAndContributionMap":{"functional-code":{"insertions":6,"deletions":11}}}]},{"date":"2025-03-24","commitResults":[{"hash":"4b90cfafee012ba4730a0c3baf09580b1e6268d1","isMergeCommit":false,"messageTitle":"Update John testing stuff","messageBody":"","fileTypesAndContributionMap":{"functional-code":{"insertions":18,"deletions":12},"other":{"insertions":15,"deletions":26},"test-code":{"insertions":206,"deletions":48}}},{"hash":"3d27178d5261bd3e18b6763277eee8eb00ec4f05","isMergeCommit":true,"messageTitle":"Merge pull request #83 from Markneoneo/master","messageBody":"Update John testing stuff","fileTypesAndContributionMap":{}},{"hash":"6edb95379662a52035a5a8c78392fbb773101eff","isMergeCommit":true,"messageTitle":"Merge pull request #84 from jwyk/Refactor-Testing","messageBody":"Improve Test Coverage and Squash Bugs","fileTypesAndContributionMap":{}},{"hash":"bad5bc8ea0fdcd3b46e32b89d55fb25ba8945119","isMergeCommit":false,"messageTitle":"Updated Play/Discard card select Screen","messageBody":"","fileTypesAndContributionMap":{"functional-code":{"insertions":223,"deletions":160},"other":{"insertions":15,"deletions":17}}},{"hash":"630ed6a355dcc0fd3fff6b82b21a4d1c1f03b299","isMergeCommit":false,"messageTitle":"- Enabled Assertions in Build.Gradle - Updated Parser Class Logic, UI Output and Exceptions","messageBody":"","fileTypesAndContributionMap":{"functional-code":{"insertions":192,"deletions":191},"other":{"insertions":2,"deletions":1}}}]},{"date":"2025-03-25","commitResults":[{"hash":"cb3cd4f85cbf1e2344c455eed69ecfa077d3c8f5","isMergeCommit":false,"messageTitle":"MAJOR UI UPDATE: - Added Card Renderer Class to print out Cards visually - Updated Card Select Screen to properly show holding hand cards - Updated Screens to have black background - Overall UI Improvement","messageBody":"","fileTypesAndContributionMap":{"functional-code":{"insertions":322,"deletions":111}}},{"hash":"39d42326c16c019ced6ba96b539727da3f7e2695","isMergeCommit":false,"messageTitle":"Added Holding Hand Sorting Functionality and Printing","messageBody":"","fileTypesAndContributionMap":{"functional-code":{"insertions":164,"deletions":32}}}]},{"date":"2025-03-27","commitResults":[{"hash":"69ce8e746039755bd680a9cd7960afc69700f9c2","isMergeCommit":true,"messageTitle":"Merge pull request #86 from Markneoneo/Cards","messageBody":"UI Revamp 3","fileTypesAndContributionMap":{}},{"hash":"a3876a7d5ef88348fa8bc50236a60c4548df1df1","isMergeCommit":true,"messageTitle":"Merge pull request #87 from K-J-Q/defensive-round-class","messageBody":"Implement assertion on Round class","fileTypesAndContributionMap":{}},{"hash":"4ab821f29fea9f17298fba1545fefcbb4aeb7b7c","isMergeCommit":true,"messageTitle":"Merge pull request #88 from jwyk/Different-Decks","messageBody":"Add Checkered Deck ","fileTypesAndContributionMap":{}},{"hash":"d1c7481059565456b0b8fedc3c6d0a96695eab32","isMergeCommit":false,"messageTitle":"Added return screen functionality","messageBody":"","fileTypesAndContributionMap":{"functional-code":{"insertions":131,"deletions":16}}},{"hash":"4f670ac8153a236d7841ebba8d9b3e8ba0f62e48","isMergeCommit":false,"messageTitle":"Updated PokerHand class to include Hand Levels and Times Played","messageBody":"","fileTypesAndContributionMap":{"functional-code":{"insertions":135,"deletions":11}}},{"hash":"00980e5b9a93da372d8aac09d29875c4efded1f8","isMergeCommit":false,"messageTitle":"Updated HandResult class to check for special poker hands (Flush Five, Flush House, and Five of a Kind)","messageBody":"","fileTypesAndContributionMap":{"functional-code":{"insertions":53,"deletions":11}}},{"hash":"fa8726e21ec345e4130ebd4fe23dcd43ede94f28","isMergeCommit":false,"messageTitle":"Updated HandResult Test Cases to include special hands","messageBody":"","fileTypesAndContributionMap":{"functional-code":{"insertions":1,"deletions":1},"test-code":{"insertions":240,"deletions":3}}},{"hash":"8bdcbad747d797c8788001a0c29672236eb736ef","isMergeCommit":false,"messageTitle":"Added PlanetCard class, which handles the levels and stat incrementation of the poker hands.","messageBody":"Updated PokerHand class to integrate the PlanetCard class and calculate\nthe current updated poker hand stats.\n\nAdded PokerHandScreen, which displays information about the current\ngameplay poker hands, which includes each poker hand levels, name,\nchips, multiplier and number of times the hand is played.\n","fileTypesAndContributionMap":{"functional-code":{"insertions":157,"deletions":89}}},{"hash":"39123d91bde2daa79a15e0a102e4bb3a1acb4ded","isMergeCommit":false,"messageTitle":"Updated PokerHandScreen formatting","messageBody":"","fileTypesAndContributionMap":{"functional-code":{"insertions":4,"deletions":2}}},{"hash":"ae5ac8cb26ad86ac3165559cb2c545f0d2aed9a3","isMergeCommit":false,"messageTitle":"Tagged @swethacool to help menu stuff","messageBody":"","fileTypesAndContributionMap":{"functional-code":{"insertions":6,"deletions":0}}}]},{"date":"2025-03-28","commitResults":[{"hash":"513d9c0c1ef928692b74b13b0b72126a0d698646","isMergeCommit":false,"messageTitle":"Updated PokerHandScreen UI","messageBody":"","fileTypesAndContributionMap":{"functional-code":{"insertions":19,"deletions":20}}},{"hash":"113b442c590883f78c8783bf6bccaa07c8a97df8","isMergeCommit":false,"messageTitle":"Added functionality to view the current player deck status","messageBody":"","fileTypesAndContributionMap":{"functional-code":{"insertions":276,"deletions":12}}},{"hash":"70191d9f07b0a9b8bab51634e58744fed50896b1","isMergeCommit":false,"messageTitle":"Small changes","messageBody":"","fileTypesAndContributionMap":{"functional-code":{"insertions":3,"deletions":3}}},{"hash":"ffc4f97a7fdd5ad529da1d3985a81449a9682b66","isMergeCommit":true,"messageTitle":"Merge pull request #100 from Markneoneo/UI3","messageBody":"UI Revamp 4","fileTypesAndContributionMap":{}}]},{"date":"2025-03-29","commitResults":[{"hash":"1d8346bf5c88375b2eeb298ad48138fffea3065c","isMergeCommit":false,"messageTitle":"REMOVED ALL EMOJIS FROM UI","messageBody":"","fileTypesAndContributionMap":{"functional-code":{"insertions":45,"deletions":43}}},{"hash":"be3acf73a6e7ce2449fa1dff1daf0a7887765a82","isMergeCommit":true,"messageTitle":"Merge pull request #103 from Markneoneo/NOEMOJIS","messageBody":"REMOVED ALL EMOJIS FROM UI","fileTypesAndContributionMap":{}},{"hash":"53912aa66e29d15ce5089d2a36465ced55ac15da","isMergeCommit":true,"messageTitle":"Merge pull request #95 from swethacool/Swetha-AnteandBlind","messageBody":"Swetha-AnteandBlind","fileTypesAndContributionMap":{}},{"hash":"46701b3a05f0e13b3e69daacb17fddaa05a0e16f","isMergeCommit":true,"messageTitle":"Merge pull request #99 from jwyk/Different-Decks","messageBody":"Add Different Deck Types","fileTypesAndContributionMap":{}},{"hash":"c295a849c6be47522866c99cc0b3a8261ce55a7e","isMergeCommit":true,"messageTitle":"Merge pull request #102 from jwyk/Jokers","messageBody":"Add Jokers and Planet Cards","fileTypesAndContributionMap":{}},{"hash":"8aeafd92b0f887bed0317745ca5ca866981930e3","isMergeCommit":true,"messageTitle":"Merge pull request #93 from K-J-Q/add-ante-base-round","messageBody":"Add ante base round","fileTypesAndContributionMap":{}}]},{"date":"2025-03-30","commitResults":[{"hash":"2586e897da0af4990dfcb23457ac7d5aec10fa3c","isMergeCommit":false,"messageTitle":"Added functionality to display the cards player has discarded/played + hand name achieved","messageBody":"","fileTypesAndContributionMap":{"functional-code":{"insertions":207,"deletions":384},"other":{"insertions":21,"deletions":22}}},{"hash":"7c288538b4aa55dec5b9fd5878eca00c3dbb8a0a","isMergeCommit":false,"messageTitle":"Added functionality to count the number of times a certain poker hand type is played, and updated the PokerHandScreen to reflect the correct amount","messageBody":"","fileTypesAndContributionMap":{"functional-code":{"insertions":41,"deletions":23},"other":{"insertions":1,"deletions":1}}},{"hash":"dc0b2ae96cffa69c62d9af12decc526ce3e60ed1","isMergeCommit":false,"messageTitle":"Added Lose Screen","messageBody":"","fileTypesAndContributionMap":{"functional-code":{"insertions":322,"deletions":248}}},{"hash":"e81ccb75fee6dd7948f0acbffc0cbfc9cc8b4379","isMergeCommit":false,"messageTitle":"Added Win Game Screen","messageBody":"","fileTypesAndContributionMap":{"functional-code":{"insertions":90,"deletions":16}}},{"hash":"5fa0050569fa0f976265bb30782c075ec3f76bab","isMergeCommit":false,"messageTitle":"Updated Win Round Screen","messageBody":"","fileTypesAndContributionMap":{"functional-code":{"insertions":22,"deletions":22}}},{"hash":"c615fcbedaf3d49b5b6f7f76ca5111d1103ab376","isMergeCommit":false,"messageTitle":"Added printing art for all Jokers","messageBody":"","fileTypesAndContributionMap":{"functional-code":{"insertions":196,"deletions":199},"test-code":{"insertions":2,"deletions":2}}},{"hash":"19fa031feca496384683528238cd431e8f004709","isMergeCommit":false,"messageTitle":"Added printing art for all Planet Cards","messageBody":"","fileTypesAndContributionMap":{"functional-code":{"insertions":47,"deletions":47}}},{"hash":"06b340263ab8b5ccdcd398d656fcab1492229d4b","isMergeCommit":false,"messageTitle":"Updated Game Screen","messageBody":"","fileTypesAndContributionMap":{"functional-code":{"insertions":191,"deletions":76}}}]},{"date":"2025-03-31","commitResults":[{"hash":"67f44f6681d2f0b663a0f1d318b9f234c167d47c","isMergeCommit":false,"messageTitle":"Did some bugfixes","messageBody":"","fileTypesAndContributionMap":{"functional-code":{"insertions":64,"deletions":36},"test-code":{"insertions":2,"deletions":2}}},{"hash":"adff7fa66cfefa6f24a4f3882b5c7983478436f1","isMergeCommit":true,"messageTitle":"Merge pull request #125 from Markneoneo/BugFix","messageBody":"Bugfix","fileTypesAndContributionMap":{}},{"hash":"951bc136bab84dcdc49e42d88a71f2ab61030151","isMergeCommit":true,"messageTitle":"Merge pull request #127 from jwyk/Fix-Naming","messageBody":"Fix \"The Window\" description being wrong","fileTypesAndContributionMap":{}},{"hash":"93d324466eb809e388a0f050c48893dcf48251be","isMergeCommit":false,"messageTitle":"Update Mark Neo UI DeveloperGuide.md","messageBody":"","fileTypesAndContributionMap":{"docs":{"insertions":253,"deletions":38}}},{"hash":"5c1cdf40b104859a7ab6332e00f020caa8b5d44e","isMergeCommit":false,"messageTitle":"Added authors tags, assertions and Javadocs to all my classes","messageBody":"","fileTypesAndContributionMap":{"functional-code":{"insertions":1125,"deletions":898}}},{"hash":"5b037b7eb511074ccc230063d2a7ad886719bc66","isMergeCommit":true,"messageTitle":"Merge pull request #130 from jwyk/Fix-Empty-Deck","messageBody":"Fix Empty Deck Exception not Handled","fileTypesAndContributionMap":{}}]},{"date":"2025-04-01","commitResults":[{"hash":"5603b683cfccc49c561f727f1f1f1d40f8aa62c0","isMergeCommit":true,"messageTitle":"Merge branch \u0027master\u0027 into Refinement","messageBody":"","fileTypesAndContributionMap":{}},{"hash":"a714c6e7d9000ee255e4ddca84c0bd11b7daf066","isMergeCommit":true,"messageTitle":"Merge pull request #131 from Markneoneo/Refinement","messageBody":"Display package refinement","fileTypesAndContributionMap":{}},{"hash":"4b7e514e9574feb2978d4493511a66537321fef2","isMergeCommit":true,"messageTitle":"Merge pull request #129 from Markneoneo/DeveloperGuide","messageBody":"Update Mark Neo UI DeveloperGuide.md","fileTypesAndContributionMap":{}}]}],"swethacool":[{"date":"2025-03-18","commitResults":[{"hash":"790060227db814d665ffd207089097d1594c0a8b","isMergeCommit":false,"messageTitle":"edited the GOODBYE message to print out properly","messageBody":"","fileTypesAndContributionMap":{"functional-code":{"insertions":2,"deletions":2}}},{"hash":"e0259a4dcfaf38fd4cba259c9c19861a6a8a4c0c","isMergeCommit":false,"messageTitle":"Made necessary changes to integrate Help page into existing system","messageBody":"","fileTypesAndContributionMap":{"functional-code":{"insertions":8,"deletions":0}}},{"hash":"9ce63801581a79826e4141c7e916125b79b8e387","isMergeCommit":false,"messageTitle":"Added a Screen to display the various Help menu","messageBody":"","fileTypesAndContributionMap":{"functional-code":{"insertions":20,"deletions":0}}}]},{"date":"2025-03-19","commitResults":[{"hash":"c1e1e55c2bd79ecfab1e0292c340b50c3fdb5dcf","isMergeCommit":false,"messageTitle":"Integrated the added HelpCommand with the HelpScreen","messageBody":"","fileTypesAndContributionMap":{"functional-code":{"insertions":18,"deletions":0}}},{"hash":"0e4217ff334837cd51101687d439172004300613","isMergeCommit":false,"messageTitle":"Added help commands: Intro, Rules, How to Play, and Tips","messageBody":"","fileTypesAndContributionMap":{"functional-code":{"insertions":110,"deletions":0}}},{"hash":"d19ff2c9db630f8aadc1c01af2e8bca0ce2fdadc","isMergeCommit":false,"messageTitle":"Added JavaDocs to the Help related classes for better understanding","messageBody":"","fileTypesAndContributionMap":{"functional-code":{"insertions":72,"deletions":5}}}]},{"date":"2025-03-27","commitResults":[{"hash":"065b561032ca15334b8ce640ad8db3b0a9293613","isMergeCommit":false,"messageTitle":"Ability to choose the blind required by the player","messageBody":"","fileTypesAndContributionMap":{"functional-code":{"insertions":47,"deletions":0}}},{"hash":"a3532c1ed60201994d0b233f49b69bd1470dde69","isMergeCommit":false,"messageTitle":"Implemented BlindScreen to showcase the 3 different blinds for the users to view and choose","messageBody":"","fileTypesAndContributionMap":{"functional-code":{"insertions":150,"deletions":0}}},{"hash":"af0642c593099b106e096d5431f7520c4ef567d9","isMergeCommit":false,"messageTitle":"Implemented Ante the base scoring system","messageBody":"","fileTypesAndContributionMap":{"functional-code":{"insertions":64,"deletions":0}}},{"hash":"b47d8e4eac5bbca5f0cf320c4fb023795eb5850e","isMergeCommit":false,"messageTitle":"Edited the respective files to integrate the implementation of Blind and Ante","messageBody":"","fileTypesAndContributionMap":{"functional-code":{"insertions":14,"deletions":3}}},{"hash":"4b3d1ae6f7e5add71423fbdac7285d466702960e","isMergeCommit":false,"messageTitle":"Updated the Ante class so that it keeps track of 8 antes in total","messageBody":"","fileTypesAndContributionMap":{"functional-code":{"insertions":7,"deletions":2}}},{"hash":"0a75bbc0eaf8937050e3f4f8793b405204c2e16f","isMergeCommit":false,"messageTitle":"Updated the respective classes that handles the BlindScreen","messageBody":"","fileTypesAndContributionMap":{"functional-code":{"insertions":3,"deletions":3}}},{"hash":"baf87360ad2e01c145e29376ad481396f527bd5e","isMergeCommit":false,"messageTitle":"Updated AcceptBlindOption class in order for the player to select which blind they would want","messageBody":"","fileTypesAndContributionMap":{"functional-code":{"insertions":1,"deletions":4}}},{"hash":"377d2e1a08ed9c3a68930dd4be44b100c618555e","isMergeCommit":false,"messageTitle":"RejectBlindOption class handles the error warning that is thrown if the player tries to bypass the BOSS round which is compulsory in Javatro and it also ensures player has the ability to skip the large and small blinds that are optional in this game","messageBody":"","fileTypesAndContributionMap":{"functional-code":{"insertions":17,"deletions":6}}},{"hash":"55df1d18eaeaf42d6c4509ac879b876fe0e27b0e","isMergeCommit":false,"messageTitle":"These 2 classes to ensure the ante count is incremented at the end of every boss blind and to ensure next round is being shown when the user wins if not it prints out the lost message","messageBody":"","fileTypesAndContributionMap":{"functional-code":{"insertions":36,"deletions":8}}},{"hash":"c5b54997ca724bb91255053f5c6bdeb7bd5bca7c","isMergeCommit":false,"messageTitle":"Updated the top handler to integrate the ante and Round class to ensure the winning conditions are set to be right and the relevant scores to be updated","messageBody":"","fileTypesAndContributionMap":{"functional-code":{"insertions":9,"deletions":8}}},{"hash":"5210c3e103f71c85e78323ca882e4e7633311fa6","isMergeCommit":false,"messageTitle":"Fixed the JavaDoc to make sure it adheres to the Java coding standards","messageBody":"","fileTypesAndContributionMap":{"functional-code":{"insertions":25,"deletions":10}}},{"hash":"e33a5aab54093639c72d4f730b84ec68a61bcecf","isMergeCommit":false,"messageTitle":"Implements next round","messageBody":"","fileTypesAndContributionMap":{"functional-code":{"insertions":24,"deletions":0}}},{"hash":"791a713cd31edad685cb65fa6b640f4c5e490aa5","isMergeCommit":false,"messageTitle":"Updated the JavatroManager to integrate the ante scoring system","messageBody":"","fileTypesAndContributionMap":{"functional-code":{"insertions":7,"deletions":1}}},{"hash":"dafd0d6b93e259c0007a3ed87955018c7a5fa4f3","isMergeCommit":false,"messageTitle":"Added JavaDoc comments to the Ante class","messageBody":"","fileTypesAndContributionMap":{"functional-code":{"insertions":61,"deletions":1}}},{"hash":"2990c445415ae79bd8458df1770e8b9497bd95a7","isMergeCommit":false,"messageTitle":"removed spacing and unwanted comments","messageBody":"","fileTypesAndContributionMap":{"functional-code":{"insertions":1,"deletions":2}}},{"hash":"6a8a55c2efefe740f1224ffef2a31b3bc8e07250","isMergeCommit":false,"messageTitle":"Added Javadoc for BlindScreen","messageBody":"","fileTypesAndContributionMap":{"functional-code":{"insertions":53,"deletions":0}}},{"hash":"33ab604c20d84f2605d07574902e5efaa28637cf","isMergeCommit":false,"messageTitle":"Added Javadoc for getBlindScreen","messageBody":"","fileTypesAndContributionMap":{"functional-code":{"insertions":5,"deletions":1}}},{"hash":"a3e029951f74adaab9a4939065573312fafa72a3","isMergeCommit":false,"messageTitle":"Added Javadoc for AcceptBlindOption and RejectBlindOption","messageBody":"","fileTypesAndContributionMap":{"functional-code":{"insertions":35,"deletions":1}}},{"hash":"b7d7e9c142ecef24803ffbd3081d8c3f5ced9c5a","isMergeCommit":false,"messageTitle":"Removed unwanted spacings","messageBody":"","fileTypesAndContributionMap":{"functional-code":{"insertions":1,"deletions":2}}},{"hash":"9ca4c4e846b31f818165d4a7139cc5faaf0d71be","isMergeCommit":false,"messageTitle":"Added more designs to make it livelier!","messageBody":"","fileTypesAndContributionMap":{"functional-code":{"insertions":2,"deletions":5}}},{"hash":"e64cb5525091fd11ff9b35e8d439c02197cc8fed","isMergeCommit":false,"messageTitle":"AnteTest is a JUnit test implemented to see if the code passes all relevant tests","messageBody":"","fileTypesAndContributionMap":{"test-code":{"insertions":87,"deletions":0}}},{"hash":"8957ca5195e5baa010067233ca021d0089597758","isMergeCommit":false,"messageTitle":"Added Javadoc for AnteTest","messageBody":"","fileTypesAndContributionMap":{"test-code":{"insertions":26,"deletions":0}}}]},{"date":"2025-03-28","commitResults":[{"hash":"c8d6ad0cfe2de742fb8d343037ae153a6ea84e00","isMergeCommit":false,"messageTitle":"Added test for random blinds and their respective scores. This verifies that scores for each randomly selected blind and ante count, matches the expected value based on the blind\u0027s multiplier.","messageBody":"","fileTypesAndContributionMap":{"other":{"insertions":2,"deletions":0},"test-code":{"insertions":33,"deletions":13}}},{"hash":"27968507407f643bd1a1fb7a63bfbb370e478f6b","isMergeCommit":false,"messageTitle":"removed unnecessary spacings for better readability","messageBody":"","fileTypesAndContributionMap":{"functional-code":{"insertions":22,"deletions":20}}},{"hash":"ba93cdf328f63b7e5cdb425d45ba26d9588393ae","isMergeCommit":false,"messageTitle":"Fixed 1 and 2 into 1.0 and 2.0 to indicate its a double","messageBody":"","fileTypesAndContributionMap":{"functional-code":{"insertions":2,"deletions":2}}},{"hash":"d6de2aac4ae3d4999a735a5eeff112aed36eac8f","isMergeCommit":false,"messageTitle":"commit changes but dont push","messageBody":"","fileTypesAndContributionMap":{"functional-code":{"insertions":16,"deletions":3}}},{"hash":"c02ac924bf29863657d21ff037cac97eeb45f8c7","isMergeCommit":true,"messageTitle":"resolved merge conflicts","messageBody":"","fileTypesAndContributionMap":{}},{"hash":"b1a2688dfa1e250dabf6dd8662e37f10c0f26cef","isMergeCommit":false,"messageTitle":"Fixed the magic number 8 into a meaningful constant","messageBody":"","fileTypesAndContributionMap":{"functional-code":{"insertions":2,"deletions":1}}}]},{"date":"2025-03-29","commitResults":[{"hash":"121074dec53a3bdda5c4cbd8acb3f5bfd23289c7","isMergeCommit":false,"messageTitle":"Defined anteCount as a static","messageBody":"","fileTypesAndContributionMap":{"functional-code":{"insertions":2,"deletions":2}}},{"hash":"cc094604fbbec377bf1128c855b564b8a052b36d","isMergeCommit":false,"messageTitle":"-created the Ante object ( public static Ante ante;) in JavatroCore instead of inside the JavatroManager -modified the related classes with the implemented changes","messageBody":"","fileTypesAndContributionMap":{"functional-code":{"insertions":23,"deletions":7}}},{"hash":"33f9d49d57bf8c43f2e12d820aa4058c39d7b15f","isMergeCommit":false,"messageTitle":"added back the BlindScreen to UI after the merge conflicts","messageBody":"","fileTypesAndContributionMap":{"functional-code":{"insertions":7,"deletions":0}}},{"hash":"cc3f3d6e5b00fcbd66590dff023bac8793e361b2","isMergeCommit":false,"messageTitle":"Refactored the BlindScreen code as it contained some initalised parts in the UI already and modified the related classes","messageBody":"","fileTypesAndContributionMap":{"functional-code":{"insertions":137,"deletions":155}}},{"hash":"790f59db4e7210647798f37e2d5ddcdc8663f5a0","isMergeCommit":false,"messageTitle":"Added Javadoc for BlindScreen class","messageBody":"","fileTypesAndContributionMap":{"functional-code":{"insertions":61,"deletions":1}}},{"hash":"63dc4effa2245f3462a168dcfe625e7bd3e28d2f","isMergeCommit":false,"messageTitle":"Added Javadoc to the JavatroCore class removed unnecessary comment","messageBody":"","fileTypesAndContributionMap":{"functional-code":{"insertions":19,"deletions":1}}},{"hash":"5edd984ff886f09a4ba96388892a5424d78c45f4","isMergeCommit":true,"messageTitle":"merging updated codebase from upstream into my working branch","messageBody":"","fileTypesAndContributionMap":{}}]}],"flyingapricot":[{"date":"2025-03-01","commitResults":[{"hash":"b6b7f20840b94d7c105feec3b837b28bf28e946a","isMergeCommit":false,"messageTitle":"Update gradle.yml","messageBody":"","fileTypesAndContributionMap":{"other":{"insertions":6,"deletions":2}}},{"hash":"c81d35429fbdd4938068009af82d16e2c953f179","isMergeCommit":false,"messageTitle":"Update checkstyle.xml to update the supression.xml location","messageBody":"","fileTypesAndContributionMap":{"other":{"insertions":1,"deletions":1}}},{"hash":"4de8b45e6fe786ffbaaf104a8c9ad67024b0b221","isMergeCommit":false,"messageTitle":"Create FormatLintTest.yml to automate formatting, linting and testing","messageBody":"","fileTypesAndContributionMap":{"other":{"insertions":89,"deletions":0}}},{"hash":"7639d6f74b275d7ac16e2673678beb005b51b993","isMergeCommit":false,"messageTitle":"yml now also builds and uploads the .jar as an artefact","messageBody":"","fileTypesAndContributionMap":{"other":{"insertions":33,"deletions":0}}},{"hash":"85008c23a73b7c33a09768c1c19a8c491337292a","isMergeCommit":false,"messageTitle":"Updated to upload-artefact v4","messageBody":"","fileTypesAndContributionMap":{"other":{"insertions":1,"deletions":1}}},{"hash":"87820e8cd48cbd3cfac6decbfac99121e870d363","isMergeCommit":false,"messageTitle":"Skipping Checkstyle since it is performed earlier","messageBody":"","fileTypesAndContributionMap":{"other":{"insertions":2,"deletions":2}}},{"hash":"20d69bf1d3c3b759b5f98da7b06849ac753ce41f","isMergeCommit":false,"messageTitle":"Update README.md to include super linter status","messageBody":"","fileTypesAndContributionMap":{"docs":{"insertions":2,"deletions":1}}},{"hash":"a3bdec17cf4e234bb3d384ad026c93c7f9aeb59c","isMergeCommit":true,"messageTitle":"Merge pull request #30 from Markneoneo/PokerHand","messageBody":"Poker Hand Class","fileTypesAndContributionMap":{}},{"hash":"3eec14c478c0e44b2c34259f904a681aea748c96","isMergeCommit":false,"messageTitle":"Retest of CI/CD","messageBody":"","fileTypesAndContributionMap":{"functional-code":{"insertions":1,"deletions":2}}},{"hash":"1302165c978d3a1021da563282003292b11f022a","isMergeCommit":false,"messageTitle":"Undoing the last change, wrong branch","messageBody":"","fileTypesAndContributionMap":{"functional-code":{"insertions":2,"deletions":1}}}]},{"date":"2025-03-02","commitResults":[{"hash":"88a89de6fa4f22eede213f420df8a90d62ecfeae","isMergeCommit":false,"messageTitle":"CI: Ensure Lint, Test, and Build steps use the latest formatted code","messageBody":"Previously, the Lint, Test, and Build steps could run on outdated code if the Auto Formatter made changes. This update ensures that each step fetches the latest commit after formatting, preventing inconsistencies and ensuring correctness.","fileTypesAndContributionMap":{"other":{"insertions":51,"deletions":20}}}]},{"date":"2025-03-03","commitResults":[{"hash":"cb2b4ec6d248e8797b5411018733397aa58c1827","isMergeCommit":false,"messageTitle":"Initialize basic project structure with package definitions","messageBody":"","fileTypesAndContributionMap":{"functional-code":{"insertions":31,"deletions":0}}}]},{"date":"2025-03-04","commitResults":[{"hash":"ad9e4a4e7a2630bc5b307dc0bd19156a8cb8a827","isMergeCommit":false,"messageTitle":"Added JavatroView class which is responsible for displaying the UI","messageBody":"","fileTypesAndContributionMap":{"functional-code":{"insertions":70,"deletions":24}}},{"hash":"2e8e4886aea59d43b44ee8b7107a40c93f9f0805","isMergeCommit":false,"messageTitle":"Added basic Start, Gameplay Screens and navigation between the 2 following the new project structure","messageBody":"","fileTypesAndContributionMap":{"functional-code":{"insertions":215,"deletions":24}}},{"hash":"40537fd55b374084b322824e2dfdf782dd0edbd7","isMergeCommit":false,"messageTitle":"Added Page Navigation and created base game screen view","messageBody":"","fileTypesAndContributionMap":{"functional-code":{"insertions":91,"deletions":22},"other":{"insertions":5,"deletions":1}}},{"hash":"51c27c5750353283b551c99a0d1c44d6681bd8da","isMergeCommit":true,"messageTitle":"Resolved merge conflicts","messageBody":"","fileTypesAndContributionMap":{}},{"hash":"5c07df4365f3e557027411bca0cb008665c144f3","isMergeCommit":false,"messageTitle":"Moved the Card, HandResult and PokerHand classes into the core package since they are related to the game logic","messageBody":"","fileTypesAndContributionMap":{"other":{"insertions":3,"deletions":3},"test-code":{"insertions":3,"deletions":0}}},{"hash":"4ac63644229159b63b97d095ef2fa179f9a7d94f","isMergeCommit":true,"messageTitle":"Merge branch \u0027Create-Structure\u0027 of https://github.com/flyingapricot/tp into Create-Structure Getting latest code from remote after auto-formatting.","messageBody":"","fileTypesAndContributionMap":{}},{"hash":"3064db3f3e8941813d7a4d910161da0489502ad4","isMergeCommit":false,"messageTitle":"Defined LoadGameScreen and LoadStartScreen commands to handle the loading of the game and start screen separately","messageBody":"","fileTypesAndContributionMap":{"functional-code":{"insertions":68,"deletions":17}}},{"hash":"dbbe2659b8b08e816bc2bb78b8b359f23188a74f","isMergeCommit":false,"messageTitle":"Added braces for if statement","messageBody":"","fileTypesAndContributionMap":{"functional-code":{"insertions":3,"deletions":1}}}]},{"date":"2025-03-05","commitResults":[{"hash":"c628429adc3e36386e1d69200b3b04d83338ed78","isMergeCommit":false,"messageTitle":"Updated Neeraj\u0027s info on AboutUs PR","messageBody":"","fileTypesAndContributionMap":{"docs":{"insertions":1,"deletions":5}}},{"hash":"f8911615702ba66e7d96214943794e1f090b9bff","isMergeCommit":true,"messageTitle":"Merge pull request #49 from Markneoneo/Markneoqihao-AboutUs","messageBody":"Updated AboutUs.md of Neo Qi Hao","fileTypesAndContributionMap":{}},{"hash":"cb4b485e340a411b8b44ccf70194b6aead9430a7","isMergeCommit":true,"messageTitle":"Merge pull request #50 from jwyk/JohnWooYiKai-AboutUs","messageBody":"Update AboutUs.md for John Woo Yi Kai","fileTypesAndContributionMap":{}}]},{"date":"2025-03-08","commitResults":[{"hash":"fe4451203bb3a7c7f379d98880626ba499c12e09","isMergeCommit":true,"messageTitle":"Merge pull request #52 from Markneoneo/Update-PokerHand","messageBody":"Overall Code Improvement","fileTypesAndContributionMap":{}},{"hash":"f95a727502e77b087952a11f9b0dbd8769574248","isMergeCommit":true,"messageTitle":"Merge pull request #54 from jwyk/Fix-Exception","messageBody":"Fix JavatroExceptions not being thrown","fileTypesAndContributionMap":{}},{"hash":"d27477918015122872058b6726c3eed6079b4247","isMergeCommit":true,"messageTitle":"Merge pull request #46 from jwyk/Decks","messageBody":"Deck and HoldingHand","fileTypesAndContributionMap":{}},{"hash":"766082d767a1c0cc77e55de59a0f39c639df653e","isMergeCommit":true,"messageTitle":"Merge pull request #35 from K-J-Q/master","messageBody":"Add skeleton codes for Round class","fileTypesAndContributionMap":{}}]},{"date":"2025-03-12","commitResults":[{"hash":"7ec4b7547e30331650d845d82b7e8df257b1c760","isMergeCommit":true,"messageTitle":"Merge pull request #60 from K-J-Q/Ui","messageBody":"implement Ui class","fileTypesAndContributionMap":{}},{"hash":"d31aa7bbdec8a7c55f84d32ab2dcafdd97c440a9","isMergeCommit":true,"messageTitle":"Resolved merge conflicts that occurred while merging into Create-Structure","messageBody":"","fileTypesAndContributionMap":{}},{"hash":"3dfde170014420f10fb7ba539e87f2eec474939d","isMergeCommit":false,"messageTitle":"Resolved import issues arising from moving classes into the javatro_core package","messageBody":"","fileTypesAndContributionMap":{"functional-code":{"insertions":60,"deletions":54},"test-code":{"insertions":20,"deletions":17}}}]},{"date":"2025-03-13","commitResults":[{"hash":"14248ec24c9e07d14c42ed929c0ee84a28e7e58c","isMergeCommit":false,"messageTitle":"Revamped the code for the manager and view classes by updating the way they interact through the use of a observer-listener","messageBody":"","fileTypesAndContributionMap":{"functional-code":{"insertions":409,"deletions":281},"test-code":{"insertions":1,"deletions":0}}}]},{"date":"2025-03-15","commitResults":[{"hash":"c46f8b0be44cda786175d542693e3a373f179070","isMergeCommit":true,"messageTitle":"Merge pull request #63 from K-J-Q/align-round","messageBody":"","fileTypesAndContributionMap":{}}]},{"date":"2025-03-16","commitResults":[{"hash":"a122798f2fb5a631844d72da84c4914b638cec6e","isMergeCommit":true,"messageTitle":"Resolved merge conflicts","messageBody":"","fileTypesAndContributionMap":{}},{"hash":"49ab369d98313a90901d5d56715c84587369bb32","isMergeCommit":false,"messageTitle":"Updated model structure and started integrating model with the manager class","messageBody":"","fileTypesAndContributionMap":{"functional-code":{"insertions":330,"deletions":163}}},{"hash":"4d577319a9422de0671b718e494ebb2a6e32e399","isMergeCommit":true,"messageTitle":"Merge branch \u0027master\u0027 into Create-Structure","messageBody":"","fileTypesAndContributionMap":{}},{"hash":"2c630ac2a131faead24ea67ace4c8696a910cf83","isMergeCommit":true,"messageTitle":"Resolved merge conflicts","messageBody":"","fileTypesAndContributionMap":{}},{"hash":"d0bccc8aff0a9861143fc32cfa1a8bdf02c9493b","isMergeCommit":false,"messageTitle":"Added working listener/observer relation between game screen and javatro core class","messageBody":"","fileTypesAndContributionMap":{"functional-code":{"insertions":54,"deletions":45},"test-code":{"insertions":106,"deletions":106}}}]},{"date":"2025-03-17","commitResults":[{"hash":"3873bf11bd3d279ae9162e3947ba6e7068ba754b","isMergeCommit":false,"messageTitle":"Cards drawn by player are now displayed in the UI","messageBody":"","fileTypesAndContributionMap":{"functional-code":{"insertions":77,"deletions":15}}},{"hash":"f65e9c78635ed32ea6892a80dc6afb9b4ef05472","isMergeCommit":false,"messageTitle":"Add ability to select to play","messageBody":"","fileTypesAndContributionMap":{"functional-code":{"insertions":242,"deletions":30}}},{"hash":"a307ec533c2f87a5eedd40eb08e199134c684a42","isMergeCommit":false,"messageTitle":"Add ability to discard cards","messageBody":"","fileTypesAndContributionMap":{"functional-code":{"insertions":68,"deletions":5}}},{"hash":"65dfaedf04108b0363eb840c53f2a39a6c96d66a","isMergeCommit":false,"messageTitle":"Add structure to display round over on UI","messageBody":"","fileTypesAndContributionMap":{"functional-code":{"insertions":9,"deletions":16}}},{"hash":"4b8e9cafb34e7f2e9ee12ea35d577a0731f33122","isMergeCommit":true,"messageTitle":"Resolved merge conflicts","messageBody":"","fileTypesAndContributionMap":{}},{"hash":"1262a0a39ccc8fed241c791c70b8d994974a09d3","isMergeCommit":false,"messageTitle":"Add Round Over Detection And Fixed Discards Not Showing In UI","messageBody":"","fileTypesAndContributionMap":{"functional-code":{"insertions":33,"deletions":9}}},{"hash":"feb469323388f1ed2e4a484b93af9fbf81719fcc","isMergeCommit":false,"messageTitle":"Remove unecessary parameters from gameScreen that have not been implemented and update round creation method in Javatro Core","messageBody":"","fileTypesAndContributionMap":{"functional-code":{"insertions":14,"deletions":23}}},{"hash":"737b24fa17f15ef9375e4b1f73c11a06a90443c2","isMergeCommit":false,"messageTitle":"Place files in correct packages and create a seperate package for exceptions. Update printing of handResult and discardResult and remove the UI call from Round Class","messageBody":"","fileTypesAndContributionMap":{"functional-code":{"insertions":50,"deletions":66},"other":{"insertions":10,"deletions":20},"test-code":{"insertions":4,"deletions":0}}},{"hash":"d0132933d9f4c85e2ad9dca4c555e6765e4de5b5","isMergeCommit":false,"messageTitle":"Fix bug where when game screen options does not update on a new game and add options to go to main menu or exit ingame","messageBody":"","fileTypesAndContributionMap":{"functional-code":{"insertions":16,"deletions":0}}},{"hash":"18689bfb95cce6a44a9791fa07fa08136d64430c","isMergeCommit":false,"messageTitle":"Write Javadocs for the main class as well as well as explain variables used in the main","messageBody":"","fileTypesAndContributionMap":{"functional-code":{"insertions":23,"deletions":3}}},{"hash":"fd437cf7b907dbf5b1eedd442495f47149c2c08e","isMergeCommit":false,"messageTitle":"Add javadocs for the View Package except Game Screen","messageBody":"","fileTypesAndContributionMap":{"functional-code":{"insertions":231,"deletions":111}}},{"hash":"b0079e8c8a023aa5900c866b5f7d3ef79ca0052f","isMergeCommit":false,"messageTitle":"Add Javadocs for javatro_view package and updated package-info. Update the function for printing the cards","messageBody":"","fileTypesAndContributionMap":{"functional-code":{"insertions":177,"deletions":138}}},{"hash":"8e1f1d4fc196705e4dfcab0cf5c2370389554142","isMergeCommit":false,"messageTitle":"Add Javadocs for javatro_manager","messageBody":"","fileTypesAndContributionMap":{"functional-code":{"insertions":232,"deletions":37}}},{"hash":"383a71ea04f0a08a7efc5e2cc9895ac9f31204b4","isMergeCommit":false,"messageTitle":"Add Javadocs for javatro_core package and update package-info.java","messageBody":"","fileTypesAndContributionMap":{"functional-code":{"insertions":56,"deletions":10}}},{"hash":"42c99f4e6c226b75edec5ce8b89e6f8e95305475","isMergeCommit":false,"messageTitle":"Resolve Linting Issues","messageBody":"","fileTypesAndContributionMap":{"functional-code":{"insertions":51,"deletions":34}}},{"hash":"e0224fc98a90ac60f37cec14d81c34ced8f6c14b","isMergeCommit":false,"messageTitle":"Resolve Linting Issues","messageBody":"","fileTypesAndContributionMap":{"functional-code":{"insertions":6,"deletions":10}}},{"hash":"53ebf7d36e9affe6cd4c313f24f3fbd188396b48","isMergeCommit":false,"messageTitle":"Resolve Linting Errors","messageBody":"","fileTypesAndContributionMap":{"functional-code":{"insertions":7,"deletions":5}}},{"hash":"3e75c8cee1453dd0a9b2f33344729f8138627d7a","isMergeCommit":false,"messageTitle":"Resolve Linting Errors","messageBody":"","fileTypesAndContributionMap":{"functional-code":{"insertions":6,"deletions":2}}},{"hash":"12d929ce69f2099e92f3c08b4231647a9e48aed5","isMergeCommit":true,"messageTitle":"Merge pull request #70 from flyingapricot/StructureEnhancement","messageBody":"","fileTypesAndContributionMap":{}}]},{"date":"2025-03-22","commitResults":[{"hash":"0bedb7cd189c5ca2a9aaf0830f091507907b066e","isMergeCommit":true,"messageTitle":"Merge pull request #75 from jwyk/Fix-ExceededLimit","messageBody":"","fileTypesAndContributionMap":{}},{"hash":"06d6b9a366527d72033d322a52aab08eff3c1de0","isMergeCommit":true,"messageTitle":"Merge branch \u0027master\u0027 of https://github.com/flyingapricot/tp","messageBody":"","fileTypesAndContributionMap":{}},{"hash":"bc4fb92887905d03c4e845fc43e633d534f44364","isMergeCommit":true,"messageTitle":"Merge branch \u0027AY2425S2-CS2113-W13-1:master\u0027 into master","messageBody":"","fileTypesAndContributionMap":{}},{"hash":"4448d146244dc4fd23542b708ef6432e5ae2297d","isMergeCommit":true,"messageTitle":"Merge branch \u0027master\u0027 of https://github.com/flyingapricot/tp","messageBody":"","fileTypesAndContributionMap":{}},{"hash":"fa0f74d5a9b4e506418275d37c1d11468c1aee4e","isMergeCommit":true,"messageTitle":"Merge branch \u0027AY2425S2-CS2113-W13-1:master\u0027 into master","messageBody":"","fileTypesAndContributionMap":{}},{"hash":"fbd6d6911ce14eb4bbff780c668f04ab32d1c054","isMergeCommit":true,"messageTitle":"Merge branch \u0027master\u0027 of https://github.com/flyingapricot/tp","messageBody":"","fileTypesAndContributionMap":{}},{"hash":"6011ae153302c6366a54c8e7709fed6ba2ddf86a","isMergeCommit":false,"messageTitle":"Change command to option","messageBody":"","fileTypesAndContributionMap":{"functional-code":{"insertions":13,"deletions":34},"other":{"insertions":153,"deletions":148}}},{"hash":"21a6c50d2552da6b0993d714b3c25885ab8ffb8d","isMergeCommit":false,"messageTitle":"Update Help Intro Screen","messageBody":"","fileTypesAndContributionMap":{"functional-code":{"insertions":54,"deletions":84}}},{"hash":"624b53ca62529b50bb4e38229a5f943d835f98cd","isMergeCommit":false,"messageTitle":"Resolve Handling of JavatroException in Round","messageBody":"","fileTypesAndContributionMap":{"functional-code":{"insertions":131,"deletions":53}}},{"hash":"1511593959c9c00745d633fc58def7984c46d37d","isMergeCommit":false,"messageTitle":"Resolve Start Imports","messageBody":"","fileTypesAndContributionMap":{"functional-code":{"insertions":41,"deletions":8}}},{"hash":"2be7d6d280056680b1a41d0a84ed2ebc558e7fe9","isMergeCommit":true,"messageTitle":"Resolve Merge Conflict","messageBody":"","fileTypesAndContributionMap":{}}]},{"date":"2025-03-23","commitResults":[{"hash":"39eeb38abb79db23377f4e5989c23f7b716645d1","isMergeCommit":true,"messageTitle":"Merge pull request #79 from Markneoneo/UI","messageBody":"UI Revamp","fileTypesAndContributionMap":{}}]},{"date":"2025-03-25","commitResults":[{"hash":"4072d5339c657932a2a82403668f072227063f63","isMergeCommit":true,"messageTitle":"Merge pull request #85 from Markneoneo/UI2","messageBody":"UI Revamp 2","fileTypesAndContributionMap":{}}]},{"date":"2025-03-30","commitResults":[{"hash":"f8ca2b5ad5e07a1241db515b49a2c888f8d91967","isMergeCommit":true,"messageTitle":"Merge pull request #105 from Markneoneo/GameScreen","messageBody":"UI Revamp 5","fileTypesAndContributionMap":{}}]},{"date":"2025-03-31","commitResults":[{"hash":"b5ed32ad0072684918de28675e0610c7ab7a43d2","isMergeCommit":true,"messageTitle":"Merge pull request #126 from jwyk/Link-BossBlind-GameScreen","messageBody":"Link boss blinds to GameScreen ","fileTypesAndContributionMap":{}}]},{"date":"2025-04-01","commitResults":[{"hash":"95dd07ec2c1f70b4d0242879e088a187aa687567","isMergeCommit":false,"messageTitle":"Update DG with first structure and details","messageBody":"","fileTypesAndContributionMap":{"docs":{"insertions":453,"deletions":51}}},{"hash":"a53e65df6fe6d9740292a8eb6bed9fa0ea281ad4","isMergeCommit":false,"messageTitle":"Update DeveloperGuide.md","messageBody":"","fileTypesAndContributionMap":{"docs":{"insertions":111,"deletions":49}}},{"hash":"11c59fb26ab9d721965bea2d7a77653009d0f110","isMergeCommit":true,"messageTitle":"Merge pull request #133 from flyingapricot/DeveloperGuide_One","messageBody":"","fileTypesAndContributionMap":{}}]}],"K-J-Q":[{"date":"2025-03-01","commitResults":[{"hash":"f2c4bdbe5fdbbb75b248dbdd6466b0a39b212cf6","isMergeCommit":false,"messageTitle":"add Round.java skeleton code","messageBody":"","fileTypesAndContributionMap":{"functional-code":{"insertions":127,"deletions":0}}},{"hash":"61b174aa5c543e9b5cec86dc29698734c19b6a8f","isMergeCommit":false,"messageTitle":"merge with implemented class PokerHand","messageBody":"","fileTypesAndContributionMap":{"functional-code":{"insertions":23,"deletions":23}}}]},{"date":"2025-03-02","commitResults":[{"hash":"f9d95ff00151b0a4828a04d14d4fe22c7d109f02","isMergeCommit":false,"messageTitle":"remove magic numbers","messageBody":"","fileTypesAndContributionMap":{"functional-code":{"insertions":10,"deletions":6}}},{"hash":"bcd0818d772811b0e78d89617628104742383075","isMergeCommit":false,"messageTitle":"fix gameplay mechanics","messageBody":"","fileTypesAndContributionMap":{"functional-code":{"insertions":11,"deletions":18}}},{"hash":"4f8e50351502d55e2fa58757a9f4cdf8eda882f8","isMergeCommit":false,"messageTitle":"change discards tracker to count down","messageBody":"","fileTypesAndContributionMap":{"functional-code":{"insertions":9,"deletions":5}}},{"hash":"00e2e33de60c10452a40d7b6bed554c8e20107e8","isMergeCommit":false,"messageTitle":"add State class","messageBody":"","fileTypesAndContributionMap":{"functional-code":{"insertions":5,"deletions":9}}},{"hash":"7c844f0cc383f265a9c12cec2a72e9acefba5a3a","isMergeCommit":true,"messageTitle":"Merge branch \u0027AY2425S2-CS2113-W13-1:master\u0027 into master","messageBody":"","fileTypesAndContributionMap":{}},{"hash":"6350eb3563e98b37d71d3f2c913c4798e0aa1326","isMergeCommit":true,"messageTitle":"Merge branch \u0027round\u0027","messageBody":"","fileTypesAndContributionMap":{}},{"hash":"8ad058b8e90659e1e5d443b4b1d1e5b60007ff73","isMergeCommit":false,"messageTitle":"add scaffold ui","messageBody":"","fileTypesAndContributionMap":{"functional-code":{"insertions":5,"deletions":0}}},{"hash":"7f6d1dfd76833d314274b5bb4248e36116d794e5","isMergeCommit":false,"messageTitle":"fix plays variable","messageBody":"","fileTypesAndContributionMap":{"functional-code":{"insertions":12,"deletions":11}}}]},{"date":"2025-03-05","commitResults":[{"hash":"91b66149f44630d5d0a03e36427b1d7c19bc98aa","isMergeCommit":false,"messageTitle":"update AboutUs.md","messageBody":"","fileTypesAndContributionMap":{"docs":{"insertions":1,"deletions":5}}},{"hash":"899bd938e407f856888583df5dc62d6b1629add8","isMergeCommit":true,"messageTitle":"Merge commit \u002788a89de6fa4f22eede213f420df8a90d62ecfeae\u0027 into Jian_Quan-AboutUs","messageBody":"","fileTypesAndContributionMap":{}},{"hash":"37d9fa5e462a576a2cbc68a10289f66e072f6c2d","isMergeCommit":true,"messageTitle":"Merge branch \u0027master\u0027 into Jian_Quan-AboutUs","messageBody":"","fileTypesAndContributionMap":{}},{"hash":"98aa4d68051d761546430db2bb9f37dc0bfd7154","isMergeCommit":true,"messageTitle":"Merge pull request #51 from K-J-Q/Jian_Quan-AboutUs","messageBody":"Jian quan about us","fileTypesAndContributionMap":{}},{"hash":"1b8ae930fce2078280034458b45d4d68ad87a670","isMergeCommit":true,"messageTitle":"Merge branch \u0027AY2425S2-CS2113-W13-1:master\u0027 into master","messageBody":"","fileTypesAndContributionMap":{}}]},{"date":"2025-03-11","commitResults":[{"hash":"debd7d67601aebf8761ef1c8407d8b475b264782","isMergeCommit":false,"messageTitle":"implement Ui class","messageBody":"","fileTypesAndContributionMap":{"functional-code":{"insertions":41,"deletions":2}}}]},{"date":"2025-03-13","commitResults":[{"hash":"20addd499d318e126248b982fcd1e275c9fa38e9","isMergeCommit":false,"messageTitle":"Alignment with classes","messageBody":"","fileTypesAndContributionMap":{"functional-code":{"insertions":42,"deletions":24}}},{"hash":"5babcd3d97ac6eeba3384f0ee943a3273057dd69","isMergeCommit":false,"messageTitle":"add draw n cards","messageBody":"","fileTypesAndContributionMap":{"functional-code":{"insertions":18,"deletions":0}}},{"hash":"b0c967a7ea9fc2e263582ed44ece3d5059839ba6","isMergeCommit":false,"messageTitle":"add State class","messageBody":"","fileTypesAndContributionMap":{"functional-code":{"insertions":38,"deletions":0}}}]},{"date":"2025-03-14","commitResults":[{"hash":"334a121fbb61619c7e0fff87ae617031e9c0c50a","isMergeCommit":false,"messageTitle":"Add validation exceptions Round constructor","messageBody":"","fileTypesAndContributionMap":{"functional-code":{"insertions":51,"deletions":2}}},{"hash":"a131106ac42c3dd76cea0b9035ed8d9aed3b5cd3","isMergeCommit":false,"messageTitle":"Add unit tests for Round class initialization and validation","messageBody":"","fileTypesAndContributionMap":{"test-code":{"insertions":106,"deletions":0}}}]},{"date":"2025-03-16","commitResults":[{"hash":"15489041f4523a799285ddba6de908fa2f42e1eb","isMergeCommit":true,"messageTitle":"Merge pull request #65 from jwyk/Fix-HoldingHand-Index","messageBody":"Fix HoldingHand Play() and Discard()","fileTypesAndContributionMap":{}},{"hash":"dd38044390e84557b3bc8d9c720b6b8bbf122804","isMergeCommit":false,"messageTitle":"Add validation for number of cards played and improve exception handling","messageBody":"","fileTypesAndContributionMap":{"functional-code":{"insertions":18,"deletions":5}}},{"hash":"c164978b1bac2734276b16065c690aa1984ffa57","isMergeCommit":false,"messageTitle":"Refactor RoundTest to improve initialization tests and reduce code duplication","messageBody":"","fileTypesAndContributionMap":{"test-code":{"insertions":26,"deletions":85}}},{"hash":"50abd60cab45e07b698259642a6de0276364df8d","isMergeCommit":true,"messageTitle":"Merge branch \u0027Implement-Round-playCards\u0027 of https://github.com/K-J-Q/tp into Implement-Round-playCards","messageBody":"","fileTypesAndContributionMap":{}}]},{"date":"2025-03-17","commitResults":[{"hash":"3adc7eca1afe23812ebbba5034698f4e694ccb51","isMergeCommit":false,"messageTitle":"Add exception for no plays remaining and update round logic","messageBody":"","fileTypesAndContributionMap":{"functional-code":{"insertions":18,"deletions":3},"test-code":{"insertions":110,"deletions":0}}},{"hash":"eed9e7b54b461e9b09f15fe1770e0b446318f0e3","isMergeCommit":false,"messageTitle":"Refactor RoundTest","messageBody":"","fileTypesAndContributionMap":{"test-code":{"insertions":76,"deletions":75}}},{"hash":"e7b0ba3a06ccff2e3865cd10211acb29a8b47058","isMergeCommit":true,"messageTitle":"Merge branch \u0027AY2425S2-CS2113-W13-1:master\u0027 into master","messageBody":"","fileTypesAndContributionMap":{}}]},{"date":"2025-03-18","commitResults":[{"hash":"6e3743295eca56f5fd6e31c1a7ccc76bd93c9959","isMergeCommit":true,"messageTitle":"Merge branch \u0027master\u0027 into Implement-Round-playCards","messageBody":"","fileTypesAndContributionMap":{}},{"hash":"87d47118840b274817ebf84b2d569985bfca92f2","isMergeCommit":false,"messageTitle":"Refactor card play validation and improve exception handling in Round class","messageBody":"","fileTypesAndContributionMap":{"functional-code":{"insertions":12,"deletions":15},"test-code":{"insertions":83,"deletions":16}}}]},{"date":"2025-03-19","commitResults":[{"hash":"35840aec391f28ff0c083e4790fc7086d2646f02","isMergeCommit":true,"messageTitle":"Merge pull request #73 from swethacool/Swetha-CommandRefine","messageBody":"Swetha- Command refine","fileTypesAndContributionMap":{}}]},{"date":"2025-03-24","commitResults":[{"hash":"62ef5f3ebfcdd66d87e04034bff15ebc21e93972","isMergeCommit":true,"messageTitle":"Merge branch \u0027master\u0027 of https://github.com/K-J-Q/tp","messageBody":"","fileTypesAndContributionMap":{}}]},{"date":"2025-03-25","commitResults":[{"hash":"698fe9cc4b7d39cc93d45484613677fe00956efe","isMergeCommit":false,"messageTitle":"Add assertions for game state validation in Round class methods","messageBody":"","fileTypesAndContributionMap":{"functional-code":{"insertions":41,"deletions":2},"test-code":{"insertions":7,"deletions":2}}}]},{"date":"2025-03-26","commitResults":[{"hash":"6940f7d0e72c38eaaca1618e3a57bbdf6b1b87f2","isMergeCommit":false,"messageTitle":"Add AnteBase and BlindType enums for game configuration","messageBody":"","fileTypesAndContributionMap":{"functional-code":{"insertions":39,"deletions":0}}},{"hash":"2d518659627b26014f73c05c1b4b799aa181ca86","isMergeCommit":false,"messageTitle":"Refactor Round class to use AnteBase and BlindType for blind score calculation","messageBody":"","fileTypesAndContributionMap":{"functional-code":{"insertions":51,"deletions":33}}},{"hash":"15ad6c45be2637a75927244d69bb8981f7b15157","isMergeCommit":false,"messageTitle":"Update Round testing","messageBody":"","fileTypesAndContributionMap":{"test-code":{"insertions":58,"deletions":80}}},{"hash":"b9e7693d31194d6c1efa2dd5a7f2ec6738f2c126","isMergeCommit":true,"messageTitle":"Merge branch \u0027add-ante-base-round\u0027 of https://github.com/K-J-Q/tp into add-ante-base-round","messageBody":"","fileTypesAndContributionMap":{}}]},{"date":"2025-03-27","commitResults":[{"hash":"d0d7d90221c7d99f8bed6143d4945c36cda7c4a5","isMergeCommit":true,"messageTitle":"Merge branch \u0027master\u0027 into add-ante-base-round","messageBody":"","fileTypesAndContributionMap":{}},{"hash":"2bf1ea98cecc46186208faa9733289190a8f8d1f","isMergeCommit":false,"messageTitle":"Use JavatroException method in Round class","messageBody":"","fileTypesAndContributionMap":{"functional-code":{"insertions":36,"deletions":3}}},{"hash":"d9aa283421a8b96c74bc7c37777d6ab9a91c3038","isMergeCommit":false,"messageTitle":"Rename AnteBase levels to Ante values for consistency","messageBody":"","fileTypesAndContributionMap":{"functional-code":{"insertions":9,"deletions":11},"test-code":{"insertions":24,"deletions":24}}},{"hash":"1556f3b155d8c79685370d270070882fc619da10","isMergeCommit":false,"messageTitle":"Refactor RoundTest to use UI for exception messages","messageBody":"","fileTypesAndContributionMap":{"test-code":{"insertions":43,"deletions":45}}},{"hash":"045d2932abbe0cb083e0704fe2519caec511beee","isMergeCommit":false,"messageTitle":"Refactor Round class to simplify isWon method","messageBody":"","fileTypesAndContributionMap":{"functional-code":{"insertions":1,"deletions":2},"test-code":{"insertions":22,"deletions":5}}},{"hash":"9d1698b4f28712162cb242e008f5fa14f11231d2","isMergeCommit":true,"messageTitle":"Merge branch \u0027add-ante-base-round\u0027 of https://github.com/K-J-Q/tp into add-ante-base-round","messageBody":"","fileTypesAndContributionMap":{}}]},{"date":"2025-03-29","commitResults":[{"hash":"afb354c14dad71b9f3221533a809fa8e70173e93","isMergeCommit":true,"messageTitle":"Merge commit \u0027be3acf73a6e7ce2449fa1dff1daf0a7887765a82\u0027 into add-ante-base-round","messageBody":"","fileTypesAndContributionMap":{}},{"hash":"e13f557461d500b74fd30d7b3d8a91cec11c35d8","isMergeCommit":true,"messageTitle":"Merge commit \u002746701b3a05f0e13b3e69daacb17fddaa05a0e16f\u0027 into add-ante-base-round","messageBody":"","fileTypesAndContributionMap":{}},{"hash":"5e1972048c85460aadf49ab8b0925313c9598488","isMergeCommit":false,"messageTitle":"Replace skeleton ante and blind codes","messageBody":"","fileTypesAndContributionMap":{"functional-code":{"insertions":24,"deletions":67},"test-code":{"insertions":118,"deletions":109}}},{"hash":"b10f503c66ad3e447ddddfecde7189e58b54e9f7","isMergeCommit":true,"messageTitle":"Merge commit \u0027c295a849c6be47522866c99cc0b3a8261ce55a7e\u0027 into add-ante-base-round","messageBody":"","fileTypesAndContributionMap":{}}]},{"date":"2025-03-30","commitResults":[{"hash":"71925e6db47bf8c443778a92cdad773449fadffc","isMergeCommit":false,"messageTitle":"Refactor Round initialization to use Ante object directly","messageBody":"","fileTypesAndContributionMap":{"functional-code":{"insertions":74,"deletions":38},"test-code":{"insertions":13,"deletions":18}}},{"hash":"ba5bb3583a48988314b81bd3c5d970843b62f8b8","isMergeCommit":false,"messageTitle":"Refactor exception handling and improve round logic in Round class","messageBody":"","fileTypesAndContributionMap":{"functional-code":{"insertions":4,"deletions":6}}},{"hash":"67e850eb662beebde70686f44c541f4bc92dc681","isMergeCommit":false,"messageTitle":"Revert javadoc changes","messageBody":"","fileTypesAndContributionMap":{"functional-code":{"insertions":12,"deletions":12}}},{"hash":"b7d958810691b214328afe5be38a6e1aab9c6487","isMergeCommit":false,"messageTitle":"Refactor round to use SRP","messageBody":"","fileTypesAndContributionMap":{"functional-code":{"insertions":520,"deletions":160}}},{"hash":"11437468857f48e7790995fe7f1caa67f20b55ff","isMergeCommit":false,"messageTitle":"Add support for boss blinds","messageBody":"","fileTypesAndContributionMap":{"functional-code":{"insertions":185,"deletions":41}}},{"hash":"e9d3a99c34721d65519a5473e44a5e7f3c25dee5","isMergeCommit":false,"messageTitle":"Refactor Round class to encapsulate deck and bossType, and add getter/setter methods for bossType","messageBody":"","fileTypesAndContributionMap":{"functional-code":{"insertions":41,"deletions":8},"test-code":{"insertions":137,"deletions":8}}},{"hash":"40f5bed463227c1ab1ae0fd9e511f06e1254c513","isMergeCommit":true,"messageTitle":"Merge commit \u0027f8ca2b5ad5e07a1241db515b49a2c888f8d91967\u0027 into refactor-round","messageBody":"","fileTypesAndContributionMap":{}},{"hash":"b19a4e122e998ddceef1142423ec8775e78fac93","isMergeCommit":false,"messageTitle":"Refactor merge conflicts","messageBody":"","fileTypesAndContributionMap":{"functional-code":{"insertions":6,"deletions":13}}},{"hash":"9c8a1c724b4535f2c9e94af01b506cd544d659dc","isMergeCommit":false,"messageTitle":"Add isRoundOver method to determine if the round has ended","messageBody":"","fileTypesAndContributionMap":{"functional-code":{"insertions":13,"deletions":0}}},{"hash":"c3eb084bb5a7bd94dfbaece9c7e22abf4af850c2","isMergeCommit":true,"messageTitle":"Merge pull request #107 from K-J-Q/refactor-round","messageBody":"Refactor round class","fileTypesAndContributionMap":{}},{"hash":"e7851fb616ee50a2242e5bad760228e7223df07c","isMergeCommit":true,"messageTitle":"Merge commit \u0027c3eb084bb5a7bd94dfbaece9c7e22abf4af850c2\u0027 into add-boss-blinds","messageBody":"","fileTypesAndContributionMap":{}},{"hash":"2509695aebb86ad64550753c215ebccd2858da62","isMergeCommit":false,"messageTitle":"Change deck initialization from STANDARD to DEFAULT in DeckViewScreen","messageBody":"","fileTypesAndContributionMap":{"functional-code":{"insertions":1,"deletions":1}}},{"hash":"79bd450bfec14cfc17a27130aa1e72e6edd4c3e7","isMergeCommit":false,"messageTitle":"Refactor player hand management: rename methods and update references to player hand cards","messageBody":"","fileTypesAndContributionMap":{"functional-code":{"insertions":119,"deletions":60},"test-code":{"insertions":4,"deletions":4}}},{"hash":"23127bb61c2c4c0e1d726905d31c33028982e274","isMergeCommit":false,"messageTitle":"Add boss type parameter to Score class and update scoring logic","messageBody":"","fileTypesAndContributionMap":{"functional-code":{"insertions":55,"deletions":6}}},{"hash":"a95a7a186276e9a26ab924c6c205055e4df0bd0d","isMergeCommit":false,"messageTitle":"Refactor Round class: remove playerHandCards field and update setPlayerHandCards method to validate input","messageBody":"","fileTypesAndContributionMap":{"functional-code":{"insertions":6,"deletions":14}}},{"hash":"a97baea55377125586c2b17d90be783af8c869ba","isMergeCommit":true,"messageTitle":"Merge branch \u0027add-boss-blinds\u0027 of https://github.com/K-J-Q/tp into add-boss-blinds","messageBody":"","fileTypesAndContributionMap":{}},{"hash":"c98a4ea3ff21fcce813a0f5dac6dfcf8daaf8f09","isMergeCommit":false,"messageTitle":"Add getPlayerHandCards method to Round class to retrieve player\u0027s hand as a list","messageBody":"","fileTypesAndContributionMap":{"functional-code":{"insertions":10,"deletions":1}}},{"hash":"23bc24e7008c1badd4175a85bbdb4abe1fd7d68a","isMergeCommit":true,"messageTitle":"Merge pull request #118 from jwyk/Fix-HoldingHand","messageBody":"Fix Discards for HoldingHand","fileTypesAndContributionMap":{}},{"hash":"47c4ba7d36058a9059a66c62745221ba1001f8d1","isMergeCommit":false,"messageTitle":"Update test codes","messageBody":"","fileTypesAndContributionMap":{"functional-code":{"insertions":2,"deletions":1}}},{"hash":"43c6d80a5a17fb2c3369b79a96132877b1e0b50f","isMergeCommit":false,"messageTitle":"Refactor DeckViewScreen to use currentRound\u0027s deck instead of default DeckType","messageBody":"","fileTypesAndContributionMap":{"functional-code":{"insertions":2,"deletions":3}}},{"hash":"05df1d3497406eb28cd11dee64b807b302e6da02","isMergeCommit":false,"messageTitle":"Refactor Round and related classes to use final fields for immutability and improve clarity in documentation","messageBody":"","fileTypesAndContributionMap":{"functional-code":{"insertions":7,"deletions":4}}},{"hash":"06ca1e24bd9bc058138de338b980f7051d8a97fa","isMergeCommit":false,"messageTitle":"Update applyBossVariants method to set remaining discards for testing purposes","messageBody":"","fileTypesAndContributionMap":{"functional-code":{"insertions":3,"deletions":0}}},{"hash":"957a6da10f025bf1946aeeb2e9853a491679b5d7","isMergeCommit":true,"messageTitle":"Merge commit \u002723bc24e7008c1badd4175a85bbdb4abe1fd7d68a\u0027 into add-boss-blinds","messageBody":"","fileTypesAndContributionMap":{}},{"hash":"38a73a3c51d95cde5c179f4725baaf742f734bbe","isMergeCommit":false,"messageTitle":"Update Round and Score classes to enhance game logic and error handling","messageBody":"","fileTypesAndContributionMap":{"functional-code":{"insertions":5,"deletions":4}}},{"hash":"4759a79e2597a81af6f2e401b3501b5349ee0239","isMergeCommit":true,"messageTitle":"Merge pull request #119 from K-J-Q/add-boss-blinds","messageBody":"Add boss blinds and the associated round adjustments.","fileTypesAndContributionMap":{}}]}],"jwyk":[{"date":"2025-03-01","commitResults":[{"hash":"e292247b9131c2cc5c4e286d1fedb1f4b802a1c1","isMergeCommit":true,"messageTitle":"Merge pull request #28 from flyingapricot/CICD-Setup","messageBody":"CICD Setup","fileTypesAndContributionMap":{}},{"hash":"2f27026d1fda28b05b92ae5d69367cb542d24c0b","isMergeCommit":true,"messageTitle":"Merge pull request #29 from AY2425S2-CS2113-W13-1/Super-Linter-Status","messageBody":"Super Linter Status","fileTypesAndContributionMap":{}}]},{"date":"2025-03-02","commitResults":[{"hash":"24ace225b83aa5902235c62e70470865b2e34c8b","isMergeCommit":true,"messageTitle":"Merge pull request #40 from flyingapricot/CICD-Enhancement","messageBody":"CI: Run workflow on PRs and ensure latest formatted code in Lint, Test, and Build","fileTypesAndContributionMap":{}}]},{"date":"2025-03-04","commitResults":[{"hash":"5b4d3a83a9970e0d8e44b32b48294efcfb7754eb","isMergeCommit":false,"messageTitle":"Add functionality of Decks, HoldingHand","messageBody":"Deck.java: Holds the deck of cards. User is able to draw 1 card, and query remaining cards in the deck.\nHoldingHand.java: Holds the cards the user is given to play. User is able to play a set number of cards, or discard a set number of cards.\n","fileTypesAndContributionMap":{"functional-code":{"insertions":109,"deletions":0},"test-code":{"insertions":32,"deletions":0}}},{"hash":"b943c3fcb4ca7a6b9b9d392a8302f2416fa37c18","isMergeCommit":false,"messageTitle":"Fix variable access definition order","messageBody":"","fileTypesAndContributionMap":{"functional-code":{"insertions":1,"deletions":1}}}]},{"date":"2025-03-05","commitResults":[{"hash":"1973041052364981a6eab4cf44be6cb029743d69","isMergeCommit":false,"messageTitle":"Update HoldingHand based on PR feedback","messageBody":"","fileTypesAndContributionMap":{"functional-code":{"insertions":34,"deletions":13},"test-code":{"insertions":4,"deletions":1}}},{"hash":"04f64068c8347ada9dd96cabc6360d996a205664","isMergeCommit":false,"messageTitle":"Update AboutUs.md","messageBody":"","fileTypesAndContributionMap":{"docs":{"insertions":3,"deletions":7}}},{"hash":"2be3bb1e0194356ca0e7109b03e6824e23ac11b7","isMergeCommit":true,"messageTitle":"Resolve merge conflict and update gitignore","messageBody":"","fileTypesAndContributionMap":{}}]},{"date":"2025-03-08","commitResults":[{"hash":"6034f73b90a6d0a98f12b82004391813438b3b1e","isMergeCommit":false,"messageTitle":"Fix JavatroException not being thrown in test cases and main","messageBody":"","fileTypesAndContributionMap":{"functional-code":{"insertions":1,"deletions":1},"test-code":{"insertions":30,"deletions":30}}}]},{"date":"2025-03-16","commitResults":[{"hash":"4b8fe5c17861b43a8cd06844cb7b977a6235f426","isMergeCommit":false,"messageTitle":"Fix indices positions not being accounted for after each card removal for both discard() and draw()","messageBody":"","fileTypesAndContributionMap":{"functional-code":{"insertions":61,"deletions":21},"test-code":{"insertions":4,"deletions":2}}},{"hash":"e23e32e75e33efddca93912afa91e88e2f386b8f","isMergeCommit":false,"messageTitle":"Fix variable access definition order","messageBody":"","fileTypesAndContributionMap":{"functional-code":{"insertions":1,"deletions":1}}},{"hash":"e91cf24e1babfe39ef10534ffa57cd3353bc7ab4","isMergeCommit":false,"messageTitle":"Fix naming in JavatroExceptions","messageBody":"","fileTypesAndContributionMap":{"functional-code":{"insertions":2,"deletions":2}}},{"hash":"7c4ddc401b0ee90f5e614c4fb18073d81ec90e08","isMergeCommit":false,"messageTitle":"Fix error messages being duplicated","messageBody":"","fileTypesAndContributionMap":{"functional-code":{"insertions":1,"deletions":1}}},{"hash":"d54cd782a803c537f8a54406fdd624a5e8c96c6f","isMergeCommit":false,"messageTitle":"Apply google-java-format","messageBody":"","fileTypesAndContributionMap":{"functional-code":{"insertions":1,"deletions":1}}}]},{"date":"2025-03-17","commitResults":[{"hash":"ccd71f7e70f6458601a065699e7946e7de871869","isMergeCommit":true,"messageTitle":"Merge pull request #69 from flyingapricot/ConnectLogic","messageBody":"Establish Communcation From JavatroCore to JavatroManager and to JavatroView","fileTypesAndContributionMap":{}}]},{"date":"2025-03-18","commitResults":[{"hash":"bef56c22cb25e15948df640898bad6ff10d9ce38","isMergeCommit":true,"messageTitle":"Merge pull request #71 from K-J-Q/Implement-Round-playCards","messageBody":"Refactor and refine round class","tags":["release-v1.0"],"fileTypesAndContributionMap":{}}]},{"date":"2025-03-20","commitResults":[{"hash":"4fd682f833f20ef0764d3059c4e16f85fcbfa010","isMergeCommit":true,"messageTitle":"Merge branch \u0027master\u0027 of https://github.com/AY2425S2-CS2113-W13-1/tp","messageBody":"","fileTypesAndContributionMap":{}}]},{"date":"2025-03-22","commitResults":[{"hash":"6f7d8b2dad7c668a512b758164d3f10e59afe71f","isMergeCommit":false,"messageTitle":"Remove the self-drawing ability from draw() and discard() functions in HoldingHand.java","messageBody":"","fileTypesAndContributionMap":{"functional-code":{"insertions":0,"deletions":11},"test-code":{"insertions":6,"deletions":0}}},{"hash":"0d466302605e0fa28356738675ea359f31088af9","isMergeCommit":false,"messageTitle":"Align HelpScreen.java imports to coding standards","messageBody":"","fileTypesAndContributionMap":{"functional-code":{"insertions":11,"deletions":3}}},{"hash":"b112fbc015c96731c74e0e9f99e475906ad7ea4f","isMergeCommit":true,"messageTitle":"Merge branch \u0027Fix-ExceededLimit\u0027 of https://github.com/jwyk/tp into Fix-ExceededLimit","messageBody":"","fileTypesAndContributionMap":{}}]},{"date":"2025-03-24","commitResults":[{"hash":"51022a9ea179304ef73730bd415f8b8c66bf3224","isMergeCommit":false,"messageTitle":"Fix test cases failing and update build.gradle for new package structure","messageBody":"","fileTypesAndContributionMap":{"functional-code":{"insertions":3,"deletions":3},"other":{"insertions":1,"deletions":1},"test-code":{"insertions":27,"deletions":17}}},{"hash":"2303a0de6458490cd8f5c603eede34d6723637e1","isMergeCommit":false,"messageTitle":"Fix star import causing CI/CD to fail","messageBody":"","fileTypesAndContributionMap":{"test-code":{"insertions":1,"deletions":1}}},{"hash":"b84d937b55514610450237cc1d896ca15515a3cc","isMergeCommit":false,"messageTitle":"Fix static variable declaration order","messageBody":"","fileTypesAndContributionMap":{"functional-code":{"insertions":1,"deletions":1}}}]},{"date":"2025-03-26","commitResults":[{"hash":"e9082ea4f8e946eca688caee8b5f14686a13367d","isMergeCommit":false,"messageTitle":"Add Checkered Deck","messageBody":"","fileTypesAndContributionMap":{"functional-code":{"insertions":19,"deletions":0}}},{"hash":"62d79111e92e70e0f9efe67dc56e488a159fe4b4","isMergeCommit":false,"messageTitle":"Fix only 26 cards being added","messageBody":"","fileTypesAndContributionMap":{"functional-code":{"insertions":3,"deletions":0}}}]},{"date":"2025-03-27","commitResults":[{"hash":"5abee9d8cffd8be092b36391d81faa36855efa1a","isMergeCommit":true,"messageTitle":"Merge branch \u0027master\u0027 into Different-Decks","messageBody":"","fileTypesAndContributionMap":{}},{"hash":"d3621e0f9ac13ad8d1449fca337df97297869c44","isMergeCommit":false,"messageTitle":"Add cloning method to Deck for maintaining deck cards","messageBody":"","fileTypesAndContributionMap":{"functional-code":{"insertions":12,"deletions":2}}},{"hash":"60bcb84791cc8383c5da8c2d24178553a34d04f2","isMergeCommit":false,"messageTitle":"Implement Different Deck Types","messageBody":"Red Deck: +1 Discard per round\nBlue Deck: +1 Hand playable per round\nCheckered Deck: Deck consists of 26 Hearts and 26 Clubs\n","fileTypesAndContributionMap":{"functional-code":{"insertions":264,"deletions":16}}},{"hash":"90ddd3147ea30fa329f9ec8963611806e43e4e27","isMergeCommit":false,"messageTitle":"Add tests for sortByRank, sortBySuit as well as failing tests","messageBody":"","fileTypesAndContributionMap":{"functional-code":{"insertions":10,"deletions":1},"test-code":{"insertions":116,"deletions":29}}},{"hash":"e5f02fb49a6f11946a572a0b250ecf2d2ab26c24","isMergeCommit":false,"messageTitle":"Fix start imports","messageBody":"","fileTypesAndContributionMap":{"functional-code":{"insertions":105,"deletions":80}}},{"hash":"1831045ee34e508be9e9944d9ab8bc0639b1d897","isMergeCommit":false,"messageTitle":"Fix the core package naming convention","messageBody":"","fileTypesAndContributionMap":{"functional-code":{"insertions":7,"deletions":7}}},{"hash":"6cf61409446a2b5f18f7fdbee1d90ed5e070f1a8","isMergeCommit":false,"messageTitle":"Implement the Abandoned Deck and fix decks not shuffling after a new round","messageBody":"","fileTypesAndContributionMap":{"functional-code":{"insertions":65,"deletions":4},"test-code":{"insertions":17,"deletions":0}}},{"hash":"37990a65a6a5cfd429df79b6e5222df73ce401b9","isMergeCommit":false,"messageTitle":"Remove redundant code","messageBody":"","fileTypesAndContributionMap":{"functional-code":{"insertions":0,"deletions":6}}},{"hash":"d0d18e533177e289513c2769f7c9977558013c79","isMergeCommit":true,"messageTitle":"Merge Different Decks to Joker","messageBody":"","fileTypesAndContributionMap":{}},{"hash":"668841f6410c2033b5b8969a126b452cbe10a147","isMergeCommit":true,"messageTitle":"Resolve merge conflicts","messageBody":"","fileTypesAndContributionMap":{}}]},{"date":"2025-03-28","commitResults":[{"hash":"8e36627ede292800b4f7b7591414977c223056fa","isMergeCommit":false,"messageTitle":"Refactor test to cut down on repetitiveness","messageBody":"","fileTypesAndContributionMap":{"test-code":{"insertions":11,"deletions":12}}},{"hash":"4d4d32912fe60b74ba3c62634d766c1ee009b836","isMergeCommit":false,"messageTitle":"Added logic to check for existing game","messageBody":"","fileTypesAndContributionMap":{"functional-code":{"insertions":5,"deletions":0}}},{"hash":"5f2330495a6e994a79e28c4e82b697473e971947","isMergeCommit":false,"messageTitle":"Fix getDeckName for standardised code convention","messageBody":"","fileTypesAndContributionMap":{"functional-code":{"insertions":2,"deletions":2}}},{"hash":"5130ea72dedfecc67b062a7369b12134107dad9e","isMergeCommit":false,"messageTitle":"Change shallow copy to deep copy for Deck class","messageBody":"","fileTypesAndContributionMap":{"functional-code":{"insertions":18,"deletions":12},"test-code":{"insertions":3,"deletions":1}}},{"hash":"c84bc3fdba2136ab04801c5229ac24474b3dd520","isMergeCommit":true,"messageTitle":"Merge branch \u0027Different-Decks\u0027 into Jokers","messageBody":"","fileTypesAndContributionMap":{}},{"hash":"fef76b0d0c91799fa2beddb9587a7877559cacdd","isMergeCommit":false,"messageTitle":"Resolve merge conflicts","messageBody":"","fileTypesAndContributionMap":{"functional-code":{"insertions":7,"deletions":0}}},{"hash":"af63a4bb5597fa1efcbe828731b2894263173e91","isMergeCommit":false,"messageTitle":"Add Copy Constructor for Card Class","messageBody":"","fileTypesAndContributionMap":{"functional-code":{"insertions":5,"deletions":0}}},{"hash":"4f572e7536415e4a73690c947b60e10e40a42928","isMergeCommit":false,"messageTitle":"Fix coding violations and linting problems","messageBody":"","fileTypesAndContributionMap":{"functional-code":{"insertions":60,"deletions":36},"test-code":{"insertions":8,"deletions":8}}},{"hash":"77c7f427a9f8219bf7c0036ddd13989da2577947","isMergeCommit":false,"messageTitle":"Fix linting problems","messageBody":"","fileTypesAndContributionMap":{"functional-code":{"insertions":104,"deletions":90}}},{"hash":"6214df531cfa0a71c3133095c061ba4c89000cd9","isMergeCommit":true,"messageTitle":"Merge master into Different-Decks","messageBody":"","fileTypesAndContributionMap":{}},{"hash":"6e2f5bbb9a9a266370385beed615be5cf1f53a76","isMergeCommit":false,"messageTitle":"Resolve merge conflicts","messageBody":"","fileTypesAndContributionMap":{"functional-code":{"insertions":97,"deletions":43},"other":{"insertions":2,"deletions":2}}},{"hash":"e3c4dbfb0f4e58034fb67ea9a62d41b4065b2dde","isMergeCommit":false,"messageTitle":"Integrate deck with displaying deck information","messageBody":"","fileTypesAndContributionMap":{"functional-code":{"insertions":24,"deletions":16}}},{"hash":"dff5659c0b481deeaa5541649435834a7e0d74b6","isMergeCommit":true,"messageTitle":"Resolve merge conflicts with Different-Decks","messageBody":"","fileTypesAndContributionMap":{}},{"hash":"dbf9642436d3523e00ea27dad40a1f090f6eb74a","isMergeCommit":false,"messageTitle":"Change currentScore to use long instead of int","messageBody":"","fileTypesAndContributionMap":{"functional-code":{"insertions":5,"deletions":5}}},{"hash":"21cc36eb002a39dd09ef56987bc76d477cfd0e7b","isMergeCommit":false,"messageTitle":"Attempt to integrate @swethaiscool Ante class with deck selection logic","messageBody":"","fileTypesAndContributionMap":{"functional-code":{"insertions":519,"deletions":7}}},{"hash":"dbff1dcac75c63ca971837c5f0cd17a7e8805716","isMergeCommit":false,"messageTitle":"Add tags that were previously not committed","messageBody":"","fileTypesAndContributionMap":{"functional-code":{"insertions":3,"deletions":0}}},{"hash":"d75e87d81727265627490aa7c1dc6ceed2e53093","isMergeCommit":false,"messageTitle":"Add in skeleton game logic for scoring jokers","messageBody":"","fileTypesAndContributionMap":{"functional-code":{"insertions":166,"deletions":7}}},{"hash":"2cc4a07c647b0fff6062b4fc7dbb9993d52185d8","isMergeCommit":false,"messageTitle":"Add abstract class for Joker","messageBody":"","fileTypesAndContributionMap":{"functional-code":{"insertions":17,"deletions":0}}},{"hash":"23303245329cfa2cc6f59477eb5efa8f153fa0aa","isMergeCommit":true,"messageTitle":"Merge branch \u0027Jokers\u0027 of https://github.com/jwyk/tp into Jokers","messageBody":"","fileTypesAndContributionMap":{}},{"hash":"8483038fa0e54d0ce55b172ce46061d7f2eedf61","isMergeCommit":false,"messageTitle":"Add more joker types and some Score tests","messageBody":"","fileTypesAndContributionMap":{"functional-code":{"insertions":188,"deletions":19},"test-code":{"insertions":76,"deletions":2}}},{"hash":"5affdf32c6b0ebaa6ec97051ad302d2b58e00ff9","isMergeCommit":true,"messageTitle":"Resolve merge conflicts","messageBody":"","fileTypesAndContributionMap":{}},{"hash":"9d7e4ea26e789432950bd7786e375ed28020a032","isMergeCommit":false,"messageTitle":"Add tests for HeldJokers","messageBody":"","fileTypesAndContributionMap":{"functional-code":{"insertions":1,"deletions":1},"test-code":{"insertions":81,"deletions":14}}}]},{"date":"2025-03-29","commitResults":[{"hash":"45109a3759c69946f02bbe7c6c8e4dcd29ecbea1","isMergeCommit":false,"messageTitle":"Refactor joker to use better packaging","messageBody":"","fileTypesAndContributionMap":{"other":{"insertions":16,"deletions":9}}},{"hash":"6b3577bd8e164b501829773ca0f3e9b07a048e8d","isMergeCommit":false,"messageTitle":"Remove emoji from CheckeredDeckSelectOption","messageBody":"","fileTypesAndContributionMap":{"functional-code":{"insertions":1,"deletions":1}}},{"hash":"7c6e3609909180b290e55145b99697efd83f12a1","isMergeCommit":false,"messageTitle":"Resolve merge conflict and add OddTodd joker","messageBody":"","fileTypesAndContributionMap":{"functional-code":{"insertions":32,"deletions":1}}},{"hash":"27edf2ce3afe0411ebfa077f2fb68c8b3c88ec22","isMergeCommit":false,"messageTitle":"Add instance of HeldJoker to Round class and change tests to accommodate","messageBody":"","fileTypesAndContributionMap":{"functional-code":{"insertions":40,"deletions":24},"test-code":{"insertions":74,"deletions":25}}},{"hash":"ac9d3d5bbca2d48dfa62ab251110814adb09a9df","isMergeCommit":true,"messageTitle":"Merge branch \u0027master\u0027 into Different-Decks","messageBody":"","fileTypesAndContributionMap":{}},{"hash":"f847890d8518dc722ea11476eece0f6a15f091d1","isMergeCommit":false,"messageTitle":"Remove UI.WARNING from each test class","messageBody":"","fileTypesAndContributionMap":{"functional-code":{"insertions":6,"deletions":0},"test-code":{"insertions":13,"deletions":15}}},{"hash":"8a7707fa61a7376456d783e5b699c1ec2b81e056","isMergeCommit":true,"messageTitle":"Merge branch \u0027master\u0027 into Jokers","messageBody":"","fileTypesAndContributionMap":{}},{"hash":"2cb1312c42525f5c13e2e3623fe15f4f3756d2a5","isMergeCommit":true,"messageTitle":"Resolve merge conflicts","messageBody":"","fileTypesAndContributionMap":{}},{"hash":"7fe497a42df810af8c7380940606e5525f80a272","isMergeCommit":false,"messageTitle":"Integrate @swethaiscool Ante class with deck logic to reduce future merge conflicts","messageBody":"","fileTypesAndContributionMap":{"functional-code":{"insertions":306,"deletions":254},"test-code":{"insertions":135,"deletions":0}}},{"hash":"9c43e8a8bfec4972988e7785f77c278f37f7e466","isMergeCommit":false,"messageTitle":"Fix RoundTest failing due to punctuation changes","messageBody":"","fileTypesAndContributionMap":{"test-code":{"insertions":1,"deletions":1}}},{"hash":"2fa2c01b31a96e9f950e2e3a1b7384616936fa38","isMergeCommit":false,"messageTitle":"Add HalfJoker tests","messageBody":"","fileTypesAndContributionMap":{"test-code":{"insertions":96,"deletions":0}}},{"hash":"12b8277a2941553dc3a1b59930fcbe1974faa37a","isMergeCommit":false,"messageTitle":"Remove passive jokers and add rounds for all deck types","messageBody":"","fileTypesAndContributionMap":{"functional-code":{"insertions":25,"deletions":72}}},{"hash":"fc959aaca4236739e88e4bbb107df0875d037632","isMergeCommit":true,"messageTitle":"Resolve merge conflicts","messageBody":"","fileTypesAndContributionMap":{}},{"hash":"a9ac20a7774b1eda238032a712b5c115be5543d9","isMergeCommit":false,"messageTitle":"Further resolve merge conflicts","messageBody":"","fileTypesAndContributionMap":{"functional-code":{"insertions":61,"deletions":54},"test-code":{"insertions":3,"deletions":3}}},{"hash":"7bb5606b002f5611fe46678b0a30e19024b684e0","isMergeCommit":true,"messageTitle":"Further resolve merge conflicts","messageBody":"","fileTypesAndContributionMap":{}},{"hash":"0c57846851223c9be23016a3da0ca0ee3d3476d8","isMergeCommit":false,"messageTitle":"Fix missing imports","messageBody":"","fileTypesAndContributionMap":{"functional-code":{"insertions":2,"deletions":0}}},{"hash":"12070261543bec121b33c7d6cfa8140776c0f6dc","isMergeCommit":false,"messageTitle":"Fix incorrect description and add toString methods","messageBody":"","fileTypesAndContributionMap":{"functional-code":{"insertions":27,"deletions":3}}},{"hash":"adcb95608f48fc3345d6eae486db318fee565e2a","isMergeCommit":false,"messageTitle":"Add more tests and remove static parameters","messageBody":"","fileTypesAndContributionMap":{"functional-code":{"insertions":38,"deletions":7},"test-code":{"insertions":70,"deletions":13}}},{"hash":"621f8ba4da4f6c442c26a369b7b0182f711a0f09","isMergeCommit":true,"messageTitle":"Resolve merge conflicts","messageBody":"","fileTypesAndContributionMap":{}},{"hash":"9f8f24f6482546d628bfeccea48a458e638c0a5c","isMergeCommit":true,"messageTitle":"Merge master into Jokers and resolve merge conflicts","messageBody":"","fileTypesAndContributionMap":{}},{"hash":"5d0af63bda6eab5963d11f5d27970053139dde69","isMergeCommit":false,"messageTitle":"Integrate PlanetCard functionality into main gameplay loop","messageBody":"","fileTypesAndContributionMap":{"functional-code":{"insertions":23,"deletions":8}}},{"hash":"f273464af52a8e4127c29d965cc6bcad2ec97276","isMergeCommit":false,"messageTitle":"Integrate Joker functionality into main gameplay loop","messageBody":"","fileTypesAndContributionMap":{"functional-code":{"insertions":154,"deletions":43},"test-code":{"insertions":1,"deletions":1}}},{"hash":"6a9747f08bd58656af616cd84c2059b5df87afc7","isMergeCommit":false,"messageTitle":"Broaden test coverage for jokers","messageBody":"","fileTypesAndContributionMap":{"functional-code":{"insertions":7,"deletions":7},"test-code":{"insertions":88,"deletions":6}}},{"hash":"40bf62c0868b5d53796189e9b52637a7e596f534","isMergeCommit":true,"messageTitle":"Broaden test coverage for jokers","messageBody":"","fileTypesAndContributionMap":{}}]},{"date":"2025-03-30","commitResults":[{"hash":"7f5a761c99bbba412b812cbbabd5938cf70fc7e5","isMergeCommit":false,"messageTitle":"Fix discards causing the Gamescreen not to show up","messageBody":"","fileTypesAndContributionMap":{"functional-code":{"insertions":9,"deletions":8}}},{"hash":"beb80dbc52657382793d3fbf139e0c700ce11e68","isMergeCommit":false,"messageTitle":"Make deck name show up on GameScreen","messageBody":"","fileTypesAndContributionMap":{"functional-code":{"insertions":1,"deletions":1}}}]},{"date":"2025-03-31","commitResults":[{"hash":"aa9a58c8654963907884a610d0ee738b16e19a4a","isMergeCommit":false,"messageTitle":"Link boss blinds to GameScreen and correctly tag authors","messageBody":"","fileTypesAndContributionMap":{"functional-code":{"insertions":55,"deletions":14}}},{"hash":"f874ddf97ebbb10bf4e4b0e0380fcce37bb78fe8","isMergeCommit":false,"messageTitle":"Fix \"The Window\" description being wrong","messageBody":"","fileTypesAndContributionMap":{"functional-code":{"insertions":2,"deletions":2}}},{"hash":"63c0ba4386d13dec7e917454123ce23469d59dd4","isMergeCommit":false,"messageTitle":"Change MAX_DISCARDS_PER_ROUND to 3 to match standard ruleset","messageBody":"","fileTypesAndContributionMap":{"functional-code":{"insertions":1,"deletions":1},"test-code":{"insertions":8,"deletions":9}}},{"hash":"df314982260d2cae8aff0039d7612f62bba0d57e","isMergeCommit":false,"messageTitle":"Add new JavatroException to inform user of empty deck.","messageBody":"","fileTypesAndContributionMap":{"functional-code":{"insertions":18,"deletions":2}}}]}]},"authorFileTypeContributionMap":{"Markneoneo":{"docs":190,"functional-code":3456,"test-code":798,"other":9},"swethacool":{"docs":0,"functional-code":705,"test-code":0,"other":2},"flyingapricot":{"docs":517,"functional-code":289,"test-code":0,"other":159},"K-J-Q":{"docs":1,"functional-code":1064,"test-code":367},"jwyk":{"docs":1,"functional-code":694,"test-code":622,"other":1}},"authorContributionVariance":{"Markneoneo":410158.03,"swethacool":17707.6,"flyingapricot":125896.45,"K-J-Q":67939.945,"jwyk":149206.58},"authorDisplayNameMap":{"Markneoneo":"CS2113-W13-1 NEO .. HAO","swethacool":"CS2113-W13-1 SARA..ETHA","flyingapricot":"CS2113-W13-1 NEER..MBAR","K-J-Q":"CS2113-W13-1 KWA ..QUAN","jwyk":"CS2113-W13-1 JOHN.. KAI"}}
