{"authorDailyContributionsMap":{"LeThiHongMinh":[{"date":"2025-03-05","commitResults":[{"hash":"e9c572ce2b5922ec47e794b86cb4b223141267c3","isMergeCommit":false,"messageTitle":"Update my profile on AboutUs.md","messageBody":"","fileTypesAndContributionMap":{"docs":{"insertions":3,"deletions":7}}},{"hash":"969b24249e3588b5e354bcf8e1a822574c59a086","isMergeCommit":true,"messageTitle":"Merge pull request #2 from ojassurana/Ojas-AboutUs","messageBody":"Ojas about us","fileTypesAndContributionMap":{}},{"hash":"63473afaa362e6ce59c9b1ee515243ad88345fc3","isMergeCommit":true,"messageTitle":"Merge remote-tracking branch \u0027upstream/master\u0027 into Le_Thi_Hong_Minh-AboutUs","messageBody":"# Conflicts:\n#\tdocs/AboutUs.md\n","fileTypesAndContributionMap":{}},{"hash":"3f462eaa7932af6b9a8e2f784541a742ee5c4a16","isMergeCommit":true,"messageTitle":"Merge pull request #1 from LeThiHongMinh/Le_Thi_Hong_Minh-AboutUs","messageBody":"Update my profile on AboutUs.md","fileTypesAndContributionMap":{}}]}],"ashleyang2001":[{"date":"2025-03-05","commitResults":[{"hash":"ec840236050fb16f8fe9029317a75df8f4304f05","isMergeCommit":false,"messageTitle":"Update first line with my github details, deleted the rest of the lines.","messageBody":"","fileTypesAndContributionMap":{"docs":{"insertions":3,"deletions":7}}},{"hash":"e98ad7d133763fad56380cfea57975f5653c1463","isMergeCommit":true,"messageTitle":"Merge remote-tracking branch \u0027upstream/master\u0027 into Ashley-AboutUs","messageBody":"# Conflicts:\n#\tdocs/AboutUs.md\n","fileTypesAndContributionMap":{}}]}],"gavalion":[],"ojassurana":[{"date":"2025-03-05","commitResults":[{"hash":"89fc2dc43ac4c67c8e824bb400a4be0ba9454cc9","isMergeCommit":false,"messageTitle":"Added Ojas into the team\u0027s section.","messageBody":"","fileTypesAndContributionMap":{"docs":{"insertions":3,"deletions":7}}},{"hash":"a0aa27525bf0d65182c79849daaa1bdc932fd08c","isMergeCommit":false,"messageTitle":"Sorted naming issue.","messageBody":"","fileTypesAndContributionMap":{"docs":{"insertions":1,"deletions":1}}},{"hash":"d45e26d4c76d44e08cf23d9321b9e665d1079f45","isMergeCommit":true,"messageTitle":"Merge pull request #3 from ashleyang2001/Ashley-AboutUs","messageBody":"Update first line with my github details, deleted the rest of the lines.","fileTypesAndContributionMap":{}}]}]},"authorFileTypeContributionMap":{"LeThiHongMinh":{"docs":1,"functional-code":0,"test-code":0},"ashleyang2001":{"docs":4,"functional-code":0,"test-code":0},"gavalion":{"docs":0,"functional-code":0,"test-code":0},"ojassurana":{"docs":1,"functional-code":0,"test-code":0}},"authorContributionVariance":{"LeThiHongMinh":7.1005917,"ashleyang2001":7.1005917,"gavalion":0.0,"ojassurana":10.224853},"authorDisplayNameMap":{"LeThiHongMinh":"CS2113-W11-3 LE T..MINH","ashleyang2001":"CS2113-W11-3 ASHL.. YEE","gavalion":"CS2113-W11-3 BRYA..ALIM","ojassurana":"CS2113-W11-3 OJAS..RANA"}}
