[{"path":"README.md","fileType":"docs","lines":[{"lineNumber":1,"author":{"gitId":"venicephua"},"content":"# FinTrek","lastModifiedDate":"2025-02-21","isFullCredit":false},{"lineNumber":2,"author":{"gitId":"-"},"content":"","lastModifiedDate":"2020-05-25","isFullCredit":false},{"lineNumber":3,"author":{"gitId":"venicephua"},"content":"FinTrek is a desktop app designed for university students to manage their expenses. It is optimized for use via the Command Line Interface (CLI) so that frequent tasks can be easily performed by keying in commands.","lastModifiedDate":"2025-02-21","isFullCredit":false},{"lineNumber":4,"author":{"gitId":"-"},"content":"## Setting up in Intellij","lastModifiedDate":"2020-05-25","isFullCredit":false},{"lineNumber":5,"author":{"gitId":"-"},"content":"","lastModifiedDate":"2020-05-25","isFullCredit":false},{"lineNumber":6,"author":{"gitId":"-"},"content":"Prerequisites: JDK 17 (use the exact version), update Intellij to the most recent version.","lastModifiedDate":"2020-05-24","isFullCredit":false},{"lineNumber":7,"author":{"gitId":"-"},"content":"","lastModifiedDate":"2020-05-24","isFullCredit":false},{"lineNumber":8,"author":{"gitId":"-"},"content":"1. **Ensure Intellij JDK 17 is defined as an SDK**, as described [here](https://www.jetbrains.com/help/idea/sdk.html#set-up-jdk) -- this step is not needed if you have used JDK 17 in a previous Intellij project.","lastModifiedDate":"2020-05-24","isFullCredit":false},{"lineNumber":9,"author":{"gitId":"-"},"content":"1. **Import the project _as a Gradle project_**, as described [here](https://se-education.org/guides/tutorials/intellijImportGradleProject.html).","lastModifiedDate":"2020-05-24","isFullCredit":false},{"lineNumber":10,"author":{"gitId":"-"},"content":"1. **Verify the setup**: After the importing is complete, locate the `src/main/java/seedu/duke/Duke.java` file, right-click it, and choose `Run Duke.main()`. If the setup is correct, you should see something like the below:","lastModifiedDate":"2020-05-24","isFullCredit":false},{"lineNumber":11,"author":{"gitId":"-"},"content":"   ```","lastModifiedDate":"2020-05-25","isFullCredit":false},{"lineNumber":12,"author":{"gitId":"-"},"content":"   \u003e Task :compileJava","lastModifiedDate":"2020-05-24","isFullCredit":false},{"lineNumber":13,"author":{"gitId":"-"},"content":"   \u003e Task :processResources NO-SOURCE","lastModifiedDate":"2020-05-24","isFullCredit":false},{"lineNumber":14,"author":{"gitId":"-"},"content":"   \u003e Task :classes","lastModifiedDate":"2020-05-24","isFullCredit":false},{"lineNumber":15,"author":{"gitId":"-"},"content":"   ","lastModifiedDate":"2020-05-24","isFullCredit":false},{"lineNumber":16,"author":{"gitId":"-"},"content":"   \u003e Task :Duke.main()","lastModifiedDate":"2020-05-24","isFullCredit":false},{"lineNumber":17,"author":{"gitId":"-"},"content":"   Hello from","lastModifiedDate":"2020-05-25","isFullCredit":false},{"lineNumber":18,"author":{"gitId":"-"},"content":"    ____        _        ","lastModifiedDate":"2020-05-25","isFullCredit":false},{"lineNumber":19,"author":{"gitId":"-"},"content":"   |  _ \\ _   _| | _____ ","lastModifiedDate":"2020-05-25","isFullCredit":false},{"lineNumber":20,"author":{"gitId":"-"},"content":"   | | | | | | | |/ / _ \\","lastModifiedDate":"2020-05-25","isFullCredit":false},{"lineNumber":21,"author":{"gitId":"-"},"content":"   | |_| | |_| |   \u003c  __/","lastModifiedDate":"2020-05-25","isFullCredit":false},{"lineNumber":22,"author":{"gitId":"-"},"content":"   |____/ \\__,_|_|\\_\\___|","lastModifiedDate":"2020-05-25","isFullCredit":false},{"lineNumber":23,"author":{"gitId":"-"},"content":"   ","lastModifiedDate":"2020-05-24","isFullCredit":false},{"lineNumber":24,"author":{"gitId":"-"},"content":"   What is your name?","lastModifiedDate":"2020-05-24","isFullCredit":false},{"lineNumber":25,"author":{"gitId":"-"},"content":"   ```","lastModifiedDate":"2020-05-25","isFullCredit":false},{"lineNumber":26,"author":{"gitId":"-"},"content":"   Type some word and press enter to let the execution proceed to the end.","lastModifiedDate":"2020-05-24","isFullCredit":false},{"lineNumber":27,"author":{"gitId":"-"},"content":"","lastModifiedDate":"2025-01-04","isFullCredit":false},{"lineNumber":28,"author":{"gitId":"-"},"content":"**Warning:** Keep the `src\\main\\java` folder as the root folder for Java files (i.e., don\u0027t rename those folders or move Java files to another folder outside of this folder path), as this is the default location some tools (e.g., Gradle) expect to find Java files.","lastModifiedDate":"2025-01-04","isFullCredit":false},{"lineNumber":29,"author":{"gitId":"-"},"content":"","lastModifiedDate":"2020-05-24","isFullCredit":false},{"lineNumber":30,"author":{"gitId":"-"},"content":"## Build automation using Gradle","lastModifiedDate":"2020-05-24","isFullCredit":false},{"lineNumber":31,"author":{"gitId":"-"},"content":"","lastModifiedDate":"2020-05-24","isFullCredit":false},{"lineNumber":32,"author":{"gitId":"-"},"content":"* This project uses Gradle for build automation and dependency management. It includes a basic build script as well (i.e. the `build.gradle` file).","lastModifiedDate":"2020-05-24","isFullCredit":false},{"lineNumber":33,"author":{"gitId":"-"},"content":"* If you are new to Gradle, refer to the [Gradle Tutorial at se-education.org/guides](https://se-education.org/guides/tutorials/gradle.html).","lastModifiedDate":"2020-05-24","isFullCredit":false},{"lineNumber":34,"author":{"gitId":"-"},"content":"","lastModifiedDate":"2020-05-24","isFullCredit":false},{"lineNumber":35,"author":{"gitId":"-"},"content":"## Testing","lastModifiedDate":"2020-05-24","isFullCredit":false},{"lineNumber":36,"author":{"gitId":"-"},"content":"","lastModifiedDate":"2020-05-24","isFullCredit":false},{"lineNumber":37,"author":{"gitId":"-"},"content":"### I/O redirection tests","lastModifiedDate":"2020-05-24","isFullCredit":false},{"lineNumber":38,"author":{"gitId":"-"},"content":"","lastModifiedDate":"2020-05-24","isFullCredit":false},{"lineNumber":39,"author":{"gitId":"-"},"content":"* To run _I/O redirection_ tests (aka _Text UI tests_), navigate to the `text-ui-test` and run the `runtest(.bat/.sh)` script.","lastModifiedDate":"2020-05-24","isFullCredit":false},{"lineNumber":40,"author":{"gitId":"-"},"content":"","lastModifiedDate":"2020-05-24","isFullCredit":false},{"lineNumber":41,"author":{"gitId":"-"},"content":"### JUnit tests","lastModifiedDate":"2020-05-24","isFullCredit":false},{"lineNumber":42,"author":{"gitId":"-"},"content":"","lastModifiedDate":"2020-05-24","isFullCredit":false},{"lineNumber":43,"author":{"gitId":"-"},"content":"* A skeleton JUnit test (`src/test/java/seedu/duke/DukeTest.java`) is provided with this project template. ","lastModifiedDate":"2020-05-24","isFullCredit":false},{"lineNumber":44,"author":{"gitId":"-"},"content":"* If you are new to JUnit, refer to the [JUnit Tutorial at se-education.org/guides](https://se-education.org/guides/tutorials/junit.html).","lastModifiedDate":"2020-05-24","isFullCredit":false},{"lineNumber":45,"author":{"gitId":"-"},"content":"","lastModifiedDate":"2020-05-24","isFullCredit":false},{"lineNumber":46,"author":{"gitId":"-"},"content":"## Checkstyle","lastModifiedDate":"2020-05-24","isFullCredit":false},{"lineNumber":47,"author":{"gitId":"-"},"content":"","lastModifiedDate":"2020-05-24","isFullCredit":false},{"lineNumber":48,"author":{"gitId":"-"},"content":"* A sample CheckStyle rule configuration is provided in this project.","lastModifiedDate":"2020-05-24","isFullCredit":false},{"lineNumber":49,"author":{"gitId":"-"},"content":"* If you are new to Checkstyle, refer to the [Checkstyle Tutorial at se-education.org/guides](https://se-education.org/guides/tutorials/checkstyle.html).","lastModifiedDate":"2020-05-24","isFullCredit":false},{"lineNumber":50,"author":{"gitId":"-"},"content":"","lastModifiedDate":"2020-05-24","isFullCredit":false},{"lineNumber":51,"author":{"gitId":"-"},"content":"## CI using GitHub Actions","lastModifiedDate":"2020-05-24","isFullCredit":false},{"lineNumber":52,"author":{"gitId":"-"},"content":"","lastModifiedDate":"2020-05-24","isFullCredit":false},{"lineNumber":53,"author":{"gitId":"-"},"content":"The project uses [GitHub actions](https://github.com/features/actions) for CI. When you push a commit to this repo or PR against it, GitHub actions will run automatically to build and verify the code as updated by the commit/PR.","lastModifiedDate":"2020-05-24","isFullCredit":false},{"lineNumber":54,"author":{"gitId":"-"},"content":"","lastModifiedDate":"2020-05-24","isFullCredit":false},{"lineNumber":55,"author":{"gitId":"-"},"content":"## Documentation","lastModifiedDate":"2020-05-24","isFullCredit":false},{"lineNumber":56,"author":{"gitId":"-"},"content":"","lastModifiedDate":"2020-05-24","isFullCredit":false},{"lineNumber":57,"author":{"gitId":"-"},"content":"`/docs` folder contains a skeleton version of the project documentation.","lastModifiedDate":"2020-05-24","isFullCredit":false},{"lineNumber":58,"author":{"gitId":"-"},"content":"","lastModifiedDate":"2020-05-24","isFullCredit":false},{"lineNumber":59,"author":{"gitId":"-"},"content":"Steps for publishing documentation to the public: ","lastModifiedDate":"2020-05-24","isFullCredit":false},{"lineNumber":60,"author":{"gitId":"-"},"content":"1. If you are using this project template for an individual project, go your fork on GitHub.\u003cbr\u003e","lastModifiedDate":"2020-05-24","isFullCredit":false},{"lineNumber":61,"author":{"gitId":"-"},"content":"   If you are using this project template for a team project, go to the team fork on GitHub.","lastModifiedDate":"2020-05-24","isFullCredit":false},{"lineNumber":62,"author":{"gitId":"-"},"content":"1. Click on the `settings` tab.","lastModifiedDate":"2020-05-24","isFullCredit":false},{"lineNumber":63,"author":{"gitId":"-"},"content":"1. Scroll down to the `GitHub Pages` section.","lastModifiedDate":"2020-05-24","isFullCredit":false},{"lineNumber":64,"author":{"gitId":"-"},"content":"1. Set the `source` as `master branch /docs folder`.","lastModifiedDate":"2020-05-24","isFullCredit":false},{"lineNumber":65,"author":{"gitId":"-"},"content":"1. Optionally, use the `choose a theme` button to choose a theme for your documentation.","lastModifiedDate":"2020-05-24","isFullCredit":false}],"authorContributionMap":{"venicephua":2,"-":63}},{"path":"build.gradle","fileType":"other","lines":[{"lineNumber":1,"author":{"gitId":"-"},"content":"plugins {","lastModifiedDate":"2020-05-25","isFullCredit":false},{"lineNumber":2,"author":{"gitId":"-"},"content":"    id \u0027java\u0027","lastModifiedDate":"2020-05-25","isFullCredit":false},{"lineNumber":3,"author":{"gitId":"-"},"content":"    id \u0027application\u0027","lastModifiedDate":"2020-05-25","isFullCredit":false},{"lineNumber":4,"author":{"gitId":"-"},"content":"    id \u0027checkstyle\u0027","lastModifiedDate":"2020-05-25","isFullCredit":false},{"lineNumber":5,"author":{"gitId":"-"},"content":"    id \u0027com.github.johnrengelman.shadow\u0027 version \u00277.1.2\u0027","lastModifiedDate":"2022-06-17","isFullCredit":false},{"lineNumber":6,"author":{"gitId":"-"},"content":"}","lastModifiedDate":"2020-05-25","isFullCredit":false},{"lineNumber":7,"author":{"gitId":"-"},"content":"","lastModifiedDate":"2020-05-25","isFullCredit":false},{"lineNumber":8,"author":{"gitId":"-"},"content":"repositories {","lastModifiedDate":"2020-05-25","isFullCredit":false},{"lineNumber":9,"author":{"gitId":"-"},"content":"    mavenCentral()","lastModifiedDate":"2020-05-25","isFullCredit":false},{"lineNumber":10,"author":{"gitId":"-"},"content":"}","lastModifiedDate":"2020-05-25","isFullCredit":false},{"lineNumber":11,"author":{"gitId":"-"},"content":"","lastModifiedDate":"2020-05-25","isFullCredit":false},{"lineNumber":12,"author":{"gitId":"-"},"content":"dependencies {","lastModifiedDate":"2020-05-25","isFullCredit":false},{"lineNumber":13,"author":{"gitId":"-"},"content":"    testImplementation group: \u0027org.junit.jupiter\u0027, name: \u0027junit-jupiter-api\u0027, version: \u00275.10.0\u0027","lastModifiedDate":"2023-08-05","isFullCredit":false},{"lineNumber":14,"author":{"gitId":"randust"},"content":"    testImplementation group: \u0027org.junit.jupiter\u0027, name: \u0027junit-jupiter-params\u0027, version: \u00275.10.0\u0027","lastModifiedDate":"2025-03-14","isFullCredit":false},{"lineNumber":15,"author":{"gitId":"-"},"content":"    testRuntimeOnly group: \u0027org.junit.jupiter\u0027, name: \u0027junit-jupiter-engine\u0027, version: \u00275.10.0\u0027","lastModifiedDate":"2023-08-05","isFullCredit":false},{"lineNumber":16,"author":{"gitId":"-"},"content":"}","lastModifiedDate":"2020-05-25","isFullCredit":false},{"lineNumber":17,"author":{"gitId":"-"},"content":"","lastModifiedDate":"2020-05-25","isFullCredit":false},{"lineNumber":18,"author":{"gitId":"-"},"content":"test {","lastModifiedDate":"2020-05-25","isFullCredit":false},{"lineNumber":19,"author":{"gitId":"-"},"content":"    useJUnitPlatform()","lastModifiedDate":"2020-05-25","isFullCredit":false},{"lineNumber":20,"author":{"gitId":"-"},"content":"","lastModifiedDate":"2020-05-25","isFullCredit":false},{"lineNumber":21,"author":{"gitId":"-"},"content":"    testLogging {","lastModifiedDate":"2020-05-25","isFullCredit":false},{"lineNumber":22,"author":{"gitId":"-"},"content":"        events \"passed\", \"skipped\", \"failed\"","lastModifiedDate":"2020-05-25","isFullCredit":false},{"lineNumber":23,"author":{"gitId":"-"},"content":"","lastModifiedDate":"2020-05-25","isFullCredit":false},{"lineNumber":24,"author":{"gitId":"-"},"content":"        showExceptions true","lastModifiedDate":"2020-05-25","isFullCredit":false},{"lineNumber":25,"author":{"gitId":"-"},"content":"        exceptionFormat \"full\"","lastModifiedDate":"2020-05-25","isFullCredit":false},{"lineNumber":26,"author":{"gitId":"-"},"content":"        showCauses true","lastModifiedDate":"2020-05-25","isFullCredit":false},{"lineNumber":27,"author":{"gitId":"-"},"content":"        showStackTraces true","lastModifiedDate":"2020-05-25","isFullCredit":false},{"lineNumber":28,"author":{"gitId":"-"},"content":"        showStandardStreams \u003d false","lastModifiedDate":"2020-05-25","isFullCredit":false},{"lineNumber":29,"author":{"gitId":"-"},"content":"    }","lastModifiedDate":"2020-05-25","isFullCredit":false},{"lineNumber":30,"author":{"gitId":"-"},"content":"}","lastModifiedDate":"2020-05-25","isFullCredit":false},{"lineNumber":31,"author":{"gitId":"-"},"content":"","lastModifiedDate":"2020-05-25","isFullCredit":false},{"lineNumber":32,"author":{"gitId":"-"},"content":"application {","lastModifiedDate":"2020-05-25","isFullCredit":false},{"lineNumber":33,"author":{"gitId":"randust"},"content":"    mainClass.set(\"fintrek.FinTrek\")","lastModifiedDate":"2025-02-26","isFullCredit":false},{"lineNumber":34,"author":{"gitId":"-"},"content":"}","lastModifiedDate":"2020-05-25","isFullCredit":false},{"lineNumber":35,"author":{"gitId":"-"},"content":"","lastModifiedDate":"2020-05-25","isFullCredit":false},{"lineNumber":36,"author":{"gitId":"-"},"content":"shadowJar {","lastModifiedDate":"2020-05-25","isFullCredit":false},{"lineNumber":37,"author":{"gitId":"randust"},"content":"    archiveBaseName.set(\"FinTrek\")","lastModifiedDate":"2025-02-26","isFullCredit":false},{"lineNumber":38,"author":{"gitId":"-"},"content":"    archiveClassifier.set(\"\")","lastModifiedDate":"2023-09-24","isFullCredit":false},{"lineNumber":39,"author":{"gitId":"-"},"content":"}","lastModifiedDate":"2020-05-25","isFullCredit":false},{"lineNumber":40,"author":{"gitId":"-"},"content":"","lastModifiedDate":"2020-05-25","isFullCredit":false},{"lineNumber":41,"author":{"gitId":"-"},"content":"checkstyle {","lastModifiedDate":"2020-05-25","isFullCredit":false},{"lineNumber":42,"author":{"gitId":"-"},"content":"    toolVersion \u003d \u002710.2\u0027","lastModifiedDate":"2022-04-29","isFullCredit":false},{"lineNumber":43,"author":{"gitId":"-"},"content":"}","lastModifiedDate":"2020-05-25","isFullCredit":false},{"lineNumber":44,"author":{"gitId":"-"},"content":"","lastModifiedDate":"2020-05-25","isFullCredit":false},{"lineNumber":45,"author":{"gitId":"-"},"content":"run{","lastModifiedDate":"2020-05-25","isFullCredit":false},{"lineNumber":46,"author":{"gitId":"-"},"content":"    standardInput \u003d System.in","lastModifiedDate":"2020-05-25","isFullCredit":false},{"lineNumber":47,"author":{"gitId":"-"},"content":"}","lastModifiedDate":"2020-05-25","isFullCredit":false}],"authorContributionMap":{"randust":3,"-":44}},{"path":"docs/AboutUs.md","fileType":"docs","lines":[{"lineNumber":1,"author":{"gitId":"-"},"content":"# About us","lastModifiedDate":"2020-05-24","isFullCredit":false},{"lineNumber":2,"author":{"gitId":"-"},"content":"","lastModifiedDate":"2020-05-24","isFullCredit":false},{"lineNumber":3,"author":{"gitId":"-"},"content":" Display                                             |   Name   |            Github Profile             |       Portfolio       ","lastModifiedDate":"2020-05-24","isFullCredit":false},{"lineNumber":4,"author":{"gitId":"szeyingg"},"content":"-----------------------------------------------------|:--------:|:-------------------------------------:|:---------------------:","lastModifiedDate":"2025-03-07","isFullCredit":false},{"lineNumber":5,"author":{"gitId":"szeyingg"},"content":"![](https://via.placeholder.com/100.png?text\u003dPhoto) | Sze Ying | [Github](https://github.com/szeyingg) | [Portfolio](szeyingg) ","lastModifiedDate":"2025-03-07","isFullCredit":false},{"lineNumber":6,"author":{"gitId":"Charly2312"},"content":"![](https://via.placeholder.com/100.png?text\u003dPhoto) | Charly Chandra | [Github](https://github.com/) | [Portfolio](charly2312)","lastModifiedDate":"2025-03-07","isFullCredit":false},{"lineNumber":7,"author":{"gitId":"edwardrl101"},"content":"![](https://via.placeholder.com/100.png?text\u003dPhoto) | Edward Rafael Lukito | [Github](https://github.com/edwardrl101) | [Portfolio](edwardrl101)","lastModifiedDate":"2025-03-07","isFullCredit":false},{"lineNumber":8,"author":{"gitId":"randust"},"content":"![](https://via.placeholder.com/100.png?text\u003dPhoto) |  Andrew  | [Github](https://github.com/) | [Portfolio](docs/team/johndoe.md)","lastModifiedDate":"2025-03-07","isFullCredit":false},{"lineNumber":9,"author":{"gitId":"venicephua"},"content":"![](https://via.placeholder.com/100.png?text\u003dPhoto) |  Venice  | [Github](https://github.com/) | [venicephua](docs/team/johndoe.md)","lastModifiedDate":"2025-03-07","isFullCredit":false}],"authorContributionMap":{"edwardrl101":1,"szeyingg":2,"randust":1,"-":3,"Charly2312":1,"venicephua":1}},{"path":"docs/README.md","fileType":"docs","lines":[{"lineNumber":1,"author":{"gitId":"venicephua"},"content":"# FinTrek","lastModifiedDate":"2025-02-21","isFullCredit":false},{"lineNumber":2,"author":{"gitId":"-"},"content":"","lastModifiedDate":"2019-07-29","isFullCredit":false},{"lineNumber":3,"author":{"gitId":"venicephua"},"content":"FinTrek is a desktop app designed for university students to manage their expenses. It is optimized for use via the Command Line Interface (CLI) so that frequent tasks can be easily performed by keying in commands.","lastModifiedDate":"2025-02-21","isFullCredit":false},{"lineNumber":4,"author":{"gitId":"-"},"content":"","lastModifiedDate":"2019-07-29","isFullCredit":false},{"lineNumber":5,"author":{"gitId":"-"},"content":"Useful links:","lastModifiedDate":"2020-05-24","isFullCredit":false},{"lineNumber":6,"author":{"gitId":"-"},"content":"* [User Guide](UserGuide.md)","lastModifiedDate":"2020-05-24","isFullCredit":false},{"lineNumber":7,"author":{"gitId":"-"},"content":"* [Developer Guide](DeveloperGuide.md)","lastModifiedDate":"2020-05-24","isFullCredit":false},{"lineNumber":8,"author":{"gitId":"-"},"content":"* [About Us](AboutUs.md)","lastModifiedDate":"2020-05-24","isFullCredit":false}],"authorContributionMap":{"venicephua":2,"-":6}},{"path":"src/main/java/fintrek/Expense.java","fileType":"functional-code","lines":[{"lineNumber":1,"author":{"gitId":"randust"},"content":"package fintrek;","lastModifiedDate":"2025-02-26","isFullCredit":false},{"lineNumber":2,"author":{"gitId":"randust"},"content":"","lastModifiedDate":"2025-02-26","isFullCredit":false},{"lineNumber":3,"author":{"gitId":"venicephua"},"content":"import fintrek.misc.DisplayMessage;","lastModifiedDate":"2025-03-07","isFullCredit":false},{"lineNumber":4,"author":{"gitId":"venicephua"},"content":"","lastModifiedDate":"2025-03-07","isFullCredit":false},{"lineNumber":5,"author":{"gitId":"randust"},"content":"public class Expense {","lastModifiedDate":"2025-02-26","isFullCredit":false},{"lineNumber":6,"author":{"gitId":"venicephua"},"content":"    private final String description;","lastModifiedDate":"2025-03-07","isFullCredit":false},{"lineNumber":7,"author":{"gitId":"venicephua"},"content":"    private final double amount;","lastModifiedDate":"2025-03-07","isFullCredit":false},{"lineNumber":8,"author":{"gitId":"venicephua"},"content":"    private final String category;","lastModifiedDate":"2025-03-07","isFullCredit":false},{"lineNumber":9,"author":{"gitId":"venicephua"},"content":"","lastModifiedDate":"2025-03-07","isFullCredit":false},{"lineNumber":10,"author":{"gitId":"venicephua"},"content":"    public Expense(String description, double amount, String category) {","lastModifiedDate":"2025-03-07","isFullCredit":false},{"lineNumber":11,"author":{"gitId":"venicephua"},"content":"        if (amount \u003c 0) {","lastModifiedDate":"2025-03-07","isFullCredit":false},{"lineNumber":12,"author":{"gitId":"venicephua"},"content":"            throw new IllegalArgumentException(DisplayMessage.INVALID_AMOUNT);","lastModifiedDate":"2025-03-07","isFullCredit":false},{"lineNumber":13,"author":{"gitId":"venicephua"},"content":"        }","lastModifiedDate":"2025-03-07","isFullCredit":false},{"lineNumber":14,"author":{"gitId":"venicephua"},"content":"        this.description \u003d description;","lastModifiedDate":"2025-03-07","isFullCredit":false},{"lineNumber":15,"author":{"gitId":"venicephua"},"content":"        this.amount \u003d amount;","lastModifiedDate":"2025-03-07","isFullCredit":false},{"lineNumber":16,"author":{"gitId":"venicephua"},"content":"        this.category \u003d category;","lastModifiedDate":"2025-03-07","isFullCredit":false},{"lineNumber":17,"author":{"gitId":"venicephua"},"content":"    }","lastModifiedDate":"2025-03-07","isFullCredit":false},{"lineNumber":18,"author":{"gitId":"venicephua"},"content":"","lastModifiedDate":"2025-03-07","isFullCredit":false},{"lineNumber":19,"author":{"gitId":"venicephua"},"content":"    public String getDescription() {","lastModifiedDate":"2025-03-07","isFullCredit":false},{"lineNumber":20,"author":{"gitId":"venicephua"},"content":"        return description;","lastModifiedDate":"2025-03-07","isFullCredit":false},{"lineNumber":21,"author":{"gitId":"venicephua"},"content":"    }","lastModifiedDate":"2025-03-07","isFullCredit":false},{"lineNumber":22,"author":{"gitId":"venicephua"},"content":"","lastModifiedDate":"2025-03-07","isFullCredit":false},{"lineNumber":23,"author":{"gitId":"venicephua"},"content":"    public double getAmount() {","lastModifiedDate":"2025-03-07","isFullCredit":false},{"lineNumber":24,"author":{"gitId":"venicephua"},"content":"        return amount;","lastModifiedDate":"2025-03-07","isFullCredit":false},{"lineNumber":25,"author":{"gitId":"venicephua"},"content":"    }","lastModifiedDate":"2025-03-07","isFullCredit":false},{"lineNumber":26,"author":{"gitId":"randust"},"content":"}","lastModifiedDate":"2025-02-26","isFullCredit":false}],"authorContributionMap":{"randust":4,"venicephua":22}},{"path":"src/main/java/fintrek/ExpenseManager.java","fileType":"functional-code","lines":[{"lineNumber":1,"author":{"gitId":"randust"},"content":"package fintrek;","lastModifiedDate":"2025-02-26","isFullCredit":false},{"lineNumber":2,"author":{"gitId":"randust"},"content":"","lastModifiedDate":"2025-02-26","isFullCredit":false},{"lineNumber":3,"author":{"gitId":"randust"},"content":"import java.util.ArrayList;","lastModifiedDate":"2025-02-26","isFullCredit":false},{"lineNumber":4,"author":{"gitId":"randust"},"content":"import java.util.List;","lastModifiedDate":"2025-02-26","isFullCredit":false},{"lineNumber":5,"author":{"gitId":"randust"},"content":"","lastModifiedDate":"2025-02-26","isFullCredit":false},{"lineNumber":6,"author":{"gitId":"randust"},"content":"public class ExpenseManager {","lastModifiedDate":"2025-02-26","isFullCredit":false},{"lineNumber":7,"author":{"gitId":"randust"},"content":"    private static final List\u003cExpense\u003e expenses \u003d new ArrayList\u003c\u003e();","lastModifiedDate":"2025-02-26","isFullCredit":false},{"lineNumber":8,"author":{"gitId":"randust"},"content":"","lastModifiedDate":"2025-02-26","isFullCredit":false},{"lineNumber":9,"author":{"gitId":"randust"},"content":"    public static Expense getExpense(int index) {","lastModifiedDate":"2025-02-26","isFullCredit":false},{"lineNumber":10,"author":{"gitId":"randust"},"content":"        return expenses.get(index);","lastModifiedDate":"2025-02-26","isFullCredit":false},{"lineNumber":11,"author":{"gitId":"randust"},"content":"    }","lastModifiedDate":"2025-02-26","isFullCredit":false},{"lineNumber":12,"author":{"gitId":"randust"},"content":"","lastModifiedDate":"2025-02-26","isFullCredit":false},{"lineNumber":13,"author":{"gitId":"randust"},"content":"    public static int getLength() {","lastModifiedDate":"2025-02-26","isFullCredit":false},{"lineNumber":14,"author":{"gitId":"randust"},"content":"        return expenses.size();","lastModifiedDate":"2025-02-26","isFullCredit":false},{"lineNumber":15,"author":{"gitId":"randust"},"content":"    }","lastModifiedDate":"2025-02-26","isFullCredit":false},{"lineNumber":16,"author":{"gitId":"randust"},"content":"","lastModifiedDate":"2025-02-26","isFullCredit":false},{"lineNumber":17,"author":{"gitId":"randust"},"content":"    public static void addExpense(Expense expense) {","lastModifiedDate":"2025-02-26","isFullCredit":false},{"lineNumber":18,"author":{"gitId":"randust"},"content":"        expenses.add(expense);","lastModifiedDate":"2025-02-26","isFullCredit":false},{"lineNumber":19,"author":{"gitId":"randust"},"content":"    }","lastModifiedDate":"2025-02-26","isFullCredit":false},{"lineNumber":20,"author":{"gitId":"randust"},"content":"","lastModifiedDate":"2025-02-26","isFullCredit":false},{"lineNumber":21,"author":{"gitId":"randust"},"content":"    public static Expense popExpense(int index) {","lastModifiedDate":"2025-02-26","isFullCredit":false},{"lineNumber":22,"author":{"gitId":"randust"},"content":"        return expenses.remove(index);","lastModifiedDate":"2025-02-26","isFullCredit":false},{"lineNumber":23,"author":{"gitId":"randust"},"content":"    }","lastModifiedDate":"2025-02-26","isFullCredit":false},{"lineNumber":24,"author":{"gitId":"venicephua"},"content":"","lastModifiedDate":"2025-03-07","isFullCredit":false},{"lineNumber":25,"author":{"gitId":"venicephua"},"content":"    public static double getTotalExpenses() {","lastModifiedDate":"2025-03-07","isFullCredit":false},{"lineNumber":26,"author":{"gitId":"venicephua"},"content":"        double totalExpenses \u003d 0;","lastModifiedDate":"2025-03-07","isFullCredit":false},{"lineNumber":27,"author":{"gitId":"venicephua"},"content":"        for (Expense expense : expenses) {","lastModifiedDate":"2025-03-07","isFullCredit":false},{"lineNumber":28,"author":{"gitId":"venicephua"},"content":"            totalExpenses +\u003d expense.getAmount();","lastModifiedDate":"2025-03-07","isFullCredit":false},{"lineNumber":29,"author":{"gitId":"venicephua"},"content":"        }","lastModifiedDate":"2025-03-07","isFullCredit":false},{"lineNumber":30,"author":{"gitId":"venicephua"},"content":"        return totalExpenses;","lastModifiedDate":"2025-03-07","isFullCredit":false},{"lineNumber":31,"author":{"gitId":"venicephua"},"content":"    }","lastModifiedDate":"2025-03-07","isFullCredit":false},{"lineNumber":32,"author":{"gitId":"edwardrl101"},"content":"","lastModifiedDate":"2025-03-14","isFullCredit":false},{"lineNumber":33,"author":{"gitId":"edwardrl101"},"content":"    public static double getAverageExpenses() {","lastModifiedDate":"2025-03-14","isFullCredit":false},{"lineNumber":34,"author":{"gitId":"edwardrl101"},"content":"        double totalExpenses \u003d getTotalExpenses();","lastModifiedDate":"2025-03-14","isFullCredit":false},{"lineNumber":35,"author":{"gitId":"edwardrl101"},"content":"        int numExpenses \u003d getLength();","lastModifiedDate":"2025-03-14","isFullCredit":false},{"lineNumber":36,"author":{"gitId":"edwardrl101"},"content":"        double averageExpense \u003d totalExpenses/numExpenses;","lastModifiedDate":"2025-03-14","isFullCredit":false},{"lineNumber":37,"author":{"gitId":"edwardrl101"},"content":"        return averageExpense;","lastModifiedDate":"2025-03-14","isFullCredit":false},{"lineNumber":38,"author":{"gitId":"edwardrl101"},"content":"    }","lastModifiedDate":"2025-03-14","isFullCredit":false},{"lineNumber":39,"author":{"gitId":"randust"},"content":"}","lastModifiedDate":"2025-02-26","isFullCredit":false}],"authorContributionMap":{"edwardrl101":7,"randust":24,"venicephua":8}},{"path":"src/main/java/fintrek/FinTrek.java","fileType":"functional-code","lines":[{"lineNumber":1,"author":{"gitId":"randust"},"content":"package fintrek;","lastModifiedDate":"2025-02-26","isFullCredit":false},{"lineNumber":2,"author":{"gitId":"randust"},"content":"import fintrek.misc.DisplayMessage;","lastModifiedDate":"2025-02-26","isFullCredit":false},{"lineNumber":3,"author":{"gitId":"randust"},"content":"import fintrek.parser.ParseResult;","lastModifiedDate":"2025-03-14","isFullCredit":false},{"lineNumber":4,"author":{"gitId":"randust"},"content":"import fintrek.parser.Parser;","lastModifiedDate":"2025-03-14","isFullCredit":false},{"lineNumber":5,"author":{"gitId":"randust"},"content":"","lastModifiedDate":"2025-03-14","isFullCredit":false},{"lineNumber":6,"author":{"gitId":"randust"},"content":"import java.util.Scanner;","lastModifiedDate":"2025-02-26","isFullCredit":false},{"lineNumber":7,"author":{"gitId":"randust"},"content":"","lastModifiedDate":"2025-02-26","isFullCredit":false},{"lineNumber":8,"author":{"gitId":"randust"},"content":"public class FinTrek {","lastModifiedDate":"2025-02-26","isFullCredit":false},{"lineNumber":9,"author":{"gitId":"randust"},"content":"    /**","lastModifiedDate":"2025-02-26","isFullCredit":false},{"lineNumber":10,"author":{"gitId":"randust"},"content":"     * Main entry-point for the java.duke.Duke application.","lastModifiedDate":"2025-02-26","isFullCredit":false},{"lineNumber":11,"author":{"gitId":"randust"},"content":"     */","lastModifiedDate":"2025-02-26","isFullCredit":false},{"lineNumber":12,"author":{"gitId":"randust"},"content":"    public static void main(String[] args) {","lastModifiedDate":"2025-02-26","isFullCredit":false},{"lineNumber":13,"author":{"gitId":"randust"},"content":"        System.out.println(DisplayMessage.WELCOME_MESSAGE);","lastModifiedDate":"2025-03-07","isFullCredit":false},{"lineNumber":14,"author":{"gitId":"Charly2312"},"content":"        System.out.println(DisplayMessage.CONVERSATION_STARTER);","lastModifiedDate":"2025-03-07","isFullCredit":false},{"lineNumber":15,"author":{"gitId":"randust"},"content":"","lastModifiedDate":"2025-02-26","isFullCredit":false},{"lineNumber":16,"author":{"gitId":"randust"},"content":"        Scanner reader \u003d new Scanner(System.in);","lastModifiedDate":"2025-02-26","isFullCredit":false},{"lineNumber":17,"author":{"gitId":"randust"},"content":"        String userInput \u003d reader.nextLine().trim(); // get user input","lastModifiedDate":"2025-02-26","isFullCredit":false},{"lineNumber":18,"author":{"gitId":"randust"},"content":"        while (!userInput.equals(DisplayMessage.END_CONVERSATION_MESSAGE)) {","lastModifiedDate":"2025-02-26","isFullCredit":false},{"lineNumber":19,"author":{"gitId":"randust"},"content":"            ParseResult result \u003d Parser.parseUserInput(userInput);","lastModifiedDate":"2025-03-14","isFullCredit":false},{"lineNumber":20,"author":{"gitId":"randust"},"content":"            if (!result.isSuccess()){","lastModifiedDate":"2025-03-14","isFullCredit":false},{"lineNumber":21,"author":{"gitId":"randust"},"content":"                System.out.println(result.errorMessage());","lastModifiedDate":"2025-03-14","isFullCredit":false},{"lineNumber":22,"author":{"gitId":"randust"},"content":"            }","lastModifiedDate":"2025-03-14","isFullCredit":false},{"lineNumber":23,"author":{"gitId":"randust"},"content":"            userInput \u003d reader.nextLine().trim();","lastModifiedDate":"2025-02-26","isFullCredit":false},{"lineNumber":24,"author":{"gitId":"randust"},"content":"        }","lastModifiedDate":"2025-02-26","isFullCredit":false},{"lineNumber":25,"author":{"gitId":"randust"},"content":"    }","lastModifiedDate":"2025-02-26","isFullCredit":false},{"lineNumber":26,"author":{"gitId":"randust"},"content":"}","lastModifiedDate":"2025-02-26","isFullCredit":false}],"authorContributionMap":{"randust":25,"Charly2312":1}},{"path":"src/main/java/fintrek/command/Command.java","fileType":"functional-code","lines":[{"lineNumber":1,"author":{"gitId":"randust"},"content":"package fintrek.command;","lastModifiedDate":"2025-03-15","isFullCredit":false},{"lineNumber":2,"author":{"gitId":"randust"},"content":"","lastModifiedDate":"2025-03-15","isFullCredit":false},{"lineNumber":3,"author":{"gitId":"randust"},"content":"import fintrek.misc.DisplayMessage;","lastModifiedDate":"2025-03-15","isFullCredit":false},{"lineNumber":4,"author":{"gitId":"randust"},"content":"import fintrek.Expense;","lastModifiedDate":"2025-03-15","isFullCredit":false},{"lineNumber":5,"author":{"gitId":"randust"},"content":"import fintrek.ExpenseManager;","lastModifiedDate":"2025-03-15","isFullCredit":false},{"lineNumber":6,"author":{"gitId":"randust"},"content":"","lastModifiedDate":"2025-03-15","isFullCredit":false},{"lineNumber":7,"author":{"gitId":"randust"},"content":"/**","lastModifiedDate":"2025-03-15","isFullCredit":false},{"lineNumber":8,"author":{"gitId":"randust"},"content":" * Represents different commands that can be executed within the application.","lastModifiedDate":"2025-03-15","isFullCredit":false},{"lineNumber":9,"author":{"gitId":"randust"},"content":" */","lastModifiedDate":"2025-03-15","isFullCredit":false},{"lineNumber":10,"author":{"gitId":"randust"},"content":"public enum Command {","lastModifiedDate":"2025-03-15","isFullCredit":false},{"lineNumber":11,"author":{"gitId":"randust"},"content":"    ADD(false) {","lastModifiedDate":"2025-03-15","isFullCredit":false},{"lineNumber":12,"author":{"gitId":"randust"},"content":"        @Override","lastModifiedDate":"2025-03-15","isFullCredit":false},{"lineNumber":13,"author":{"gitId":"randust"},"content":"        public ExecutionResult execute(String arguments) {","lastModifiedDate":"2025-03-15","isFullCredit":false},{"lineNumber":14,"author":{"gitId":"randust"},"content":"            //TODO","lastModifiedDate":"2025-03-15","isFullCredit":false},{"lineNumber":15,"author":{"gitId":"randust"},"content":"            return new ExecutionResult(true, DisplayMessage.ADD_SUCCESS_MESSAGE);","lastModifiedDate":"2025-03-15","isFullCredit":false},{"lineNumber":16,"author":{"gitId":"randust"},"content":"        }","lastModifiedDate":"2025-03-15","isFullCredit":false},{"lineNumber":17,"author":{"gitId":"randust"},"content":"    },","lastModifiedDate":"2025-03-15","isFullCredit":false},{"lineNumber":18,"author":{"gitId":"randust"},"content":"    DELETE(false) {","lastModifiedDate":"2025-03-15","isFullCredit":false},{"lineNumber":19,"author":{"gitId":"randust"},"content":"        @Override","lastModifiedDate":"2025-03-15","isFullCredit":false},{"lineNumber":20,"author":{"gitId":"randust"},"content":"        public ExecutionResult execute(String arguments) {","lastModifiedDate":"2025-03-15","isFullCredit":false},{"lineNumber":21,"author":{"gitId":"randust"},"content":"            if (!arguments.trim().matches(\"\\\\d+\")) {","lastModifiedDate":"2025-03-15","isFullCredit":false},{"lineNumber":22,"author":{"gitId":"randust"},"content":"                return new ExecutionResult(false, DisplayMessage.INVALID_NUM_MESSAGE);","lastModifiedDate":"2025-03-15","isFullCredit":false},{"lineNumber":23,"author":{"gitId":"randust"},"content":"            }","lastModifiedDate":"2025-03-15","isFullCredit":false},{"lineNumber":24,"author":{"gitId":"randust"},"content":"","lastModifiedDate":"2025-03-15","isFullCredit":false},{"lineNumber":25,"author":{"gitId":"randust"},"content":"            int expenseIndex \u003d Integer.parseInt(arguments.trim());","lastModifiedDate":"2025-03-15","isFullCredit":false},{"lineNumber":26,"author":{"gitId":"randust"},"content":"","lastModifiedDate":"2025-03-15","isFullCredit":false},{"lineNumber":27,"author":{"gitId":"randust"},"content":"            if (expenseIndex \u003c\u003d 0 || expenseIndex \u003e ExpenseManager.getLength()) {","lastModifiedDate":"2025-03-15","isFullCredit":false},{"lineNumber":28,"author":{"gitId":"randust"},"content":"                return new ExecutionResult(false, DisplayMessage.INVALID_NUM_MESSAGE);","lastModifiedDate":"2025-03-15","isFullCredit":false},{"lineNumber":29,"author":{"gitId":"randust"},"content":"            }","lastModifiedDate":"2025-03-15","isFullCredit":false},{"lineNumber":30,"author":{"gitId":"randust"},"content":"","lastModifiedDate":"2025-03-15","isFullCredit":false},{"lineNumber":31,"author":{"gitId":"randust"},"content":"            Expense removedExpense \u003d ExpenseManager.popExpense(expenseIndex - 1);","lastModifiedDate":"2025-03-15","isFullCredit":false},{"lineNumber":32,"author":{"gitId":"randust"},"content":"            int remainingExpenseIndex \u003d ExpenseManager.getLength();","lastModifiedDate":"2025-03-15","isFullCredit":false},{"lineNumber":33,"author":{"gitId":"randust"},"content":"","lastModifiedDate":"2025-03-15","isFullCredit":false},{"lineNumber":34,"author":{"gitId":"randust"},"content":"            String message \u003d String.format(DisplayMessage.DELETE_SUCCESS_MESSAGE_TEMPLATE, remainingExpenseIndex);","lastModifiedDate":"2025-03-15","isFullCredit":false},{"lineNumber":35,"author":{"gitId":"randust"},"content":"            return new ExecutionResult(true, message);","lastModifiedDate":"2025-03-15","isFullCredit":false},{"lineNumber":36,"author":{"gitId":"randust"},"content":"        }","lastModifiedDate":"2025-03-15","isFullCredit":false},{"lineNumber":37,"author":{"gitId":"randust"},"content":"    },","lastModifiedDate":"2025-03-15","isFullCredit":false},{"lineNumber":38,"author":{"gitId":"randust"},"content":"    TOTAL(true) {","lastModifiedDate":"2025-03-15","isFullCredit":false},{"lineNumber":39,"author":{"gitId":"randust"},"content":"        @Override","lastModifiedDate":"2025-03-15","isFullCredit":false},{"lineNumber":40,"author":{"gitId":"randust"},"content":"        public ExecutionResult execute(String arguments) {","lastModifiedDate":"2025-03-15","isFullCredit":false},{"lineNumber":41,"author":{"gitId":"randust"},"content":"            try {","lastModifiedDate":"2025-03-15","isFullCredit":false},{"lineNumber":42,"author":{"gitId":"randust"},"content":"                double totalExpenses \u003d ExpenseManager.getTotalExpenses();","lastModifiedDate":"2025-03-15","isFullCredit":false},{"lineNumber":43,"author":{"gitId":"randust"},"content":"                String message \u003d String.format(DisplayMessage.TOTAL_SUCCESS_MESSAGE_TEMPLATE, totalExpenses);","lastModifiedDate":"2025-03-15","isFullCredit":false},{"lineNumber":44,"author":{"gitId":"randust"},"content":"                return new ExecutionResult(true, message);","lastModifiedDate":"2025-03-15","isFullCredit":false},{"lineNumber":45,"author":{"gitId":"randust"},"content":"            } catch (Exception e) {","lastModifiedDate":"2025-03-15","isFullCredit":false},{"lineNumber":46,"author":{"gitId":"randust"},"content":"                return new ExecutionResult(false, DisplayMessage.ERROR_CALCULATING_TOTAL_EXPENSES + e.getMessage());","lastModifiedDate":"2025-03-15","isFullCredit":false},{"lineNumber":47,"author":{"gitId":"randust"},"content":"            }","lastModifiedDate":"2025-03-15","isFullCredit":false},{"lineNumber":48,"author":{"gitId":"randust"},"content":"        }","lastModifiedDate":"2025-03-15","isFullCredit":false},{"lineNumber":49,"author":{"gitId":"randust"},"content":"    },","lastModifiedDate":"2025-03-15","isFullCredit":false},{"lineNumber":50,"author":{"gitId":"randust"},"content":"    HELP(true) {","lastModifiedDate":"2025-03-15","isFullCredit":false},{"lineNumber":51,"author":{"gitId":"randust"},"content":"        @Override","lastModifiedDate":"2025-03-15","isFullCredit":false},{"lineNumber":52,"author":{"gitId":"randust"},"content":"        public ExecutionResult execute(String arguments) {","lastModifiedDate":"2025-03-15","isFullCredit":false},{"lineNumber":53,"author":{"gitId":"randust"},"content":"            String message;","lastModifiedDate":"2025-03-15","isFullCredit":false},{"lineNumber":54,"author":{"gitId":"randust"},"content":"            if (arguments !\u003d null \u0026\u0026 !arguments.isBlank()) {","lastModifiedDate":"2025-03-15","isFullCredit":false},{"lineNumber":55,"author":{"gitId":"randust"},"content":"                String keyword \u003d arguments.toLowerCase();","lastModifiedDate":"2025-03-15","isFullCredit":false},{"lineNumber":56,"author":{"gitId":"randust"},"content":"                if (keyword.contains(\"add\")) {","lastModifiedDate":"2025-03-15","isFullCredit":false},{"lineNumber":57,"author":{"gitId":"randust"},"content":"                    message \u003d DisplayMessage.ADD_FORMAT_MESSAGE;","lastModifiedDate":"2025-03-15","isFullCredit":false},{"lineNumber":58,"author":{"gitId":"randust"},"content":"                } else if (keyword.contains(\"delete\")) {","lastModifiedDate":"2025-03-15","isFullCredit":false},{"lineNumber":59,"author":{"gitId":"randust"},"content":"                    message \u003d DisplayMessage.DELETE_FORMAT_MESSAGE;","lastModifiedDate":"2025-03-15","isFullCredit":false},{"lineNumber":60,"author":{"gitId":"randust"},"content":"                } else if (keyword.contains(\"total\")) {","lastModifiedDate":"2025-03-15","isFullCredit":false},{"lineNumber":61,"author":{"gitId":"randust"},"content":"                    message \u003d DisplayMessage.TOTAL_FORMAT_MESSAGE;","lastModifiedDate":"2025-03-15","isFullCredit":false},{"lineNumber":62,"author":{"gitId":"randust"},"content":"                } else if (keyword.contains(\"average\")) {","lastModifiedDate":"2025-03-15","isFullCredit":false},{"lineNumber":63,"author":{"gitId":"randust"},"content":"                    message \u003d DisplayMessage.AVERAGE_FORMAT_MESSAGE;","lastModifiedDate":"2025-03-15","isFullCredit":false},{"lineNumber":64,"author":{"gitId":"randust"},"content":"                } else if (keyword.contains(\"summary\")) {","lastModifiedDate":"2025-03-15","isFullCredit":false},{"lineNumber":65,"author":{"gitId":"randust"},"content":"                    message \u003d DisplayMessage.SUMMARY_FORMAT_MESSAGE;","lastModifiedDate":"2025-03-15","isFullCredit":false},{"lineNumber":66,"author":{"gitId":"randust"},"content":"                } else {","lastModifiedDate":"2025-03-15","isFullCredit":false},{"lineNumber":67,"author":{"gitId":"randust"},"content":"                    message \u003d DisplayMessage.HELP_UNKNOWN_TOPIC;","lastModifiedDate":"2025-03-15","isFullCredit":false},{"lineNumber":68,"author":{"gitId":"randust"},"content":"                }","lastModifiedDate":"2025-03-15","isFullCredit":false},{"lineNumber":69,"author":{"gitId":"randust"},"content":"            } else {","lastModifiedDate":"2025-03-15","isFullCredit":false},{"lineNumber":70,"author":{"gitId":"randust"},"content":"                message \u003d DisplayMessage.getAllFeaturesMessage();","lastModifiedDate":"2025-03-15","isFullCredit":false},{"lineNumber":71,"author":{"gitId":"randust"},"content":"            }","lastModifiedDate":"2025-03-15","isFullCredit":false},{"lineNumber":72,"author":{"gitId":"randust"},"content":"            return new ExecutionResult(true, message);","lastModifiedDate":"2025-03-15","isFullCredit":false},{"lineNumber":73,"author":{"gitId":"randust"},"content":"        }","lastModifiedDate":"2025-03-15","isFullCredit":false},{"lineNumber":74,"author":{"gitId":"randust"},"content":"    },","lastModifiedDate":"2025-03-15","isFullCredit":false},{"lineNumber":75,"author":{"gitId":"randust"},"content":"    AVERAGE(true) {","lastModifiedDate":"2025-03-15","isFullCredit":false},{"lineNumber":76,"author":{"gitId":"randust"},"content":"        @Override","lastModifiedDate":"2025-03-15","isFullCredit":false},{"lineNumber":77,"author":{"gitId":"randust"},"content":"        public ExecutionResult execute(String arguments) {","lastModifiedDate":"2025-03-15","isFullCredit":false},{"lineNumber":78,"author":{"gitId":"randust"},"content":"            try {","lastModifiedDate":"2025-03-15","isFullCredit":false},{"lineNumber":79,"author":{"gitId":"randust"},"content":"                double averageExpense \u003d ExpenseManager.getAverageExpenses();","lastModifiedDate":"2025-03-15","isFullCredit":false},{"lineNumber":80,"author":{"gitId":"randust"},"content":"                String message \u003d String.format(DisplayMessage.AVERAGE_SUCCESS_MESSAGE_TEMPLATE, averageExpense);","lastModifiedDate":"2025-03-15","isFullCredit":false},{"lineNumber":81,"author":{"gitId":"randust"},"content":"                return new ExecutionResult(true, message);","lastModifiedDate":"2025-03-15","isFullCredit":false},{"lineNumber":82,"author":{"gitId":"randust"},"content":"            } catch (Exception e) {","lastModifiedDate":"2025-03-15","isFullCredit":false},{"lineNumber":83,"author":{"gitId":"randust"},"content":"                return new ExecutionResult(false, DisplayMessage.ERROR_CALCULATING_AVERAGE_EXPENSES + e.getMessage());","lastModifiedDate":"2025-03-15","isFullCredit":false},{"lineNumber":84,"author":{"gitId":"randust"},"content":"            }","lastModifiedDate":"2025-03-15","isFullCredit":false},{"lineNumber":85,"author":{"gitId":"randust"},"content":"        }","lastModifiedDate":"2025-03-15","isFullCredit":false},{"lineNumber":86,"author":{"gitId":"randust"},"content":"    };","lastModifiedDate":"2025-03-15","isFullCredit":false},{"lineNumber":87,"author":{"gitId":"randust"},"content":"","lastModifiedDate":"2025-03-15","isFullCredit":false},{"lineNumber":88,"author":{"gitId":"randust"},"content":"    public final boolean acceptEmptyArg;","lastModifiedDate":"2025-03-15","isFullCredit":false},{"lineNumber":89,"author":{"gitId":"randust"},"content":"","lastModifiedDate":"2025-03-15","isFullCredit":false},{"lineNumber":90,"author":{"gitId":"randust"},"content":"    Command(boolean acceptEmptyArg) {","lastModifiedDate":"2025-03-15","isFullCredit":false},{"lineNumber":91,"author":{"gitId":"randust"},"content":"        this.acceptEmptyArg \u003d acceptEmptyArg;","lastModifiedDate":"2025-03-15","isFullCredit":false},{"lineNumber":92,"author":{"gitId":"randust"},"content":"    }","lastModifiedDate":"2025-03-15","isFullCredit":false},{"lineNumber":93,"author":{"gitId":"randust"},"content":"","lastModifiedDate":"2025-03-15","isFullCredit":false},{"lineNumber":94,"author":{"gitId":"randust"},"content":"    public abstract ExecutionResult execute(String arguments);","lastModifiedDate":"2025-03-15","isFullCredit":false},{"lineNumber":95,"author":{"gitId":"randust"},"content":"}","lastModifiedDate":"2025-03-15","isFullCredit":false}],"authorContributionMap":{"randust":95}},{"path":"src/main/java/fintrek/command/ExecutionResult.java","fileType":"functional-code","lines":[{"lineNumber":1,"author":{"gitId":"randust"},"content":"package fintrek.command;","lastModifiedDate":"2025-03-15","isFullCredit":false},{"lineNumber":2,"author":{"gitId":"randust"},"content":"/**","lastModifiedDate":"2025-03-15","isFullCredit":false},{"lineNumber":3,"author":{"gitId":"randust"},"content":" * The {@code ExecutionResult} record represents the outcome of processing a command,","lastModifiedDate":"2025-03-15","isFullCredit":false},{"lineNumber":4,"author":{"gitId":"randust"},"content":" * whether it fails during validation (parsing) or encounters an issue during execution.","lastModifiedDate":"2025-03-15","isFullCredit":false},{"lineNumber":5,"author":{"gitId":"randust"},"content":" *","lastModifiedDate":"2025-03-15","isFullCredit":false},{"lineNumber":6,"author":{"gitId":"randust"},"content":" * @param isSuccess    {@code true} if the command was successfully processed;","lastModifiedDate":"2025-03-15","isFullCredit":false},{"lineNumber":7,"author":{"gitId":"randust"},"content":" *                     {@code false} if an error occurred.","lastModifiedDate":"2025-03-15","isFullCredit":false},{"lineNumber":8,"author":{"gitId":"randust"},"content":" * @param message   a descriptive message providing details on the command\u0027s outcome;","lastModifiedDate":"2025-03-15","isFullCredit":false},{"lineNumber":9,"author":{"gitId":"randust"},"content":" *                  An error messages in case of failure execution or the desired display output if successful.","lastModifiedDate":"2025-03-15","isFullCredit":false},{"lineNumber":10,"author":{"gitId":"randust"},"content":" */","lastModifiedDate":"2025-03-15","isFullCredit":false},{"lineNumber":11,"author":{"gitId":"randust"},"content":"public record ExecutionResult(boolean isSuccess, String message) {}","lastModifiedDate":"2025-03-15","isFullCredit":false}],"authorContributionMap":{"randust":11}},{"path":"src/main/java/fintrek/misc/DisplayMessage.java","fileType":"functional-code","lines":[{"lineNumber":1,"author":{"gitId":"randust"},"content":"package fintrek.misc;","lastModifiedDate":"2025-02-26","isFullCredit":false},{"lineNumber":2,"author":{"gitId":"randust"},"content":"","lastModifiedDate":"2025-02-26","isFullCredit":false},{"lineNumber":3,"author":{"gitId":"randust"},"content":"/**","lastModifiedDate":"2025-03-15","isFullCredit":false},{"lineNumber":4,"author":{"gitId":"randust"},"content":" * Utility class containing predefined messages for user interactions and command usage.","lastModifiedDate":"2025-03-15","isFullCredit":false},{"lineNumber":5,"author":{"gitId":"randust"},"content":" */","lastModifiedDate":"2025-03-15","isFullCredit":false},{"lineNumber":6,"author":{"gitId":"randust"},"content":"public class DisplayMessage {","lastModifiedDate":"2025-02-26","isFullCredit":false},{"lineNumber":7,"author":{"gitId":"randust"},"content":"","lastModifiedDate":"2025-03-15","isFullCredit":false},{"lineNumber":8,"author":{"gitId":"randust"},"content":"    // General Messages","lastModifiedDate":"2025-03-15","isFullCredit":false},{"lineNumber":9,"author":{"gitId":"randust"},"content":"    public static final String WELCOME_MESSAGE \u003d \"Hi there, welcome to FinTrek! What can I do for you?\";","lastModifiedDate":"2025-03-07","isFullCredit":false},{"lineNumber":10,"author":{"gitId":"randust"},"content":"    public static final String CONVERSATION_STARTER \u003d \"If you are new, please type /help to learn all the functions\";","lastModifiedDate":"2025-03-15","isFullCredit":false},{"lineNumber":11,"author":{"gitId":"randust"},"content":"    public static final String END_CONVERSATION_MESSAGE \u003d \"bye\";","lastModifiedDate":"2025-03-15","isFullCredit":false},{"lineNumber":12,"author":{"gitId":"randust"},"content":"","lastModifiedDate":"2025-03-15","isFullCredit":false},{"lineNumber":13,"author":{"gitId":"randust"},"content":"    // Error Messages","lastModifiedDate":"2025-03-15","isFullCredit":false},{"lineNumber":14,"author":{"gitId":"venicephua"},"content":"    public static final String INVALID_AMOUNT \u003d \"Amount cannot be negative\";","lastModifiedDate":"2025-03-07","isFullCredit":false},{"lineNumber":15,"author":{"gitId":"randust"},"content":"    public static final String INVALID_NUM_MESSAGE \u003d \"Please enter a valid number\";","lastModifiedDate":"2025-03-15","isFullCredit":false},{"lineNumber":16,"author":{"gitId":"venicephua"},"content":"    public static final String ERROR_CALCULATING_TOTAL_EXPENSES \u003d \"Error calculating total expenses: \";","lastModifiedDate":"2025-03-07","isFullCredit":false},{"lineNumber":17,"author":{"gitId":"randust"},"content":"    public static final String ERROR_CALCULATING_AVERAGE_EXPENSES \u003d \"Error calculating average expenses: \";","lastModifiedDate":"2025-03-15","isFullCredit":false},{"lineNumber":18,"author":{"gitId":"randust"},"content":"    public static final String NO_COMMAND_MESSAGE \u003d","lastModifiedDate":"2025-03-14","isFullCredit":false},{"lineNumber":19,"author":{"gitId":"randust"},"content":"            \"Please enter a command starting with \u0027/\u0027. Type \u0027/help\u0027 for more information.\";","lastModifiedDate":"2025-03-14","isFullCredit":false},{"lineNumber":20,"author":{"gitId":"randust"},"content":"    public static final String INVALID_COMMAND_MESSAGE \u003d","lastModifiedDate":"2025-03-14","isFullCredit":false},{"lineNumber":21,"author":{"gitId":"randust"},"content":"            \"Please enter a valid command. Type \u0027/help\u0027 for more information.\";","lastModifiedDate":"2025-03-14","isFullCredit":false},{"lineNumber":22,"author":{"gitId":"randust"},"content":"    public static final String ARG_EMPTY_MESSAGE_TEMPLATE \u003d \"Argument of \u0027/%s\u0027 command cannot be empty\";","lastModifiedDate":"2025-03-14","isFullCredit":false},{"lineNumber":23,"author":{"gitId":"randust"},"content":"","lastModifiedDate":"2025-03-15","isFullCredit":false},{"lineNumber":24,"author":{"gitId":"randust"},"content":"    // Success Messages","lastModifiedDate":"2025-03-15","isFullCredit":false},{"lineNumber":25,"author":{"gitId":"randust"},"content":"    public static final String ADD_SUCCESS_MESSAGE \u003d \"Add command executed successfully.\";","lastModifiedDate":"2025-03-15","isFullCredit":false},{"lineNumber":26,"author":{"gitId":"randust"},"content":"    public static final String DELETE_SUCCESS_MESSAGE_TEMPLATE \u003d \"Expense deleted successfully. Remaining expenses: %d\";","lastModifiedDate":"2025-03-15","isFullCredit":false},{"lineNumber":27,"author":{"gitId":"randust"},"content":"    public static final String TOTAL_SUCCESS_MESSAGE_TEMPLATE \u003d \"Total expenses: %.2f\";","lastModifiedDate":"2025-03-15","isFullCredit":false},{"lineNumber":28,"author":{"gitId":"randust"},"content":"    public static final String AVERAGE_SUCCESS_MESSAGE_TEMPLATE \u003d \"Average expenses: %.2f\";","lastModifiedDate":"2025-03-15","isFullCredit":false},{"lineNumber":29,"author":{"gitId":"randust"},"content":"","lastModifiedDate":"2025-03-15","isFullCredit":false},{"lineNumber":30,"author":{"gitId":"randust"},"content":"    // Assertion Messages","lastModifiedDate":"2025-03-15","isFullCredit":false},{"lineNumber":31,"author":{"gitId":"randust"},"content":"    public static final String ASSERT_FAILURE_PREFIX \u003d \"Parsing should fail for: \";","lastModifiedDate":"2025-03-14","isFullCredit":false},{"lineNumber":32,"author":{"gitId":"randust"},"content":"    public static final String ASSERT_EXPECTED_ERROR \u003d \"Expected error message mismatch for: \";","lastModifiedDate":"2025-03-14","isFullCredit":false},{"lineNumber":33,"author":{"gitId":"venicephua"},"content":"","lastModifiedDate":"2025-03-07","isFullCredit":false},{"lineNumber":34,"author":{"gitId":"randust"},"content":"    // HELP Messages","lastModifiedDate":"2025-03-15","isFullCredit":false},{"lineNumber":35,"author":{"gitId":"randust"},"content":"    public static final String HELP_UNKNOWN_TOPIC \u003d \"Unknown HELP topic.\";","lastModifiedDate":"2025-03-15","isFullCredit":false},{"lineNumber":36,"author":{"gitId":"randust"},"content":"    public static final String HELP_AVAILABLE_COMMANDS \u003d \"Available commands:\\n\";","lastModifiedDate":"2025-03-15","isFullCredit":false},{"lineNumber":37,"author":{"gitId":"Charly2312"},"content":"","lastModifiedDate":"2025-03-07","isFullCredit":false},{"lineNumber":38,"author":{"gitId":"randust"},"content":"    // Format Messages","lastModifiedDate":"2025-03-15","isFullCredit":false},{"lineNumber":39,"author":{"gitId":"randust"},"content":"    public static final String ADD_FORMAT_MESSAGE \u003d \"\"\"","lastModifiedDate":"2025-03-15","isFullCredit":false},{"lineNumber":40,"author":{"gitId":"randust"},"content":"               Format: /add [DESCRIPTION] $[AMOUNT]","lastModifiedDate":"2025-03-15","isFullCredit":false},{"lineNumber":41,"author":{"gitId":"randust"},"content":"               AMOUNT must be a positive number greater than 0","lastModifiedDate":"2025-03-15","isFullCredit":false},{"lineNumber":42,"author":{"gitId":"randust"},"content":"               Example: /add concert tickets $35.80 -","lastModifiedDate":"2025-03-16","isFullCredit":false},{"lineNumber":43,"author":{"gitId":"randust"},"content":"               \"\"\" + \" adds an expense with description \u0027concert tickets\u0027 with the amount $35.80.\";","lastModifiedDate":"2025-03-16","isFullCredit":false},{"lineNumber":44,"author":{"gitId":"Charly2312"},"content":"","lastModifiedDate":"2025-03-07","isFullCredit":false},{"lineNumber":45,"author":{"gitId":"randust"},"content":"    public static final String DELETE_FORMAT_MESSAGE \u003d \"\"\"","lastModifiedDate":"2025-03-15","isFullCredit":false},{"lineNumber":46,"author":{"gitId":"randust"},"content":"               Format: /delete [INDEX]","lastModifiedDate":"2025-03-15","isFullCredit":false},{"lineNumber":47,"author":{"gitId":"randust"},"content":"               INDEX must be a positive integer \u003e 0","lastModifiedDate":"2025-03-15","isFullCredit":false},{"lineNumber":48,"author":{"gitId":"randust"},"content":"               Example: /delete 2 - deletes the expense with index number 2 on the list.","lastModifiedDate":"2025-03-15","isFullCredit":false},{"lineNumber":49,"author":{"gitId":"randust"},"content":"               \"\"\";","lastModifiedDate":"2025-03-15","isFullCredit":false},{"lineNumber":50,"author":{"gitId":"Charly2312"},"content":"","lastModifiedDate":"2025-03-07","isFullCredit":false},{"lineNumber":51,"author":{"gitId":"randust"},"content":"    public static final String TOTAL_FORMAT_MESSAGE \u003d \"\"\"","lastModifiedDate":"2025-03-15","isFullCredit":false},{"lineNumber":52,"author":{"gitId":"randust"},"content":"               Format: /total","lastModifiedDate":"2025-03-15","isFullCredit":false},{"lineNumber":53,"author":{"gitId":"randust"},"content":"               Returns sum of all expenses in the list, but will return 0 if the list is empty.","lastModifiedDate":"2025-03-15","isFullCredit":false},{"lineNumber":54,"author":{"gitId":"randust"},"content":"               Example: For a list of expenses: TransportExpense1, TransportExpense2, FoodExpense1","lastModifiedDate":"2025-03-15","isFullCredit":false},{"lineNumber":55,"author":{"gitId":"randust"},"content":"               /total returns (TransportExpense1 + TransportExpense2 + FoodExpense1).","lastModifiedDate":"2025-03-15","isFullCredit":false},{"lineNumber":56,"author":{"gitId":"randust"},"content":"               \"\"\";","lastModifiedDate":"2025-03-15","isFullCredit":false},{"lineNumber":57,"author":{"gitId":"Charly2312"},"content":"","lastModifiedDate":"2025-03-07","isFullCredit":false},{"lineNumber":58,"author":{"gitId":"randust"},"content":"    public static final String AVERAGE_FORMAT_MESSAGE \u003d \"\"\"","lastModifiedDate":"2025-03-15","isFullCredit":false},{"lineNumber":59,"author":{"gitId":"randust"},"content":"               Format: /average","lastModifiedDate":"2025-03-15","isFullCredit":false},{"lineNumber":60,"author":{"gitId":"randust"},"content":"               Returns average of all expenses in list, but will return 0 if the list is empty.","lastModifiedDate":"2025-03-15","isFullCredit":false},{"lineNumber":61,"author":{"gitId":"Charly2312"},"content":"               Example: For a list of expenses: TransportExpense1, TransportExpense2, FoodExpense1","lastModifiedDate":"2025-03-07","isFullCredit":false},{"lineNumber":62,"author":{"gitId":"randust"},"content":"               /average returns (TransportExpense1 + TransportExpense2 + FoodExpense1) / 3.","lastModifiedDate":"2025-03-15","isFullCredit":false},{"lineNumber":63,"author":{"gitId":"randust"},"content":"               \"\"\";","lastModifiedDate":"2025-03-15","isFullCredit":false},{"lineNumber":64,"author":{"gitId":"Charly2312"},"content":"","lastModifiedDate":"2025-03-07","isFullCredit":false},{"lineNumber":65,"author":{"gitId":"randust"},"content":"    public static final String SUMMARY_FORMAT_MESSAGE \u003d \"\"\"","lastModifiedDate":"2025-03-15","isFullCredit":false},{"lineNumber":66,"author":{"gitId":"randust"},"content":"               Format: /summary","lastModifiedDate":"2025-03-15","isFullCredit":false},{"lineNumber":67,"author":{"gitId":"randust"},"content":"               Lists all expenses grouped by category.","lastModifiedDate":"2025-03-15","isFullCredit":false},{"lineNumber":68,"author":{"gitId":"randust"},"content":"               Example: /summary returns all expenses categorized.","lastModifiedDate":"2025-03-15","isFullCredit":false},{"lineNumber":69,"author":{"gitId":"randust"},"content":"               \"\"\";","lastModifiedDate":"2025-03-15","isFullCredit":false},{"lineNumber":70,"author":{"gitId":"Charly2312"},"content":"","lastModifiedDate":"2025-03-07","isFullCredit":false},{"lineNumber":71,"author":{"gitId":"randust"},"content":"    /**","lastModifiedDate":"2025-03-15","isFullCredit":false},{"lineNumber":72,"author":{"gitId":"randust"},"content":"     * Returns all available features as a single formatted string.","lastModifiedDate":"2025-03-15","isFullCredit":false},{"lineNumber":73,"author":{"gitId":"randust"},"content":"     *","lastModifiedDate":"2025-03-15","isFullCredit":false},{"lineNumber":74,"author":{"gitId":"randust"},"content":"     * @return A string containing all feature descriptions.","lastModifiedDate":"2025-03-15","isFullCredit":false},{"lineNumber":75,"author":{"gitId":"randust"},"content":"     */","lastModifiedDate":"2025-03-15","isFullCredit":false},{"lineNumber":76,"author":{"gitId":"randust"},"content":"    public static String getAllFeaturesMessage() {","lastModifiedDate":"2025-03-15","isFullCredit":false},{"lineNumber":77,"author":{"gitId":"randust"},"content":"        return HELP_AVAILABLE_COMMANDS + \"\\n\" +","lastModifiedDate":"2025-03-15","isFullCredit":false},{"lineNumber":78,"author":{"gitId":"randust"},"content":"                ADD_FORMAT_MESSAGE + \"\\n\" +","lastModifiedDate":"2025-03-15","isFullCredit":false},{"lineNumber":79,"author":{"gitId":"randust"},"content":"                DELETE_FORMAT_MESSAGE + \"\\n\" +","lastModifiedDate":"2025-03-15","isFullCredit":false},{"lineNumber":80,"author":{"gitId":"randust"},"content":"                TOTAL_FORMAT_MESSAGE + \"\\n\" +","lastModifiedDate":"2025-03-15","isFullCredit":false},{"lineNumber":81,"author":{"gitId":"randust"},"content":"                AVERAGE_FORMAT_MESSAGE + \"\\n\" +","lastModifiedDate":"2025-03-15","isFullCredit":false},{"lineNumber":82,"author":{"gitId":"randust"},"content":"                SUMMARY_FORMAT_MESSAGE;","lastModifiedDate":"2025-03-15","isFullCredit":false},{"lineNumber":83,"author":{"gitId":"Charly2312"},"content":"    }","lastModifiedDate":"2025-03-07","isFullCredit":false},{"lineNumber":84,"author":{"gitId":"randust"},"content":"}","lastModifiedDate":"2025-02-26","isFullCredit":false}],"authorContributionMap":{"randust":73,"venicephua":3,"Charly2312":8}},{"path":"src/main/java/fintrek/parser/ParseResult.java","fileType":"functional-code","lines":[{"lineNumber":1,"author":{"gitId":"randust"},"content":"package fintrek.parser;","lastModifiedDate":"2025-03-14","isFullCredit":false},{"lineNumber":2,"author":{"gitId":"randust"},"content":"","lastModifiedDate":"2025-03-14","isFullCredit":false},{"lineNumber":3,"author":{"gitId":"randust"},"content":"/**","lastModifiedDate":"2025-03-14","isFullCredit":false},{"lineNumber":4,"author":{"gitId":"randust"},"content":" * The {@code ParseResult} record represents the result of parsing a user input.","lastModifiedDate":"2025-03-14","isFullCredit":false},{"lineNumber":5,"author":{"gitId":"randust"},"content":" * It stores whether the parsing was successful and, if not, an associated error message.","lastModifiedDate":"2025-03-14","isFullCredit":false},{"lineNumber":6,"author":{"gitId":"randust"},"content":" *","lastModifiedDate":"2025-03-14","isFullCredit":false},{"lineNumber":7,"author":{"gitId":"randust"},"content":" * @param isSuccess      A boolean indicating whether the parsing was successful.","lastModifiedDate":"2025-03-14","isFullCredit":false},{"lineNumber":8,"author":{"gitId":"randust"},"content":" * @param errorMessage The error message if parsing failed; otherwise, {@code null}.","lastModifiedDate":"2025-03-14","isFullCredit":false},{"lineNumber":9,"author":{"gitId":"randust"},"content":" */","lastModifiedDate":"2025-03-14","isFullCredit":false},{"lineNumber":10,"author":{"gitId":"randust"},"content":"public record ParseResult(boolean isSuccess, String errorMessage) {}","lastModifiedDate":"2025-03-14","isFullCredit":false}],"authorContributionMap":{"randust":10}},{"path":"src/main/java/fintrek/parser/Parser.java","fileType":"functional-code","lines":[{"lineNumber":1,"author":{"gitId":"randust"},"content":"package fintrek.parser;","lastModifiedDate":"2025-03-14","isFullCredit":false},{"lineNumber":2,"author":{"gitId":"randust"},"content":"","lastModifiedDate":"2025-03-14","isFullCredit":false},{"lineNumber":3,"author":{"gitId":"randust"},"content":"import fintrek.command.Command;","lastModifiedDate":"2025-03-15","isFullCredit":false},{"lineNumber":4,"author":{"gitId":"randust"},"content":"import fintrek.misc.DisplayMessage;","lastModifiedDate":"2025-03-14","isFullCredit":false},{"lineNumber":5,"author":{"gitId":"randust"},"content":"import fintrek.command.ExecutionResult;","lastModifiedDate":"2025-03-15","isFullCredit":false},{"lineNumber":6,"author":{"gitId":"randust"},"content":"/**","lastModifiedDate":"2025-03-14","isFullCredit":false},{"lineNumber":7,"author":{"gitId":"randust"},"content":" * The {@code Parser} class is responsible for interpreting user input and executing the corresponding commands.","lastModifiedDate":"2025-03-14","isFullCredit":false},{"lineNumber":8,"author":{"gitId":"randust"},"content":" * It validates the input format, checks for known commands, and ensures that required arguments are provided.","lastModifiedDate":"2025-03-14","isFullCredit":false},{"lineNumber":9,"author":{"gitId":"randust"},"content":" */","lastModifiedDate":"2025-03-14","isFullCredit":false},{"lineNumber":10,"author":{"gitId":"randust"},"content":"public class Parser {","lastModifiedDate":"2025-03-14","isFullCredit":false},{"lineNumber":11,"author":{"gitId":"randust"},"content":"","lastModifiedDate":"2025-03-14","isFullCredit":false},{"lineNumber":12,"author":{"gitId":"randust"},"content":"    /**","lastModifiedDate":"2025-03-14","isFullCredit":false},{"lineNumber":13,"author":{"gitId":"randust"},"content":"     * Parses the user input and executes the corresponding command if valid.","lastModifiedDate":"2025-03-14","isFullCredit":false},{"lineNumber":14,"author":{"gitId":"randust"},"content":"     *","lastModifiedDate":"2025-03-14","isFullCredit":false},{"lineNumber":15,"author":{"gitId":"randust"},"content":"     * @param userInput The raw user input string.","lastModifiedDate":"2025-03-14","isFullCredit":false},{"lineNumber":16,"author":{"gitId":"randust"},"content":"     * @return A {@code ParseResult} object indicating whether the command execution was successful","lastModifiedDate":"2025-03-14","isFullCredit":false},{"lineNumber":17,"author":{"gitId":"randust"},"content":"     *         and containing an error message if applicable.","lastModifiedDate":"2025-03-14","isFullCredit":false},{"lineNumber":18,"author":{"gitId":"randust"},"content":"     */","lastModifiedDate":"2025-03-14","isFullCredit":false},{"lineNumber":19,"author":{"gitId":"randust"},"content":"    public static ParseResult parseUserInput(String userInput) {","lastModifiedDate":"2025-03-14","isFullCredit":false},{"lineNumber":20,"author":{"gitId":"randust"},"content":"        // Split input into command and arguments","lastModifiedDate":"2025-03-14","isFullCredit":false},{"lineNumber":21,"author":{"gitId":"randust"},"content":"        String[] tokens \u003d userInput.split(\"\\\\s+\", 2); // split into [ACTION, ARGUMENTS]","lastModifiedDate":"2025-03-14","isFullCredit":false},{"lineNumber":22,"author":{"gitId":"randust"},"content":"        String commandStr \u003d tokens[0];","lastModifiedDate":"2025-03-14","isFullCredit":false},{"lineNumber":23,"author":{"gitId":"randust"},"content":"","lastModifiedDate":"2025-03-14","isFullCredit":false},{"lineNumber":24,"author":{"gitId":"randust"},"content":"        // Ensure command starts with \u0027/\u0027","lastModifiedDate":"2025-03-14","isFullCredit":false},{"lineNumber":25,"author":{"gitId":"randust"},"content":"        if (!commandStr.startsWith(\"/\")) {","lastModifiedDate":"2025-03-14","isFullCredit":false},{"lineNumber":26,"author":{"gitId":"randust"},"content":"            return new ParseResult(false, DisplayMessage.NO_COMMAND_MESSAGE);","lastModifiedDate":"2025-03-14","isFullCredit":false},{"lineNumber":27,"author":{"gitId":"randust"},"content":"        }","lastModifiedDate":"2025-03-14","isFullCredit":false},{"lineNumber":28,"author":{"gitId":"randust"},"content":"","lastModifiedDate":"2025-03-14","isFullCredit":false},{"lineNumber":29,"author":{"gitId":"randust"},"content":"        try {","lastModifiedDate":"2025-03-14","isFullCredit":false},{"lineNumber":30,"author":{"gitId":"randust"},"content":"            // Remove leading \u0027/\u0027 from command string","lastModifiedDate":"2025-03-14","isFullCredit":false},{"lineNumber":31,"author":{"gitId":"randust"},"content":"            commandStr \u003d commandStr.substring(1);","lastModifiedDate":"2025-03-14","isFullCredit":false},{"lineNumber":32,"author":{"gitId":"randust"},"content":"            Command command \u003d Command.valueOf(commandStr.toUpperCase());","lastModifiedDate":"2025-03-14","isFullCredit":false},{"lineNumber":33,"author":{"gitId":"randust"},"content":"","lastModifiedDate":"2025-03-14","isFullCredit":false},{"lineNumber":34,"author":{"gitId":"randust"},"content":"            // Determine if arguments are present","lastModifiedDate":"2025-03-14","isFullCredit":false},{"lineNumber":35,"author":{"gitId":"randust"},"content":"            String arguments;","lastModifiedDate":"2025-03-14","isFullCredit":false},{"lineNumber":36,"author":{"gitId":"randust"},"content":"            boolean argIsEmpty \u003d (tokens.length \u003c 2 || tokens[1].isEmpty());","lastModifiedDate":"2025-03-14","isFullCredit":false},{"lineNumber":37,"author":{"gitId":"randust"},"content":"","lastModifiedDate":"2025-03-14","isFullCredit":false},{"lineNumber":38,"author":{"gitId":"randust"},"content":"            if (!command.acceptEmptyArg \u0026\u0026 argIsEmpty) {","lastModifiedDate":"2025-03-14","isFullCredit":false},{"lineNumber":39,"author":{"gitId":"randust"},"content":"                return new ParseResult(false, String.format(DisplayMessage.ARG_EMPTY_MESSAGE_TEMPLATE, commandStr));","lastModifiedDate":"2025-03-14","isFullCredit":false},{"lineNumber":40,"author":{"gitId":"randust"},"content":"            } else if (command.acceptEmptyArg \u0026\u0026 argIsEmpty) {","lastModifiedDate":"2025-03-14","isFullCredit":false},{"lineNumber":41,"author":{"gitId":"randust"},"content":"                arguments \u003d null;","lastModifiedDate":"2025-03-14","isFullCredit":false},{"lineNumber":42,"author":{"gitId":"randust"},"content":"            } else {","lastModifiedDate":"2025-03-14","isFullCredit":false},{"lineNumber":43,"author":{"gitId":"randust"},"content":"                arguments \u003d tokens[1];","lastModifiedDate":"2025-03-14","isFullCredit":false},{"lineNumber":44,"author":{"gitId":"randust"},"content":"            }","lastModifiedDate":"2025-03-14","isFullCredit":false},{"lineNumber":45,"author":{"gitId":"randust"},"content":"","lastModifiedDate":"2025-03-14","isFullCredit":false},{"lineNumber":46,"author":{"gitId":"randust"},"content":"            // Execute the command with the parsed arguments","lastModifiedDate":"2025-03-14","isFullCredit":false},{"lineNumber":47,"author":{"gitId":"randust"},"content":"            ExecutionResult result \u003d command.execute(arguments);","lastModifiedDate":"2025-03-15","isFullCredit":false},{"lineNumber":48,"author":{"gitId":"randust"},"content":"            System.out.println(result.message());","lastModifiedDate":"2025-03-15","isFullCredit":false},{"lineNumber":49,"author":{"gitId":"randust"},"content":"        } catch (IllegalArgumentException e) {","lastModifiedDate":"2025-03-14","isFullCredit":false},{"lineNumber":50,"author":{"gitId":"randust"},"content":"            return new ParseResult(false, DisplayMessage.INVALID_COMMAND_MESSAGE);","lastModifiedDate":"2025-03-14","isFullCredit":false},{"lineNumber":51,"author":{"gitId":"randust"},"content":"        }","lastModifiedDate":"2025-03-14","isFullCredit":false},{"lineNumber":52,"author":{"gitId":"randust"},"content":"","lastModifiedDate":"2025-03-14","isFullCredit":false},{"lineNumber":53,"author":{"gitId":"randust"},"content":"        return new ParseResult(true, null);","lastModifiedDate":"2025-03-14","isFullCredit":false},{"lineNumber":54,"author":{"gitId":"randust"},"content":"    }","lastModifiedDate":"2025-03-14","isFullCredit":false},{"lineNumber":55,"author":{"gitId":"randust"},"content":"}","lastModifiedDate":"2025-03-14","isFullCredit":false}],"authorContributionMap":{"randust":55}},{"path":"src/test/java/fintrek/FinTrekTest.java","fileType":"test-code","lines":[{"lineNumber":1,"author":{"gitId":"randust"},"content":"package fintrek;","lastModifiedDate":"2025-02-26","isFullCredit":false},{"lineNumber":2,"author":{"gitId":"-"},"content":"","lastModifiedDate":"2020-05-24","isFullCredit":false},{"lineNumber":3,"author":{"gitId":"-"},"content":"import static org.junit.jupiter.api.Assertions.assertTrue;","lastModifiedDate":"2020-05-24","isFullCredit":false},{"lineNumber":4,"author":{"gitId":"-"},"content":"","lastModifiedDate":"2020-05-24","isFullCredit":false},{"lineNumber":5,"author":{"gitId":"-"},"content":"import org.junit.jupiter.api.Test;","lastModifiedDate":"2020-05-24","isFullCredit":false},{"lineNumber":6,"author":{"gitId":"-"},"content":"","lastModifiedDate":"2020-05-24","isFullCredit":false},{"lineNumber":7,"author":{"gitId":"randust"},"content":"class FinTrekTest {","lastModifiedDate":"2025-02-26","isFullCredit":false},{"lineNumber":8,"author":{"gitId":"-"},"content":"    @Test","lastModifiedDate":"2020-05-24","isFullCredit":false},{"lineNumber":9,"author":{"gitId":"-"},"content":"    public void sampleTest() {","lastModifiedDate":"2020-05-24","isFullCredit":false},{"lineNumber":10,"author":{"gitId":"-"},"content":"        assertTrue(true);","lastModifiedDate":"2020-05-24","isFullCredit":false},{"lineNumber":11,"author":{"gitId":"-"},"content":"    }","lastModifiedDate":"2020-05-24","isFullCredit":false},{"lineNumber":12,"author":{"gitId":"-"},"content":"}","lastModifiedDate":"2020-05-24","isFullCredit":false}],"authorContributionMap":{"randust":2,"-":10}},{"path":"src/test/java/fintrek/command/CommandTest.java","fileType":"test-code","lines":[{"lineNumber":1,"author":{"gitId":"randust"},"content":"package fintrek.command;","lastModifiedDate":"2025-03-15","isFullCredit":false},{"lineNumber":2,"author":{"gitId":"randust"},"content":"","lastModifiedDate":"2025-03-15","isFullCredit":false},{"lineNumber":3,"author":{"gitId":"randust"},"content":"import static org.junit.jupiter.api.Assertions.assertEquals;","lastModifiedDate":"2025-03-16","isFullCredit":false},{"lineNumber":4,"author":{"gitId":"randust"},"content":"import static org.junit.jupiter.api.Assertions.assertFalse;","lastModifiedDate":"2025-03-16","isFullCredit":false},{"lineNumber":5,"author":{"gitId":"randust"},"content":"import fintrek.misc.DisplayMessage;","lastModifiedDate":"2025-03-15","isFullCredit":false},{"lineNumber":6,"author":{"gitId":"randust"},"content":"import org.junit.jupiter.api.Test;","lastModifiedDate":"2025-03-15","isFullCredit":false},{"lineNumber":7,"author":{"gitId":"randust"},"content":"","lastModifiedDate":"2025-03-15","isFullCredit":false},{"lineNumber":8,"author":{"gitId":"randust"},"content":"public class CommandTest {","lastModifiedDate":"2025-03-15","isFullCredit":false},{"lineNumber":9,"author":{"gitId":"randust"},"content":"    @Test","lastModifiedDate":"2025-03-15","isFullCredit":false},{"lineNumber":10,"author":{"gitId":"randust"},"content":"    public void testDeleteCommandInvalidInput() {","lastModifiedDate":"2025-03-15","isFullCredit":false},{"lineNumber":11,"author":{"gitId":"randust"},"content":"        ExecutionResult result \u003d Command.DELETE.execute(\"invalid\");","lastModifiedDate":"2025-03-15","isFullCredit":false},{"lineNumber":12,"author":{"gitId":"randust"},"content":"        assertFalse(result.isSuccess());","lastModifiedDate":"2025-03-15","isFullCredit":false},{"lineNumber":13,"author":{"gitId":"randust"},"content":"        assertEquals(DisplayMessage.INVALID_NUM_MESSAGE, result.message());","lastModifiedDate":"2025-03-15","isFullCredit":false},{"lineNumber":14,"author":{"gitId":"randust"},"content":"    }","lastModifiedDate":"2025-03-15","isFullCredit":false},{"lineNumber":15,"author":{"gitId":"randust"},"content":"","lastModifiedDate":"2025-03-15","isFullCredit":false},{"lineNumber":16,"author":{"gitId":"randust"},"content":"    @Test","lastModifiedDate":"2025-03-15","isFullCredit":false},{"lineNumber":17,"author":{"gitId":"randust"},"content":"    public void testDeleteCommandOutOfBounds() {","lastModifiedDate":"2025-03-15","isFullCredit":false},{"lineNumber":18,"author":{"gitId":"randust"},"content":"        ExecutionResult result \u003d Command.DELETE.execute(\"999\");  // Assuming ExpenseManager has fewer items","lastModifiedDate":"2025-03-15","isFullCredit":false},{"lineNumber":19,"author":{"gitId":"randust"},"content":"        assertFalse(result.isSuccess());","lastModifiedDate":"2025-03-15","isFullCredit":false},{"lineNumber":20,"author":{"gitId":"randust"},"content":"        assertEquals(DisplayMessage.INVALID_NUM_MESSAGE, result.message());","lastModifiedDate":"2025-03-15","isFullCredit":false},{"lineNumber":21,"author":{"gitId":"randust"},"content":"    }","lastModifiedDate":"2025-03-15","isFullCredit":false},{"lineNumber":22,"author":{"gitId":"randust"},"content":"","lastModifiedDate":"2025-03-15","isFullCredit":false},{"lineNumber":23,"author":{"gitId":"randust"},"content":"    @Test","lastModifiedDate":"2025-03-15","isFullCredit":false},{"lineNumber":24,"author":{"gitId":"randust"},"content":"    public void testDeleteCommandValidInput() {","lastModifiedDate":"2025-03-15","isFullCredit":false},{"lineNumber":25,"author":{"gitId":"randust"},"content":"        //TODO: implement after having ADD","lastModifiedDate":"2025-03-15","isFullCredit":false},{"lineNumber":26,"author":{"gitId":"randust"},"content":"    }","lastModifiedDate":"2025-03-15","isFullCredit":false},{"lineNumber":27,"author":{"gitId":"randust"},"content":"}","lastModifiedDate":"2025-03-15","isFullCredit":false}],"authorContributionMap":{"randust":27}},{"path":"src/test/java/fintrek/parser/ParserTest.java","fileType":"test-code","lines":[{"lineNumber":1,"author":{"gitId":"randust"},"content":"package fintrek.parser;","lastModifiedDate":"2025-03-14","isFullCredit":false},{"lineNumber":2,"author":{"gitId":"randust"},"content":"","lastModifiedDate":"2025-03-14","isFullCredit":false},{"lineNumber":3,"author":{"gitId":"randust"},"content":"import org.junit.jupiter.params.ParameterizedTest;","lastModifiedDate":"2025-03-14","isFullCredit":false},{"lineNumber":4,"author":{"gitId":"randust"},"content":"import org.junit.jupiter.params.provider.ValueSource;","lastModifiedDate":"2025-03-14","isFullCredit":false},{"lineNumber":5,"author":{"gitId":"randust"},"content":"import org.junit.jupiter.params.provider.CsvSource;","lastModifiedDate":"2025-03-14","isFullCredit":false},{"lineNumber":6,"author":{"gitId":"randust"},"content":"import static org.junit.jupiter.api.Assertions.assertFalse;","lastModifiedDate":"2025-03-14","isFullCredit":false},{"lineNumber":7,"author":{"gitId":"randust"},"content":"import static org.junit.jupiter.api.Assertions.assertEquals;","lastModifiedDate":"2025-03-14","isFullCredit":false},{"lineNumber":8,"author":{"gitId":"randust"},"content":"import fintrek.misc.DisplayMessage;","lastModifiedDate":"2025-03-14","isFullCredit":false},{"lineNumber":9,"author":{"gitId":"randust"},"content":"","lastModifiedDate":"2025-03-14","isFullCredit":false},{"lineNumber":10,"author":{"gitId":"randust"},"content":"/**","lastModifiedDate":"2025-03-14","isFullCredit":false},{"lineNumber":11,"author":{"gitId":"randust"},"content":" * Unit tests for the {@code Parser} class.","lastModifiedDate":"2025-03-14","isFullCredit":false},{"lineNumber":12,"author":{"gitId":"randust"},"content":" * Ensures that user input is correctly parsed and validated.","lastModifiedDate":"2025-03-14","isFullCredit":false},{"lineNumber":13,"author":{"gitId":"randust"},"content":" */","lastModifiedDate":"2025-03-14","isFullCredit":false},{"lineNumber":14,"author":{"gitId":"randust"},"content":"public class ParserTest {","lastModifiedDate":"2025-03-14","isFullCredit":false},{"lineNumber":15,"author":{"gitId":"randust"},"content":"    /**","lastModifiedDate":"2025-03-14","isFullCredit":false},{"lineNumber":16,"author":{"gitId":"randust"},"content":"     * Ensures that inputs missing a leading slash (\u0027/\u0027) are recognized as incorrect.","lastModifiedDate":"2025-03-14","isFullCredit":false},{"lineNumber":17,"author":{"gitId":"randust"},"content":"     *","lastModifiedDate":"2025-03-14","isFullCredit":false},{"lineNumber":18,"author":{"gitId":"randust"},"content":"     * @param input The invalid user input.","lastModifiedDate":"2025-03-14","isFullCredit":false},{"lineNumber":19,"author":{"gitId":"randust"},"content":"     */","lastModifiedDate":"2025-03-14","isFullCredit":false},{"lineNumber":20,"author":{"gitId":"randust"},"content":"    @ParameterizedTest","lastModifiedDate":"2025-03-14","isFullCredit":false},{"lineNumber":21,"author":{"gitId":"randust"},"content":"    @ValueSource(strings \u003d {\"\", \"  \", \"\\n  \\n\", \"\\t\", \"WithoutSlashInput WithoutSlashInput\", \"add\", \"help\"})","lastModifiedDate":"2025-03-14","isFullCredit":false},{"lineNumber":22,"author":{"gitId":"randust"},"content":"    void parseWithoutSlashInput_returnsError(String input) {","lastModifiedDate":"2025-03-14","isFullCredit":false},{"lineNumber":23,"author":{"gitId":"randust"},"content":"        ParseResult result \u003d Parser.parseUserInput(input);","lastModifiedDate":"2025-03-14","isFullCredit":false},{"lineNumber":24,"author":{"gitId":"randust"},"content":"","lastModifiedDate":"2025-03-14","isFullCredit":false},{"lineNumber":25,"author":{"gitId":"randust"},"content":"        assertFalse(result.isSuccess(), DisplayMessage.ASSERT_FAILURE_PREFIX + \"\u0027\" + input + \"\u0027\");","lastModifiedDate":"2025-03-14","isFullCredit":false},{"lineNumber":26,"author":{"gitId":"randust"},"content":"        assertEquals(DisplayMessage.NO_COMMAND_MESSAGE, result.errorMessage(),","lastModifiedDate":"2025-03-14","isFullCredit":false},{"lineNumber":27,"author":{"gitId":"randust"},"content":"                DisplayMessage.ASSERT_EXPECTED_ERROR + \"\u0027\" + input + \"\u0027\");","lastModifiedDate":"2025-03-14","isFullCredit":false},{"lineNumber":28,"author":{"gitId":"randust"},"content":"    }","lastModifiedDate":"2025-03-14","isFullCredit":false},{"lineNumber":29,"author":{"gitId":"randust"},"content":"    /**","lastModifiedDate":"2025-03-14","isFullCredit":false},{"lineNumber":30,"author":{"gitId":"randust"},"content":"     * Ensures that unrecognized commands return an error.","lastModifiedDate":"2025-03-14","isFullCredit":false},{"lineNumber":31,"author":{"gitId":"randust"},"content":"     *","lastModifiedDate":"2025-03-14","isFullCredit":false},{"lineNumber":32,"author":{"gitId":"randust"},"content":"     * @param input The invalid command input.","lastModifiedDate":"2025-03-14","isFullCredit":false},{"lineNumber":33,"author":{"gitId":"randust"},"content":"     */","lastModifiedDate":"2025-03-14","isFullCredit":false},{"lineNumber":34,"author":{"gitId":"randust"},"content":"","lastModifiedDate":"2025-03-14","isFullCredit":false},{"lineNumber":35,"author":{"gitId":"randust"},"content":"    @ParameterizedTest","lastModifiedDate":"2025-03-14","isFullCredit":false},{"lineNumber":36,"author":{"gitId":"randust"},"content":"    @ValueSource(strings \u003d {\"/hello\", \"/addddd\", \"/\", \"/   \", \"/ add\"})","lastModifiedDate":"2025-03-14","isFullCredit":false},{"lineNumber":37,"author":{"gitId":"randust"},"content":"    void parseUnknownCommand_returnsError(String input) {","lastModifiedDate":"2025-03-14","isFullCredit":false},{"lineNumber":38,"author":{"gitId":"randust"},"content":"        ParseResult result \u003d Parser.parseUserInput(input);","lastModifiedDate":"2025-03-14","isFullCredit":false},{"lineNumber":39,"author":{"gitId":"randust"},"content":"","lastModifiedDate":"2025-03-14","isFullCredit":false},{"lineNumber":40,"author":{"gitId":"randust"},"content":"        assertFalse(result.isSuccess(), DisplayMessage.ASSERT_FAILURE_PREFIX + \"\u0027\" + input + \"\u0027\");","lastModifiedDate":"2025-03-14","isFullCredit":false},{"lineNumber":41,"author":{"gitId":"randust"},"content":"        assertEquals(DisplayMessage.INVALID_COMMAND_MESSAGE, result.errorMessage(),","lastModifiedDate":"2025-03-14","isFullCredit":false},{"lineNumber":42,"author":{"gitId":"randust"},"content":"                DisplayMessage.ASSERT_EXPECTED_ERROR + \"\u0027\" + input + \"\u0027\");","lastModifiedDate":"2025-03-14","isFullCredit":false},{"lineNumber":43,"author":{"gitId":"randust"},"content":"    }","lastModifiedDate":"2025-03-14","isFullCredit":false},{"lineNumber":44,"author":{"gitId":"randust"},"content":"    /**","lastModifiedDate":"2025-03-14","isFullCredit":false},{"lineNumber":45,"author":{"gitId":"randust"},"content":"     * Ensures that commands that require arguments return an error when provided without arguments.","lastModifiedDate":"2025-03-14","isFullCredit":false},{"lineNumber":46,"author":{"gitId":"randust"},"content":"     *","lastModifiedDate":"2025-03-14","isFullCredit":false},{"lineNumber":47,"author":{"gitId":"randust"},"content":"     * @param input The command input missing required arguments.","lastModifiedDate":"2025-03-14","isFullCredit":false},{"lineNumber":48,"author":{"gitId":"randust"},"content":"     * @param commandName The expected command name (used for formatting the error message).","lastModifiedDate":"2025-03-14","isFullCredit":false},{"lineNumber":49,"author":{"gitId":"randust"},"content":"     */","lastModifiedDate":"2025-03-14","isFullCredit":false},{"lineNumber":50,"author":{"gitId":"randust"},"content":"    @ParameterizedTest","lastModifiedDate":"2025-03-14","isFullCredit":false},{"lineNumber":51,"author":{"gitId":"randust"},"content":"    @CsvSource({","lastModifiedDate":"2025-03-14","isFullCredit":false},{"lineNumber":52,"author":{"gitId":"randust"},"content":"        \"\u0027/add\u0027, add\",","lastModifiedDate":"2025-03-14","isFullCredit":false},{"lineNumber":53,"author":{"gitId":"randust"},"content":"        \"\u0027/add \u0027, add\",","lastModifiedDate":"2025-03-14","isFullCredit":false},{"lineNumber":54,"author":{"gitId":"randust"},"content":"        \"\u0027/add\\n\u0027, add\",","lastModifiedDate":"2025-03-14","isFullCredit":false},{"lineNumber":55,"author":{"gitId":"randust"},"content":"        \"\u0027/delete\u0027, delete\",","lastModifiedDate":"2025-03-14","isFullCredit":false},{"lineNumber":56,"author":{"gitId":"randust"},"content":"        \"\u0027/delete \u0027, delete\",","lastModifiedDate":"2025-03-14","isFullCredit":false},{"lineNumber":57,"author":{"gitId":"randust"},"content":"        \"\u0027/delete\\n\u0027, delete\"","lastModifiedDate":"2025-03-14","isFullCredit":false},{"lineNumber":58,"author":{"gitId":"randust"},"content":"    })","lastModifiedDate":"2025-03-14","isFullCredit":false},{"lineNumber":59,"author":{"gitId":"randust"},"content":"    void parseCommandWithoutArguments_returnsError(String input, String commandName) {","lastModifiedDate":"2025-03-14","isFullCredit":false},{"lineNumber":60,"author":{"gitId":"randust"},"content":"        ParseResult result \u003d Parser.parseUserInput(input);","lastModifiedDate":"2025-03-14","isFullCredit":false},{"lineNumber":61,"author":{"gitId":"randust"},"content":"","lastModifiedDate":"2025-03-14","isFullCredit":false},{"lineNumber":62,"author":{"gitId":"randust"},"content":"        assertFalse(result.isSuccess(), DisplayMessage.ASSERT_FAILURE_PREFIX + \"\u0027\" + input + \"\u0027\");","lastModifiedDate":"2025-03-14","isFullCredit":false},{"lineNumber":63,"author":{"gitId":"randust"},"content":"        String expectedMessage \u003d String.format(DisplayMessage.ARG_EMPTY_MESSAGE_TEMPLATE, commandName);","lastModifiedDate":"2025-03-14","isFullCredit":false},{"lineNumber":64,"author":{"gitId":"randust"},"content":"        assertEquals(expectedMessage, result.errorMessage(),","lastModifiedDate":"2025-03-14","isFullCredit":false},{"lineNumber":65,"author":{"gitId":"randust"},"content":"                DisplayMessage.ASSERT_EXPECTED_ERROR + \"\u0027\" + input + \"\u0027\");","lastModifiedDate":"2025-03-14","isFullCredit":false},{"lineNumber":66,"author":{"gitId":"randust"},"content":"    }","lastModifiedDate":"2025-03-14","isFullCredit":false},{"lineNumber":67,"author":{"gitId":"randust"},"content":"}","lastModifiedDate":"2025-03-14","isFullCredit":false}],"authorContributionMap":{"randust":67}}]
