{"authorDailyContributionsMap":{"edwardrl101":[{"date":"2025-03-07","commitResults":[{"hash":"87d47739fcfcfaeef248dbbe09f376a0dfb8fc15","isMergeCommit":false,"messageTitle":"Update username","messageBody":"","fileTypesAndContributionMap":{"docs":{"insertions":4,"deletions":7}}},{"hash":"2052218ae3ab6b7e62bfda6d1a7e679bfb5445f6","isMergeCommit":false,"messageTitle":"Update portfolio","messageBody":"","fileTypesAndContributionMap":{"docs":{"insertions":1,"deletions":1}}},{"hash":"f56da62b0df90c62061adf31516fa674e6bcb3a7","isMergeCommit":true,"messageTitle":"Merge branch \u0027master\u0027 into CharlyChandra-AboutUs","messageBody":"","fileTypesAndContributionMap":{}},{"hash":"95006ecccce36abce7269bf8c5358709230218bc","isMergeCommit":true,"messageTitle":"Merge pull request #12 from Charly2312/CharlyChandra-AboutUs","messageBody":"Charly chandra about us","fileTypesAndContributionMap":{}}]},{"date":"2025-03-14","commitResults":[{"hash":"216790be02e830c14c52b7c8b6115b4c26f626c3","isMergeCommit":false,"messageTitle":"Add command to calculate average expenses and fix typo in formatting message","messageBody":"","fileTypesAndContributionMap":{"functional-code":{"insertions":21,"deletions":1}}}]},{"date":"2025-03-17","commitResults":[{"hash":"afff19f19c00528d55f2547440618df710fd9ae1","isMergeCommit":true,"messageTitle":"Merge pull request #31 from venicephua/CommandTest","messageBody":"Added JUnit test for Total and Help commands","fileTypesAndContributionMap":{}}]}],"szeyingg":[{"date":"2025-03-07","commitResults":[{"hash":"9e44853160a2f41162d0759efaca92a67c3acbc1","isMergeCommit":false,"messageTitle":"implemented add function","messageBody":"","fileTypesAndContributionMap":{"functional-code":{"insertions":22,"deletions":2}}},{"hash":"81fbf1c5cc224398c2e49b175567e87c94568046","isMergeCommit":false,"messageTitle":"updated aboutus","messageBody":"","fileTypesAndContributionMap":{"docs":{"insertions":3,"deletions":7}}}]},{"date":"2025-03-14","commitResults":[{"hash":"c0d6ad264045224c7198e5569d69d85bd3d22af8","isMergeCommit":true,"messageTitle":"Merge pull request #1 from AY2425S2-CS2113-F12-1/master","messageBody":"update v1.0 code","fileTypesAndContributionMap":{}},{"hash":"454bed1646a3972d48d89281ec6c14fea1cd7f3c","isMergeCommit":true,"messageTitle":"Merge remote-tracking branch \u0027origin/master\u0027","messageBody":"# Conflicts:\n#\tsrc/main/java/fintrek/misc/DisplayMessage.java\n","fileTypesAndContributionMap":{}},{"hash":"70d1d917ed1c49c96eed80a0dd83fa27620ed3a5","isMergeCommit":false,"messageTitle":"implemented add and list methods","messageBody":"","fileTypesAndContributionMap":{"functional-code":{"insertions":28,"deletions":7}}}]},{"date":"2025-03-16","commitResults":[{"hash":"ed299e9ef40533b1e9d64cdb0441dffb5d8ea3a8","isMergeCommit":false,"messageTitle":"updated add command to follow user guide format","messageBody":"","fileTypesAndContributionMap":{"functional-code":{"insertions":1,"deletions":1}}},{"hash":"381bf263bd193a771cd1cc4070fcf28a2a8d138e","isMergeCommit":true,"messageTitle":"Merge branch \u0027master\u0027 into v1.0","messageBody":"","fileTypesAndContributionMap":{}},{"hash":"38b669b69e83c2d031d7ce56be3df966f9a5e314","isMergeCommit":false,"messageTitle":"edited add and list outputs","messageBody":"","fileTypesAndContributionMap":{"functional-code":{"insertions":16,"deletions":9}}}]},{"date":"2025-03-17","commitResults":[{"hash":"35a2a36893aa158fc4167a3395ac93d41bdaf9c5","isMergeCommit":false,"messageTitle":"implemented basic error handling for add command","messageBody":"","fileTypesAndContributionMap":{"functional-code":{"insertions":24,"deletions":16}}},{"hash":"a1abf74fe8b2686bd6e7511403997cd0ae7c0784","isMergeCommit":true,"messageTitle":"Merge remote-tracking branch \u0027upstream/master\u0027 into v1.0","messageBody":"","fileTypesAndContributionMap":{}}]}],"randust":[{"date":"2025-02-26","commitResults":[{"hash":"a8fe80108edf5407bd85e3f213e616e5e796c81f","isMergeCommit":false,"messageTitle":"add a general template for the chatbot as well as adding the delete command","messageBody":"","fileTypesAndContributionMap":{"functional-code":{"insertions":104,"deletions":21},"other":{"insertions":2,"deletions":2}}},{"hash":"a603a3da5e1b647edd82f605f02176265e119b15","isMergeCommit":true,"messageTitle":"Merge branch \u0027Andrew\u0027","messageBody":"","fileTypesAndContributionMap":{}},{"hash":"95be850dfed13c1cb08b4bbbaf858f57b10b2e87","isMergeCommit":false,"messageTitle":"Fix graddle build error","messageBody":"","fileTypesAndContributionMap":{"functional-code":{"insertions":3,"deletions":3}}},{"hash":"440f47c7e88c19e68bb3d63db616156892344faf","isMergeCommit":true,"messageTitle":"Merge pull request #6 from randust/master","messageBody":"Fix graddle build error","fileTypesAndContributionMap":{}},{"hash":"7348c2d055b7863ca66209c2f5a0e5ad1f53eb5d","isMergeCommit":false,"messageTitle":"update build and test files","messageBody":"","fileTypesAndContributionMap":{"other":{"insertions":2,"deletions":2}}},{"hash":"016c3e214a1af430d920e2c65a56c2e2d0a84cdd","isMergeCommit":true,"messageTitle":"Merge pull request #7 from randust/master","messageBody":"update build and test files","fileTypesAndContributionMap":{}}]},{"date":"2025-03-07","commitResults":[{"hash":"d3e48d86d1b823c06c0ee2c6e38b10a1c9289313","isMergeCommit":false,"messageTitle":"Add an if statement to process empty argument","messageBody":"","fileTypesAndContributionMap":{"functional-code":{"insertions":14,"deletions":5}}},{"hash":"dc1cd454fe55f6f5400d6bfb8594b101493a9665","isMergeCommit":false,"messageTitle":"Edit about us","messageBody":"","fileTypesAndContributionMap":{"docs":{"insertions":3,"deletions":7}}},{"hash":"b9f15c4f860a15d03d1d11cb91b25e8d4470a909","isMergeCommit":false,"messageTitle":"Fix the problem of unable to take in null argument for some commands","messageBody":"","fileTypesAndContributionMap":{"functional-code":{"insertions":23,"deletions":19}}},{"hash":"ce7cc74312860c305064d2240095f094059faf41","isMergeCommit":true,"messageTitle":"Merge pull request #16 from randust/master","messageBody":"Fix the problem of unable to take in null argument for some commands","fileTypesAndContributionMap":{}}]},{"date":"2025-03-14","commitResults":[{"hash":"8ce2fc5a823341b373e2763c79acfd94cadd6ed8","isMergeCommit":true,"messageTitle":"Merge pull request #17 from edwardrl101/master","messageBody":"Add command to calculate average expenses and fix typo in formatting …","fileTypesAndContributionMap":{}},{"hash":"6f51172f5e53751e85364121ffe693c6214b062a","isMergeCommit":false,"messageTitle":"Parser class: restructure package and improve input parsing","messageBody":"- Moved Parser class into the new \fintrek.parser package for better modularity.\n- Introduced ParseResult record to encapsulate parsing outcomes, replacing direct System.out.println error messages.\n- Improved input validation:\n  - Ensured commands start with /, returning appropriate error messages if invalid.\n  - Enforced command-specific argument constraints, handling empty arguments properly.\n- Replaced inline error handling with structured return values to enhance maintainability.\n\nThis refactor improves code organization, enhances error handling, and enforces better command execution rules.\n","fileTypesAndContributionMap":{"functional-code":{"insertions":64,"deletions":0}}},{"hash":"bf54075ea9fd27ff61439bbd4928fcd71a4fef33","isMergeCommit":false,"messageTitle":"Parser class: restructure package and improve input parsing","messageBody":"- Moved Parser class into the new \fintrek.parser package for better modularity.\n- Introduced ParseResult record to encapsulate parsing outcomes, replacing direct System.out.println error messages.\n- Improved input validation:\n  - Ensured commands start with /, returning appropriate error messages if invalid.\n  - Enforced command-specific argument constraints, handling empty arguments properly.\n- Replaced inline error handling with structured return values to enhance maintainability.\n\nThis refactor improves code organization, enhances error handling, and enforces better command execution rules.\n","fileTypesAndContributionMap":{"functional-code":{"insertions":71,"deletions":1}}},{"hash":"e5fe6f30e627871204e81bb5c5af4094c3644da9","isMergeCommit":false,"messageTitle":"Command Enum: validate DELETE command argument format","messageBody":"- Added a regex check to ensure DELETE command arguments contain only positive integers.\n- Prevented invalid numeric input by rejecting non-digit characters before parsing.\n- Improved error handling for out-of-range indices, returning appropriate messages.\n- Fixed inconsistent variable naming (AverageExpense -\u003e \u0007verageExpense).\n","fileTypesAndContributionMap":{"functional-code":{"insertions":17,"deletions":14}}},{"hash":"b46d13be82a0100f89a53bd7e88458ac2792abf6","isMergeCommit":false,"messageTitle":"Add unit tests for command validation","messageBody":"- Added ParserTest with parameterized tests for input validation.\n- Ensured commands start with / and return errors for invalid inputs.\n- Improved error messages in DisplayMessage for better feedback.\n- Strengthened DELETE command validation using regex.\n","fileTypesAndContributionMap":{"functional-code":{"insertions":13,"deletions":5},"other":{"insertions":1,"deletions":0},"test-code":{"insertions":67,"deletions":0}}},{"hash":"18c0984638cd784265a31cd19e68875f2e951e30","isMergeCommit":true,"messageTitle":"Merge branch \u0027master\u0027 of https://github.com/randust/tp","messageBody":"","fileTypesAndContributionMap":{}},{"hash":"8c7650f88d6fec3236356ba1e0999f802dc43230","isMergeCommit":false,"messageTitle":"Remove the old parser class file","messageBody":"","fileTypesAndContributionMap":{"functional-code":{"insertions":0,"deletions":29}}},{"hash":"0160241a1dac0f4834a9bae62bc3b26fde4ce2a1","isMergeCommit":true,"messageTitle":"Merge pull request #19 from randust/master","messageBody":"Parser class: restructure package and improve input parsing","fileTypesAndContributionMap":{}}]},{"date":"2025-03-15","commitResults":[{"hash":"96fd1ee0e61cd905e61f9e0e3967fa4afe560faa","isMergeCommit":false,"messageTitle":"Refactor command execution flow and improve messaging to ease JUnit test for Command","messageBody":"- Introduced `ExecutionResult` record to standardize command execution responses.\n- Updated `Command` enum to return `ExecutionResult` instead of directly printing messages.\n- Moved user-facing messages to `DisplayMessage` for better maintainability.\n- Standardized success and error messages with formatted templates.\n- Improved `/help` command to provide structured responses based on user input.\n- Enhanced modularity by extracting message formatting logic into `DisplayMessage`.\n","fileTypesAndContributionMap":{"functional-code":{"insertions":172,"deletions":133}}},{"hash":"c6469a411480de8c7abe644028db30d6a6d4f2d3","isMergeCommit":false,"messageTitle":"Add an example for JUnit test for Command","messageBody":"","fileTypesAndContributionMap":{"test-code":{"insertions":26,"deletions":0}}},{"hash":"54ecc9de9aa9f25157d610c4d99eb1d71b4a4bb5","isMergeCommit":true,"messageTitle":"Merge branch \u0027master\u0027 of https://github.com/AY2425S2-CS2113-F12-1/tp","messageBody":"","fileTypesAndContributionMap":{}}]},{"date":"2025-03-16","commitResults":[{"hash":"60cce66afe64f165f2e4eb195be9bc4672b89049","isMergeCommit":false,"messageTitle":"Refactor code and update input.txt and expected.txt for text-ui-test","messageBody":"","fileTypesAndContributionMap":{"functional-code":{"insertions":3,"deletions":3},"test-code":{"insertions":2,"deletions":1}}},{"hash":"05514814ed503eb5470c01e5064f10a9a0adfb01","isMergeCommit":false,"messageTitle":"Refactor code","messageBody":"","fileTypesAndContributionMap":{"test-code":{"insertions":1,"deletions":1}}},{"hash":"4bf44549c339937c02fa2e23e1266dc1d5f0ce51","isMergeCommit":false,"messageTitle":"Add assertion and refactor code","messageBody":"","fileTypesAndContributionMap":{"functional-code":{"insertions":3,"deletions":2}}},{"hash":"6adce93b04dfd3bbe6e7ef758efdb3e1eeeca3b3","isMergeCommit":true,"messageTitle":"Merge pull request #28 from randust/RefactorCode","messageBody":"Add assertion and refactor code","fileTypesAndContributionMap":{}}]}],"Charly2312":[{"date":"2025-03-07","commitResults":[{"hash":"86ce09120b797f074d6783e6b697d55e6edba0bd","isMergeCommit":false,"messageTitle":"created a \u0027HELP\u0027 enum to list down all the functions of FinTrek","messageBody":"","fileTypesAndContributionMap":{"functional-code":{"insertions":72,"deletions":0}}},{"hash":"b1125acdad1ebe978b80eb2edd33bb71f01da36b","isMergeCommit":false,"messageTitle":"Tutorial week 7","messageBody":"","fileTypesAndContributionMap":{"docs":{"insertions":4,"deletions":7}}},{"hash":"4a6713432be32a6bc1c445e2b83232c9fab722ff","isMergeCommit":true,"messageTitle":"Merge pull request #11 from randust/Andrew-AboutUs","messageBody":"Include Andrew into about us","fileTypesAndContributionMap":{}},{"hash":"af5e72ee4c051d53e8eb04015fa1ea4c59bbdb68","isMergeCommit":true,"messageTitle":"Merge branch \u0027master\u0027 into EdwardRafaelLukito-AboutUs","messageBody":"","fileTypesAndContributionMap":{}},{"hash":"edf1b0c15e47e0c57f275ac9a3597d81e998af21","isMergeCommit":true,"messageTitle":"Merge pull request #13 from edwardrl101/EdwardRafaelLukito-AboutUs","messageBody":"Edward Rafael Lukito about us","fileTypesAndContributionMap":{}},{"hash":"85ab69b80a8d6a5954dfe22959962ac3cded7c6d","isMergeCommit":true,"messageTitle":"Merge branch \u0027master\u0027 into szeying-AboutUs","messageBody":"","fileTypesAndContributionMap":{}},{"hash":"22f95fca440ac634153cabc79d37990589fff295","isMergeCommit":true,"messageTitle":"Merge pull request #15 from szeyingg/szeying-AboutUs","messageBody":"szeying AboutUs","fileTypesAndContributionMap":{}}]},{"date":"2025-03-15","commitResults":[{"hash":"035109eb6c743e2c280d143cdb5f73328813aa07","isMergeCommit":true,"messageTitle":"Merge pull request #20 from randust/master","messageBody":"","fileTypesAndContributionMap":{}},{"hash":"3dc1cdf41a29e6ff5cfa884e208529c10f8d138e","isMergeCommit":false,"messageTitle":"added test cases in ExpenseManagerTest","messageBody":"","fileTypesAndContributionMap":{"test-code":{"insertions":86,"deletions":0}}},{"hash":"762b5b8cc2e6b9acd7a9311691f17996fcaaea61","isMergeCommit":true,"messageTitle":"Merge pull request #1 from Charly2312/A-ExpenseManagerTest","messageBody":"added test cases in ExpenseManagerTest","fileTypesAndContributionMap":{}},{"hash":"abaff21d9f340fd83a6678f1e3cd5b65bb683c18","isMergeCommit":false,"messageTitle":"Update ExpenseManagerTest.java","messageBody":"changed the constant expenses into a helper function in for test cases","fileTypesAndContributionMap":{"test-code":{"insertions":15,"deletions":18}}}]},{"date":"2025-03-16","commitResults":[{"hash":"bae68dcf287d9a02d0c9ca74197854f0ec4d4b90","isMergeCommit":true,"messageTitle":"Merge pull request #26 from randust/RefactorCode","messageBody":"Refactor code and update input.txt and expected.txt for text-ui-test","fileTypesAndContributionMap":{}},{"hash":"41f9a924b7baa06d8d0c283f16eaa171d91fe00e","isMergeCommit":true,"messageTitle":"Merge pull request #25 from Charly2312/Charly2312-helperFunction-ExpenseManagerTest","messageBody":"Charly2312 helper function expense manager test","fileTypesAndContributionMap":{}}]},{"date":"2025-03-17","commitResults":[{"hash":"6fb76130ebc08f4fa76f4dc7a4548e1133c6e4ca","isMergeCommit":true,"messageTitle":"Merge pull request #30 from szeyingg/v1.0","messageBody":"add command w/ error handling","fileTypesAndContributionMap":{}},{"hash":"ab675a3d62a03af8498e2bfd21efaa08e145696d","isMergeCommit":true,"messageTitle":"Merge branch \u0027master\u0027 into CommandTest","messageBody":"","fileTypesAndContributionMap":{}}]}],"venicephua":[{"date":"2025-02-21","commitResults":[{"hash":"c3ee89419aeda0fdc38362d547cfa4ced7d4693f","isMergeCommit":false,"messageTitle":"Updated product name","messageBody":"","fileTypesAndContributionMap":{"docs":{"insertions":2,"deletions":2}}},{"hash":"75fdae13f819f22f6a75e3ecf5b6ee643e2075c0","isMergeCommit":false,"messageTitle":"Updated README.md","messageBody":"","fileTypesAndContributionMap":{"docs":{"insertions":3,"deletions":4}}}]},{"date":"2025-03-07","commitResults":[{"hash":"f31acdb5af97befc1d9324c396c5ad4bb36e9374","isMergeCommit":false,"messageTitle":"added Expense class and total command","messageBody":"","fileTypesAndContributionMap":{"functional-code":{"insertions":40,"deletions":1}}},{"hash":"4176edb56cb0e2257990e68ae2f35f498591fec3","isMergeCommit":false,"messageTitle":"Updates AboutUs","messageBody":"","fileTypesAndContributionMap":{"docs":{"insertions":3,"deletions":7}}},{"hash":"349b186bf247eee5f17035239252a16becb83986","isMergeCommit":false,"messageTitle":"Removed magic literals","messageBody":"","fileTypesAndContributionMap":{"functional-code":{"insertions":5,"deletions":2}}},{"hash":"ea4fb4572a9d9625ee9402261b7688fd2cd94526","isMergeCommit":false,"messageTitle":"Removed magic literals","messageBody":"","fileTypesAndContributionMap":{"functional-code":{"insertions":9,"deletions":3}}},{"hash":"1bdd9fca392d1a76aa7bd52fe40b3bad4a026b37","isMergeCommit":false,"messageTitle":"Removed magic literals","messageBody":"","fileTypesAndContributionMap":{"functional-code":{"insertions":11,"deletions":4}}},{"hash":"66eb4c6304c26f5f547881e69c068300e9bc2483","isMergeCommit":true,"messageTitle":"Merge branch \u0027master\u0027 into master","messageBody":"","fileTypesAndContributionMap":{}},{"hash":"e5bda4168900da41d72278cade5eefb50c0317da","isMergeCommit":true,"messageTitle":"Merge pull request #8 from venicephua/master","messageBody":"added Expense class and total command","fileTypesAndContributionMap":{}},{"hash":"e760397be8609762fe07cda72a2df1c05bd535f4","isMergeCommit":true,"messageTitle":"Merge branch \u0027master\u0027 into Venice-AboutUs","messageBody":"","fileTypesAndContributionMap":{}},{"hash":"974fb77b16ec90ff899e790f955db9215601e1df","isMergeCommit":true,"messageTitle":"Merge pull request #14 from venicephua/Venice-AboutUs","messageBody":"Venice AboutUs","fileTypesAndContributionMap":{}}]},{"date":"2025-03-17","commitResults":[{"hash":"453df50f234aee984478dc4b5f847ab86e5caf3c","isMergeCommit":false,"messageTitle":"Added JUnit test for Total and Help commands","messageBody":"","fileTypesAndContributionMap":{"functional-code":{"insertions":5,"deletions":1},"test-code":{"insertions":88,"deletions":0}}}]}]},"authorFileTypeContributionMap":{"edwardrl101":{"docs":1,"functional-code":7,"test-code":0},"szeyingg":{"docs":2,"functional-code":57,"test-code":0},"randust":{"docs":1,"functional-code":295,"test-code":96,"other":3},"Charly2312":{"docs":1,"functional-code":11,"test-code":83},"venicephua":{"docs":5,"functional-code":37,"test-code":88}},"authorContributionVariance":{"edwardrl101":24.160006,"szeyingg":158.80641,"randust":7421.8477,"Charly2312":776.7137,"venicephua":589.5199},"authorDisplayNameMap":{"edwardrl101":"CS2113-F12-1 EDWA..KITO","szeyingg":"CS2113-F12-1 LEE ..YING","randust":"CS2113-F12-1 HUNG.. KIN","Charly2312":"CS2113-F12-1 CHAR..NDRA","venicephua":"CS2113-F12-1 PHUA..NICE"}}
