{"authorDailyContributionsMap":{"edwardrl101":[{"date":"2025-03-07","commitResults":[{"hash":"87d47739fcfcfaeef248dbbe09f376a0dfb8fc15","isMergeCommit":false,"messageTitle":"Update username","messageBody":"","fileTypesAndContributionMap":{"docs":{"insertions":4,"deletions":7}}},{"hash":"2052218ae3ab6b7e62bfda6d1a7e679bfb5445f6","isMergeCommit":false,"messageTitle":"Update portfolio","messageBody":"","fileTypesAndContributionMap":{"docs":{"insertions":1,"deletions":1}}},{"hash":"f56da62b0df90c62061adf31516fa674e6bcb3a7","isMergeCommit":true,"messageTitle":"Merge branch \u0027master\u0027 into CharlyChandra-AboutUs","messageBody":"","fileTypesAndContributionMap":{}},{"hash":"95006ecccce36abce7269bf8c5358709230218bc","isMergeCommit":true,"messageTitle":"Merge pull request #12 from Charly2312/CharlyChandra-AboutUs","messageBody":"Charly chandra about us","fileTypesAndContributionMap":{}}]},{"date":"2025-03-14","commitResults":[{"hash":"216790be02e830c14c52b7c8b6115b4c26f626c3","isMergeCommit":false,"messageTitle":"Add command to calculate average expenses and fix typo in formatting message","messageBody":"","fileTypesAndContributionMap":{"functional-code":{"insertions":21,"deletions":1}}}]},{"date":"2025-03-17","commitResults":[{"hash":"afff19f19c00528d55f2547440618df710fd9ae1","isMergeCommit":true,"messageTitle":"Merge pull request #31 from venicephua/CommandTest","messageBody":"Added JUnit test for Total and Help commands","fileTypesAndContributionMap":{}},{"hash":"421dd7187df3da4b2c9eccf8b53ce169b2c79b7c","isMergeCommit":false,"messageTitle":"Add JUnit tests for expenses, format amount for expenses to 2 decimal places","messageBody":"","fileTypesAndContributionMap":{"functional-code":{"insertions":3,"deletions":1},"test-code":{"insertions":66,"deletions":0}}},{"hash":"4eacf6da99f6b14d66e25dd5dde459426393d210","isMergeCommit":false,"messageTitle":"Update Expense class so that only positive amounts are allowed, fixed readability of tests and added more test cases","messageBody":"","fileTypesAndContributionMap":{"functional-code":{"insertions":2,"deletions":2},"test-code":{"insertions":34,"deletions":27}}},{"hash":"3be6d0c084a7b36259cb6f17d7580a879a4939f6","isMergeCommit":false,"messageTitle":"Refactor code to avoid redundancies","messageBody":"","fileTypesAndContributionMap":{"test-code":{"insertions":12,"deletions":18}}}]},{"date":"2025-03-19","commitResults":[{"hash":"566a48faa630405af5329f813e9e9f7d68e76a46","isMergeCommit":false,"messageTitle":"Fix average to return 0 when expense list is empty","messageBody":"","fileTypesAndContributionMap":{"functional-code":{"insertions":4,"deletions":2}}},{"hash":"066c854e6eaee244aaa7140c0ec94c542b673a91","isMergeCommit":true,"messageTitle":"Merge pull request #34 from edwardrl101/A-Average","messageBody":"Fix average to return 0 when expense list is empty","fileTypesAndContributionMap":{}}]},{"date":"2025-03-20","commitResults":[{"hash":"3c87325e4a160a1cc9e73a67c4ccaaf38d8c1e00","isMergeCommit":false,"messageTitle":"Fix coding style to pass CI checks and the coding standard","messageBody":"","fileTypesAndContributionMap":{"functional-code":{"insertions":11,"deletions":5},"test-code":{"insertions":9,"deletions":14}}},{"hash":"6e96b85f329ee895a2cefa7708a6aff7f19f5dc8","isMergeCommit":true,"messageTitle":"Merge pull request #37 from edwardrl101/A-CodingStyleFixes","messageBody":"Fix coding style to pass CI checks and the coding standard","fileTypesAndContributionMap":{}},{"hash":"07d7ee3c064a0cb4800b6622601cadd5681297f8","isMergeCommit":false,"messageTitle":"Remove unused import","messageBody":"","fileTypesAndContributionMap":{"test-code":{"insertions":0,"deletions":1}}},{"hash":"9505e6a605851b17f0a4faedf0a5902f31d46b50","isMergeCommit":true,"messageTitle":"Merge pull request #38 from edwardrl101/A-CodingStyleFixes","messageBody":"Remove unused import","fileTypesAndContributionMap":{}},{"hash":"e03b14cbd9c2c49c5abb2d883ac2491a4589b1f8","isMergeCommit":false,"messageTitle":"Update gradle.yml file to validate gradle wrapper","messageBody":"","fileTypesAndContributionMap":{"other":{"insertions":3,"deletions":2}}},{"hash":"ec2c635239b9bc36a29a6c7b21d93a97ab6edf06","isMergeCommit":true,"messageTitle":"Merge pull request #39 from edwardrl101/A-CodingStyleFixes","messageBody":"Update gradle.yml file to validate gradle wrapper","fileTypesAndContributionMap":{}}]},{"date":"2025-03-21","commitResults":[{"hash":"fc0800f68093abe9bd1345970d2c27d2b90f90fe","isMergeCommit":true,"messageTitle":"Merge branch \u0027master\u0027 into JUnit","messageBody":"","fileTypesAndContributionMap":{}},{"hash":"b9785d768dfffb7ce3a7bfc5ae7af4d80fe22257","isMergeCommit":true,"messageTitle":"Merge pull request #41 from szeyingg/JUnit","messageBody":"CommandTest JUnit tests - add, delete, average","fileTypesAndContributionMap":{}},{"hash":"5226f6d9957f83df1d3fc5fd4cd6f429dcc76273","isMergeCommit":false,"messageTitle":"Add assertions, and minor bug fixes with conditions on valid amounts","messageBody":"","fileTypesAndContributionMap":{"functional-code":{"insertions":7,"deletions":4}}},{"hash":"03fbf8d7e4a9a1c3470ec836bdd75832db9809f5","isMergeCommit":true,"messageTitle":"Merge pull request #43 from edwardrl101/Assertions","messageBody":"Add assertions, and minor bug fixes with conditions on valid amounts","fileTypesAndContributionMap":{}},{"hash":"afa1009f19a325deb7f8dbcbd4c84882e37920e8","isMergeCommit":false,"messageTitle":"Dummy commit to switch branches","messageBody":"","fileTypesAndContributionMap":{"functional-code":{"insertions":1,"deletions":0}}},{"hash":"ee86b25d79d13f9fb5c533a460657423a7317d80","isMergeCommit":false,"messageTitle":"Dummy commit to switch branches","messageBody":"","fileTypesAndContributionMap":{"functional-code":{"insertions":0,"deletions":1}}},{"hash":"80b227f14620337df41a2fe0f9a9715e1868a110","isMergeCommit":false,"messageTitle":"Rectify a line beyond 120 chars to adhere to coding standard","messageBody":"","fileTypesAndContributionMap":{"test-code":{"insertions":10,"deletions":5}}},{"hash":"a12ff7043aa3eab821476838666c4aa8b3b4410b","isMergeCommit":true,"messageTitle":"Merge pull request #44 from edwardrl101/A-CodingStyleFixes","messageBody":"Rectify a line beyond 120 chars to adhere to coding standard","fileTypesAndContributionMap":{}},{"hash":"67ed3da8d36bcddd8f03f026a5b9f9865fc57998","isMergeCommit":false,"messageTitle":"Remove assertion for clearExpenses, fix bug with DELETE command","messageBody":"","fileTypesAndContributionMap":{"functional-code":{"insertions":1,"deletions":3}}},{"hash":"c4d21f1f73e815a81db4cdb1f2510e0ea71a4d5e","isMergeCommit":true,"messageTitle":"Merge pull request #45 from edwardrl101/A-CodingStyleFixes","messageBody":"Remove assertion for clearExpenses, fix bug with DELETE command","fileTypesAndContributionMap":{}},{"hash":"d6e15b2d0c1bc6081a86faa4943bfd44dd99929d","isMergeCommit":true,"messageTitle":"Merge branch \u0027master\u0027 of https://github.com/AY2425S2-CS2113-F12-1/tp","messageBody":"","fileTypesAndContributionMap":{}},{"hash":"a4cac38350039512b031be25cc7fddbc390fe1da","isMergeCommit":false,"messageTitle":"Add logging for adding and popping expenses, fix bug with DELETE command, and move logging for successful parsing in parser class","messageBody":"","fileTypesAndContributionMap":{"functional-code":{"insertions":15,"deletions":5}}},{"hash":"9b3632c1fae42c86c938024bedb09685e49391b0","isMergeCommit":true,"messageTitle":"Merge pull request #46 from edwardrl101/Logging","messageBody":"Add logging for adding and popping expenses, fix minor bug with delete command","fileTypesAndContributionMap":{}},{"hash":"d4360d88ed2291ca9b5b2784a04459e24a6ff1eb","isMergeCommit":false,"messageTitle":"Remove unused imports","messageBody":"","fileTypesAndContributionMap":{"functional-code":{"insertions":0,"deletions":2}}},{"hash":"5cd0bb234c5180bfec2fbf0f930d81bac4840b42","isMergeCommit":true,"messageTitle":"Merge pull request #47 from edwardrl101/A-CodingStyleFixes","messageBody":"Remove unused imports","fileTypesAndContributionMap":{}}]},{"date":"2025-03-28","commitResults":[{"hash":"8ce8a4ab42f1229cc04990fb421abf55c64b34d1","isMergeCommit":false,"messageTitle":"Update user stories in DG","messageBody":"","fileTypesAndContributionMap":{"docs":{"insertions":13,"deletions":4}}},{"hash":"5168bfae026fe8b47fdbab6d339f1139f77cd777","isMergeCommit":true,"messageTitle":"Merge pull request #58 from edwardrl101/DeveloperGuide","messageBody":"Update user stories in DG","fileTypesAndContributionMap":{}}]}],"szeyingg":[{"date":"2025-03-07","commitResults":[{"hash":"9e44853160a2f41162d0759efaca92a67c3acbc1","isMergeCommit":false,"messageTitle":"implemented add function","messageBody":"","fileTypesAndContributionMap":{"functional-code":{"insertions":22,"deletions":2}}},{"hash":"81fbf1c5cc224398c2e49b175567e87c94568046","isMergeCommit":false,"messageTitle":"updated aboutus","messageBody":"","fileTypesAndContributionMap":{"docs":{"insertions":3,"deletions":7}}}]},{"date":"2025-03-14","commitResults":[{"hash":"c0d6ad264045224c7198e5569d69d85bd3d22af8","isMergeCommit":true,"messageTitle":"Merge pull request #1 from AY2425S2-CS2113-F12-1/master","messageBody":"update v1.0 code","fileTypesAndContributionMap":{}},{"hash":"454bed1646a3972d48d89281ec6c14fea1cd7f3c","isMergeCommit":true,"messageTitle":"Merge remote-tracking branch \u0027origin/master\u0027","messageBody":"# Conflicts:\n#\tsrc/main/java/fintrek/misc/DisplayMessage.java\n","fileTypesAndContributionMap":{}},{"hash":"70d1d917ed1c49c96eed80a0dd83fa27620ed3a5","isMergeCommit":false,"messageTitle":"implemented add and list methods","messageBody":"","fileTypesAndContributionMap":{"functional-code":{"insertions":28,"deletions":7}}}]},{"date":"2025-03-16","commitResults":[{"hash":"ed299e9ef40533b1e9d64cdb0441dffb5d8ea3a8","isMergeCommit":false,"messageTitle":"updated add command to follow user guide format","messageBody":"","fileTypesAndContributionMap":{"functional-code":{"insertions":1,"deletions":1}}},{"hash":"381bf263bd193a771cd1cc4070fcf28a2a8d138e","isMergeCommit":true,"messageTitle":"Merge branch \u0027master\u0027 into v1.0","messageBody":"","fileTypesAndContributionMap":{}},{"hash":"38b669b69e83c2d031d7ce56be3df966f9a5e314","isMergeCommit":false,"messageTitle":"edited add and list outputs","messageBody":"","fileTypesAndContributionMap":{"functional-code":{"insertions":16,"deletions":9}}}]},{"date":"2025-03-17","commitResults":[{"hash":"35a2a36893aa158fc4167a3395ac93d41bdaf9c5","isMergeCommit":false,"messageTitle":"implemented basic error handling for add command","messageBody":"","fileTypesAndContributionMap":{"functional-code":{"insertions":24,"deletions":16}}},{"hash":"a1abf74fe8b2686bd6e7511403997cd0ae7c0784","isMergeCommit":true,"messageTitle":"Merge remote-tracking branch \u0027upstream/master\u0027 into v1.0","messageBody":"","fileTypesAndContributionMap":{}}]},{"date":"2025-03-21","commitResults":[{"hash":"9acf4bbe1945893cdb8b92e15ec931fbed2f938e","isMergeCommit":false,"messageTitle":"added JUnit tests for add and delete commands","messageBody":"","fileTypesAndContributionMap":{"functional-code":{"insertions":11,"deletions":14},"test-code":{"insertions":67,"deletions":4}}},{"hash":"5360ab230884a9b976338052e688a5efc7903351","isMergeCommit":false,"messageTitle":"edited add command to pass CommandTest","messageBody":"","fileTypesAndContributionMap":{"functional-code":{"insertions":1,"deletions":1}}},{"hash":"c51d73735569322716660018f2a73a5ab65607be","isMergeCommit":false,"messageTitle":"adapted total tests for average command","messageBody":"","fileTypesAndContributionMap":{"test-code":{"insertions":17,"deletions":1}}}]},{"date":"2025-03-29","commitResults":[{"hash":"2555989c4d629693f46e1d3ce397e37787b01dad","isMergeCommit":false,"messageTitle":"Edited add command for better error handling","messageBody":"","fileTypesAndContributionMap":{"functional-code":{"insertions":31,"deletions":18}}}]},{"date":"2025-03-30","commitResults":[{"hash":"6e000103f54aebf04695d23b24003e00ed4e8c10","isMergeCommit":false,"messageTitle":"Updated Command class JUnit tests - add \u0026 delete","messageBody":"","fileTypesAndContributionMap":{"functional-code":{"insertions":7,"deletions":8},"test-code":{"insertions":161,"deletions":2}}},{"hash":"5cebfb2f2df804cb74fbee1cf01ee29433e507cc","isMergeCommit":false,"messageTitle":"Updated AverageCommandTest + added helper function for assertion messages","messageBody":"","fileTypesAndContributionMap":{"test-code":{"insertions":40,"deletions":113}}}]},{"date":"2025-03-31","commitResults":[{"hash":"c0ce460fee802abde9630982f5fcabee7baaada7","isMergeCommit":false,"messageTitle":"updated description handling of add command","messageBody":"","fileTypesAndContributionMap":{"functional-code":{"insertions":8,"deletions":9}}},{"hash":"19f852eb65c342e8d47732dc59faf460ec595796","isMergeCommit":true,"messageTitle":"Merge remote-tracking branch \u0027origin/master\u0027","messageBody":"# Conflicts:\n#\tsrc/main/java/fintrek/command/AddCommand.java\n","fileTypesAndContributionMap":{}},{"hash":"556fa11fe59f52afe0f004002aa8407008e5463f","isMergeCommit":true,"messageTitle":"Merge branch \u0027master\u0027 into JUnit","messageBody":"","fileTypesAndContributionMap":{}},{"hash":"54861e4317b6a373bec430a15744b46f3760d20d","isMergeCommit":false,"messageTitle":"Fixed compilation error in AddRecurringCommand","messageBody":"","fileTypesAndContributionMap":{"functional-code":{"insertions":9,"deletions":9}}},{"hash":"c4de753b3d505c4910931ab84327e56bbcb5022b","isMergeCommit":false,"messageTitle":"Extracted input validation logic from add command","messageBody":"","fileTypesAndContributionMap":{"functional-code":{"insertions":21,"deletions":8}}},{"hash":"ce37c7ee3ce2e7c395bd6ecf352a0be340087a82","isMergeCommit":true,"messageTitle":"Merge branch \u0027JUnit\u0027 of https://github.com/szeyingg/tp into JUnit","messageBody":"","fileTypesAndContributionMap":{}},{"hash":"1252ec1b8d118665044ac2b1a33df734d33bcc47","isMergeCommit":false,"messageTitle":"Removed unused imports","messageBody":"","fileTypesAndContributionMap":{"functional-code":{"insertions":0,"deletions":6}}},{"hash":"b511c7f416c7b84ff91bf4d57eec1f7dad0473d2","isMergeCommit":false,"messageTitle":"Edited test code to pass gradle","messageBody":"","fileTypesAndContributionMap":{"functional-code":{"insertions":7,"deletions":2},"test-code":{"insertions":9,"deletions":6}}},{"hash":"18b2fb1bb8f8d5d8c77ab1c6263fe5ade8da60fe","isMergeCommit":false,"messageTitle":"Added null check for add command","messageBody":"","fileTypesAndContributionMap":{"functional-code":{"insertions":3,"deletions":0},"test-code":{"insertions":3,"deletions":2}}},{"hash":"1fb437ab308d37a94c9068d126ef30ed601cc748","isMergeCommit":true,"messageTitle":"Merge pull request #71 from szeyingg/JUnit","messageBody":"Updated Command JUnit tests \u0026 AddCommand","fileTypesAndContributionMap":{}}]}],"randust":[{"date":"2025-02-26","commitResults":[{"hash":"a8fe80108edf5407bd85e3f213e616e5e796c81f","isMergeCommit":false,"messageTitle":"add a general template for the chatbot as well as adding the delete command","messageBody":"","fileTypesAndContributionMap":{"functional-code":{"insertions":104,"deletions":21},"other":{"insertions":2,"deletions":2}}},{"hash":"a603a3da5e1b647edd82f605f02176265e119b15","isMergeCommit":true,"messageTitle":"Merge branch \u0027Andrew\u0027","messageBody":"","fileTypesAndContributionMap":{}},{"hash":"95be850dfed13c1cb08b4bbbaf858f57b10b2e87","isMergeCommit":false,"messageTitle":"Fix graddle build error","messageBody":"","fileTypesAndContributionMap":{"functional-code":{"insertions":3,"deletions":3}}},{"hash":"440f47c7e88c19e68bb3d63db616156892344faf","isMergeCommit":true,"messageTitle":"Merge pull request #6 from randust/master","messageBody":"Fix graddle build error","fileTypesAndContributionMap":{}},{"hash":"7348c2d055b7863ca66209c2f5a0e5ad1f53eb5d","isMergeCommit":false,"messageTitle":"update build and test files","messageBody":"","fileTypesAndContributionMap":{"other":{"insertions":2,"deletions":2}}},{"hash":"016c3e214a1af430d920e2c65a56c2e2d0a84cdd","isMergeCommit":true,"messageTitle":"Merge pull request #7 from randust/master","messageBody":"update build and test files","fileTypesAndContributionMap":{}}]},{"date":"2025-03-07","commitResults":[{"hash":"d3e48d86d1b823c06c0ee2c6e38b10a1c9289313","isMergeCommit":false,"messageTitle":"Add an if statement to process empty argument","messageBody":"","fileTypesAndContributionMap":{"functional-code":{"insertions":14,"deletions":5}}},{"hash":"dc1cd454fe55f6f5400d6bfb8594b101493a9665","isMergeCommit":false,"messageTitle":"Edit about us","messageBody":"","fileTypesAndContributionMap":{"docs":{"insertions":3,"deletions":7}}},{"hash":"b9f15c4f860a15d03d1d11cb91b25e8d4470a909","isMergeCommit":false,"messageTitle":"Fix the problem of unable to take in null argument for some commands","messageBody":"","fileTypesAndContributionMap":{"functional-code":{"insertions":23,"deletions":19}}},{"hash":"ce7cc74312860c305064d2240095f094059faf41","isMergeCommit":true,"messageTitle":"Merge pull request #16 from randust/master","messageBody":"Fix the problem of unable to take in null argument for some commands","fileTypesAndContributionMap":{}}]},{"date":"2025-03-14","commitResults":[{"hash":"8ce2fc5a823341b373e2763c79acfd94cadd6ed8","isMergeCommit":true,"messageTitle":"Merge pull request #17 from edwardrl101/master","messageBody":"Add command to calculate average expenses and fix typo in formatting …","fileTypesAndContributionMap":{}},{"hash":"6f51172f5e53751e85364121ffe693c6214b062a","isMergeCommit":false,"messageTitle":"Parser class: restructure package and improve input parsing","messageBody":"- Moved Parser class into the new \fintrek.parser package for better modularity.\n- Introduced ParseResult record to encapsulate parsing outcomes, replacing direct System.out.println error messages.\n- Improved input validation:\n  - Ensured commands start with /, returning appropriate error messages if invalid.\n  - Enforced command-specific argument constraints, handling empty arguments properly.\n- Replaced inline error handling with structured return values to enhance maintainability.\n\nThis refactor improves code organization, enhances error handling, and enforces better command execution rules.\n","fileTypesAndContributionMap":{"functional-code":{"insertions":64,"deletions":0}}},{"hash":"bf54075ea9fd27ff61439bbd4928fcd71a4fef33","isMergeCommit":false,"messageTitle":"Parser class: restructure package and improve input parsing","messageBody":"- Moved Parser class into the new \fintrek.parser package for better modularity.\n- Introduced ParseResult record to encapsulate parsing outcomes, replacing direct System.out.println error messages.\n- Improved input validation:\n  - Ensured commands start with /, returning appropriate error messages if invalid.\n  - Enforced command-specific argument constraints, handling empty arguments properly.\n- Replaced inline error handling with structured return values to enhance maintainability.\n\nThis refactor improves code organization, enhances error handling, and enforces better command execution rules.\n","fileTypesAndContributionMap":{"functional-code":{"insertions":71,"deletions":1}}},{"hash":"e5fe6f30e627871204e81bb5c5af4094c3644da9","isMergeCommit":false,"messageTitle":"Command Enum: validate DELETE command argument format","messageBody":"- Added a regex check to ensure DELETE command arguments contain only positive integers.\n- Prevented invalid numeric input by rejecting non-digit characters before parsing.\n- Improved error handling for out-of-range indices, returning appropriate messages.\n- Fixed inconsistent variable naming (AverageExpense -\u003e \u0007verageExpense).\n","fileTypesAndContributionMap":{"functional-code":{"insertions":17,"deletions":14}}},{"hash":"b46d13be82a0100f89a53bd7e88458ac2792abf6","isMergeCommit":false,"messageTitle":"Add unit tests for command validation","messageBody":"- Added ParserTest with parameterized tests for input validation.\n- Ensured commands start with / and return errors for invalid inputs.\n- Improved error messages in DisplayMessage for better feedback.\n- Strengthened DELETE command validation using regex.\n","fileTypesAndContributionMap":{"functional-code":{"insertions":13,"deletions":5},"other":{"insertions":1,"deletions":0},"test-code":{"insertions":67,"deletions":0}}},{"hash":"18c0984638cd784265a31cd19e68875f2e951e30","isMergeCommit":true,"messageTitle":"Merge branch \u0027master\u0027 of https://github.com/randust/tp","messageBody":"","fileTypesAndContributionMap":{}},{"hash":"8c7650f88d6fec3236356ba1e0999f802dc43230","isMergeCommit":false,"messageTitle":"Remove the old parser class file","messageBody":"","fileTypesAndContributionMap":{"functional-code":{"insertions":0,"deletions":29}}},{"hash":"0160241a1dac0f4834a9bae62bc3b26fde4ce2a1","isMergeCommit":true,"messageTitle":"Merge pull request #19 from randust/master","messageBody":"Parser class: restructure package and improve input parsing","fileTypesAndContributionMap":{}}]},{"date":"2025-03-15","commitResults":[{"hash":"96fd1ee0e61cd905e61f9e0e3967fa4afe560faa","isMergeCommit":false,"messageTitle":"Refactor command execution flow and improve messaging to ease JUnit test for Command","messageBody":"- Introduced `ExecutionResult` record to standardize command execution responses.\n- Updated `Command` enum to return `ExecutionResult` instead of directly printing messages.\n- Moved user-facing messages to `DisplayMessage` for better maintainability.\n- Standardized success and error messages with formatted templates.\n- Improved `/help` command to provide structured responses based on user input.\n- Enhanced modularity by extracting message formatting logic into `DisplayMessage`.\n","fileTypesAndContributionMap":{"functional-code":{"insertions":172,"deletions":133}}},{"hash":"c6469a411480de8c7abe644028db30d6a6d4f2d3","isMergeCommit":false,"messageTitle":"Add an example for JUnit test for Command","messageBody":"","fileTypesAndContributionMap":{"test-code":{"insertions":26,"deletions":0}}},{"hash":"54ecc9de9aa9f25157d610c4d99eb1d71b4a4bb5","isMergeCommit":true,"messageTitle":"Merge branch \u0027master\u0027 of https://github.com/AY2425S2-CS2113-F12-1/tp","messageBody":"","fileTypesAndContributionMap":{}}]},{"date":"2025-03-16","commitResults":[{"hash":"60cce66afe64f165f2e4eb195be9bc4672b89049","isMergeCommit":false,"messageTitle":"Refactor code and update input.txt and expected.txt for text-ui-test","messageBody":"","fileTypesAndContributionMap":{"functional-code":{"insertions":3,"deletions":3},"test-code":{"insertions":2,"deletions":1}}},{"hash":"05514814ed503eb5470c01e5064f10a9a0adfb01","isMergeCommit":false,"messageTitle":"Refactor code","messageBody":"","fileTypesAndContributionMap":{"test-code":{"insertions":1,"deletions":1}}},{"hash":"4bf44549c339937c02fa2e23e1266dc1d5f0ce51","isMergeCommit":false,"messageTitle":"Add assertion and refactor code","messageBody":"","fileTypesAndContributionMap":{"functional-code":{"insertions":3,"deletions":2}}},{"hash":"6adce93b04dfd3bbe6e7ef758efdb3e1eeeca3b3","isMergeCommit":true,"messageTitle":"Merge pull request #28 from randust/RefactorCode","messageBody":"Add assertion and refactor code","fileTypesAndContributionMap":{}}]},{"date":"2025-03-18","commitResults":[{"hash":"8fb50a6383be778678075b769dc40f4506353a43","isMergeCommit":false,"messageTitle":"Add authorship to command","messageBody":"","fileTypesAndContributionMap":{"functional-code":{"insertions":6,"deletions":1}}},{"hash":"3e3bf1b25449079a9cc4ac07d7e26c7d3e9c11df","isMergeCommit":true,"messageTitle":"Merge pull request #33 from randust/AddAuthorship","messageBody":"Add authorship to command","fileTypesAndContributionMap":{}}]},{"date":"2025-03-21","commitResults":[{"hash":"585c13b4f6cb8415a3f950be15e5129e686c3f46","isMergeCommit":false,"messageTitle":"Update User Guide","messageBody":"","fileTypesAndContributionMap":{"docs":{"insertions":106,"deletions":18}}},{"hash":"bb1553ec1c0628cd88a4d66e77dbf0d3634c8829","isMergeCommit":true,"messageTitle":"Merge pull request #50 from randust/UG","messageBody":"Update User Guide","fileTypesAndContributionMap":{}},{"hash":"d7e8f4b91d31cb2510f97a7c4baec2f2036a29a8","isMergeCommit":false,"messageTitle":"Update UserGuide.md","messageBody":"","fileTypesAndContributionMap":{"docs":{"insertions":1,"deletions":1}}}]},{"date":"2025-03-28","commitResults":[{"hash":"7135eff5584231f9c5ca26e60fa691932cfc077a","isMergeCommit":false,"messageTitle":"Rrefactor command architecture into modular classes","messageBody":"- Replaced enum-based Command system with an abstract Command class.\n- Created individual classes for each command: AddCommand, DeleteCommand, ListCommand, etc.\n- Introduced CommandRegistry to manage command lookups and registrations.\n- Updated Parser to utilize CommandRegistry and delegate argument validation to commands.\n- Moved argument checking logic into each command for better customization.\n- Added descriptive help messages per command via getDescription().\n- Refactored CommandResult into a record for consistent response handling.\n","fileTypesAndContributionMap":{"functional-code":{"insertions":228,"deletions":162},"other":{"insertions":1,"deletions":1},"test-code":{"insertions":21,"deletions":21}}},{"hash":"be6f7ef277f36c0e2494ba62c26fa67c1ac014df","isMergeCommit":false,"messageTitle":"Update Parser Junit test","messageBody":"Note: The CommandTest has been commented out. Please update them accordingly\n","fileTypesAndContributionMap":{"functional-code":{"insertions":4,"deletions":3},"test-code":{"insertions":200,"deletions":223}}},{"hash":"478ccb2b5c1222ece885495048642797247d7d79","isMergeCommit":false,"messageTitle":"Add assertion","messageBody":"","fileTypesAndContributionMap":{"functional-code":{"insertions":1,"deletions":1}}},{"hash":"4edfd5c4987fe32a165ecd1cda961bd4a684b560","isMergeCommit":true,"messageTitle":"Merge pull request #59 from randust/AddAssertion","messageBody":"Add assertion","fileTypesAndContributionMap":{}},{"hash":"78fa56a5d70c6a63fbe4a7bbd0e44c71c4214595","isMergeCommit":false,"messageTitle":"Update every command\u0027s getDiscription() to make the printing job in /help more elegant","messageBody":"","fileTypesAndContributionMap":{"functional-code":{"insertions":38,"deletions":49}}},{"hash":"77830d5c5f8eae7269fb91394fe6da7a5d05ad4b","isMergeCommit":false,"messageTitle":"Update ParserTest with successful cases","messageBody":"","fileTypesAndContributionMap":{"functional-code":{"insertions":2,"deletions":1},"test-code":{"insertions":21,"deletions":0}}},{"hash":"c5c280731fba3b5fed7312af230e4345c2cce859","isMergeCommit":true,"messageTitle":"Merge branch \u0027master\u0027 into RefactorCommand","messageBody":"","fileTypesAndContributionMap":{}},{"hash":"41ba177937ddb0371097e8458accc0093050f264","isMergeCommit":true,"messageTitle":"Merge pull request #57 from randust/RefactorCommand","messageBody":"Rrefactor command architecture into modular classes","fileTypesAndContributionMap":{}},{"hash":"e9518541c4e688228e5bc9f400e4b3eabdb22188","isMergeCommit":false,"messageTitle":"Add assertion","messageBody":"","fileTypesAndContributionMap":{"functional-code":{"insertions":1,"deletions":0}}},{"hash":"edcdf72e7e0760e23bad77701a9f43bb846558df","isMergeCommit":true,"messageTitle":"Merge pull request #60 from randust/AddAssertion","messageBody":"Add assertion","fileTypesAndContributionMap":{}}]},{"date":"2025-03-29","commitResults":[{"hash":"894f0a132cb32da90e5ef107836e9be57439cace","isMergeCommit":false,"messageTitle":"Update DG - Instructions for manual testing for Parser","messageBody":"","fileTypesAndContributionMap":{"functional-code":{"insertions":9,"deletions":5},"docs":{"insertions":42,"deletions":1}}},{"hash":"50686b0eb5653105e39f7d9743d1e1784bed26ed","isMergeCommit":false,"messageTitle":"Add missing dependencies to build.gradle","messageBody":"","fileTypesAndContributionMap":{"other":{"insertions":1,"deletions":0}}},{"hash":"26ad8bc1eacb2a38385a07faf69d5b321c3de245","isMergeCommit":true,"messageTitle":"Merge pull request #62 from randust/master","messageBody":"Update DG - Instructions for manual testing for Parser","fileTypesAndContributionMap":{}},{"hash":"bd7e2ba161761f0791324d93d2e59e0388f08923","isMergeCommit":false,"messageTitle":"Refactor command descriptions using `@ComandInfo` annotation","messageBody":"This refactor introduces the `@CommandInfo` annotation to hold command\ndescriptions, replacing manual overrides of getDescription() in each\ncommand class.\n\n- Added `@CommandInfo` annotation for declaring command metadata\n- Updated `Command.java` to retrieve descriptions via reflection\n- Removed redundant `getDescription()` overrides in commands\n- Added null safety assertions in CommandRegistry\n\nPreviously, each command hardcoded its description via `getDescription()`,\nleading to duplicated logic and scattered help information. By centralizing\nthis through annotations, we reduced boilerplate and improved code\nclarity.\n","fileTypesAndContributionMap":{"functional-code":{"insertions":67,"deletions":44},"other":{"insertions":0,"deletions":1},"test-code":{"insertions":8,"deletions":2}}},{"hash":"7401ef02819096be76df8b664879cf8006e0fbb7","isMergeCommit":false,"messageTitle":"Refactor code: extract common input validation logic into InputValidator","messageBody":"- Added InputValidator utility class to centralize validation methods.\n- Includes checks for blank input, positive integers, positive doubles.\n- Added isInValidIntRange() to check if an integer falls within an exclusive upper-bound range.\n","fileTypesAndContributionMap":{"functional-code":{"insertions":37,"deletions":12}}},{"hash":"7bcc092f4bc6d20feacbf4ac6c7124d502269b37","isMergeCommit":false,"messageTitle":"Remove unnecessary files","messageBody":"","fileTypesAndContributionMap":{"test-code":{"insertions":0,"deletions":101}}}]},{"date":"2025-03-31","commitResults":[{"hash":"f25550a912882def07a0f46808f1a00a644f97f4","isMergeCommit":true,"messageTitle":"Merge pull request #72 from venicephua/master","messageBody":"Refactor Code","fileTypesAndContributionMap":{}}]},{"date":"2025-04-01","commitResults":[{"hash":"8006b08a5664b58f0b59345903dd487527403614","isMergeCommit":false,"messageTitle":"Refactor ExpenseManager using strategy pattern and unified interfaces","messageBody":"Replaced the monolithic ExpenseManager with a modular and extensible design based on the Strategy pattern.\n\nKey changes:\n- Introduced ExpenseOperation interface to generalize operations across different types of expenses.\n- Created singleton-based RegularExpenseManager and RecurringExpenseManager to manage distinct expense flows.\n- Added ExpenseService and ExpenseReporter for unified access to business logic and reporting, improving reusability.\n- Added RecurringExpenseProcessor to encapsulate recurring date checks, reducing duplication.\n- Provided central access via AppServices, allowing shared instances across the application.\n\nMotivation:\nThe original ExpenseManager tightly coupled all logic—storage, reporting, recurring logic—into a single static class. This violated the Single Responsibility Principle (SRP) and hindered extensibility, testing, and maintainability.\n\nBenefits:\n- SRP enforcement: each class has a clear, focused responsibility\n- Swappable and testable ExpenseOperation implementations\n- Cleaner layering with ExpenseService and ExpenseReporter\n- Codebase is now more extensible for features like persistence or multiple users\n\nNote: The original ExpenseManager class is now deprecated and retained only for backward compatibility during transition.\n","fileTypesAndContributionMap":{"functional-code":{"insertions":561,"deletions":252},"other":{"insertions":1,"deletions":1},"test-code":{"insertions":11,"deletions":7}}},{"hash":"9008fcff86f85d2f59224234559f8dd79f3508d1","isMergeCommit":true,"messageTitle":"Merge with updates","messageBody":"","fileTypesAndContributionMap":{}},{"hash":"ef1b13e4d9806ffd90b5520c4b2ad88b452fa63e","isMergeCommit":false,"messageTitle":"Update authorship","messageBody":"","fileTypesAndContributionMap":{"functional-code":{"insertions":10,"deletions":10}}},{"hash":"ad116ef54b582acfd53a9bf556bd82d0e14dbb1b","isMergeCommit":false,"messageTitle":"Refactor parser and command by introducing command packages and unify command routing","messageBody":"- Replaced legacy Parser class with CommandRouter and CommandParser interfaces\n- Moved command logic into dedicated package-specific parsers\n- Updated JUnit tests to reflect new routing and parser structure\n- Improved separation of concerns and extensibility of command system\n","fileTypesAndContributionMap":{"functional-code":{"insertions":130,"deletions":64},"other":{"insertions":69,"deletions":42},"test-code":{"insertions":121,"deletions":64}}},{"hash":"f21d7dfd7f42789aa43037673f26bb6cdab616e0","isMergeCommit":true,"messageTitle":"Merge pull request #74 from randust/RefactorCode","messageBody":"Refactor ExpenseManager using strategy pattern and unified interfaces","fileTypesAndContributionMap":{}},{"hash":"e0bae2915f9e925ed384194c2679e709d5a9908d","isMergeCommit":true,"messageTitle":"Solve Merge conflict","messageBody":"","fileTypesAndContributionMap":{}},{"hash":"1df73351d3b56f280b8e186cb8fcccf9c53f9aea","isMergeCommit":false,"messageTitle":"Fix display bug","messageBody":"","fileTypesAndContributionMap":{"functional-code":{"insertions":1,"deletions":1}}},{"hash":"f2e22b7045974a2eda25f36fc5e481d53b16c9c6","isMergeCommit":true,"messageTitle":"Merge pull request #76 from randust/RefactorCommand","messageBody":"Refactor parser and command by introducing command packages and unify command routing","fileTypesAndContributionMap":{}}]}],"Charly2312":[{"date":"2025-03-07","commitResults":[{"hash":"86ce09120b797f074d6783e6b697d55e6edba0bd","isMergeCommit":false,"messageTitle":"created a \u0027HELP\u0027 enum to list down all the functions of FinTrek","messageBody":"","fileTypesAndContributionMap":{"functional-code":{"insertions":72,"deletions":0}}},{"hash":"b1125acdad1ebe978b80eb2edd33bb71f01da36b","isMergeCommit":false,"messageTitle":"Tutorial week 7","messageBody":"","fileTypesAndContributionMap":{"docs":{"insertions":4,"deletions":7}}},{"hash":"4a6713432be32a6bc1c445e2b83232c9fab722ff","isMergeCommit":true,"messageTitle":"Merge pull request #11 from randust/Andrew-AboutUs","messageBody":"Include Andrew into about us","fileTypesAndContributionMap":{}},{"hash":"af5e72ee4c051d53e8eb04015fa1ea4c59bbdb68","isMergeCommit":true,"messageTitle":"Merge branch \u0027master\u0027 into EdwardRafaelLukito-AboutUs","messageBody":"","fileTypesAndContributionMap":{}},{"hash":"edf1b0c15e47e0c57f275ac9a3597d81e998af21","isMergeCommit":true,"messageTitle":"Merge pull request #13 from edwardrl101/EdwardRafaelLukito-AboutUs","messageBody":"Edward Rafael Lukito about us","fileTypesAndContributionMap":{}},{"hash":"85ab69b80a8d6a5954dfe22959962ac3cded7c6d","isMergeCommit":true,"messageTitle":"Merge branch \u0027master\u0027 into szeying-AboutUs","messageBody":"","fileTypesAndContributionMap":{}},{"hash":"22f95fca440ac634153cabc79d37990589fff295","isMergeCommit":true,"messageTitle":"Merge pull request #15 from szeyingg/szeying-AboutUs","messageBody":"szeying AboutUs","fileTypesAndContributionMap":{}}]},{"date":"2025-03-15","commitResults":[{"hash":"035109eb6c743e2c280d143cdb5f73328813aa07","isMergeCommit":true,"messageTitle":"Merge pull request #20 from randust/master","messageBody":"","fileTypesAndContributionMap":{}},{"hash":"3dc1cdf41a29e6ff5cfa884e208529c10f8d138e","isMergeCommit":false,"messageTitle":"added test cases in ExpenseManagerTest","messageBody":"","fileTypesAndContributionMap":{"test-code":{"insertions":86,"deletions":0}}},{"hash":"762b5b8cc2e6b9acd7a9311691f17996fcaaea61","isMergeCommit":true,"messageTitle":"Merge pull request #1 from Charly2312/A-ExpenseManagerTest","messageBody":"added test cases in ExpenseManagerTest","fileTypesAndContributionMap":{}},{"hash":"abaff21d9f340fd83a6678f1e3cd5b65bb683c18","isMergeCommit":false,"messageTitle":"Update ExpenseManagerTest.java","messageBody":"changed the constant expenses into a helper function in for test cases","fileTypesAndContributionMap":{"test-code":{"insertions":15,"deletions":18}}},{"hash":"d8f15de531149f2aef559317e8d6b3c23c33fc23","isMergeCommit":true,"messageTitle":"Merge pull request #2 from Charly2312/Charly2312-helperFunction-ExpenseManagerTest","messageBody":"Charly2312 helper function expense manager test","fileTypesAndContributionMap":{}},{"hash":"cb691825506b3044a5b761dc2f01bee035787f75","isMergeCommit":true,"messageTitle":"Merge pull request #3 from Charly2312/A-ExpenseManagerTest","messageBody":"A expense manager test","fileTypesAndContributionMap":{}},{"hash":"507514f00fa954d4401ec6e8ef1941050d2e7efa","isMergeCommit":false,"messageTitle":"imported the \u0027list\u0027 package into the ExpenseManagerTest","messageBody":"","fileTypesAndContributionMap":{"test-code":{"insertions":1,"deletions":0}}},{"hash":"ba45a855ef7c3a1673f698ffbc66de1194dd377d","isMergeCommit":true,"messageTitle":"Merge pull request #4 from Charly2312/A-ExpenseManagerTest","messageBody":"imported the \u0027list\u0027 package into the ExpenseManagerTest","fileTypesAndContributionMap":{}}]},{"date":"2025-03-16","commitResults":[{"hash":"bae68dcf287d9a02d0c9ca74197854f0ec4d4b90","isMergeCommit":true,"messageTitle":"Merge pull request #26 from randust/RefactorCode","messageBody":"Refactor code and update input.txt and expected.txt for text-ui-test","fileTypesAndContributionMap":{}},{"hash":"41f9a924b7baa06d8d0c283f16eaa171d91fe00e","isMergeCommit":true,"messageTitle":"Merge pull request #25 from Charly2312/Charly2312-helperFunction-ExpenseManagerTest","messageBody":"Charly2312 helper function expense manager test","fileTypesAndContributionMap":{}}]},{"date":"2025-03-17","commitResults":[{"hash":"6fb76130ebc08f4fa76f4dc7a4548e1133c6e4ca","isMergeCommit":true,"messageTitle":"Merge pull request #30 from szeyingg/v1.0","messageBody":"add command w/ error handling","fileTypesAndContributionMap":{}},{"hash":"ab675a3d62a03af8498e2bfd21efaa08e145696d","isMergeCommit":true,"messageTitle":"Merge branch \u0027master\u0027 into CommandTest","messageBody":"","fileTypesAndContributionMap":{}},{"hash":"c7708dd020cd47a8077f9b622230daebe060a6a0","isMergeCommit":true,"messageTitle":"Merge branch \u0027AY2425S2-CS2113-F12-1:master\u0027 into master","messageBody":"","fileTypesAndContributionMap":{}},{"hash":"cc938698f6880fa2a380ab48b7fac460577bfd42","isMergeCommit":true,"messageTitle":"Merge pull request #32 from edwardrl101/A-ExpenseTest","messageBody":"Add JUnit tests for expenses, format amount for expenses to 2 decimal…","fileTypesAndContributionMap":{}}]},{"date":"2025-03-19","commitResults":[{"hash":"5307ea8a71ff89ab30d21edcc367944fdf2d1eeb","isMergeCommit":true,"messageTitle":"Merge branch \u0027AY2425S2-CS2113-F12-1:master\u0027 into master","messageBody":"","fileTypesAndContributionMap":{}}]},{"date":"2025-03-20","commitResults":[{"hash":"b802acc6f69e1a7583c56c9217f3d49aa2376bfc","isMergeCommit":false,"messageTitle":"added assertion and change \u0027DisplayMessage\u0027 to \u0027MessageDisplayer\u0027","messageBody":"","fileTypesAndContributionMap":{"functional-code":{"insertions":35,"deletions":33},"other":{"insertions":1,"deletions":1},"test-code":{"insertions":24,"deletions":29}}},{"hash":"36a18df3893385de6f1bc3d92d834d6b5aabb1ce","isMergeCommit":true,"messageTitle":"Merge pull request #36 from Charly2312/heads/Assertions","messageBody":"Added assertions","tags":["v1.0"],"fileTypesAndContributionMap":{}}]},{"date":"2025-03-21","commitResults":[{"hash":"375e0bb6697331fe0c0dbfba2a80a9e68721e396","isMergeCommit":false,"messageTitle":"added logging","messageBody":"","fileTypesAndContributionMap":{"functional-code":{"insertions":17,"deletions":0}}},{"hash":"766ce96f645e37866f455bdf0e90711fd75da8ab","isMergeCommit":true,"messageTitle":"Merge pull request #40 from Charly2312/addLogging","messageBody":"added logging","fileTypesAndContributionMap":{}},{"hash":"57abaa3d5c7d3356436fadd33c0519e9e3402ac7","isMergeCommit":false,"messageTitle":"added another assertion","messageBody":"","fileTypesAndContributionMap":{"functional-code":{"insertions":1,"deletions":1}}},{"hash":"72dd1a41e770f975b8dad8a5b07b2195a742a9c6","isMergeCommit":true,"messageTitle":"Merge pull request #48 from Charly2312/assertion_2","messageBody":"added another assertion","fileTypesAndContributionMap":{}},{"hash":"5f09d087661f9fde48d6d1c301836e55313ec9ed","isMergeCommit":false,"messageTitle":"add assert again to meet the threshold","messageBody":"","fileTypesAndContributionMap":{"functional-code":{"insertions":2,"deletions":0}}},{"hash":"6e79caf609fa3a14d590594bb7c9fcda6e7f9143","isMergeCommit":true,"messageTitle":"Merge pull request #49 from Charly2312/assertion_2","messageBody":"add assert again to meet the threshold","fileTypesAndContributionMap":{}}]},{"date":"2025-03-27","commitResults":[{"hash":"c1b1986b9fcde5336f3b42d517f952074c6a9376","isMergeCommit":false,"messageTitle":"updated the DG for userprofile and value proposition section","messageBody":"","fileTypesAndContributionMap":{"docs":{"insertions":11,"deletions":2}}},{"hash":"1a8ec9feed4a784f16b78e3371b257fee5a0b760","isMergeCommit":false,"messageTitle":"fix typo","messageBody":"","fileTypesAndContributionMap":{"docs":{"insertions":1,"deletions":1}}},{"hash":"3752372e8870b12fa3aaa5733af1807046e99bda","isMergeCommit":true,"messageTitle":"Merge pull request #56 from Charly2312/DeveloperGuide","messageBody":"updated the DG for userprofile and value proposition section","fileTypesAndContributionMap":{}}]},{"date":"2025-03-29","commitResults":[{"hash":"c6b4899c451759f2469cbae34ac35620d6daac7d","isMergeCommit":true,"messageTitle":"Merge pull request #63 from randust/master","messageBody":"Refactor command descriptions and add InputValidator utils","fileTypesAndContributionMap":{}},{"hash":"39bea158fdbe3d93772da32a04202de2ee56294c","isMergeCommit":false,"messageTitle":"Created recurring expenses feature (list, add and delete). Will make Unit-tests soon","messageBody":"","fileTypesAndContributionMap":{"functional-code":{"insertions":243,"deletions":2}}},{"hash":"7eb3e4af9da9d64af25047d3153d570af3269f9d","isMergeCommit":false,"messageTitle":"edited the file to reduce the number of characters in one line since it failed the CI","messageBody":"","fileTypesAndContributionMap":{"functional-code":{"insertions":4,"deletions":2}}},{"hash":"60f0f684e735a0dcc7562c73d8f51bf240bbf336","isMergeCommit":false,"messageTitle":"updated the testExpensesToStringConversion in ExpenseTest.java to include localDate","messageBody":"","fileTypesAndContributionMap":{"test-code":{"insertions":6,"deletions":3}}},{"hash":"ccecaa70745c7cbaa7a484e460aec6e362286362","isMergeCommit":true,"messageTitle":"Merge pull request #69 from Charly2312/create-recurring-expenses","messageBody":"Created recurring expenses feature (list, add and delete)","fileTypesAndContributionMap":{}}]},{"date":"2025-03-31","commitResults":[{"hash":"a1c6f2f0d91eca920c2e10839c6d1573ce2ecb6c","isMergeCommit":true,"messageTitle":"Merge pull request #70 from venicephua/Extensions","messageBody":"Add Summary command and edit Total command","fileTypesAndContributionMap":{}},{"hash":"4690adc684f392a40fa8c586c9ac0d2feacc4c74","isMergeCommit":true,"messageTitle":"Merge branch \u0027master\u0027 into JUnit","messageBody":"","fileTypesAndContributionMap":{}}]}],"venicephua":[{"date":"2025-02-21","commitResults":[{"hash":"c3ee89419aeda0fdc38362d547cfa4ced7d4693f","isMergeCommit":false,"messageTitle":"Updated product name","messageBody":"","fileTypesAndContributionMap":{"docs":{"insertions":2,"deletions":2}}},{"hash":"75fdae13f819f22f6a75e3ecf5b6ee643e2075c0","isMergeCommit":false,"messageTitle":"Updated README.md","messageBody":"","fileTypesAndContributionMap":{"docs":{"insertions":3,"deletions":4}}}]},{"date":"2025-03-07","commitResults":[{"hash":"f31acdb5af97befc1d9324c396c5ad4bb36e9374","isMergeCommit":false,"messageTitle":"added Expense class and total command","messageBody":"","fileTypesAndContributionMap":{"functional-code":{"insertions":40,"deletions":1}}},{"hash":"4176edb56cb0e2257990e68ae2f35f498591fec3","isMergeCommit":false,"messageTitle":"Updates AboutUs","messageBody":"","fileTypesAndContributionMap":{"docs":{"insertions":3,"deletions":7}}},{"hash":"349b186bf247eee5f17035239252a16becb83986","isMergeCommit":false,"messageTitle":"Removed magic literals","messageBody":"","fileTypesAndContributionMap":{"functional-code":{"insertions":5,"deletions":2}}},{"hash":"ea4fb4572a9d9625ee9402261b7688fd2cd94526","isMergeCommit":false,"messageTitle":"Removed magic literals","messageBody":"","fileTypesAndContributionMap":{"functional-code":{"insertions":9,"deletions":3}}},{"hash":"1bdd9fca392d1a76aa7bd52fe40b3bad4a026b37","isMergeCommit":false,"messageTitle":"Removed magic literals","messageBody":"","fileTypesAndContributionMap":{"functional-code":{"insertions":11,"deletions":4}}},{"hash":"66eb4c6304c26f5f547881e69c068300e9bc2483","isMergeCommit":true,"messageTitle":"Merge branch \u0027master\u0027 into master","messageBody":"","fileTypesAndContributionMap":{}},{"hash":"e5bda4168900da41d72278cade5eefb50c0317da","isMergeCommit":true,"messageTitle":"Merge pull request #8 from venicephua/master","messageBody":"added Expense class and total command","fileTypesAndContributionMap":{}},{"hash":"e760397be8609762fe07cda72a2df1c05bd535f4","isMergeCommit":true,"messageTitle":"Merge branch \u0027master\u0027 into Venice-AboutUs","messageBody":"","fileTypesAndContributionMap":{}},{"hash":"974fb77b16ec90ff899e790f955db9215601e1df","isMergeCommit":true,"messageTitle":"Merge pull request #14 from venicephua/Venice-AboutUs","messageBody":"Venice AboutUs","fileTypesAndContributionMap":{}}]},{"date":"2025-03-17","commitResults":[{"hash":"453df50f234aee984478dc4b5f847ab86e5caf3c","isMergeCommit":false,"messageTitle":"Added JUnit test for Total and Help commands","messageBody":"","fileTypesAndContributionMap":{"functional-code":{"insertions":5,"deletions":1},"test-code":{"insertions":88,"deletions":0}}}]},{"date":"2025-03-19","commitResults":[{"hash":"7fa7a65fce072a2f1f7b52bedbdfec0671434f88","isMergeCommit":false,"messageTitle":"Added Assertion","messageBody":"","fileTypesAndContributionMap":{"functional-code":{"insertions":3,"deletions":2},"other":{"insertions":2,"deletions":1}}},{"hash":"9c4441736c1e0e70a92735337ec891875bdd196e","isMergeCommit":true,"messageTitle":"Merge pull request #35 from venicephua/master","messageBody":"Added Assertion","fileTypesAndContributionMap":{}}]},{"date":"2025-03-21","commitResults":[{"hash":"0dc00a0f37edbdcb69fe59099ea32b086dd7a594","isMergeCommit":false,"messageTitle":"Added Assertions","messageBody":"","fileTypesAndContributionMap":{"functional-code":{"insertions":6,"deletions":0}}},{"hash":"5f6cb0da407512568e73c7411c314608b6c33e7e","isMergeCommit":true,"messageTitle":"Merge pull request #42 from venicephua/master","messageBody":"Added Assertions","fileTypesAndContributionMap":{}}]},{"date":"2025-03-28","commitResults":[{"hash":"064f73f9541ecf390fe509037de47d481fb05307","isMergeCommit":false,"messageTitle":"Refactored JUnit Tests for Command Class","messageBody":"","fileTypesAndContributionMap":{"test-code":{"insertions":180,"deletions":0}}}]},{"date":"2025-03-29","commitResults":[{"hash":"b4a0b24f6d4731ce00551fdc60f783f25609752a","isMergeCommit":false,"messageTitle":"Add JUnit Tests for ListCommandTest, and edit TotalCommandTest and HelpCommandtest","messageBody":"","fileTypesAndContributionMap":{"functional-code":{"insertions":11,"deletions":0},"test-code":{"insertions":214,"deletions":155}}},{"hash":"6ac2e6307705932af9fa8bd02b4b449d1fbe5c07","isMergeCommit":false,"messageTitle":"Create TestUtils and refactor code","messageBody":"","fileTypesAndContributionMap":{"test-code":{"insertions":61,"deletions":54}}},{"hash":"03fea7fad572a1aadcb929f55d266a6b0db10c69","isMergeCommit":false,"messageTitle":"Add newline for TestUtils","messageBody":"","fileTypesAndContributionMap":{"test-code":{"insertions":1,"deletions":1}}},{"hash":"f42d913bf020ad8e7e24fa413b7068bcc7d5cf1c","isMergeCommit":true,"messageTitle":"Merge pull request #61 from venicephua/master","messageBody":"Refactored JUnit Tests for Command Class","fileTypesAndContributionMap":{}}]},{"date":"2025-03-30","commitResults":[{"hash":"075888edc26c989229772db18f2d749d5139bd55","isMergeCommit":false,"messageTitle":"Add Summary command and edit Total command","messageBody":"","fileTypesAndContributionMap":{"functional-code":{"insertions":127,"deletions":21}}},{"hash":"ceecab3f1ef8d86cd56d5ebc995cae6dd98bb2d9","isMergeCommit":false,"messageTitle":"Edit ExpenseTest to use capitalised categories","messageBody":"","fileTypesAndContributionMap":{"test-code":{"insertions":4,"deletions":4}}},{"hash":"bf741034dc7c774d1178e79059bae694b6760eec","isMergeCommit":false,"messageTitle":"Update HelpCommandTest to include test for summary command","messageBody":"","fileTypesAndContributionMap":{"test-code":{"insertions":17,"deletions":0}}},{"hash":"b998ad445bbf6afa5adf9b5c215c6033bdba9d5c","isMergeCommit":false,"messageTitle":"Add assertions and logging","messageBody":"","fileTypesAndContributionMap":{"functional-code":{"insertions":13,"deletions":0}}}]},{"date":"2025-03-31","commitResults":[{"hash":"bb2a20c306bbddc945688bf5ae6720d49c9209b0","isMergeCommit":false,"messageTitle":"Update SummaryCommand, remove magic literals, refactor listExpense method","messageBody":"","fileTypesAndContributionMap":{"functional-code":{"insertions":40,"deletions":34},"test-code":{"insertions":2,"deletions":2}}},{"hash":"be81276ebdc8d1199d97199738685213e106b904","isMergeCommit":false,"messageTitle":"Update Authorship","messageBody":"","fileTypesAndContributionMap":{"functional-code":{"insertions":15,"deletions":14}}},{"hash":"57c74eb16bcbe3d8389c33e405af956b8b3fdbf3","isMergeCommit":true,"messageTitle":"Merge pull request #73 from venicephua/master","messageBody":"Update Authorship","fileTypesAndContributionMap":{}}]}]},"authorFileTypeContributionMap":{"edwardrl101":{"docs":13,"functional-code":45,"test-code":64,"other":3},"szeyingg":{"docs":2,"functional-code":110,"test-code":190},"randust":{"docs":144,"functional-code":725,"test-code":163,"other":3},"Charly2312":{"docs":12,"functional-code":287,"test-code":73},"venicephua":{"docs":5,"functional-code":189,"test-code":346,"other":1}},"authorContributionVariance":{"edwardrl101":763.7975,"szeyingg":3176.5774,"randust":69388.03,"Charly2312":2375.2974,"venicephua":7681.9775},"authorDisplayNameMap":{"edwardrl101":"CS2113-F12-1 EDWA..KITO","szeyingg":"CS2113-F12-1 LEE ..YING","randust":"CS2113-F12-1 HUNG.. KIN","Charly2312":"CS2113-F12-1 CHAR..NDRA","venicephua":"CS2113-F12-1 PHUA..NICE"}}
