{"authorDailyContributionsMap":{"clj55":[{"date":"2025-03-06","commitResults":[{"hash":"c61c88cdddb40edc675a649c665a2fb12ac5b686","isMergeCommit":false,"messageTitle":"add my details to AboutUs docs","messageBody":"","fileTypesAndContributionMap":{"docs":{"insertions":3,"deletions":7}}},{"hash":"6fa3cde2acdb347487bf81cfb6ed83d3630f11eb","isMergeCommit":true,"messageTitle":"Merge branch \u0027master\u0027 of https://github.com/AY2425S2-CS2113-T11b-2/tp into Claire-AboutUs","messageBody":"# Conflicts:\n#\tdocs/AboutUs.md\n","fileTypesAndContributionMap":{}},{"hash":"5e6d560c0a65ae86390ecae29cb36aad5468b33e","isMergeCommit":true,"messageTitle":"Merge pull request #5 from clj55/Claire-AboutUs","messageBody":"add my details to AboutUs docs","fileTypesAndContributionMap":{}},{"hash":"eab6597a4f8d9e8fec3935b0ed5527c9456475ba","isMergeCommit":true,"messageTitle":"Merge branch \u0027Claire-AboutUs\u0027","messageBody":"","fileTypesAndContributionMap":{}}]},{"date":"2025-03-17","commitResults":[{"hash":"0c5f99ce470131091e50606429b27aa4193ce027","isMergeCommit":false,"messageTitle":"Add assertions in Gradle","messageBody":"","fileTypesAndContributionMap":{"other":{"insertions":1,"deletions":0}}},{"hash":"0c4a2692ce39b5d114669df5737b063e8d792613","isMergeCommit":false,"messageTitle":"create Module Class","messageBody":"","fileTypesAndContributionMap":{"functional-code":{"insertions":31,"deletions":0}}},{"hash":"4afeb0555e81edd10170cb8542701fd0775a7723","isMergeCommit":false,"messageTitle":"create AddModule and ListModule functions","messageBody":"AddModule using ModCode, to be integrated with a function that finds the module in the database using the Module code to generate the Mod object\n","fileTypesAndContributionMap":{"functional-code":{"insertions":60,"deletions":9},"other":{"insertions":13,"deletions":2}}},{"hash":"f492c0e044d1c9a66e0d4266cdf463eb804d77b5","isMergeCommit":false,"messageTitle":"Create DeleteModule function","messageBody":"Deletes module based on modCode\n","fileTypesAndContributionMap":{"functional-code":{"insertions":43,"deletions":7}}}]},{"date":"2025-03-19","commitResults":[{"hash":"54a725a6f11aa43dc1c009a853552aaa70645052","isMergeCommit":true,"messageTitle":"Merge branch \u0027master\u0027 of https://github.com/AY2425S2-CS2113-T11b-2/tp","messageBody":"","fileTypesAndContributionMap":{}},{"hash":"fd3c53267dab905884623e6e4c3270d2b818d1c3","isMergeCommit":false,"messageTitle":"Add tests for Add and Delete fn","messageBody":"","fileTypesAndContributionMap":{"test-code":{"insertions":73,"deletions":0}}},{"hash":"d237c372951b1a48d87cbf340274572613928d1a","isMergeCommit":false,"messageTitle":"Specified command imports","messageBody":"","fileTypesAndContributionMap":{"functional-code":{"insertions":4,"deletions":1}}},{"hash":"5fab3f20d34247871f3c9fd8f9508a0980016340","isMergeCommit":false,"messageTitle":"Specified imports for Assertions","messageBody":"","fileTypesAndContributionMap":{"test-code":{"insertions":2,"deletions":1}}},{"hash":"df2c83900748343d8792adf5277c7c1e625d44ab","isMergeCommit":false,"messageTitle":"Fix error in test","messageBody":"","fileTypesAndContributionMap":{"test-code":{"insertions":1,"deletions":1}}},{"hash":"926271ce2193860be5be4aa57fa5ee260db91c9d","isMergeCommit":true,"messageTitle":"Merge pull request #19 from xmtan1/View_module","messageBody":"View module","fileTypesAndContributionMap":{}}]},{"date":"2025-03-20","commitResults":[{"hash":"303ac5851f9b4508551ae6a559a4470c3a559e86","isMergeCommit":true,"messageTitle":"Merge branch \u0027master\u0027 of https://github.com/AY2425S2-CS2113-T11b-2/tp","messageBody":"","fileTypesAndContributionMap":{}}]},{"date":"2025-03-21","commitResults":[{"hash":"a18edf3478c101f9b64056d3bbbe65459fa04d9e","isMergeCommit":true,"messageTitle":"Merge branch \u0027master\u0027 of https://github.com/AY2425S2-CS2113-T11b-2/tp","messageBody":"","fileTypesAndContributionMap":{}}]},{"date":"2025-03-23","commitResults":[{"hash":"a05daa32d232bab2b311d14a06c592d8740cc76a","isMergeCommit":true,"messageTitle":"Merge branch \u0027master\u0027 of https://github.com/AY2425S2-CS2113-T11b-2/tp","messageBody":"","fileTypesAndContributionMap":{}},{"hash":"2a2cef7dbc914273e5debf14baa4e001dffaf4b7","isMergeCommit":false,"messageTitle":"Add Assertions and Logging for AddMod fn","messageBody":"Changed function name to AddMod for clearer distinction between NUS Mod and module\n","fileTypesAndContributionMap":{"functional-code":{"insertions":47,"deletions":26},"test-code":{"insertions":4,"deletions":4}}},{"hash":"35211f3e8cd22818116ec5031ce4c5ea4a20821a","isMergeCommit":false,"messageTitle":"Add Assertions and Logging for DeleteMod","messageBody":"Turn off Logging for addmod and deletemod\n","fileTypesAndContributionMap":{"functional-code":{"insertions":4,"deletions":4},"other":{"insertions":16,"deletions":2},"test-code":{"insertions":3,"deletions":3}}},{"hash":"3a1e6d19c4ae51c9d3128a2bb81d1f36adcf4100","isMergeCommit":false,"messageTitle":"Reformat code","messageBody":"to pass checkstyle\n","fileTypesAndContributionMap":{"functional-code":{"insertions":12,"deletions":9},"test-code":{"insertions":5,"deletions":4}}},{"hash":"10f3af95d1f4a51ab2e91c1529a171e21c69c54d","isMergeCommit":false,"messageTitle":"Rearranged static variables","messageBody":"FOR GRADLE CHECKS\n","fileTypesAndContributionMap":{"functional-code":{"insertions":4,"deletions":2}}},{"hash":"b0076e4372bf85ad4ea89a08d688673c651e2bb1","isMergeCommit":true,"messageTitle":"Merge pull request #34 from clj55/Assertions\u0026Logging","messageBody":"Add Assertions \u0026 Logging for Addmod Deletemod fn","fileTypesAndContributionMap":{}}]},{"date":"2025-03-29","commitResults":[{"hash":"40d30594b8d89f731d0a0c1e4f62d172c060474e","isMergeCommit":false,"messageTitle":"Add prereqTree to mods","messageBody":"","fileTypesAndContributionMap":{"functional-code":{"insertions":103,"deletions":390}}},{"hash":"9ce5a1e1191c17caeedb028a7b0339063c45f005","isMergeCommit":false,"messageTitle":"create parser for new mod","messageBody":"","fileTypesAndContributionMap":{"functional-code":{"insertions":74,"deletions":3}}},{"hash":"90e134c3c711ba0dc1eeb77fad8fce0f70154d98","isMergeCommit":false,"messageTitle":"style code","messageBody":"","fileTypesAndContributionMap":{"functional-code":{"insertions":9,"deletions":19}}},{"hash":"270b0a4daecd3df40a0df5e51b8d17f6fe072904","isMergeCommit":false,"messageTitle":"add prereq to UserMod","messageBody":"","fileTypesAndContributionMap":{"functional-code":{"insertions":2,"deletions":2}}},{"hash":"a149ba477bc2eaac1b5f33a6f5a811faee0c10db","isMergeCommit":false,"messageTitle":"style code","messageBody":"","fileTypesAndContributionMap":{"functional-code":{"insertions":7,"deletions":5}}},{"hash":"b369ef4822a4708c429ef4cbceca1e0e86511037","isMergeCommit":false,"messageTitle":"style code 2","messageBody":"","fileTypesAndContributionMap":{"functional-code":{"insertions":2,"deletions":1}}},{"hash":"8761648176b8a6d94323da96b13d0ee02d46ca84","isMergeCommit":false,"messageTitle":"delete old Add \u0026 Delete","messageBody":"","fileTypesAndContributionMap":{"functional-code":{"insertions":0,"deletions":120}}}]},{"date":"2025-03-31","commitResults":[{"hash":"20721ef30f67003a0ca026c2dc090715848e2be0","isMergeCommit":false,"messageTitle":"Add checking for prereqs after add and delete","messageBody":"","fileTypesAndContributionMap":{"functional-code":{"insertions":68,"deletions":6}}},{"hash":"4d3698e3abfef90cab7ac62bbc352832586f3314","isMergeCommit":false,"messageTitle":"Catch Invalid modules being added","messageBody":"","fileTypesAndContributionMap":{"functional-code":{"insertions":149,"deletions":122}}},{"hash":"942f97b35b39f9d7efbc95292bace54fc9b34488","isMergeCommit":false,"messageTitle":"fix compare null grade","messageBody":"","fileTypesAndContributionMap":{"functional-code":{"insertions":6,"deletions":4}}},{"hash":"0e0700e9faa33530a0b8012743d769f4e700a0ce","isMergeCommit":false,"messageTitle":"format message for missing prereqs","messageBody":"for Add fn, only checks prereqs for newly added mod\nfor Delete fn, checks all mods\n","fileTypesAndContributionMap":{"functional-code":{"insertions":21,"deletions":7}}},{"hash":"df4a9a86000fb1b5ba8dfbe61ddf6ff4558e8ebe","isMergeCommit":false,"messageTitle":"Add check prereq after View","messageBody":"edited ListModule to take in user too\n","fileTypesAndContributionMap":{"functional-code":{"insertions":14,"deletions":5},"test-code":{"insertions":3,"deletions":1}}},{"hash":"1076646d150da76d6560a0c9da2291a5c60cf42b","isMergeCommit":false,"messageTitle":"style code","messageBody":"","fileTypesAndContributionMap":{"functional-code":{"insertions":18,"deletions":16}}},{"hash":"2b2223289066499cc33eb6f7fc39507d64de41c2","isMergeCommit":false,"messageTitle":"style code 2","messageBody":"","fileTypesAndContributionMap":{"functional-code":{"insertions":29,"deletions":14}}},{"hash":"ffe3ba52286220fd1da762ac979f242510ff168c","isMergeCommit":false,"messageTitle":"add check in testcase","messageBody":"","fileTypesAndContributionMap":{"test-code":{"insertions":1,"deletions":0}}},{"hash":"f2c4acaa221ac6f5d6af1186f1242dab630f05df","isMergeCommit":true,"messageTitle":"Merge pull request #70 from thezerohour/UserData","messageBody":"add user data storage","fileTypesAndContributionMap":{}}]},{"date":"2025-04-01","commitResults":[{"hash":"0505f7e2f69706cf46528080c4b17a4763c464ef","isMergeCommit":true,"messageTitle":"Merge pull request #75 from xmtan1/add_custom","messageBody":"modify UserData to store custom mods","fileTypesAndContributionMap":{}},{"hash":"6b133fd60e6c8915083369cbcca692d0760265a6","isMergeCommit":false,"messageTitle":"change addmodule","messageBody":"","fileTypesAndContributionMap":{"functional-code":{"insertions":35,"deletions":33}}},{"hash":"4013dd67001d6bbdca61e90c3d0106ecb325496f","isMergeCommit":false,"messageTitle":"change addCustomModule","messageBody":"","fileTypesAndContributionMap":{"functional-code":{"insertions":18,"deletions":6},"test-code":{"insertions":1,"deletions":1}}},{"hash":"07d6f3172187a0222d2f255620af64961489b1d8","isMergeCommit":false,"messageTitle":"change deletemodule","messageBody":"","fileTypesAndContributionMap":{"functional-code":{"insertions":16,"deletions":33}}},{"hash":"772c56c113fe9c02f3b78ec00fadc34abafe8477","isMergeCommit":false,"messageTitle":"fix empty file error","messageBody":"","fileTypesAndContributionMap":{"functional-code":{"insertions":4,"deletions":0}}},{"hash":"4548c8ba06b3c98f6c1da389fe7756f2c6b2108f","isMergeCommit":false,"messageTitle":"change GradeModule fn","messageBody":"Added GradeModule Tests\nCatch invalid grade error\n","fileTypesAndContributionMap":{"functional-code":{"insertions":38,"deletions":27},"test-code":{"insertions":103,"deletions":82}}},{"hash":"a44980a4535693482706b27ddb5dfe2a3eef9c2b","isMergeCommit":false,"messageTitle":"Add userGPA test","messageBody":"updateGPA now rounds GPA to 2dp\n","fileTypesAndContributionMap":{"functional-code":{"insertions":6,"deletions":1},"test-code":{"insertions":59,"deletions":0}}},{"hash":"42403a1f22a5b3d49b7737938ab061f431803a95","isMergeCommit":false,"messageTitle":"Change SU function","messageBody":"Add SU test\nAdded more tests to user.getGPA()\n","fileTypesAndContributionMap":{"functional-code":{"insertions":10,"deletions":16},"other":{"insertions":46,"deletions":9},"test-code":{"insertions":34,"deletions":0}}},{"hash":"41158998e84a993969113ba2cd334d926833dee6","isMergeCommit":false,"messageTitle":"Change viewgrad \u0026 workload fn","messageBody":"add function in user to calculate total MCs\n","fileTypesAndContributionMap":{"functional-code":{"insertions":43,"deletions":30}}},{"hash":"3ed9912896bf1cd96034f29d37a0ccf342e314ef","isMergeCommit":false,"messageTitle":"Fix test case","messageBody":"","fileTypesAndContributionMap":{"test-code":{"insertions":6,"deletions":0}}},{"hash":"5767e49cfdf02d85b71608210bc5c6828f725c67","isMergeCommit":false,"messageTitle":"remove unnecessary updateGPA","messageBody":"","fileTypesAndContributionMap":{"functional-code":{"insertions":0,"deletions":3}}},{"hash":"082d196cc927b56ab9e2eb7fe80189cbd6fb1a22","isMergeCommit":false,"messageTitle":"style code","messageBody":"","fileTypesAndContributionMap":{"functional-code":{"insertions":23,"deletions":34}}}]},{"date":"2025-04-02","commitResults":[{"hash":"43180ac68dc82070893701ffd524c5b4dd9630c3","isMergeCommit":true,"messageTitle":"Merge branch \u0027master\u0027 into clean_commands","messageBody":"","fileTypesAndContributionMap":{}},{"hash":"f27e3525b53c05a6013808737a618dedc288a9e2","isMergeCommit":false,"messageTitle":"style code 2","messageBody":"","fileTypesAndContributionMap":{"test-code":{"insertions":8,"deletions":8}}},{"hash":"bf8858fd1f1068da5b202c21121e21a5cab4c5bf","isMergeCommit":false,"messageTitle":"style code 3","messageBody":"","fileTypesAndContributionMap":{"functional-code":{"insertions":0,"deletions":1},"test-code":{"insertions":4,"deletions":4}}},{"hash":"bdbfcc1cf0ff9b731ed4ffa973fa70461e6cf114","isMergeCommit":true,"messageTitle":"Merge pull request #79 from Jonathan2745/DGGuide","messageBody":"","fileTypesAndContributionMap":{}}]}],"thezerohour":[{"date":"2025-03-06","commitResults":[{"hash":"40caf29eeeee7a5d1c24bcf265d35a3c7afe27a2","isMergeCommit":false,"messageTitle":"update AboutUs.md","messageBody":"","fileTypesAndContributionMap":{"docs":{"insertions":3,"deletions":7}}},{"hash":"6eedfd26ccc5d604fb995c4f9e50c9b82994f465","isMergeCommit":true,"messageTitle":"Merge pull request #3 from thezerohour/PiraveenAlexander-AboutUs","messageBody":"update AboutUs.md","fileTypesAndContributionMap":{}}]},{"date":"2025-03-19","commitResults":[{"hash":"3e3ffbfdade5562915df2ed23f474536ab566dd7","isMergeCommit":true,"messageTitle":"Merge pull request #20 from clj55/JUnit-AddDeleteFn","messageBody":"JUnit Tests for AddModule \u0026 DeleteModule\n\nNOTE: CI failure being debugged in parallel","fileTypesAndContributionMap":{}},{"hash":"446fc9b959b609981d00621cb7b2a5c4be4c24d4","isMergeCommit":false,"messageTitle":"implemented Help command and fixed bugs","messageBody":"","fileTypesAndContributionMap":{"functional-code":{"insertions":22,"deletions":11}}}]},{"date":"2025-03-28","commitResults":[{"hash":"2184571e70c30fc5ae89b7ccf8395c483f3115ee","isMergeCommit":true,"messageTitle":"Merge pull request #54 from Jonathan2745/SU_modules","messageBody":"added SU fucntionality - command \u003d /su","fileTypesAndContributionMap":{}},{"hash":"62e19cf310974a5cc42021477854535ecc35fc45","isMergeCommit":true,"messageTitle":"Merge pull request #55 from Jonathan2745/getGPA","messageBody":"Get gpa","fileTypesAndContributionMap":{}}]},{"date":"2025-03-30","commitResults":[{"hash":"1e8aa0144303b0c7282ba08af759681f4f2647f8","isMergeCommit":false,"messageTitle":"add user data storage","messageBody":"","fileTypesAndContributionMap":{"functional-code":{"insertions":83,"deletions":4}}},{"hash":"8a13cbf35cc70e434ca3be6e5ab53ebcc1a655e3","isMergeCommit":true,"messageTitle":"Merge branch \u0027master\u0027 of https://github.com/AY2425S2-CS2113-T11b-2/tp into UserData","messageBody":"","fileTypesAndContributionMap":{}}]},{"date":"2025-03-31","commitResults":[{"hash":"74f7a7141fc3f9d505d6331b68a234d9c09b5b01","isMergeCommit":false,"messageTitle":"improve error handling","messageBody":"","fileTypesAndContributionMap":{"functional-code":{"insertions":29,"deletions":13}}},{"hash":"feeaf73e197187a19053c1ce0bb776f6edac8d04","isMergeCommit":false,"messageTitle":"refactor to fix style","messageBody":"","fileTypesAndContributionMap":{"functional-code":{"insertions":2,"deletions":4}}},{"hash":"b07552eb42b0ff25b58f0312879e89724f47b906","isMergeCommit":true,"messageTitle":"Merge pull request #71 from clj55/check_prereq","messageBody":"Check prereq","fileTypesAndContributionMap":{}},{"hash":"4eb641a39e4db915687a5cd682bb0718af08caa3","isMergeCommit":false,"messageTitle":"fix error handling and rectify functionality issue with storage","messageBody":"","fileTypesAndContributionMap":{"functional-code":{"insertions":8,"deletions":7}}},{"hash":"4a6d0a8cd60067087a67e539eeece2e48e636ade","isMergeCommit":true,"messageTitle":"Merge pull request #72 from thezerohour/bugfix","messageBody":"fix error handling and rectify functionality issue with storage","fileTypesAndContributionMap":{}}]},{"date":"2025-04-01","commitResults":[{"hash":"830bc8e5eec7236b744d41891aa272e30f8d73c2","isMergeCommit":false,"messageTitle":"implement viewing of modules by semester, and fixing code style","messageBody":"","fileTypesAndContributionMap":{"functional-code":{"insertions":46,"deletions":3}}},{"hash":"a5c962043fd975e3560eda75668ce35b84778093","isMergeCommit":false,"messageTitle":"fix issue with /workload accessing module data from wrong source","messageBody":"","fileTypesAndContributionMap":{"functional-code":{"insertions":3,"deletions":3}}},{"hash":"3403ae77c80574392d6a83835e75f27c87e7bc1a","isMergeCommit":false,"messageTitle":"remove dependency on local variables and instead use stored user data","messageBody":"","fileTypesAndContributionMap":{"functional-code":{"insertions":18,"deletions":5}}},{"hash":"4f1a74d4903ad47fc892fe9a4005a1ac623b5929","isMergeCommit":false,"messageTitle":"fix style","messageBody":"","fileTypesAndContributionMap":{"functional-code":{"insertions":0,"deletions":3}}},{"hash":"76859cf444124ea7f73a8540760079549d94ef3f","isMergeCommit":false,"messageTitle":"add view by semester functionality to workload command, update workload view testcase","messageBody":"","fileTypesAndContributionMap":{"functional-code":{"insertions":37,"deletions":3},"test-code":{"insertions":1,"deletions":0}}},{"hash":"4a51e1f66ae41ba955322d7115d4c742333bdb96","isMergeCommit":true,"messageTitle":"Merge pull request #77 from thezerohour/ViewBySemester","messageBody":"implement viewing of modules and workload by semester, remove redundant classes in favor of storage within UserData object","fileTypesAndContributionMap":{}}]},{"date":"2025-04-02","commitResults":[{"hash":"4bcae7ac6c3bebdb1282b1e88abef7a835ceec32","isMergeCommit":true,"messageTitle":"Merge pull request #78 from clj55/clean_commands","messageBody":"Clean commands","fileTypesAndContributionMap":{}}]}],"itsjoelha":[{"date":"2025-03-06","commitResults":[{"hash":"0d4e68ce761ff31c32ce2bf01fdba225b7ea7d39","isMergeCommit":false,"messageTitle":"Update Joel readme","messageBody":"","fileTypesAndContributionMap":{"docs":{"insertions":3,"deletions":7}}},{"hash":"07f4955e87b1a2e06d9bc0b1e7d3507f8ffef94d","isMergeCommit":true,"messageTitle":"Merge branch \u0027master\u0027 of https://github.com/AY2425S2-CS2113-T11b-2/tp","messageBody":"# Conflicts:\n#\tdocs/AboutUs.md\n","fileTypesAndContributionMap":{}},{"hash":"bad53648e8eac97434a1bbed442330b5a39dde72","isMergeCommit":true,"messageTitle":"Merge pull request #4 from itsjoelha/master","messageBody":"Update Joel readme","fileTypesAndContributionMap":{}}]},{"date":"2025-03-16","commitResults":[{"hash":"aeb38ca0ae064ce1ae700774c89dc1bc1a247772","isMergeCommit":false,"messageTitle":"Add command parser for user inputs","messageBody":"","fileTypesAndContributionMap":{"functional-code":{"insertions":13,"deletions":0}}},{"hash":"23fb0bb9ca93e43ba454a33c789761ec9e7dcd2f","isMergeCommit":false,"messageTitle":"Add command parser with template commands","messageBody":"","fileTypesAndContributionMap":{"functional-code":{"insertions":29,"deletions":0}}},{"hash":"7fdb4ba02c255f2460ad924a2dfc1b69fe22a4bf","isMergeCommit":false,"messageTitle":"Implement command parser with template commands","messageBody":"","fileTypesAndContributionMap":{"functional-code":{"insertions":1,"deletions":1}}},{"hash":"81e205d63e1748bad9ec8b311f2dc13bef64cf89","isMergeCommit":false,"messageTitle":"Add specialisation information in class","messageBody":"","fileTypesAndContributionMap":{"functional-code":{"insertions":113,"deletions":0}}}]},{"date":"2025-03-17","commitResults":[{"hash":"c81fb834e6801cdd18b38d8248d5ee355194bc5e","isMergeCommit":false,"messageTitle":"Improve readability with new line adjustments","messageBody":"","fileTypesAndContributionMap":{"functional-code":{"insertions":3,"deletions":5}}},{"hash":"8753971f8220548afa083658387ece21709f4c96","isMergeCommit":true,"messageTitle":"Merge pull request #12 from AY2425S2-CS2113-T11b-2/fix-commandparser","messageBody":"Add CommandParser class and detects input","fileTypesAndContributionMap":{}},{"hash":"c03bb84e19915b8d24721efece922c03238a7101","isMergeCommit":true,"messageTitle":"Merge pull request #13 from AY2425S2-CS2113-T11b-2/specialisation","messageBody":"Add /specialisation to view all specialisations","fileTypesAndContributionMap":{}},{"hash":"972bc3bcc262f04fc86d36525af45266e577d279","isMergeCommit":false,"messageTitle":"Fix specialisation command","messageBody":"","fileTypesAndContributionMap":{"functional-code":{"insertions":1,"deletions":1}}},{"hash":"a4a439e64d0baaf30100e0589e04b97b66f723f8","isMergeCommit":true,"messageTitle":"Merge pull request #15 from AY2425S2-CS2113-T11b-2/specialisation","messageBody":"Fix specialisation command","fileTypesAndContributionMap":{}},{"hash":"fc22334dba5fdd9d8e5510433cc2379c0f9749dd","isMergeCommit":true,"messageTitle":"Merge branch \u0027specialisation\u0027","messageBody":"* specialisation:\n  Fix specialisation command\n","fileTypesAndContributionMap":{}}]},{"date":"2025-03-18","commitResults":[{"hash":"ed4784325f71d7de3d459a441c9804446b9d05df","isMergeCommit":false,"messageTitle":"Update gradle","messageBody":"","fileTypesAndContributionMap":{"other":{"insertions":3,"deletions":2}}},{"hash":"c4a7b2d4f5eeea223f3ef63bdf16bc4268da99e9","isMergeCommit":true,"messageTitle":"Merge branch \u0027master\u0027 of https://github.com/AY2425S2-CS2113-T11b-2/tp","messageBody":"* \u0027master\u0027 of https://github.com/AY2425S2-CS2113-T11b-2/tp:\n","fileTypesAndContributionMap":{}},{"hash":"8d67274d370fad4f1702bc0bfdf246662f6acf59","isMergeCommit":false,"messageTitle":"Update gradle to restore","messageBody":"","fileTypesAndContributionMap":{"other":{"insertions":2,"deletions":3}}}]},{"date":"2025-03-19","commitResults":[{"hash":"9d56f040cc266b79daa428a7f6f1cb64233ada18","isMergeCommit":false,"messageTitle":"Fix specialisation line spacing","messageBody":"","fileTypesAndContributionMap":{"functional-code":{"insertions":3,"deletions":3}}},{"hash":"6f51aeb78f2e0efbe7f7c0d7328a925ceb62c79d","isMergeCommit":true,"messageTitle":"Merge pull request #17 from itsjoelha/fix-specialisation","messageBody":"Fix specialisation line spacing","fileTypesAndContributionMap":{}},{"hash":"90d69b3757e33249d4a1eb9f5a46e7a9f26e57de","isMergeCommit":false,"messageTitle":"Add try catch to commandparser","messageBody":"","fileTypesAndContributionMap":{"functional-code":{"insertions":10,"deletions":3}}},{"hash":"83764cf6903aa76a037fefbbde6f65a2f21b92f0","isMergeCommit":true,"messageTitle":"Merge pull request #18 from itsjoelha/fix-CommandParserException","messageBody":"Add try catch to commandparser","fileTypesAndContributionMap":{}},{"hash":"738c751497a573f580ad1cb1171e687fb11945ba","isMergeCommit":true,"messageTitle":"Merge branch \u0027fix-CommandParserException\u0027","messageBody":"* fix-CommandParserException:\n  Add try catch to commandparser\n  Fix specialisation line spacing\n","fileTypesAndContributionMap":{}},{"hash":"65159f6a08a8ef846bd9e337724ed6ad910cd384","isMergeCommit":true,"messageTitle":"Merge branch \u0027master\u0027 of https://github.com/AY2425S2-CS2113-T11b-2/tp","messageBody":"* \u0027master\u0027 of https://github.com/AY2425S2-CS2113-T11b-2/tp:\n  add more modules into mod_data\n  Fix error in test\n  Specified imports for Assertions\n  Specified command imports\n  Add tests for Add and Delete fn\n  add details function, integrate previous pull requests\n  add search for module function in data class\n  Create DeleteModule function\n  create AddModule and ListModule functions\n  create Module Class\n  Add assertions in Gradle\n","fileTypesAndContributionMap":{}},{"hash":"f02a2340539586cb8d33cc25d819189a022c8b33","isMergeCommit":false,"messageTitle":"Add JUnit Tests for CommandParser","messageBody":"","fileTypesAndContributionMap":{"test-code":{"insertions":28,"deletions":0}}}]},{"date":"2025-03-21","commitResults":[{"hash":"0b00e55a5f23c4fae274e557275ed0018b226d2f","isMergeCommit":false,"messageTitle":"Add assertions \u0026 logging for CommandParser","messageBody":"","fileTypesAndContributionMap":{"functional-code":{"insertions":28,"deletions":0}}},{"hash":"c4a83d00ea4473e669cfade9043c1b65fb061c5e","isMergeCommit":true,"messageTitle":"Merge pull request #31 from itsjoelha/Logging","messageBody":"Add assertions \u0026 logging for CommandParser","fileTypesAndContributionMap":{}}]},{"date":"2025-03-24","commitResults":[{"hash":"714d05f14c5ad69fb29f26ec731b44edca16eb67","isMergeCommit":true,"messageTitle":"Merge branch \u0027master\u0027 into Logging","messageBody":"* master:\n  Rearranged static variables\n  Reformat code\n  Add Assertions and Logging for DeleteMod\n  Add Assertions and Logging for AddMod fn\n","fileTypesAndContributionMap":{}},{"hash":"ba5b80deac8bda4824b9a79bdfc05b1c513c420f","isMergeCommit":false,"messageTitle":"Move Help \u0026 Specialisation to command package","messageBody":"","fileTypesAndContributionMap":{"other":{"insertions":2,"deletions":2}}},{"hash":"32b0474d6a8c729ec1168d337e8cdd0003af2e63","isMergeCommit":false,"messageTitle":"More JUnit Tests \u0026 Assertions","messageBody":"","fileTypesAndContributionMap":{"functional-code":{"insertions":3,"deletions":1},"test-code":{"insertions":56,"deletions":0}}},{"hash":"41ce3a7c2630fdb4447c9f3d4cdaec81e2f80bee","isMergeCommit":false,"messageTitle":"Gradle Bug Fix","messageBody":"","fileTypesAndContributionMap":{"other":{"insertions":1,"deletions":1}}},{"hash":"aee04eb3fe20d181493e00369c043a7fa975e5ae","isMergeCommit":false,"messageTitle":"Bug fix for Gradle","messageBody":"","fileTypesAndContributionMap":{"test-code":{"insertions":2,"deletions":1}}},{"hash":"c73502615f0968eff8337a0fa9621f2b673f8680","isMergeCommit":false,"messageTitle":"Fix bug Gradle line characters","messageBody":"","fileTypesAndContributionMap":{"test-code":{"insertions":2,"deletions":2}}},{"hash":"c6f80bf1bb6a96286eed889cdf7dedfac4e539d9","isMergeCommit":false,"messageTitle":"Fix gradle bug","messageBody":"","fileTypesAndContributionMap":{"test-code":{"insertions":4,"deletions":4}}},{"hash":"8f82a46b017d5da31764997acebb09587b580e9a","isMergeCommit":true,"messageTitle":"Merge pull request #38 from itsjoelha/Logging","messageBody":"Add more JUnit Tests \u0026 Assertions","fileTypesAndContributionMap":{}},{"hash":"99b947db1cb895a9d79217e36f9a12c53d33fa3a","isMergeCommit":true,"messageTitle":"Merge branch \u0027Logging\u0027","messageBody":"* Logging:\n  Fix gradle bug\n  Fix bug Gradle line characters\n  Bug fix for Gradle\n  Gradle Bug Fix\n  More JUnit Tests \u0026 Assertions\n  Move Help \u0026 Specialisation to command package\n","fileTypesAndContributionMap":{}},{"hash":"4234d7ad84fd086a3f63f197d6a7dd5d7f425a5f","isMergeCommit":false,"messageTitle":"Implement Workload command with data and JUnit test","messageBody":"","fileTypesAndContributionMap":{"functional-code":{"insertions":293,"deletions":195},"test-code":{"insertions":13,"deletions":1}}},{"hash":"f1772abc83067c9874b11d80fbbf26b46e213771","isMergeCommit":true,"messageTitle":"Merge pull request #39 from itsjoelha/ViewModuleWorkload","messageBody":"Implement View Module Workload for Semester","fileTypesAndContributionMap":{}},{"hash":"cd3912e551fc62c92578674a2cba9f817820d867","isMergeCommit":true,"messageTitle":"Merge branch \u0027ViewModuleWorkload\u0027","messageBody":"* ViewModuleWorkload:\n  Implement Workload command with data and JUnit test\n","fileTypesAndContributionMap":{}}]},{"date":"2025-03-26","commitResults":[{"hash":"52b3ada9159b512d90ba9eae5ab543e20ddfdaa2","isMergeCommit":false,"messageTitle":"Refactor code for exit \u0026 help commands","messageBody":"","fileTypesAndContributionMap":{"functional-code":{"insertions":46,"deletions":30},"other":{"insertions":1,"deletions":1},"test-code":{"insertions":1,"deletions":0}}},{"hash":"69667e62b02c354c7a56ac3d7923c87220bc34fa","isMergeCommit":false,"messageTitle":"Fix gradle","messageBody":"","fileTypesAndContributionMap":{"functional-code":{"insertions":5,"deletions":2}}},{"hash":"cc178a942031b80a52f2340074a289ec72498186","isMergeCommit":false,"messageTitle":"Fix gradle","messageBody":"","fileTypesAndContributionMap":{"functional-code":{"insertions":0,"deletions":1}}},{"hash":"5794e05dcee68a5087193a9ca38d6880b90212c9","isMergeCommit":false,"messageTitle":"Fix gradle","messageBody":"","fileTypesAndContributionMap":{"functional-code":{"insertions":1,"deletions":0}}},{"hash":"7373a3f3c6b183b36c02dedf5e8bdff3ee444c19","isMergeCommit":true,"messageTitle":"Merge pull request #51 from itsjoelha/Refactor","messageBody":"Refactor code for exit \u0026 help commands","fileTypesAndContributionMap":{}},{"hash":"f78255a509b39c563205acfa843fcb1c5645b068","isMergeCommit":true,"messageTitle":"Merge branch \u0027Refactor\u0027","messageBody":"* Refactor:\n  Fix gradle\n  Fix gradle\n  Fix gradle\n  Fix gradle\n  Refactor code for exit \u0026 help commands\n","fileTypesAndContributionMap":{}},{"hash":"295768a957005710bc58db1fc0be4f4cabb83225","isMergeCommit":true,"messageTitle":"Merge branch \u0027master\u0027 into view_prereq","messageBody":"","fileTypesAndContributionMap":{}},{"hash":"85ea3807aaf2003aa6f15cbcca3c0ed537bdcc27","isMergeCommit":true,"messageTitle":"Merge pull request #50 from xmtan1/view_prereq","messageBody":"add preclusion and prerequisite","fileTypesAndContributionMap":{}},{"hash":"50a056c8abaa6c8204abdaa283f0945cb7b2d78b","isMergeCommit":true,"messageTitle":"Merge branch \u0027master\u0027 of https://github.com/AY2425S2-CS2113-T11b-2/tp","messageBody":"* \u0027master\u0027 of https://github.com/AY2425S2-CS2113-T11b-2/tp:\n  fix gradle #2\n  fix gradle #1\n  add preclusion and prerequisite\n","fileTypesAndContributionMap":{}},{"hash":"95fa148bc982a7a7015991b527bed08971faf6c7","isMergeCommit":true,"messageTitle":"Merge branch \u0027master\u0027 into Refactor","messageBody":"* master:\n  fix gradle #2\n  fix gradle #1\n  add preclusion and prerequisite\n","fileTypesAndContributionMap":{}},{"hash":"82d0880493373417d4b24b4286c1f56e091548f1","isMergeCommit":false,"messageTitle":"Fix table formatting for Detail Modules","messageBody":"","fileTypesAndContributionMap":{"functional-code":{"insertions":50,"deletions":21}}},{"hash":"ad441489751e8b283e2e619b53f0dc3cfdcb69ec","isMergeCommit":false,"messageTitle":"Fix gradle","messageBody":"","fileTypesAndContributionMap":{"functional-code":{"insertions":2,"deletions":1}}},{"hash":"a7d819161465ad948ace3aba13b72f840fbb5bd2","isMergeCommit":true,"messageTitle":"Merge pull request #52 from itsjoelha/Refactor","messageBody":"Fix table formatting for Detail Modules","fileTypesAndContributionMap":{}}]},{"date":"2025-03-27","commitResults":[{"hash":"83ff26626ce205b9d376ab40629a13d89d77fdbb","isMergeCommit":true,"messageTitle":"Merge pull request #53 from Jonathan2745/User_Class","messageBody":"Added User class","fileTypesAndContributionMap":{}}]},{"date":"2025-03-29","commitResults":[{"hash":"5ddd31d024d89ed155f13f977a5feb7486411f4e","isMergeCommit":true,"messageTitle":"Merge pull request #56 from Jonathan2745/Bug_fix","messageBody":"bug fix for /grade and /view","fileTypesAndContributionMap":{}},{"hash":"58a4edde3a1ea92e2dfb2e5953e944f33a78ab91","isMergeCommit":true,"messageTitle":"Merge pull request #59 from Jonathan2745/Bug_fix","messageBody":"/su print bug","fileTypesAndContributionMap":{}},{"hash":"5fb423d26a29c75f9be8aad2a1904a0303970f04","isMergeCommit":true,"messageTitle":"Merge pull request #66 from clj55/catch_prereqs","messageBody":"add prereq to UserMod","fileTypesAndContributionMap":{}},{"hash":"15390ff18729db5e16aad78118b1efbbd074296e","isMergeCommit":false,"messageTitle":"Update Developer Guide","messageBody":"","fileTypesAndContributionMap":{"docs":{"insertions":106,"deletions":3}}}]},{"date":"2025-03-30","commitResults":[{"hash":"6ff079e684934a6d7de4299744d90de203f49fa8","isMergeCommit":true,"messageTitle":"Merge pull request #67 from clj55/delete_files","messageBody":"delete old Add \u0026 Delete","fileTypesAndContributionMap":{}},{"hash":"f64d5af267e864744b56cd8cc5e24ff997024f56","isMergeCommit":true,"messageTitle":"Merge pull request #68 from itsjoelha/DeveloperGuide-ManualTesting","messageBody":"Update Developer Guide","fileTypesAndContributionMap":{}},{"hash":"de1fd56f1edbb8ff62aafaf916a3bf92e65b6fd0","isMergeCommit":false,"messageTitle":"Fix duplicated print statements","messageBody":"","fileTypesAndContributionMap":{"functional-code":{"insertions":4,"deletions":6}}},{"hash":"369d72b08678193a38fe18cf95ecfc4ef29063a2","isMergeCommit":false,"messageTitle":"Fix CommandParserTests","messageBody":"","fileTypesAndContributionMap":{"test-code":{"insertions":2,"deletions":2}}},{"hash":"d87a08c841f7adad09af5ed14cfc8af653be0da6","isMergeCommit":true,"messageTitle":"Merge pull request #69 from itsjoelha/FixBug","messageBody":"Fix duplicated print statements","fileTypesAndContributionMap":{}}]},{"date":"2025-04-02","commitResults":[{"hash":"e73b562e798ab924c87002c208cf45ad22af9de2","isMergeCommit":false,"messageTitle":"Update DG","messageBody":"","fileTypesAndContributionMap":{"docs":{"insertions":52,"deletions":32}}},{"hash":"1aa703407025160cc6bad761e60cb1145ba5a2c1","isMergeCommit":false,"messageTitle":"Fix /su","messageBody":"","fileTypesAndContributionMap":{"functional-code":{"insertions":1,"deletions":1}}},{"hash":"873becf37fdf68d4ac88c516565626a89a1b18c0","isMergeCommit":true,"messageTitle":"Merge pull request #80 from itsjoelha/DG-ManualTesting","messageBody":"DG manual testing","fileTypesAndContributionMap":{}}]}],"xmtan1":[{"date":"2025-03-06","commitResults":[{"hash":"d8fa0ac43c4c8aadba904e3d2cefdbc3e2351c0e","isMergeCommit":false,"messageTitle":"change name","messageBody":"","fileTypesAndContributionMap":{"docs":{"insertions":3,"deletions":7}}},{"hash":"c2e8c1abbcec80e03efc54e5445ae3b13c497579","isMergeCommit":true,"messageTitle":"Merge branch \u0027master\u0027 of https://github.com/AY2425S2-CS2113-T11b-2/tp into xinmin-AboutUs","messageBody":"# Conflicts:\n#\tdocs/AboutUs.md\n","fileTypesAndContributionMap":{}},{"hash":"af9ec62c611f15d28732c11db2f708dc23ef3e65","isMergeCommit":true,"messageTitle":"Merge pull request #7 from xmtan1/xinmin-AboutUs","messageBody":"xinmin tp change","fileTypesAndContributionMap":{}}]},{"date":"2025-03-19","commitResults":[{"hash":"b1006243ecdd79a9fc74ed52912d30830d5db9de","isMergeCommit":false,"messageTitle":"add search for module function in data class","messageBody":"","fileTypesAndContributionMap":{"functional-code":{"insertions":103,"deletions":2}}},{"hash":"bfeeb31c35f9f069815058935b57e476043596e7","isMergeCommit":true,"messageTitle":"Merge branch \u0027master\u0027 into View_module add add and delete functions, list of modules","messageBody":"","fileTypesAndContributionMap":{}},{"hash":"fcd9b35abe5b3a302b819dcabc4e103b7cfeaf36","isMergeCommit":false,"messageTitle":"add details function, integrate previous pull requests","messageBody":"","fileTypesAndContributionMap":{"functional-code":{"insertions":66,"deletions":96},"other":{"insertions":1,"deletions":1}}}]},{"date":"2025-03-21","commitResults":[{"hash":"402d891f1ace8d15f70e715ed3c19cd6c4c9ed2e","isMergeCommit":true,"messageTitle":"Merge pull request #29 from Jonathan2745/ViewGradRequirements","messageBody":"Gradle Bug Fixing","fileTypesAndContributionMap":{}}]},{"date":"2025-03-25","commitResults":[{"hash":"1ad0b7c84f3023a850ab921c4919c3a88677b96b","isMergeCommit":false,"messageTitle":"add preclusion and prerequisite","messageBody":"","fileTypesAndContributionMap":{"functional-code":{"insertions":146,"deletions":42}}},{"hash":"b1d2a165ab6eb6761ecf940019a194489fcfbb05","isMergeCommit":false,"messageTitle":"fix gradle #1","messageBody":"","fileTypesAndContributionMap":{"functional-code":{"insertions":4,"deletions":2}}},{"hash":"08359e0ed85190ba9e914a02f6dcf894b62645dd","isMergeCommit":false,"messageTitle":"fix gradle #2","messageBody":"","fileTypesAndContributionMap":{"functional-code":{"insertions":9,"deletions":3}}}]},{"date":"2025-04-01","commitResults":[{"hash":"551a0904a60ca9950734c31257a91f67f781c73d","isMergeCommit":false,"messageTitle":"add custom module functionality","messageBody":"","fileTypesAndContributionMap":{"functional-code":{"insertions":103,"deletions":16}}},{"hash":"2190f51be9b0a3c9080ffcb37ac234d0eeef41cb","isMergeCommit":true,"messageTitle":"Merge branch \u0027master\u0027 into add_custom","messageBody":"","fileTypesAndContributionMap":{}},{"hash":"2b08415dfe9590d4c93a46ec1b5b74c6a10d9982","isMergeCommit":false,"messageTitle":"add JUnit tests for addCustomModule","messageBody":"","fileTypesAndContributionMap":{"test-code":{"insertions":99,"deletions":4}}},{"hash":"7789d9f1ab512f672fbcc55e3a70538aa1d5fd9e","isMergeCommit":false,"messageTitle":"gradle #1","messageBody":"","fileTypesAndContributionMap":{"functional-code":{"insertions":1,"deletions":3},"test-code":{"insertions":4,"deletions":1}}},{"hash":"aca88716586412565eeece72eaa2b7e94b417ae9","isMergeCommit":false,"messageTitle":"gradle #2","messageBody":"","fileTypesAndContributionMap":{"functional-code":{"insertions":13,"deletions":1}}},{"hash":"9aa03d781e7b1988232c032d2590bc38f7dfeff1","isMergeCommit":false,"messageTitle":"modify UserData to store custom mods","messageBody":"","fileTypesAndContributionMap":{"functional-code":{"insertions":17,"deletions":4}}},{"hash":"9834f0eec22ebfe5bc6c2024c4e8a70c1370f79c","isMergeCommit":false,"messageTitle":"add JUnit test, handle error for adding existing module","messageBody":"","fileTypesAndContributionMap":{"functional-code":{"insertions":3,"deletions":2},"test-code":{"insertions":37,"deletions":2}}},{"hash":"cf40079225f1432438f6886a93382943623e22d1","isMergeCommit":true,"messageTitle":"Merge branch \u0027master\u0027 into add_custom","messageBody":"","fileTypesAndContributionMap":{}},{"hash":"85ceffc0f7291a34cc545758e0c62294e267cdd9","isMergeCommit":false,"messageTitle":"gradle wrapper fix","messageBody":"","fileTypesAndContributionMap":{"functional-code":{"insertions":1,"deletions":1}}},{"hash":"e6d44aa302c8a275a7c6a4cb371b65201d9cdf5e","isMergeCommit":false,"messageTitle":"edit printing detail module","messageBody":"","fileTypesAndContributionMap":{"functional-code":{"insertions":4,"deletions":4}}},{"hash":"ae41e3986033c7ee7f0b3a9835cbb12d766cfe99","isMergeCommit":true,"messageTitle":"Merge pull request #76 from xmtan1/add_custom","messageBody":"Handle error for adding existing module","fileTypesAndContributionMap":{}}]}],"Jonathan2745":[{"date":"2025-03-06","commitResults":[{"hash":"50ce7d7edfac7fd94d8672629d3492557994ea5a","isMergeCommit":false,"messageTitle":"About Us","messageBody":"","fileTypesAndContributionMap":{"docs":{"insertions":4,"deletions":7}}},{"hash":"19a7cbd1af616e92d967ea52e8595ea20cc30392","isMergeCommit":true,"messageTitle":"Merge branch \u0027master\u0027 of https://github.com/AY2425S2-CS2113-T11b-2/tp into Jonathan-AboutUs","messageBody":"# Conflicts:\n#\tdocs/AboutUs.md\n","fileTypesAndContributionMap":{}},{"hash":"9aae6626c39abe3d2ab08d8e12f1548c472b0c00","isMergeCommit":true,"messageTitle":"Merge pull request #6 from Jonathan2745/Jonathan-AboutUs","messageBody":"Jonathan-About Us","fileTypesAndContributionMap":{}}]},{"date":"2025-03-19","commitResults":[{"hash":"981c6baeb408240608c18253d4dd1bc7b85274ee","isMergeCommit":true,"messageTitle":"Merge branch \u0027master\u0027 into Module","messageBody":"","fileTypesAndContributionMap":{}},{"hash":"e61369defb0cabc6e7d0f5c5faaade58e8b12f20","isMergeCommit":true,"messageTitle":"Merge pull request #14 from clj55/Module","messageBody":"Implement Add, Delete, List Module Functions","fileTypesAndContributionMap":{}}]},{"date":"2025-03-20","commitResults":[{"hash":"00fd6221edfd30ce66951c8ad5908e2cc990050d","isMergeCommit":true,"messageTitle":"Merge pull request #24 from itsjoelha/JUnit-CommandParser","messageBody":"Add JUnit Tests for CommandParser","fileTypesAndContributionMap":{}},{"hash":"d6bce1e0b9db3f7733b688c8642b19ecdc1a1167","isMergeCommit":true,"messageTitle":"Merge pull request #22 from thezerohour/master","messageBody":"implemented Help command and fixed bugs","fileTypesAndContributionMap":{}},{"hash":"2c710f68e40d16221284087d38b4b73184a529b7","isMergeCommit":false,"messageTitle":"Reccomended Schedule","messageBody":"","fileTypesAndContributionMap":{"functional-code":{"insertions":164,"deletions":20}}},{"hash":"c07bd4869473fd6b056c34c5fa5c5fa05f96fa79","isMergeCommit":true,"messageTitle":"Merge branch \u0027master\u0027 into ReccomendedSchedule","messageBody":"","fileTypesAndContributionMap":{}},{"hash":"3edbfe52f6f651e27e87371602be2290978be9e1","isMergeCommit":true,"messageTitle":"Implemented Reccomended Schedule","messageBody":"Implemented Reccomended Schedule","fileTypesAndContributionMap":{}},{"hash":"6822140451fb8467d8ad023f4509e72e01409638","isMergeCommit":false,"messageTitle":"Implemented View Graduation Requirements","messageBody":"","fileTypesAndContributionMap":{"functional-code":{"insertions":67,"deletions":0}}},{"hash":"05647699290df4b85de5bf6ba165916f9a9821bc","isMergeCommit":false,"messageTitle":"Gradle Checkes #1","messageBody":"","fileTypesAndContributionMap":{"functional-code":{"insertions":282,"deletions":33}}},{"hash":"cf2e0ff39d16116da926af887b67479fc973ce95","isMergeCommit":false,"messageTitle":"Gradle Checkes #2","messageBody":"","fileTypesAndContributionMap":{"functional-code":{"insertions":20,"deletions":47}}},{"hash":"eaf8b308230c414e95d8b28f053a895ba69cc068","isMergeCommit":false,"messageTitle":"Gradle Checkes #3","messageBody":"","fileTypesAndContributionMap":{"functional-code":{"insertions":6,"deletions":8},"test-code":{"insertions":4,"deletions":2}}},{"hash":"78db5738ee4b3148141b8bee3695a9df4fa1b52a","isMergeCommit":false,"messageTitle":"Gradle Checkes #3","messageBody":"","fileTypesAndContributionMap":{"functional-code":{"insertions":26,"deletions":5}}},{"hash":"56ccbe500b6b975d30c1c6a0294994f95d3e94c1","isMergeCommit":false,"messageTitle":"Gradle Checkes #5","messageBody":"","fileTypesAndContributionMap":{"functional-code":{"insertions":24,"deletions":24},"test-code":{"insertions":1,"deletions":2}}},{"hash":"ced239e8bc05a74d2d6fd743f32c2452441adcd4","isMergeCommit":false,"messageTitle":"Gradle Checkes #6","messageBody":"","fileTypesAndContributionMap":{"functional-code":{"insertions":18,"deletions":16}}},{"hash":"71d05d91d9ffefa6cd8ea0e4c6abaac32a355f31","isMergeCommit":false,"messageTitle":"Gradle Checkes #7","messageBody":"","fileTypesAndContributionMap":{"test-code":{"insertions":11,"deletions":3}}},{"hash":"2297a56b80baa21962d9adb16ab2c55788e6dbb2","isMergeCommit":false,"messageTitle":"Gradle Checkes #8","messageBody":"","fileTypesAndContributionMap":{"functional-code":{"insertions":5,"deletions":4}}},{"hash":"9c85bcc8670bfe331e2c1f583402e2151bf31033","isMergeCommit":false,"messageTitle":"Gradle Checkes #9","messageBody":"","fileTypesAndContributionMap":{"functional-code":{"insertions":5,"deletions":2}}},{"hash":"6ec1596a2a45c704c778b2553dd849f0bac618df","isMergeCommit":false,"messageTitle":"Gradle Checkes #10","messageBody":"","fileTypesAndContributionMap":{"functional-code":{"insertions":19,"deletions":10}}},{"hash":"1e461efbf4c2d465a660cb8becaaabf65ceeae99","isMergeCommit":false,"messageTitle":"Gradle Checkes #11","messageBody":"","fileTypesAndContributionMap":{"functional-code":{"insertions":1,"deletions":1}}},{"hash":"9d774d2c4d3a0b0ba5382d5dc620a01430d49b22","isMergeCommit":false,"messageTitle":"Gradle Checkes #12","messageBody":"","fileTypesAndContributionMap":{"functional-code":{"insertions":3,"deletions":3}}},{"hash":"6f5981773553ee917f1fd02f352c647a31490d67","isMergeCommit":false,"messageTitle":"Gradle Checkes #12","messageBody":"","fileTypesAndContributionMap":{"functional-code":{"insertions":4,"deletions":3}}},{"hash":"de96de755a703f5ea159d0ef85bb1ba7e3bd3399","isMergeCommit":false,"messageTitle":"Gradle Checkes #12","messageBody":"","fileTypesAndContributionMap":{"functional-code":{"insertions":3,"deletions":0}}},{"hash":"b8552ba9415803fe2e72a5712c56d0c9aa514df5","isMergeCommit":false,"messageTitle":"Gradle Checkes #13","messageBody":"","fileTypesAndContributionMap":{"functional-code":{"insertions":1,"deletions":1}}},{"hash":"c7008dc4abb10d161a5c5fa09ad57605fa0e9b4c","isMergeCommit":false,"messageTitle":"Gradle Checkes #14","messageBody":"","fileTypesAndContributionMap":{"functional-code":{"insertions":1,"deletions":1}}},{"hash":"4475ad1777316a3000105f242069dbc738042721","isMergeCommit":false,"messageTitle":"Gradle Checkes #15","messageBody":"","fileTypesAndContributionMap":{"functional-code":{"insertions":0,"deletions":2}}},{"hash":"5ef1b9cc19dda463a89e33deb8f66ccc40611eca","isMergeCommit":true,"messageTitle":"Merge pull request #28 from Jonathan2745/ViewGradRequirements","messageBody":"Implemented View Graduation Requirements","tags":["v1.0-beta","v1.0"],"fileTypesAndContributionMap":{}},{"hash":"c720f77e864a8ec96750a28092f2cd3589fa980a","isMergeCommit":false,"messageTitle":"Gradle #18","messageBody":"","fileTypesAndContributionMap":{"functional-code":{"insertions":1,"deletions":2}}},{"hash":"2595b9e048fd9465952f2219ff73073bb7e1c0ad","isMergeCommit":false,"messageTitle":"Gradle #22","messageBody":"","fileTypesAndContributionMap":{"functional-code":{"insertions":92,"deletions":14}}},{"hash":"47029e7a8d5ad4a2b2b30553cbf0e79bb67a6fbe","isMergeCommit":false,"messageTitle":"Gradle #23","messageBody":"","fileTypesAndContributionMap":{"functional-code":{"insertions":7,"deletions":4}}}]},{"date":"2025-03-21","commitResults":[{"hash":"17c90e7cc43f509e6047fb86ffe9f1b4adaa7adc","isMergeCommit":false,"messageTitle":"JAR compilation bug #1","messageBody":"","fileTypesAndContributionMap":{"functional-code":{"insertions":5,"deletions":5},"other":{"insertions":1,"deletions":1}}},{"hash":"dba0f8f5c93925035330409cde5df3fc010c56f5","isMergeCommit":true,"messageTitle":"Merge branch \u0027ViewGradRequirements\u0027","messageBody":"# Conflicts:\n#\tsrc/main/java/seedu/duke/command/ListModules.java\n","fileTypesAndContributionMap":{}},{"hash":"92db442932157dbeb95b23ab8c17572e19d0122a","isMergeCommit":false,"messageTitle":"bug fixing","messageBody":"","fileTypesAndContributionMap":{"functional-code":{"insertions":1,"deletions":4}}}]},{"date":"2025-03-26","commitResults":[{"hash":"8c9b74d88f68a6a553ef4d30f002fde373456c40","isMergeCommit":true,"messageTitle":"Merge branch \u0027master\u0027 of https://github.com/AY2425S2-CS2113-T11b-2/tp","messageBody":"# Conflicts:\n#\tsrc/main/java/seedu/duke/command/AddModule.java\n#\tsrc/main/java/seedu/duke/command/DeleteModule.java\n","fileTypesAndContributionMap":{}},{"hash":"14ac81bbe2c7c68be2250048b95be0d8c32bc9c7","isMergeCommit":false,"messageTitle":"no message","messageBody":"","fileTypesAndContributionMap":{"functional-code":{"insertions":0,"deletions":38}}},{"hash":"de4d8de6f2aa6b34e1c3f2f2ff232b22d6fd4c56","isMergeCommit":false,"messageTitle":"updating local files","messageBody":"","fileTypesAndContributionMap":{"functional-code":{"insertions":43,"deletions":5}}}]},{"date":"2025-03-27","commitResults":[{"hash":"131f65c63fa2e430b84fd4d80d270626217aea50","isMergeCommit":false,"messageTitle":"added User and UserMod Classes - working on editting of addMod, and removeMod, will need to discuss planned vs taken mods","messageBody":"","fileTypesAndContributionMap":{"functional-code":{"insertions":209,"deletions":24}}},{"hash":"3d45a4f6350e2de96b239d91405d05d893d664a3","isMergeCommit":false,"messageTitle":"added features - have not added tests yet","messageBody":"","fileTypesAndContributionMap":{"functional-code":{"insertions":207,"deletions":172},"test-code":{"insertions":20,"deletions":0}}},{"hash":"12cf5b49fc59510cad9708aa3171688f6847dd33","isMergeCommit":false,"messageTitle":"added test cases for updated add and delete","messageBody":"","fileTypesAndContributionMap":{"functional-code":{"insertions":21,"deletions":1},"test-code":{"insertions":154,"deletions":87}}},{"hash":"a0898cddedd80f8e6f837667c9feb2ab1f1b56e8","isMergeCommit":false,"messageTitle":"minor edits for gradle","messageBody":"","fileTypesAndContributionMap":{"functional-code":{"insertions":114,"deletions":105},"test-code":{"insertions":29,"deletions":29}}},{"hash":"f98a07ee94c51d838b9c7f384723d8da15cd69d3","isMergeCommit":false,"messageTitle":"minor edits for gradle","messageBody":"","fileTypesAndContributionMap":{"functional-code":{"insertions":88,"deletions":88},"test-code":{"insertions":26,"deletions":25}}},{"hash":"83fcf88166c7b1a167665ebfe59f77b8d5699256","isMergeCommit":false,"messageTitle":"minor edits for gradle #3","messageBody":"","fileTypesAndContributionMap":{"functional-code":{"insertions":3,"deletions":2},"test-code":{"insertions":8,"deletions":8}}},{"hash":"12fefa6e11ef2304046b2ce0c8b8dc18e87970b6","isMergeCommit":false,"messageTitle":"added SU fucntionality - command \u003d /su","messageBody":"","fileTypesAndContributionMap":{"functional-code":{"insertions":47,"deletions":0}}},{"hash":"fce400436c91617c651cb43378ecad2e0ee174e3","isMergeCommit":false,"messageTitle":"Gradle bug fixing","messageBody":"","fileTypesAndContributionMap":{"functional-code":{"insertions":10,"deletions":10}}}]},{"date":"2025-03-28","commitResults":[{"hash":"38b076f87771decd88b83a4e771c590152166091","isMergeCommit":false,"messageTitle":"Added GPA funcitonality \u0026 Implement GPA calculator","messageBody":"","fileTypesAndContributionMap":{"functional-code":{"insertions":142,"deletions":34}}},{"hash":"7fde21916978b6ed342d05c931f73e3ae6e098e9","isMergeCommit":false,"messageTitle":"editted GPA calculation values","messageBody":"","fileTypesAndContributionMap":{"functional-code":{"insertions":8,"deletions":10}}},{"hash":"cbfdc4f18b0bf35b29f5a901f698d7dacff3ffc1","isMergeCommit":false,"messageTitle":"editted GPA calculation values","messageBody":"","fileTypesAndContributionMap":{"functional-code":{"insertions":13,"deletions":6}}},{"hash":"2cc5b7acd96821df0b14d247b2a01ce6b09cfd63","isMergeCommit":false,"messageTitle":"gradle fix","messageBody":"","fileTypesAndContributionMap":{"test-code":{"insertions":16,"deletions":1}}},{"hash":"141e9e96a16c8ec47150b7399ed62667dea37767","isMergeCommit":false,"messageTitle":"gradle fix","messageBody":"","fileTypesAndContributionMap":{"test-code":{"insertions":15,"deletions":15}}},{"hash":"39122d17062aca086fb8e835744792773c51d463","isMergeCommit":false,"messageTitle":"gradle fix","messageBody":"","fileTypesAndContributionMap":{"functional-code":{"insertions":3,"deletions":3},"test-code":{"insertions":1,"deletions":2}}}]},{"date":"2025-03-29","commitResults":[{"hash":"9ab0410fa8d187e1b9456d3490a7743ca5f938d1","isMergeCommit":false,"messageTitle":"bug fix for /grade and /view","messageBody":"","fileTypesAndContributionMap":{"functional-code":{"insertions":10,"deletions":3}}},{"hash":"0ef7c85a9c332c5d6a8b5888ddc3d6378e0bbf75","isMergeCommit":false,"messageTitle":"su print bug","messageBody":"","fileTypesAndContributionMap":{"functional-code":{"insertions":2,"deletions":3}}},{"hash":"7c38a5e6f3c3a3783e6cd79b34a3039c3442f97e","isMergeCommit":true,"messageTitle":"Merge pull request #65 from clj55/Prereq","messageBody":"Prereq","fileTypesAndContributionMap":{}}]},{"date":"2025-04-01","commitResults":[{"hash":"1633b4425b0ad2966159c38ec7adc7bee733068d","isMergeCommit":true,"messageTitle":"Merge pull request #74 from xmtan1/add_custom","messageBody":"LGTM!","fileTypesAndContributionMap":{}}]},{"date":"2025-04-02","commitResults":[{"hash":"c22f3321a7eccbeabef2552a7e4e16e747811dec","isMergeCommit":false,"messageTitle":"added DG template","messageBody":"","fileTypesAndContributionMap":{"docs":{"insertions":474,"deletions":102}}}]}]},"authorFileTypeContributionMap":{"clj55":{"docs":0,"functional-code":581,"test-code":244,"other":1},"thezerohour":{"docs":1,"functional-code":168,"test-code":1},"itsjoelha":{"docs":68,"functional-code":276,"test-code":89,"other":1},"xmtan1":{"docs":5,"functional-code":170,"test-code":136},"Jonathan2745":{"docs":444,"functional-code":605,"test-code":108}},"authorContributionVariance":{"clj55":29555.408,"thezerohour":614.41156,"itsjoelha":9206.908,"xmtan1":4914.4272,"Jonathan2745":80006.484},"authorDisplayNameMap":{"clj55":"CS2113-T11b-2 LEE ..AIRE","thezerohour":"CS2113-T11b-2 PIRA..NDER","itsjoelha":"CS2113-T11b-2 JOEL.. JUN","xmtan1":"CS2113-T11b-2 TAN ..NMIN","Jonathan2745":"CS2113-T11b-2 JONA.. JOE"}}
