{"authorDailyContributionsMap":{"clj55":[{"date":"2025-03-06","commitResults":[{"hash":"c61c88cdddb40edc675a649c665a2fb12ac5b686","isMergeCommit":false,"messageTitle":"add my details to AboutUs docs","messageBody":"","fileTypesAndContributionMap":{"docs":{"insertions":3,"deletions":7}}},{"hash":"6fa3cde2acdb347487bf81cfb6ed83d3630f11eb","isMergeCommit":true,"messageTitle":"Merge branch \u0027master\u0027 of https://github.com/AY2425S2-CS2113-T11b-2/tp into Claire-AboutUs","messageBody":"# Conflicts:\n#\tdocs/AboutUs.md\n","fileTypesAndContributionMap":{}},{"hash":"5e6d560c0a65ae86390ecae29cb36aad5468b33e","isMergeCommit":true,"messageTitle":"Merge pull request #5 from clj55/Claire-AboutUs","messageBody":"add my details to AboutUs docs","fileTypesAndContributionMap":{}},{"hash":"eab6597a4f8d9e8fec3935b0ed5527c9456475ba","isMergeCommit":true,"messageTitle":"Merge branch \u0027Claire-AboutUs\u0027","messageBody":"","fileTypesAndContributionMap":{}}]},{"date":"2025-03-17","commitResults":[{"hash":"0c5f99ce470131091e50606429b27aa4193ce027","isMergeCommit":false,"messageTitle":"Add assertions in Gradle","messageBody":"","fileTypesAndContributionMap":{"other":{"insertions":1,"deletions":0}}},{"hash":"0c4a2692ce39b5d114669df5737b063e8d792613","isMergeCommit":false,"messageTitle":"create Module Class","messageBody":"","fileTypesAndContributionMap":{"functional-code":{"insertions":31,"deletions":0}}},{"hash":"4afeb0555e81edd10170cb8542701fd0775a7723","isMergeCommit":false,"messageTitle":"create AddModule and ListModule functions","messageBody":"AddModule using ModCode, to be integrated with a function that finds the module in the database using the Module code to generate the Mod object\n","fileTypesAndContributionMap":{"functional-code":{"insertions":60,"deletions":9},"other":{"insertions":13,"deletions":2}}},{"hash":"f492c0e044d1c9a66e0d4266cdf463eb804d77b5","isMergeCommit":false,"messageTitle":"Create DeleteModule function","messageBody":"Deletes module based on modCode\n","fileTypesAndContributionMap":{"functional-code":{"insertions":43,"deletions":7}}}]},{"date":"2025-03-19","commitResults":[{"hash":"54a725a6f11aa43dc1c009a853552aaa70645052","isMergeCommit":true,"messageTitle":"Merge branch \u0027master\u0027 of https://github.com/AY2425S2-CS2113-T11b-2/tp","messageBody":"","fileTypesAndContributionMap":{}},{"hash":"fd3c53267dab905884623e6e4c3270d2b818d1c3","isMergeCommit":false,"messageTitle":"Add tests for Add and Delete fn","messageBody":"","fileTypesAndContributionMap":{"test-code":{"insertions":73,"deletions":0}}},{"hash":"d237c372951b1a48d87cbf340274572613928d1a","isMergeCommit":false,"messageTitle":"Specified command imports","messageBody":"","fileTypesAndContributionMap":{"functional-code":{"insertions":4,"deletions":1}}},{"hash":"5fab3f20d34247871f3c9fd8f9508a0980016340","isMergeCommit":false,"messageTitle":"Specified imports for Assertions","messageBody":"","fileTypesAndContributionMap":{"test-code":{"insertions":2,"deletions":1}}},{"hash":"df2c83900748343d8792adf5277c7c1e625d44ab","isMergeCommit":false,"messageTitle":"Fix error in test","messageBody":"","fileTypesAndContributionMap":{"test-code":{"insertions":1,"deletions":1}}},{"hash":"926271ce2193860be5be4aa57fa5ee260db91c9d","isMergeCommit":true,"messageTitle":"Merge pull request #19 from xmtan1/View_module","messageBody":"View module","fileTypesAndContributionMap":{}}]}],"thezerohour":[{"date":"2025-03-06","commitResults":[{"hash":"40caf29eeeee7a5d1c24bcf265d35a3c7afe27a2","isMergeCommit":false,"messageTitle":"update AboutUs.md","messageBody":"","fileTypesAndContributionMap":{"docs":{"insertions":3,"deletions":7}}},{"hash":"6eedfd26ccc5d604fb995c4f9e50c9b82994f465","isMergeCommit":true,"messageTitle":"Merge pull request #3 from thezerohour/PiraveenAlexander-AboutUs","messageBody":"update AboutUs.md","fileTypesAndContributionMap":{}}]},{"date":"2025-03-19","commitResults":[{"hash":"3e3ffbfdade5562915df2ed23f474536ab566dd7","isMergeCommit":true,"messageTitle":"Merge pull request #20 from clj55/JUnit-AddDeleteFn","messageBody":"JUnit Tests for AddModule \u0026 DeleteModule\n\nNOTE: CI failure being debugged in parallel","fileTypesAndContributionMap":{}},{"hash":"446fc9b959b609981d00621cb7b2a5c4be4c24d4","isMergeCommit":false,"messageTitle":"implemented Help command and fixed bugs","messageBody":"","fileTypesAndContributionMap":{"functional-code":{"insertions":22,"deletions":11}}}]}],"itsjoelha":[{"date":"2025-03-06","commitResults":[{"hash":"0d4e68ce761ff31c32ce2bf01fdba225b7ea7d39","isMergeCommit":false,"messageTitle":"Update Joel readme","messageBody":"","fileTypesAndContributionMap":{"docs":{"insertions":3,"deletions":7}}},{"hash":"07f4955e87b1a2e06d9bc0b1e7d3507f8ffef94d","isMergeCommit":true,"messageTitle":"Merge branch \u0027master\u0027 of https://github.com/AY2425S2-CS2113-T11b-2/tp","messageBody":"# Conflicts:\n#\tdocs/AboutUs.md\n","fileTypesAndContributionMap":{}},{"hash":"bad53648e8eac97434a1bbed442330b5a39dde72","isMergeCommit":true,"messageTitle":"Merge pull request #4 from itsjoelha/master","messageBody":"Update Joel readme","fileTypesAndContributionMap":{}}]},{"date":"2025-03-16","commitResults":[{"hash":"aeb38ca0ae064ce1ae700774c89dc1bc1a247772","isMergeCommit":false,"messageTitle":"Add command parser for user inputs","messageBody":"","fileTypesAndContributionMap":{"functional-code":{"insertions":13,"deletions":0}}},{"hash":"23fb0bb9ca93e43ba454a33c789761ec9e7dcd2f","isMergeCommit":false,"messageTitle":"Add command parser with template commands","messageBody":"","fileTypesAndContributionMap":{"functional-code":{"insertions":29,"deletions":0}}},{"hash":"7fdb4ba02c255f2460ad924a2dfc1b69fe22a4bf","isMergeCommit":false,"messageTitle":"Implement command parser with template commands","messageBody":"","fileTypesAndContributionMap":{"functional-code":{"insertions":1,"deletions":1}}},{"hash":"81e205d63e1748bad9ec8b311f2dc13bef64cf89","isMergeCommit":false,"messageTitle":"Add specialisation information in class","messageBody":"","fileTypesAndContributionMap":{"functional-code":{"insertions":113,"deletions":0}}}]},{"date":"2025-03-17","commitResults":[{"hash":"c81fb834e6801cdd18b38d8248d5ee355194bc5e","isMergeCommit":false,"messageTitle":"Improve readability with new line adjustments","messageBody":"","fileTypesAndContributionMap":{"functional-code":{"insertions":3,"deletions":5}}},{"hash":"8753971f8220548afa083658387ece21709f4c96","isMergeCommit":true,"messageTitle":"Merge pull request #12 from AY2425S2-CS2113-T11b-2/fix-commandparser","messageBody":"Add CommandParser class and detects input","fileTypesAndContributionMap":{}},{"hash":"c03bb84e19915b8d24721efece922c03238a7101","isMergeCommit":true,"messageTitle":"Merge pull request #13 from AY2425S2-CS2113-T11b-2/specialisation","messageBody":"Add /specialisation to view all specialisations","fileTypesAndContributionMap":{}},{"hash":"972bc3bcc262f04fc86d36525af45266e577d279","isMergeCommit":false,"messageTitle":"Fix specialisation command","messageBody":"","fileTypesAndContributionMap":{"functional-code":{"insertions":1,"deletions":1}}},{"hash":"a4a439e64d0baaf30100e0589e04b97b66f723f8","isMergeCommit":true,"messageTitle":"Merge pull request #15 from AY2425S2-CS2113-T11b-2/specialisation","messageBody":"Fix specialisation command","fileTypesAndContributionMap":{}},{"hash":"fc22334dba5fdd9d8e5510433cc2379c0f9749dd","isMergeCommit":true,"messageTitle":"Merge branch \u0027specialisation\u0027","messageBody":"* specialisation:\n  Fix specialisation command\n","fileTypesAndContributionMap":{}}]},{"date":"2025-03-18","commitResults":[{"hash":"ed4784325f71d7de3d459a441c9804446b9d05df","isMergeCommit":false,"messageTitle":"Update gradle","messageBody":"","fileTypesAndContributionMap":{"other":{"insertions":3,"deletions":2}}},{"hash":"c4a7b2d4f5eeea223f3ef63bdf16bc4268da99e9","isMergeCommit":true,"messageTitle":"Merge branch \u0027master\u0027 of https://github.com/AY2425S2-CS2113-T11b-2/tp","messageBody":"* \u0027master\u0027 of https://github.com/AY2425S2-CS2113-T11b-2/tp:\n","fileTypesAndContributionMap":{}},{"hash":"8d67274d370fad4f1702bc0bfdf246662f6acf59","isMergeCommit":false,"messageTitle":"Update gradle to restore","messageBody":"","fileTypesAndContributionMap":{"other":{"insertions":2,"deletions":3}}}]},{"date":"2025-03-19","commitResults":[{"hash":"9d56f040cc266b79daa428a7f6f1cb64233ada18","isMergeCommit":false,"messageTitle":"Fix specialisation line spacing","messageBody":"","fileTypesAndContributionMap":{"functional-code":{"insertions":3,"deletions":3}}},{"hash":"6f51aeb78f2e0efbe7f7c0d7328a925ceb62c79d","isMergeCommit":true,"messageTitle":"Merge pull request #17 from itsjoelha/fix-specialisation","messageBody":"Fix specialisation line spacing","fileTypesAndContributionMap":{}},{"hash":"90d69b3757e33249d4a1eb9f5a46e7a9f26e57de","isMergeCommit":false,"messageTitle":"Add try catch to commandparser","messageBody":"","fileTypesAndContributionMap":{"functional-code":{"insertions":10,"deletions":3}}},{"hash":"83764cf6903aa76a037fefbbde6f65a2f21b92f0","isMergeCommit":true,"messageTitle":"Merge pull request #18 from itsjoelha/fix-CommandParserException","messageBody":"Add try catch to commandparser","fileTypesAndContributionMap":{}},{"hash":"738c751497a573f580ad1cb1171e687fb11945ba","isMergeCommit":true,"messageTitle":"Merge branch \u0027fix-CommandParserException\u0027","messageBody":"* fix-CommandParserException:\n  Add try catch to commandparser\n  Fix specialisation line spacing\n","fileTypesAndContributionMap":{}},{"hash":"65159f6a08a8ef846bd9e337724ed6ad910cd384","isMergeCommit":true,"messageTitle":"Merge branch \u0027master\u0027 of https://github.com/AY2425S2-CS2113-T11b-2/tp","messageBody":"* \u0027master\u0027 of https://github.com/AY2425S2-CS2113-T11b-2/tp:\n  add more modules into mod_data\n  Fix error in test\n  Specified imports for Assertions\n  Specified command imports\n  Add tests for Add and Delete fn\n  add details function, integrate previous pull requests\n  add search for module function in data class\n  Create DeleteModule function\n  create AddModule and ListModule functions\n  create Module Class\n  Add assertions in Gradle\n","fileTypesAndContributionMap":{}},{"hash":"f02a2340539586cb8d33cc25d819189a022c8b33","isMergeCommit":false,"messageTitle":"Add JUnit Tests for CommandParser","messageBody":"","fileTypesAndContributionMap":{"test-code":{"insertions":28,"deletions":0}}}]}],"xmtan1":[{"date":"2025-03-06","commitResults":[{"hash":"d8fa0ac43c4c8aadba904e3d2cefdbc3e2351c0e","isMergeCommit":false,"messageTitle":"change name","messageBody":"","fileTypesAndContributionMap":{"docs":{"insertions":3,"deletions":7}}},{"hash":"c2e8c1abbcec80e03efc54e5445ae3b13c497579","isMergeCommit":true,"messageTitle":"Merge branch \u0027master\u0027 of https://github.com/AY2425S2-CS2113-T11b-2/tp into xinmin-AboutUs","messageBody":"# Conflicts:\n#\tdocs/AboutUs.md\n","fileTypesAndContributionMap":{}},{"hash":"af9ec62c611f15d28732c11db2f708dc23ef3e65","isMergeCommit":true,"messageTitle":"Merge pull request #7 from xmtan1/xinmin-AboutUs","messageBody":"xinmin tp change","fileTypesAndContributionMap":{}}]},{"date":"2025-03-19","commitResults":[{"hash":"b1006243ecdd79a9fc74ed52912d30830d5db9de","isMergeCommit":false,"messageTitle":"add search for module function in data class","messageBody":"","fileTypesAndContributionMap":{"functional-code":{"insertions":103,"deletions":2}}},{"hash":"bfeeb31c35f9f069815058935b57e476043596e7","isMergeCommit":true,"messageTitle":"Merge branch \u0027master\u0027 into View_module add add and delete functions, list of modules","messageBody":"","fileTypesAndContributionMap":{}},{"hash":"fcd9b35abe5b3a302b819dcabc4e103b7cfeaf36","isMergeCommit":false,"messageTitle":"add details function, integrate previous pull requests","messageBody":"","fileTypesAndContributionMap":{"functional-code":{"insertions":66,"deletions":96},"other":{"insertions":1,"deletions":1}}}]},{"date":"2025-03-21","commitResults":[{"hash":"402d891f1ace8d15f70e715ed3c19cd6c4c9ed2e","isMergeCommit":true,"messageTitle":"Merge pull request #29 from Jonathan2745/ViewGradRequirements","messageBody":"Gradle Bug Fixing","fileTypesAndContributionMap":{}}]}],"Jonathan2745":[{"date":"2025-03-06","commitResults":[{"hash":"50ce7d7edfac7fd94d8672629d3492557994ea5a","isMergeCommit":false,"messageTitle":"About Us","messageBody":"","fileTypesAndContributionMap":{"docs":{"insertions":4,"deletions":7}}},{"hash":"19a7cbd1af616e92d967ea52e8595ea20cc30392","isMergeCommit":true,"messageTitle":"Merge branch \u0027master\u0027 of https://github.com/AY2425S2-CS2113-T11b-2/tp into Jonathan-AboutUs","messageBody":"# Conflicts:\n#\tdocs/AboutUs.md\n","fileTypesAndContributionMap":{}},{"hash":"9aae6626c39abe3d2ab08d8e12f1548c472b0c00","isMergeCommit":true,"messageTitle":"Merge pull request #6 from Jonathan2745/Jonathan-AboutUs","messageBody":"Jonathan-About Us","fileTypesAndContributionMap":{}}]},{"date":"2025-03-19","commitResults":[{"hash":"981c6baeb408240608c18253d4dd1bc7b85274ee","isMergeCommit":true,"messageTitle":"Merge branch \u0027master\u0027 into Module","messageBody":"","fileTypesAndContributionMap":{}},{"hash":"e61369defb0cabc6e7d0f5c5faaade58e8b12f20","isMergeCommit":true,"messageTitle":"Merge pull request #14 from clj55/Module","messageBody":"Implement Add, Delete, List Module Functions","fileTypesAndContributionMap":{}}]},{"date":"2025-03-20","commitResults":[{"hash":"00fd6221edfd30ce66951c8ad5908e2cc990050d","isMergeCommit":true,"messageTitle":"Merge pull request #24 from itsjoelha/JUnit-CommandParser","messageBody":"Add JUnit Tests for CommandParser","fileTypesAndContributionMap":{}},{"hash":"d6bce1e0b9db3f7733b688c8642b19ecdc1a1167","isMergeCommit":true,"messageTitle":"Merge pull request #22 from thezerohour/master","messageBody":"implemented Help command and fixed bugs","fileTypesAndContributionMap":{}},{"hash":"2c710f68e40d16221284087d38b4b73184a529b7","isMergeCommit":false,"messageTitle":"Reccomended Schedule","messageBody":"","fileTypesAndContributionMap":{"functional-code":{"insertions":164,"deletions":20}}},{"hash":"c07bd4869473fd6b056c34c5fa5c5fa05f96fa79","isMergeCommit":true,"messageTitle":"Merge branch \u0027master\u0027 into ReccomendedSchedule","messageBody":"","fileTypesAndContributionMap":{}},{"hash":"3edbfe52f6f651e27e87371602be2290978be9e1","isMergeCommit":true,"messageTitle":"Implemented Reccomended Schedule","messageBody":"Implemented Reccomended Schedule","fileTypesAndContributionMap":{}},{"hash":"6822140451fb8467d8ad023f4509e72e01409638","isMergeCommit":false,"messageTitle":"Implemented View Graduation Requirements","messageBody":"","fileTypesAndContributionMap":{"functional-code":{"insertions":67,"deletions":0}}},{"hash":"05647699290df4b85de5bf6ba165916f9a9821bc","isMergeCommit":false,"messageTitle":"Gradle Checkes #1","messageBody":"","fileTypesAndContributionMap":{"functional-code":{"insertions":282,"deletions":33}}},{"hash":"cf2e0ff39d16116da926af887b67479fc973ce95","isMergeCommit":false,"messageTitle":"Gradle Checkes #2","messageBody":"","fileTypesAndContributionMap":{"functional-code":{"insertions":20,"deletions":47}}},{"hash":"eaf8b308230c414e95d8b28f053a895ba69cc068","isMergeCommit":false,"messageTitle":"Gradle Checkes #3","messageBody":"","fileTypesAndContributionMap":{"functional-code":{"insertions":6,"deletions":8},"test-code":{"insertions":4,"deletions":2}}},{"hash":"78db5738ee4b3148141b8bee3695a9df4fa1b52a","isMergeCommit":false,"messageTitle":"Gradle Checkes #3","messageBody":"","fileTypesAndContributionMap":{"functional-code":{"insertions":26,"deletions":5}}},{"hash":"56ccbe500b6b975d30c1c6a0294994f95d3e94c1","isMergeCommit":false,"messageTitle":"Gradle Checkes #5","messageBody":"","fileTypesAndContributionMap":{"functional-code":{"insertions":24,"deletions":24},"test-code":{"insertions":1,"deletions":2}}},{"hash":"ced239e8bc05a74d2d6fd743f32c2452441adcd4","isMergeCommit":false,"messageTitle":"Gradle Checkes #6","messageBody":"","fileTypesAndContributionMap":{"functional-code":{"insertions":18,"deletions":16}}},{"hash":"71d05d91d9ffefa6cd8ea0e4c6abaac32a355f31","isMergeCommit":false,"messageTitle":"Gradle Checkes #7","messageBody":"","fileTypesAndContributionMap":{"test-code":{"insertions":11,"deletions":3}}},{"hash":"2297a56b80baa21962d9adb16ab2c55788e6dbb2","isMergeCommit":false,"messageTitle":"Gradle Checkes #8","messageBody":"","fileTypesAndContributionMap":{"functional-code":{"insertions":5,"deletions":4}}},{"hash":"9c85bcc8670bfe331e2c1f583402e2151bf31033","isMergeCommit":false,"messageTitle":"Gradle Checkes #9","messageBody":"","fileTypesAndContributionMap":{"functional-code":{"insertions":5,"deletions":2}}},{"hash":"6ec1596a2a45c704c778b2553dd849f0bac618df","isMergeCommit":false,"messageTitle":"Gradle Checkes #10","messageBody":"","fileTypesAndContributionMap":{"functional-code":{"insertions":19,"deletions":10}}},{"hash":"1e461efbf4c2d465a660cb8becaaabf65ceeae99","isMergeCommit":false,"messageTitle":"Gradle Checkes #11","messageBody":"","fileTypesAndContributionMap":{"functional-code":{"insertions":1,"deletions":1}}},{"hash":"9d774d2c4d3a0b0ba5382d5dc620a01430d49b22","isMergeCommit":false,"messageTitle":"Gradle Checkes #12","messageBody":"","fileTypesAndContributionMap":{"functional-code":{"insertions":3,"deletions":3}}},{"hash":"6f5981773553ee917f1fd02f352c647a31490d67","isMergeCommit":false,"messageTitle":"Gradle Checkes #12","messageBody":"","fileTypesAndContributionMap":{"functional-code":{"insertions":4,"deletions":3}}},{"hash":"de96de755a703f5ea159d0ef85bb1ba7e3bd3399","isMergeCommit":false,"messageTitle":"Gradle Checkes #12","messageBody":"","fileTypesAndContributionMap":{"functional-code":{"insertions":3,"deletions":0}}},{"hash":"b8552ba9415803fe2e72a5712c56d0c9aa514df5","isMergeCommit":false,"messageTitle":"Gradle Checkes #13","messageBody":"","fileTypesAndContributionMap":{"functional-code":{"insertions":1,"deletions":1}}},{"hash":"c7008dc4abb10d161a5c5fa09ad57605fa0e9b4c","isMergeCommit":false,"messageTitle":"Gradle Checkes #14","messageBody":"","fileTypesAndContributionMap":{"functional-code":{"insertions":1,"deletions":1}}},{"hash":"4475ad1777316a3000105f242069dbc738042721","isMergeCommit":false,"messageTitle":"Gradle Checkes #15","messageBody":"","fileTypesAndContributionMap":{"functional-code":{"insertions":0,"deletions":2}}},{"hash":"5ef1b9cc19dda463a89e33deb8f66ccc40611eca","isMergeCommit":true,"messageTitle":"Merge pull request #28 from Jonathan2745/ViewGradRequirements","messageBody":"Implemented View Graduation Requirements","tags":["v1.0-beta","v1.0"],"fileTypesAndContributionMap":{}},{"hash":"c720f77e864a8ec96750a28092f2cd3589fa980a","isMergeCommit":false,"messageTitle":"Gradle #18","messageBody":"","fileTypesAndContributionMap":{"functional-code":{"insertions":1,"deletions":2}}},{"hash":"2595b9e048fd9465952f2219ff73073bb7e1c0ad","isMergeCommit":false,"messageTitle":"Gradle #22","messageBody":"","fileTypesAndContributionMap":{"functional-code":{"insertions":92,"deletions":14}}},{"hash":"47029e7a8d5ad4a2b2b30553cbf0e79bb67a6fbe","isMergeCommit":false,"messageTitle":"Gradle #23","messageBody":"","fileTypesAndContributionMap":{"functional-code":{"insertions":7,"deletions":4}}}]}]},"authorFileTypeContributionMap":{"clj55":{"docs":0,"functional-code":113,"test-code":70,"other":1},"thezerohour":{"docs":1,"functional-code":20,"test-code":0},"itsjoelha":{"docs":1,"functional-code":133,"test-code":26},"xmtan1":{"docs":5,"functional-code":70,"test-code":0},"Jonathan2745":{"docs":2,"functional-code":595,"test-code":15}},"authorContributionVariance":{"clj55":1111.4436,"thezerohour":38.801426,"itsjoelha":871.3744,"xmtan1":2406.0972,"Jonathan2745":31433.957},"authorDisplayNameMap":{"clj55":"CS2113-T11b-2 LEE ..AIRE","thezerohour":"CS2113-T11b-2 PIRA..NDER","itsjoelha":"CS2113-T11b-2 JOEL.. JUN","xmtan1":"CS2113-T11b-2 TAN ..NMIN","Jonathan2745":"CS2113-T11b-2 JONA.. JOE"}}
