{"authorDailyContributionsMap":{"xiaojielei":[{"date":"2025-03-19","commitResults":[{"hash":"fe0d0180b10bdf99a0d4a4e5fa5c03a5511ab4cb","isMergeCommit":false,"messageTitle":"Added an if statement in main to execute saving command; changed addsavings() and deleteSavings() in Saving class to update the summary when the saving information changes","messageBody":"","fileTypesAndContributionMap":{"functional-code":{"insertions":11,"deletions":4}}},{"hash":"a75f44b8a44267f629d5015ee93f6a799b97abeb","isMergeCommit":true,"messageTitle":"Merge remote-tracking branch \u0027origin/master\u0027","messageBody":"","fileTypesAndContributionMap":{}},{"hash":"2dd5ed972a5741aa62493aa5d98600d2f5e94712","isMergeCommit":false,"messageTitle":"Created Saving package which contains Saving class, updated help class","messageBody":"","fileTypesAndContributionMap":{"functional-code":{"insertions":206,"deletions":1}}}]}],"hannahtay":[{"date":"2025-03-06","commitResults":[{"hash":"76da30e9e316ba6baee29b7b35fbe7141dcb5648","isMergeCommit":false,"messageTitle":"Edit AboutUs to name","messageBody":"","fileTypesAndContributionMap":{"docs":{"insertions":3,"deletions":7}}},{"hash":"3f7279e765ec745eb1db7a631ae92a2af523082e","isMergeCommit":true,"messageTitle":"Merge branch \u0027master\u0027 of https://github.com/AY2425S2-CS2113-T11A-4/tp into Hannah-AboutUs","messageBody":"# Conflicts:\n#\tdocs/AboutUs.md\n","fileTypesAndContributionMap":{}},{"hash":"02fe237b4ee6a51ef889ce7a9a0332045999686d","isMergeCommit":true,"messageTitle":"Merge branch \u0027master\u0027 into Hannah-AboutUs","messageBody":"","fileTypesAndContributionMap":{}},{"hash":"da6a67c3847da5ab5f4fb5f01396833fc2b754e3","isMergeCommit":true,"messageTitle":"Merge pull request #4 from hannahtay/Hannah-AboutUs","messageBody":"Edit AboutUs to name","fileTypesAndContributionMap":{}}]},{"date":"2025-03-17","commitResults":[{"hash":"8b29d4d91bf0ad152ca07c60e3f90347c8679982","isMergeCommit":false,"messageTitle":"Add view, add, delete expenses","messageBody":"Edited the main to include the functions, added packages for expenses and commands\n","fileTypesAndContributionMap":{"functional-code":{"insertions":292,"deletions":6}}}]},{"date":"2025-03-18","commitResults":[{"hash":"a173e598d701a2399cb79e230161cc4207e39f3d","isMergeCommit":false,"messageTitle":"Edit style","messageBody":"","fileTypesAndContributionMap":{"functional-code":{"insertions":3,"deletions":4}}},{"hash":"52799279246a35b3d97904b3156b2096cae56ad9","isMergeCommit":false,"messageTitle":"Add test in txt file","messageBody":"","fileTypesAndContributionMap":{"functional-code":{"insertions":1,"deletions":1}}},{"hash":"427967ff1c33baf6be1c0c5f998673a439aaeaeb","isMergeCommit":true,"messageTitle":"Merge branch \u0027master\u0027 into Branch-Expense-1","messageBody":"","fileTypesAndContributionMap":{}},{"hash":"dd4118a98b7291e2535341d3c31d888703d0afc8","isMergeCommit":false,"messageTitle":"Resolve conflicts","messageBody":"","fileTypesAndContributionMap":{"functional-code":{"insertions":4,"deletions":0}}},{"hash":"d116fcbed0287daf9e4a37974ab687437fb6fef7","isMergeCommit":true,"messageTitle":"Merge branch \u0027Branch-Expense-1\u0027 of https://github.com/hannahtay/tp into Branch-Expense-1","messageBody":"","fileTypesAndContributionMap":{}},{"hash":"12797e23cb3e905f85a31304d01c3f9171fa381e","isMergeCommit":false,"messageTitle":"no message","messageBody":"","fileTypesAndContributionMap":{"other":{"insertions":0,"deletions":1}}},{"hash":"c9bb340a1ca185943972a675e283e5707fc32a27","isMergeCommit":false,"messageTitle":"Edit typos","messageBody":"","fileTypesAndContributionMap":{"functional-code":{"insertions":3,"deletions":3}}},{"hash":"1bf93696dbfa7944acce2c5756d4f678bb14bc2a","isMergeCommit":false,"messageTitle":"Comment out main","messageBody":"","fileTypesAndContributionMap":{"functional-code":{"insertions":17,"deletions":17}}},{"hash":"e598d1ecc213c78e10f1348263be3431c566bd5c","isMergeCommit":false,"messageTitle":"Uncomment main","messageBody":"","fileTypesAndContributionMap":{"functional-code":{"insertions":17,"deletions":17}}},{"hash":"eaab4770df11da6d9332ecdc5084f47d594e1534","isMergeCommit":true,"messageTitle":"Merge pull request #16 from hannahtay/Branch-Expense-1","messageBody":"Add view, add, delete expenses","fileTypesAndContributionMap":{}}]},{"date":"2025-03-19","commitResults":[{"hash":"57f163a0a8052d26527127f543b82a4208622dfe","isMergeCommit":false,"messageTitle":"Edit view expense command","messageBody":"Now able to view expense, previously expenses were not added to the list correctly\n","fileTypesAndContributionMap":{"functional-code":{"insertions":61,"deletions":14}}},{"hash":"b8450dda51b7f5398a3ae8b98dfe3d8518ff0a07","isMergeCommit":false,"messageTitle":"Edit checkstyle","messageBody":"","fileTypesAndContributionMap":{"functional-code":{"insertions":5,"deletions":5}}},{"hash":"7d872bf78796cd37054bdf681fbfc55c36e215ad","isMergeCommit":false,"messageTitle":"Edit checkstyle","messageBody":"","fileTypesAndContributionMap":{"functional-code":{"insertions":3,"deletions":1}}},{"hash":"9fd79affc34279ddf500030d6e2b654b9af158d1","isMergeCommit":false,"messageTitle":"Edit delete command","messageBody":"","fileTypesAndContributionMap":{"functional-code":{"insertions":4,"deletions":1}}},{"hash":"eda73d85fb855ab1ce3924ce1797675a92829947","isMergeCommit":true,"messageTitle":"Merge pull request #29 from hannahtay/Branch-Week9","messageBody":"Edit view and delete expense","tags":["v1.0"],"fileTypesAndContributionMap":{}},{"hash":"ac4d14c650d99b07fef510874f13c9d063236052","isMergeCommit":true,"messageTitle":"Merge branch \u0027master\u0027 of https://github.com/AY2425S2-CS2113-T11A-4/tp","messageBody":"# Conflicts:\n#\ttext-ui-test/EXPECTED.TXT\n","fileTypesAndContributionMap":{}}]},{"date":"2025-03-20","commitResults":[{"hash":"660200c879a8c2765ab24e3e0955d61e75f47fac","isMergeCommit":false,"messageTitle":"Add JUnit tests for expense commands","messageBody":"Add/delete/view expense tests added\n","fileTypesAndContributionMap":{"test-code":{"insertions":137,"deletions":0}}},{"hash":"553450ae27287b089dd5e2a4c249c41547024297","isMergeCommit":false,"messageTitle":"Edit checkstyle","messageBody":"","fileTypesAndContributionMap":{"test-code":{"insertions":0,"deletions":3}}},{"hash":"d57a092d36d9c50ab8d0ba870f3586cd51056248","isMergeCommit":true,"messageTitle":"Merge pull request #30 from hannahtay/Branch-JUnit1","messageBody":"Merge branch JUnit Tests","fileTypesAndContributionMap":{}}]},{"date":"2025-03-23","commitResults":[{"hash":"d5d79ed60201f02d756334578081a76094c517b1","isMergeCommit":false,"messageTitle":"Add JavaDoc","messageBody":"","fileTypesAndContributionMap":{"functional-code":{"insertions":106,"deletions":3}}}]},{"date":"2025-03-24","commitResults":[{"hash":"7ebc9971c6fd43d2ba2e2c91f3ee5c6c183a87fc","isMergeCommit":true,"messageTitle":"Merge pull request #38 from hannahtay/Branch-JavaDoc","messageBody":"Add JavaDoc","fileTypesAndContributionMap":{}}]}],"Yshinprograms":[{"date":"2025-03-03","commitResults":[{"hash":"b1cc0256c1a95b2e889c86b1f35ad5b53d131651","isMergeCommit":false,"messageTitle":"Updated \"Duke\" to \"Common Cents\" in docs/README.md","messageBody":"","fileTypesAndContributionMap":{"docs":{"insertions":1,"deletions":1}}},{"hash":"978ed707d332fadc88ef5503deb67b9809f13b9d","isMergeCommit":true,"messageTitle":"Merge pull request #1 from Yshinprograms/master","messageBody":"Updated \"Duke\" to \"Common Cents\" in docs/README.md","fileTypesAndContributionMap":{}}]},{"date":"2025-03-06","commitResults":[{"hash":"963ab7c09daecc5c96be2cbfdcf17acf506034d7","isMergeCommit":false,"messageTitle":"Changed name in AboutUs.md","messageBody":"","fileTypesAndContributionMap":{"docs":{"insertions":3,"deletions":7}}},{"hash":"7a760785ecc8a49340cc92869d53fb4341ce40af","isMergeCommit":true,"messageTitle":"Merge pull request #2 from Yshinprograms/yongshin-AboutUs","messageBody":"Changed name in AboutUs.md","fileTypesAndContributionMap":{}}]},{"date":"2025-03-14","commitResults":[{"hash":"dc9b93dc2f876093c717df877d3e4fc8163b9d05","isMergeCommit":false,"messageTitle":"Added Summary and Help feature with junit tests","messageBody":"- Implemented Summary class:\n    - Added methods for adding and removing income, expenses, and savings.\n    - Implemented on-demand balance calculation (getTotalBalance).\n    - Added custom BudgetTrackerException.\n- Created UI classes:\n    - HelpDisplay: Generates and displays formatted help text for commands.\n    - SummaryDisplay: Formats and displays the financial summary.\n- Added JUnit tests:\n    - Created SummaryTest with comprehensive tests for all Summary methods.\n    - Created SummaryDisplayTest to verify output formatting.\n","fileTypesAndContributionMap":{"functional-code":{"insertions":337,"deletions":21},"other":{"insertions":2,"deletions":2},"test-code":{"insertions":380,"deletions":0}}},{"hash":"c120f1b1e0aeb5a22d0168085234da21f87137a0","isMergeCommit":true,"messageTitle":"Merge branch \u0027branch-Summary\u0027","messageBody":"","fileTypesAndContributionMap":{}},{"hash":"b6231e447a1e51e9e52bccfe2803c18f5e07ed00","isMergeCommit":false,"messageTitle":"Minor style edits for checkstyle tests","messageBody":"","fileTypesAndContributionMap":{"functional-code":{"insertions":2,"deletions":18},"test-code":{"insertions":3,"deletions":3}}},{"hash":"26948722956209bd7f442b21aa9854a8e537fa1e","isMergeCommit":false,"messageTitle":"Renamed packages back to seedu.duke","messageBody":"","fileTypesAndContributionMap":{"other":{"insertions":4,"deletions":4}}},{"hash":"dd3f43b188835cc0cff5a2c2733cc87f72da383d","isMergeCommit":false,"messageTitle":"Readded Duke file","messageBody":"","fileTypesAndContributionMap":{"functional-code":{"insertions":11,"deletions":7}}}]},{"date":"2025-03-16","commitResults":[{"hash":"c607e805177713e003dbf0f5beffb609dbde1f32","isMergeCommit":true,"messageTitle":"Merge pull request #7 from Yshinprograms/master","messageBody":"Added Summary and Help functions","fileTypesAndContributionMap":{}}]},{"date":"2025-03-18","commitResults":[{"hash":"7e3f49077b76be654da0ea391f4b6ffd28a87570","isMergeCommit":false,"messageTitle":"Added some gradle configs","messageBody":"- EXPECTED.TXT\n- Gradle SDK version\n- Added assertion capabilities\n","fileTypesAndContributionMap":{"functional-code":{"insertions":2,"deletions":0},"other":{"insertions":1,"deletions":0}}},{"hash":"e5e660127c91e77294039238a46a9a20f09d4069","isMergeCommit":true,"messageTitle":"Merge pull request #26 from Yshinprograms/branch-GradleConfig","messageBody":"Added some gradle configs","fileTypesAndContributionMap":{}},{"hash":"292cd3992e093cb385a188cce6702f56017dd5d0","isMergeCommit":true,"messageTitle":"Merge branch \u0027branch-GradleConfig\u0027","messageBody":"","fileTypesAndContributionMap":{}}]},{"date":"2025-03-19","commitResults":[{"hash":"07230d06bc1d8b20e550b932bcc5af7024c27b7f","isMergeCommit":true,"messageTitle":"Merge branch \u0027master\u0027 of https://github.com/AY2425S2-CS2113-T11A-4/tp","messageBody":"","fileTypesAndContributionMap":{}},{"hash":"85ad78df472862eb789ccce4de39b3fb58ab0c80","isMergeCommit":true,"messageTitle":"Merge branch \u0027master\u0027 of https://github.com/xiaojielei/tp into branch-Jielei","messageBody":"","fileTypesAndContributionMap":{}},{"hash":"107f1a293241884ab6700a2e91214117b807f4de","isMergeCommit":false,"messageTitle":"Add Summary commands in help UI","messageBody":"","fileTypesAndContributionMap":{"functional-code":{"insertions":7,"deletions":2}}},{"hash":"9f3671e2dc0afdbde73e06fd1302d5d198fba9d5","isMergeCommit":false,"messageTitle":"Fixed Summary class usage with other testing","messageBody":"**Core Logic Enhancements (Summary.java):**\n\n- **Refactored financial calculations for accuracy and safety:**\n    - Introduced `getAvailableFunds()` method to calculate available funds as `income - expenses`.\n    - Modified `getTotalBalance()` to accurately reflect available funds after subtracting savings, utilizing `getAvailableFunds()`.\n    - Updated `addExpense()` to validate against `getTotalBalance()` ensuring expenses do not exceed available balance.\n    - Enhanced `removeIncome()` to prevent negative balances by considering existing expenses and savings.\n    - Modified `addSavings()` to utilize `getAvailableFunds()` for accurate savings calculations.\n- **Improved error messaging:** Enhanced error messages to provide more specific balance information, improving user feedback.\n- **Prevented negative balances:** Implemented logic to prevent financial operations that would result in negative balances, ensuring financial integrity.\n\n**Display Improvements (SummaryDisplay.java):**\n\n- **Updated summary display for clarity:**\n    - Modified `displaySummary()` to use `getAvailableFunds()` for the \"Available Balance\" label, providing a more accurate and relevant financial overview to the user.\n- **Maintained backward compatibility:** Ensured changes are backward compatible with existing test assumptions, minimizing disruption.\n\n**Test Coverage Expansion (SummaryTest.java):**\n\n- **Comprehensive testing of financial methods:**\n    - Added tests for `getTotalBalance()` covering various scenarios with income, expenses, and savings combinations.\n    - Added tests for `removeIncome()` to validate behavior with existing expenses and savings, ensuring financial integrity under different conditions.\n    - Added tests for `addExpense()` to verify handling of exact and exceeded available funds, ensuring balance constraints are enforced.\n    - Added tests for `addSavings()` to confirm correct operation with exact available funds.\n- **Code cleanup:** Removed redundant comments to improve code readability and maintainability.\n\n**UI Testing Improvements (text-ui-test directory):**\n\n- **Expanded UI test cases for comprehensive coverage:**\n    - Updated `input.txt` with comprehensive test cases covering:\n        - Adding, viewing, and deleting income entries.\n        - Adding, viewing, and deleting expense entries.\n        - Adding and viewing savings.\n        - Viewing summary at different stages of financial management.\n- **Updated expected output for new test cases:**\n    - Updated `EXPECTED.TXT` to align with the expected output from the expanded test cases, ensuring accurate validation of UI behavior.\n\n**Technical Details:**\n\n- **Method Reuse:** Improved code maintainability by refactoring and reusing methods for financial calculations, reducing redundancy.\n- **Fixed Test Expectations:** Corrected test case expectations to accurately validate financial constraints and newly implemented logic.\n- **Consistent UI:** Ensured consistent UI display across the application by aligning the summary output with the refined financial logic.\n","fileTypesAndContributionMap":{"functional-code":{"insertions":262,"deletions":103},"test-code":{"insertions":76,"deletions":10}}},{"hash":"f80c7149497420915c2e465d7a92750f175c6884","isMergeCommit":false,"messageTitle":"Fix checkstyle issues","messageBody":"","fileTypesAndContributionMap":{"functional-code":{"insertions":7,"deletions":5},"test-code":{"insertions":0,"deletions":228}}},{"hash":"51e9f9ad0000d5520e0c5b0208dbff1c38a65854","isMergeCommit":true,"messageTitle":"Merge pull request #27 from Yshinprograms/branch-Jielei","messageBody":"**Core Logic Enhancements (Summary.java):**\n\n- **Refactored financial calculations for accuracy and safety:**\n    - Introduced `getAvailableFunds()` method to calculate available funds as `income - expenses`.\n    - Modified `getTotalBalance()` to accurately reflect available funds after subtracting savings, utilizing `getAvailableFunds()`.\n    - Updated `addExpense()` to validate against `getTotalBalance()` ensuring expenses do not exceed available balance.\n    - Enhanced `removeIncome()` to prevent negative balances by considering existing expenses and savings.\n    - Modified `addSavings()` to utilize `getAvailableFunds()` for accurate savings calculations.\n- **Improved error messaging:** Enhanced error messages to provide more specific balance information, improving user feedback.\n- **Prevented negative balances:** Implemented logic to prevent financial operations that would result in negative balances, ensuring financial integrity.\n\n**Display Improvements (SummaryDisplay.java):**\n\n- **Updated summary display for clarity:**\n    - Modified `displaySummary()` to use `getAvailableFunds()` for the \"Available Balance\" label, providing a more accurate and relevant financial overview to the user.\n- **Maintained backward compatibility:** Ensured changes are backward compatible with existing test assumptions, minimizing disruption.\n\n**Test Coverage Expansion (SummaryTest.java):**\n\n- **Comprehensive testing of financial methods:**\n    - Added tests for `getTotalBalance()` covering various scenarios with income, expenses, and savings combinations.\n    - Added tests for `removeIncome()` to validate behavior with existing expenses and savings, ensuring financial integrity under different conditions.\n    - Added tests for `addExpense()` to verify handling of exact and exceeded available funds, ensuring balance constraints are enforced.\n    - Added tests for `addSavings()` to confirm correct operation with exact available funds.\n- **Code cleanup:** Removed redundant comments to improve code readability and maintainability.\n\n**UI Testing Improvements (text-ui-test directory):**\n\n- **Expanded UI test cases for comprehensive coverage:**\n    - Updated `input.txt` with comprehensive test cases covering:\n        - Adding, viewing, and deleting income entries.\n        - Adding, viewing, and deleting expense entries.\n        - Adding and viewing savings.\n        - Viewing summary at different stages of financial management.\n- **Updated expected output for new test cases:**\n    - Updated `EXPECTED.TXT` to align with the expected output from the expanded test cases, ensuring accurate validation of UI behavior.\n\n**Technical Details:**\n\n- **Method Reuse:** Improved code maintainability by refactoring and reusing methods for financial calculations, reducing redundancy.\n- **Fixed Test Expectations:** Corrected test case expectations to accurately validate financial constraints and newly implemented logic.\n- **Consistent UI:** Ensured consistent UI display across the application by aligning the summary output with the refined financial logic.","fileTypesAndContributionMap":{}}]},{"date":"2025-03-22","commitResults":[{"hash":"718d1f959aa905255a1f1e311d020b2a6a342aac","isMergeCommit":false,"messageTitle":"Add additional defensive measure","messageBody":"","fileTypesAndContributionMap":{"functional-code":{"insertions":18,"deletions":25},"test-code":{"insertions":9,"deletions":12}}}]},{"date":"2025-03-23","commitResults":[{"hash":"396c36ef032f5c80a80eeb4bfa9a93fb90d0fd79","isMergeCommit":false,"messageTitle":"Updated text-ui-test","messageBody":"","fileTypesAndContributionMap":{"functional-code":{"insertions":0,"deletions":1}}},{"hash":"13bd5016c025ca24d4b3772482e120891402f13b","isMergeCommit":false,"messageTitle":"Added Alerts class","messageBody":"- Added observer pattern for alerts class to update whenever the summary class gets an update in income or expenses\n- Interface for FundsAlert to implement the observer pattern\n","fileTypesAndContributionMap":{"functional-code":{"insertions":208,"deletions":15}}},{"hash":"eac7a58588187b2456a495f2262353fec8b90f0f","isMergeCommit":false,"messageTitle":"Updated Alert class to use Command abstract class","messageBody":"- Created AlertParser in line with other implemented features\n- Duke now handles the \"set alert\" command in a similar manner to the other commands\n","fileTypesAndContributionMap":{"functional-code":{"insertions":104,"deletions":21}}},{"hash":"5f4660741f66b4fa7f0183c1ca756303fa910c20","isMergeCommit":false,"messageTitle":"Added FundsAlertTest","messageBody":"","fileTypesAndContributionMap":{"functional-code":{"insertions":1,"deletions":4},"test-code":{"insertions":101,"deletions":5}}},{"hash":"571b6825272c3da6dcf4ff44f4a28e3607a5ab2a","isMergeCommit":false,"messageTitle":"Minor edits to alert parameters","messageBody":"","fileTypesAndContributionMap":{"functional-code":{"insertions":20,"deletions":18},"test-code":{"insertions":6,"deletions":6}}},{"hash":"f673d2deca676ce8924810aa87306feaed1f3ed4","isMergeCommit":false,"messageTitle":"Refactored the program entry point","messageBody":"","fileTypesAndContributionMap":{"functional-code":{"insertions":41,"deletions":18}}},{"hash":"fa9e6b34eaa5c37b59c7e790c21b190e92dd44cd","isMergeCommit":true,"messageTitle":"Merge branch \u0027branch-Defensive\u0027 into branch-Alerts","messageBody":"","fileTypesAndContributionMap":{}},{"hash":"7e9f0004dbca88ec879243c52117a181f814ada7","isMergeCommit":false,"messageTitle":"Added UG and DG updates for Summary, HelpDisplay \u0026 FundsAlert","messageBody":"","fileTypesAndContributionMap":{"functional-code":{"insertions":1,"deletions":1},"docs":{"insertions":594,"deletions":25}}}]},{"date":"2025-03-24","commitResults":[{"hash":"0932e14fe2299e4793e3fbe1b6e32f8efbdb9c6b","isMergeCommit":true,"messageTitle":"Merge pull request #34 from Yshinprograms/branch-Alerts","messageBody":"Added FundsAlert class","fileTypesAndContributionMap":{}}]}],"teokj":[{"date":"2025-03-06","commitResults":[{"hash":"a74b875f798f153d0f8b795df64a7e3e68c9be97","isMergeCommit":false,"messageTitle":"Updated docs.AboutUs.md","messageBody":"","fileTypesAndContributionMap":{"docs":{"insertions":4,"deletions":7}}},{"hash":"c9452df45d8b946c64c501d6a5f5c5867fe19227","isMergeCommit":true,"messageTitle":"Merge branch \u0027master\u0027 of https://github.com/AY2425S2-CS2113-T11A-4/tp into teokj-AboutUs","messageBody":"","fileTypesAndContributionMap":{}},{"hash":"0bd388d4011a82d7adacad869bb6f84f360715a7","isMergeCommit":true,"messageTitle":"Merge pull request #3 from teokj/teokj-AboutUs","messageBody":"Updated docs.AboutUs.md","fileTypesAndContributionMap":{}}]},{"date":"2025-03-18","commitResults":[{"hash":"df4655528426af4de9eafdb0a06d95bb4556b1ca","isMergeCommit":false,"messageTitle":"Add income feature: Implement add income command","messageBody":"- Implemented functionality to add income entries.\n- Accepts income amount and source as input from the user.\n- Updates the income list for display after addition.\n\nDelete income feature: Implement delete income command\n\n- Implemented functionality to delete an income entry.\n- Removes the specified income entry from the data storage.\n- Ensures income list is updated after deletion.\n\nList income feature: Implement list income command\n\n- Implemented functionality to list all income entries.\n- Displays income entries in the correct order and formats.\n- Provides a clear summary of all added income.\n\nAdd welcome message for income tracker\n\n- Displayed a welcome message upon program startup.\n\nAdd exit message for income tracker\n\nDisplayed a farewell message when the user exits the income tracker.\n\nAdd JUnit tests for income tracking commands\n\n- Added unit tests for the add, delete, and list income commands.\n- Ensures correct behavior of income operations and output format.\n- Validates edge cases like invalid input and no income entries.\n","fileTypesAndContributionMap":{"functional-code":{"insertions":236,"deletions":0},"test-code":{"insertions":140,"deletions":0}}},{"hash":"be82bc4380d3550cc2d6f0643a7c10d1c7d832da","isMergeCommit":false,"messageTitle":"Fixed checksum problems in jtest income files","messageBody":"","fileTypesAndContributionMap":{"functional-code":{"insertions":0,"deletions":3},"test-code":{"insertions":7,"deletions":7}}}]},{"date":"2025-03-19","commitResults":[{"hash":"32d9c8155d90ad5ffbf2addbea1420b7dd29c04f","isMergeCommit":true,"messageTitle":"Merge branch \u0027master\u0027 of https://github.com/AY2425S2-CS2113-T11A-4/tp into branch-Income","messageBody":"Added IncomeParser and IncomeCommand classes\n","fileTypesAndContributionMap":{}},{"hash":"e01eb11522a732a6abfbe8d067b8d3eb95c0abcd","isMergeCommit":false,"messageTitle":"Shortened some lines in IncomeParser and DeleteIncomeCommandTest to be lower than 120 characters","messageBody":"","fileTypesAndContributionMap":{"functional-code":{"insertions":4,"deletions":2},"test-code":{"insertions":5,"deletions":5}}},{"hash":"74572ecc5f4421d13b795d8d0f52d951a1b862b1","isMergeCommit":false,"messageTitle":"Modified Duke.java to output help and summary functions when input help, and changed EXPECTED.TXT to match output","messageBody":"","fileTypesAndContributionMap":{"functional-code":{"insertions":5,"deletions":4}}},{"hash":"540a32d3fb445b8a733328833b35970234302d88","isMergeCommit":false,"messageTitle":"Ensure scanner checks for user input before reading it, modified input.txt to match EXPECTED.TXT and changed ACTUAL.TXT to input.txt in runtest.sh","messageBody":"","fileTypesAndContributionMap":{"functional-code":{"insertions":48,"deletions":41},"other":{"insertions":2,"deletions":2}}},{"hash":"ee91e7d28adbdc9959f8027542df31ace2820d44","isMergeCommit":false,"messageTitle":"added a newline at end of input.txt, and switched back input.txt to ACTUAL.TXT on runtest.sh","messageBody":"","fileTypesAndContributionMap":{"other":{"insertions":2,"deletions":2}}},{"hash":"a2da6e941cc45f32463e481ccea82041b712cb86","isMergeCommit":false,"messageTitle":"edited ACTUAL.txt to ACTUAL.TXT","messageBody":"","fileTypesAndContributionMap":{"other":{"insertions":2,"deletions":2}}},{"hash":"f867a545a4eec758122a86065a259fa8b644da4f","isMergeCommit":false,"messageTitle":"Added an bye to allow program termination","messageBody":"","fileTypesAndContributionMap":{"functional-code":{"insertions":8,"deletions":10}}},{"hash":"625f79be20e22622b944dc0edc4bd617fd36ef3a","isMergeCommit":false,"messageTitle":"removed star import","messageBody":"","fileTypesAndContributionMap":{"functional-code":{"insertions":5,"deletions":1}}},{"hash":"3b3e2c88fc3e63a26313277fc30678d34f9de48d","isMergeCommit":true,"messageTitle":"Merge pull request #25 from teokj/branch-Income","messageBody":"Add add, delete, list income features with jtests, welcome and exit message","fileTypesAndContributionMap":{}}]}]},"authorFileTypeContributionMap":{"xiaojielei":{"docs":0,"functional-code":203,"test-code":0},"hannahtay":{"docs":3,"functional-code":423,"test-code":134},"Yshinprograms":{"docs":596,"functional-code":817,"test-code":312,"other":1},"teokj":{"docs":1,"functional-code":351,"test-code":156}},"authorContributionVariance":{"xiaojielei":1491.9961,"hannahtay":3746.8347,"Yshinprograms":71943.04,"teokj":5233.714},"authorDisplayNameMap":{"xiaojielei":"CS2113-T11a-4 XIAO..ELEI","hannahtay":"CS2113-T11a-4 HANN.. HEE","Yshinprograms":"CS2113-T11a-4 TAN ..SHIN","teokj":"CS2113-T11a-4 TEO .. JER"}}
