{"repoSenseVersion":"4b88cb5fb7","reportGeneratedTime":"Thu, 20 Mar 2025 20:17:46 UTC+08:00","reportGenerationTime":" 8.31 second(s)","zoneId":"UTC+08:00","reportTitle":"CS2113 tP Code Dashboard","repos":[{"location":{"location":"https://github.com/AY2425S2-CS2113-W11-1/tp.git","repoName":"tp","organization":"AY2425S2-CS2113-W11-1","domainName":"github"},"branch":"master","displayName":"AY2425S2-CS2113-W11-1/tp[master]","outputFolderName":"AY2425S2-CS2113-W11-1_tp_master","sinceDate":"2025-02-21","untilDate":"2025-03-20"},{"location":{"location":"https://github.com/AY2425S2-CS2113-W11-2/tp.git","repoName":"tp","organization":"AY2425S2-CS2113-W11-2","domainName":"github"},"branch":"master","displayName":"AY2425S2-CS2113-W11-2/tp[master]","outputFolderName":"AY2425S2-CS2113-W11-2_tp_master","sinceDate":"2025-02-21","untilDate":"2025-03-20"},{"location":{"location":"https://github.com/AY2425S2-CS2113-W11-3/tp.git","repoName":"tp","organization":"AY2425S2-CS2113-W11-3","domainName":"github"},"branch":"master","displayName":"AY2425S2-CS2113-W11-3/tp[master]","outputFolderName":"AY2425S2-CS2113-W11-3_tp_master","sinceDate":"2025-02-21","untilDate":"2025-03-20"},{"location":{"location":"https://github.com/AY2425S2-CS2113-W11-4/tp.git","repoName":"tp","organization":"AY2425S2-CS2113-W11-4","domainName":"github"},"branch":"master","displayName":"AY2425S2-CS2113-W11-4/tp[master]","outputFolderName":"AY2425S2-CS2113-W11-4_tp_master","sinceDate":"2025-02-21","untilDate":"2025-03-20"},{"location":{"location":"https://github.com/AY2425S2-CS2113-W12-1/tp.git","repoName":"tp","organization":"AY2425S2-CS2113-W12-1","domainName":"github"},"branch":"master","displayName":"AY2425S2-CS2113-W12-1/tp[master]","outputFolderName":"AY2425S2-CS2113-W12-1_tp_master","sinceDate":"2025-02-21","untilDate":"2025-03-20"},{"location":{"location":"https://github.com/AY2425S2-CS2113-W12-2/tp.git","repoName":"tp","organization":"AY2425S2-CS2113-W12-2","domainName":"github"},"branch":"master","displayName":"AY2425S2-CS2113-W12-2/tp[master]","outputFolderName":"AY2425S2-CS2113-W12-2_tp_master","sinceDate":"2025-02-21","untilDate":"2025-03-20"},{"location":{"location":"https://github.com/AY2425S2-CS2113-W12-3/tp.git","repoName":"tp","organization":"AY2425S2-CS2113-W12-3","domainName":"github"},"branch":"master","displayName":"AY2425S2-CS2113-W12-3/tp[master]","outputFolderName":"AY2425S2-CS2113-W12-3_tp_master","sinceDate":"2025-02-21","untilDate":"2025-03-20"},{"location":{"location":"https://github.com/AY2425S2-CS2113-W12-4/tp.git","repoName":"tp","organization":"AY2425S2-CS2113-W12-4","domainName":"github"},"branch":"master","displayName":"AY2425S2-CS2113-W12-4/tp[master]","outputFolderName":"AY2425S2-CS2113-W12-4_tp_master","sinceDate":"2025-02-21","untilDate":"2025-03-20"},{"location":{"location":"https://github.com/AY2425S2-CS2113-W13-1/tp.git","repoName":"tp","organization":"AY2425S2-CS2113-W13-1","domainName":"github"},"branch":"master","displayName":"AY2425S2-CS2113-W13-1/tp[master]","outputFolderName":"AY2425S2-CS2113-W13-1_tp_master","sinceDate":"2025-02-21","untilDate":"2025-03-20"},{"location":{"location":"https://github.com/AY2425S2-CS2113-W13-2/tp.git","repoName":"tp","organization":"AY2425S2-CS2113-W13-2","domainName":"github"},"branch":"master","displayName":"AY2425S2-CS2113-W13-2/tp[master]","outputFolderName":"AY2425S2-CS2113-W13-2_tp_master","sinceDate":"2025-02-21","untilDate":"2025-03-20"},{"location":{"location":"https://github.com/AY2425S2-CS2113-W13-3/tp.git","repoName":"tp","organization":"AY2425S2-CS2113-W13-3","domainName":"github"},"branch":"master","displayName":"AY2425S2-CS2113-W13-3/tp[master]","outputFolderName":"AY2425S2-CS2113-W13-3_tp_master","sinceDate":"2025-02-21","untilDate":"2025-03-20"},{"location":{"location":"https://github.com/AY2425S2-CS2113-W13-4/tp.git","repoName":"tp","organization":"AY2425S2-CS2113-W13-4","domainName":"github"},"branch":"master","displayName":"AY2425S2-CS2113-W13-4/tp[master]","outputFolderName":"AY2425S2-CS2113-W13-4_tp_master","sinceDate":"2025-02-21","untilDate":"2025-03-20"},{"location":{"location":"https://github.com/AY2425S2-CS2113-T11b-1/tp.git","repoName":"tp","organization":"AY2425S2-CS2113-T11b-1","domainName":"github"},"branch":"master","displayName":"AY2425S2-CS2113-T11b-1/tp[master]","outputFolderName":"AY2425S2-CS2113-T11b-1_tp_master","sinceDate":"2025-02-21","untilDate":"2025-03-20"},{"location":{"location":"https://github.com/AY2425S2-CS2113-T11a-1/tp.git","repoName":"tp","organization":"AY2425S2-CS2113-T11a-1","domainName":"github"},"branch":"master","displayName":"AY2425S2-CS2113-T11a-1/tp[master]","outputFolderName":"AY2425S2-CS2113-T11a-1_tp_master","sinceDate":"2025-02-21","untilDate":"2025-03-20"},{"location":{"location":"https://github.com/AY2425S2-CS2113-T11a-2/tp.git","repoName":"tp","organization":"AY2425S2-CS2113-T11a-2","domainName":"github"},"branch":"master","displayName":"AY2425S2-CS2113-T11a-2/tp[master]","outputFolderName":"AY2425S2-CS2113-T11a-2_tp_master","sinceDate":"2025-02-21","untilDate":"2025-03-20"},{"location":{"location":"https://github.com/AY2425S2-CS2113-T11b-2/tp.git","repoName":"tp","organization":"AY2425S2-CS2113-T11b-2","domainName":"github"},"branch":"master","displayName":"AY2425S2-CS2113-T11b-2/tp[master]","outputFolderName":"AY2425S2-CS2113-T11b-2_tp_master","sinceDate":"2025-02-21","untilDate":"2025-03-20"},{"location":{"location":"https://github.com/AY2425S2-CS2113-T11b-3/tp.git","repoName":"tp","organization":"AY2425S2-CS2113-T11b-3","domainName":"github"},"branch":"master","displayName":"AY2425S2-CS2113-T11b-3/tp[master]","outputFolderName":"AY2425S2-CS2113-T11b-3_tp_master","sinceDate":"2025-02-21","untilDate":"2025-03-20"},{"location":{"location":"https://github.com/AY2425S2-CS2113-T11a-3/tp.git","repoName":"tp","organization":"AY2425S2-CS2113-T11a-3","domainName":"github"},"branch":"master","displayName":"AY2425S2-CS2113-T11a-3/tp[master]","outputFolderName":"AY2425S2-CS2113-T11a-3_tp_master","sinceDate":"2025-02-21","untilDate":"2025-03-20"},{"location":{"location":"https://github.com/AY2425S2-CS2113-T11a-4/tp.git","repoName":"tp","organization":"AY2425S2-CS2113-T11a-4","domainName":"github"},"branch":"master","displayName":"AY2425S2-CS2113-T11a-4/tp[master]","outputFolderName":"AY2425S2-CS2113-T11a-4_tp_master","sinceDate":"2025-02-21","untilDate":"2025-03-20"},{"location":{"location":"https://github.com/AY2425S2-CS2113-T11b-4/tp.git","repoName":"tp","organization":"AY2425S2-CS2113-T11b-4","domainName":"github"},"branch":"master","displayName":"AY2425S2-CS2113-T11b-4/tp[master]","outputFolderName":"AY2425S2-CS2113-T11b-4_tp_master","sinceDate":"2025-02-21","untilDate":"2025-03-20"},{"location":{"location":"https://github.com/AY2425S2-CS2113-T12-1/tp.git","repoName":"tp","organization":"AY2425S2-CS2113-T12-1","domainName":"github"},"branch":"master","displayName":"AY2425S2-CS2113-T12-1/tp[master]","outputFolderName":"AY2425S2-CS2113-T12-1_tp_master","sinceDate":"2025-02-21","untilDate":"2025-03-20"},{"location":{"location":"https://github.com/AY2425S2-CS2113-T12-2/tp.git","repoName":"tp","organization":"AY2425S2-CS2113-T12-2","domainName":"github"},"branch":"master","displayName":"AY2425S2-CS2113-T12-2/tp[master]","outputFolderName":"AY2425S2-CS2113-T12-2_tp_master","sinceDate":"2025-02-21","untilDate":"2025-03-20"},{"location":{"location":"https://github.com/AY2425S2-CS2113-T12-3/tp.git","repoName":"tp","organization":"AY2425S2-CS2113-T12-3","domainName":"github"},"branch":"master","displayName":"AY2425S2-CS2113-T12-3/tp[master]","outputFolderName":"AY2425S2-CS2113-T12-3_tp_master","sinceDate":"2025-02-21","untilDate":"2025-03-20"},{"location":{"location":"https://github.com/AY2425S2-CS2113-T12-4/tp.git","repoName":"tp","organization":"AY2425S2-CS2113-T12-4","domainName":"github"},"branch":"master","displayName":"AY2425S2-CS2113-T12-4/tp[master]","outputFolderName":"AY2425S2-CS2113-T12-4_tp_master","sinceDate":"2025-02-21","untilDate":"2025-03-20"},{"location":{"location":"https://github.com/AY2425S2-CS2113-T13-1/tp.git","repoName":"tp","organization":"AY2425S2-CS2113-T13-1","domainName":"github"},"branch":"master","displayName":"AY2425S2-CS2113-T13-1/tp[master]","outputFolderName":"AY2425S2-CS2113-T13-1_tp_master","sinceDate":"2025-02-21","untilDate":"2025-03-20"},{"location":{"location":"https://github.com/AY2425S2-CS2113-T13-2/tp.git","repoName":"tp","organization":"AY2425S2-CS2113-T13-2","domainName":"github"},"branch":"master","displayName":"AY2425S2-CS2113-T13-2/tp[master]","outputFolderName":"AY2425S2-CS2113-T13-2_tp_master","sinceDate":"2025-02-21","untilDate":"2025-03-20"},{"location":{"location":"https://github.com/AY2425S2-CS2113-T13-3/tp.git","repoName":"tp","organization":"AY2425S2-CS2113-T13-3","domainName":"github"},"branch":"master","displayName":"AY2425S2-CS2113-T13-3/tp[master]","outputFolderName":"AY2425S2-CS2113-T13-3_tp_master","sinceDate":"2025-02-21","untilDate":"2025-03-20"},{"location":{"location":"https://github.com/AY2425S2-CS2113-T13-4/tp.git","repoName":"tp","organization":"AY2425S2-CS2113-T13-4","domainName":"github"},"branch":"master","displayName":"AY2425S2-CS2113-T13-4/tp[master]","outputFolderName":"AY2425S2-CS2113-T13-4_tp_master","sinceDate":"2025-02-21","untilDate":"2025-03-20"},{"location":{"location":"https://github.com/AY2425S2-CS2113-F11-1/tp.git","repoName":"tp","organization":"AY2425S2-CS2113-F11-1","domainName":"github"},"branch":"master","displayName":"AY2425S2-CS2113-F11-1/tp[master]","outputFolderName":"AY2425S2-CS2113-F11-1_tp_master","sinceDate":"2025-02-21","untilDate":"2025-03-20"},{"location":{"location":"https://github.com/AY2425S2-CS2113-F11-2/tp.git","repoName":"tp","organization":"AY2425S2-CS2113-F11-2","domainName":"github"},"branch":"master","displayName":"AY2425S2-CS2113-F11-2/tp[master]","outputFolderName":"AY2425S2-CS2113-F11-2_tp_master","sinceDate":"2025-02-21","untilDate":"2025-03-20"},{"location":{"location":"https://github.com/AY2425S2-CS2113-F11-3/tp.git","repoName":"tp","organization":"AY2425S2-CS2113-F11-3","domainName":"github"},"branch":"master","displayName":"AY2425S2-CS2113-F11-3/tp[master]","outputFolderName":"AY2425S2-CS2113-F11-3_tp_master","sinceDate":"2025-02-21","untilDate":"2025-03-20"},{"location":{"location":"https://github.com/AY2425S2-CS2113-F11-4/tp.git","repoName":"tp","organization":"AY2425S2-CS2113-F11-4","domainName":"github"},"branch":"master","displayName":"AY2425S2-CS2113-F11-4/tp[master]","outputFolderName":"AY2425S2-CS2113-F11-4_tp_master","sinceDate":"2025-02-21","untilDate":"2025-03-20"},{"location":{"location":"https://github.com/AY2425S2-CS2113-F12-1/tp.git","repoName":"tp","organization":"AY2425S2-CS2113-F12-1","domainName":"github"},"branch":"master","displayName":"AY2425S2-CS2113-F12-1/tp[master]","outputFolderName":"AY2425S2-CS2113-F12-1_tp_master","sinceDate":"2025-02-21","untilDate":"2025-03-20"},{"location":{"location":"https://github.com/AY2425S2-CS2113-F12-2/tp.git","repoName":"tp","organization":"AY2425S2-CS2113-F12-2","domainName":"github"},"branch":"master","displayName":"AY2425S2-CS2113-F12-2/tp[master]","outputFolderName":"AY2425S2-CS2113-F12-2_tp_master","sinceDate":"2025-02-21","untilDate":"2025-03-20"},{"location":{"location":"https://github.com/AY2425S2-CS2113-F12-3/tp.git","repoName":"tp","organization":"AY2425S2-CS2113-F12-3","domainName":"github"},"branch":"master","displayName":"AY2425S2-CS2113-F12-3/tp[master]","outputFolderName":"AY2425S2-CS2113-F12-3_tp_master","sinceDate":"2025-02-21","untilDate":"2025-03-20"},{"location":{"location":"https://github.com/AY2425S2-CS2113-F13-1/tp.git","repoName":"tp","organization":"AY2425S2-CS2113-F13-1","domainName":"github"},"branch":"master","displayName":"AY2425S2-CS2113-F13-1/tp[master]","outputFolderName":"AY2425S2-CS2113-F13-1_tp_master","sinceDate":"2025-02-21","untilDate":"2025-03-20"},{"location":{"location":"https://github.com/AY2425S2-CS2113-F13-2/tp.git","repoName":"tp","organization":"AY2425S2-CS2113-F13-2","domainName":"github"},"branch":"master","displayName":"AY2425S2-CS2113-F13-2/tp[master]","outputFolderName":"AY2425S2-CS2113-F13-2_tp_master","sinceDate":"2025-02-21","untilDate":"2025-03-20"},{"location":{"location":"https://github.com/AY2425S2-CS2113-F14-1/tp.git","repoName":"tp","organization":"AY2425S2-CS2113-F14-1","domainName":"github"},"branch":"master","displayName":"AY2425S2-CS2113-F14-1/tp[master]","outputFolderName":"AY2425S2-CS2113-F14-1_tp_master","sinceDate":"2025-02-21","untilDate":"2025-03-20"},{"location":{"location":"https://github.com/AY2425S2-CS2113-F14-2/tp.git","repoName":"tp","organization":"AY2425S2-CS2113-F14-2","domainName":"github"},"branch":"master","displayName":"AY2425S2-CS2113-F14-2/tp[master]","outputFolderName":"AY2425S2-CS2113-F14-2_tp_master","sinceDate":"2025-02-21","untilDate":"2025-03-20"},{"location":{"location":"https://github.com/AY2425S2-CS2113-F14-3/tp.git","repoName":"tp","organization":"AY2425S2-CS2113-F14-3","domainName":"github"},"branch":"master","displayName":"AY2425S2-CS2113-F14-3/tp[master]","outputFolderName":"AY2425S2-CS2113-F14-3_tp_master","sinceDate":"2025-02-21","untilDate":"2025-03-20"},{"location":{"location":"https://github.com/AY2425S2-CS2113-F14-4/tp.git","repoName":"tp","organization":"AY2425S2-CS2113-F14-4","domainName":"github"},"branch":"master","displayName":"AY2425S2-CS2113-F14-4/tp[master]","outputFolderName":"AY2425S2-CS2113-F14-4_tp_master","sinceDate":"2025-02-21","untilDate":"2025-03-20"}],"errorSet":[],"sinceDate":"2025-02-21","untilDate":"2025-03-20","isSinceDateProvided":true,"isUntilDateProvided":false,"supportedDomainUrlMap":{"NOT_RECOGNIZED":{"BRANCH":"","REPO_URL":"UNSUPPORTED","BASE_URL":"UNSUPPORTED","HISTORY_PATH":"","COMMIT_PATH":"","BLAME_PATH":""},"github":{"BRANCH":"tree/$BRANCH","REPO_URL":"https://github.com/$ORGANIZATION/$REPO_NAME/","BASE_URL":"https://github.com/","HISTORY_PATH":"commits/$BRANCH/$FILE_PATH","COMMIT_PATH":"commit/$COMMIT_HASH","BLAME_PATH":"blame/$BRANCH/$FILE_PATH"}},"isAuthorshipAnalyzed":false,"blurbs":{"urlBlurbMap":{}},"isPortfolio":false}
