{"authorDailyContributionsMap":{"xubin0":[{"date":"2025-02-25","commitResults":[{"hash":"e2b527f2791636e8a04250441a2bc6c474ec7f7e","isMergeCommit":false,"messageTitle":"add Student, StudentList and StudentFileHandler classes.","messageBody":"","fileTypesAndContributionMap":{"functional-code":{"insertions":156,"deletions":0}}}]},{"date":"2025-03-06","commitResults":[{"hash":"429387f529a3e00eca7a214d3b48241e9bbde4e5","isMergeCommit":true,"messageTitle":"Merge branch \u0027AY2425S2-CS2113-T12-3:master\u0027 into master","messageBody":"","fileTypesAndContributionMap":{}}]},{"date":"2025-03-11","commitResults":[{"hash":"6b04af954c5da515a993f882a677a1d54b3eee3f","isMergeCommit":false,"messageTitle":"add functions such as event, taskList to allow TA to add tasks to their schedule","messageBody":"","fileTypesAndContributionMap":{"functional-code":{"insertions":1317,"deletions":4},"docs":{"insertions":1,"deletions":1}}}]},{"date":"2025-03-13","commitResults":[{"hash":"2e2822132b09fb1753f6c1b5e3b652b35c1d5dc3","isMergeCommit":false,"messageTitle":"add TutorialClass, TutorialClassList, AttendanceList, AttendanceFile and all respective FileSavers and FileLoaders","messageBody":"","fileTypesAndContributionMap":{"functional-code":{"insertions":1033,"deletions":21}}}]},{"date":"2025-03-14","commitResults":[{"hash":"0c9a2143cf195e73c8d88b163228ed70cda37c09","isMergeCommit":false,"messageTitle":"delete duplicate classes","messageBody":"","fileTypesAndContributionMap":{"functional-code":{"insertions":0,"deletions":109}}},{"hash":"c763b2c0516c6cc86589508d5dac8945e39b92dc","isMergeCommit":true,"messageTitle":"Merge commit \u00279fe88bf84a73d27b23c70ce6b80ac2bfda93cfe5\u0027","messageBody":"","fileTypesAndContributionMap":{}},{"hash":"8b7e10f3b13771ad2a61999f50b31285c17ab61f","isMergeCommit":false,"messageTitle":"add JUnit Test for TutorialClassListFileHandler and make minor bug fixes","messageBody":"","fileTypesAndContributionMap":{"functional-code":{"insertions":31,"deletions":29},"other":{"insertions":2,"deletions":2},"test-code":{"insertions":70,"deletions":0}}},{"hash":"718e8f11558da0b59113bf17dad48f0f5348ed9f","isMergeCommit":true,"messageTitle":"Merge pull request #25 from xubin0/master","messageBody":"add JUnit Test for TutorialClassListFileHandler and make minor bug Fixes","fileTypesAndContributionMap":{}},{"hash":"a1a94dcee62a1d3eccbc608ddfb6df9def05a032","isMergeCommit":false,"messageTitle":"Remove duplicates and make minor bug fixes","messageBody":"","fileTypesAndContributionMap":{"functional-code":{"insertions":47,"deletions":113}}},{"hash":"744f126423f35c1789fe952c92817430cda53759","isMergeCommit":true,"messageTitle":"Merge pull request #26 from xubin0/master","messageBody":"Remove duplicates and make minor bug fixes","fileTypesAndContributionMap":{}}]},{"date":"2025-03-18","commitResults":[{"hash":"bb24d943ab141933ab605b957cb7f7260c16fb43","isMergeCommit":true,"messageTitle":"Merge pull request #28 from kmnyn/task-management","messageBody":"Implement task management function with DateTime format checker","fileTypesAndContributionMap":{}},{"hash":"31f01edb09daa9e0c7695480dec645c201a34bed","isMergeCommit":true,"messageTitle":"Merge pull request #27 from wongyihao02/keep_og_structure_of_no_dates","messageBody":"comments shld work for attendanceList","fileTypesAndContributionMap":{}},{"hash":"9abfe7857975347bb90a2b3e1bb4e187c6ad90c9","isMergeCommit":false,"messageTitle":"Remove obsolete classes","messageBody":"","fileTypesAndContributionMap":{"functional-code":{"insertions":0,"deletions":182}}},{"hash":"60a3bbd7e9516e22a25d49c743e13d49651979bb","isMergeCommit":false,"messageTitle":"Refactor code to make command interface more loose coupling in nature to allow the classes implementing command able to work on different targets. Implement Data Manager class to make Main() more intuitive","messageBody":"","fileTypesAndContributionMap":{"functional-code":{"insertions":85,"deletions":55},"other":{"insertions":6,"deletions":5}}},{"hash":"ee7be28c994d0d1ca4f2402a2010d8841fa5cbbc","isMergeCommit":false,"messageTitle":"refactor code, implemented UI to interact with user","messageBody":"","fileTypesAndContributionMap":{"functional-code":{"insertions":83,"deletions":43},"other":{"insertions":2,"deletions":2}}},{"hash":"c702d6ebb56827ab2ec11964d8400be390841e3d","isMergeCommit":false,"messageTitle":"debug partially the loaders and savers for attendanceFile","messageBody":"","fileTypesAndContributionMap":{"functional-code":{"insertions":112,"deletions":99}}},{"hash":"c8b40b9f16a14245ac80810edcb5990fba19dea0","isMergeCommit":true,"messageTitle":"Merge pull request #29 from xubin0/18-mar-25-xb","messageBody":"18 mar 25 xb","fileTypesAndContributionMap":{}},{"hash":"b313089b84c5943976e1ccffe2cf5160148412f9","isMergeCommit":false,"messageTitle":"debug partially loader for attendancefile, debugged saver for attendancefile","messageBody":"","fileTypesAndContributionMap":{"functional-code":{"insertions":48,"deletions":43},"test-code":{"insertions":4,"deletions":5}}},{"hash":"64d13295cbd27853dc292e1df2f0e185670d5d48","isMergeCommit":false,"messageTitle":"debug attendanceFileLoader and saver.","messageBody":"","fileTypesAndContributionMap":{"functional-code":{"insertions":66,"deletions":63}}},{"hash":"6f532994ef72c47975afe330445a0720d509a338","isMergeCommit":true,"messageTitle":"Merge pull request #30 from xubin0/18-mar-25-xb","messageBody":"18 mar 25 xb","fileTypesAndContributionMap":{}}]},{"date":"2025-03-19","commitResults":[{"hash":"0a29743248c8d733f4b98bd4949c8df63312ac0e","isMergeCommit":false,"messageTitle":"refactor file structure","messageBody":"","fileTypesAndContributionMap":{"functional-code":{"insertions":4,"deletions":4},"other":{"insertions":44,"deletions":42},"test-code":{"insertions":2,"deletions":0}}},{"hash":"0c224aed5a762c2f3cd0fba0ca9ca12ee7a3938b","isMergeCommit":true,"messageTitle":"Merge pull request #45 from xubin0/19mar-xb","messageBody":"refactor file structure","fileTypesAndContributionMap":{}},{"hash":"a47612751319e0320d5de5b29989b20e5e47b7b8","isMergeCommit":false,"messageTitle":"change command format and remove obsolete line in main","messageBody":"","fileTypesAndContributionMap":{"functional-code":{"insertions":14,"deletions":9}}},{"hash":"a49160ccb200d152127bc2b13f5b8c212fd190f9","isMergeCommit":true,"messageTitle":"Merge pull request #47 from xubin0/19mar-xb","messageBody":"change command format and remove obsolete line in main","fileTypesAndContributionMap":{}},{"hash":"4a5934d30bc100ac1cb0ee6049278eafb8bf65bb","isMergeCommit":false,"messageTitle":"removed bug","messageBody":"","fileTypesAndContributionMap":{"functional-code":{"insertions":1,"deletions":1}}},{"hash":"5b09f6cb706642b4bf5cac6867e0b4e08570f526","isMergeCommit":true,"messageTitle":"Merge pull request #49 from xubin0/master","messageBody":"removed bug","fileTypesAndContributionMap":{}}]},{"date":"2025-03-20","commitResults":[{"hash":"3d8c5a8f5101e0aa7d6b4c05828e9aac257eb740","isMergeCommit":false,"messageTitle":"minor bug fix","messageBody":"","fileTypesAndContributionMap":{"functional-code":{"insertions":8,"deletions":5}}},{"hash":"802496e4282dbf05f420dc0b9d6db539852f9fef","isMergeCommit":true,"messageTitle":"Merge pull request #52 from xubin0/master","messageBody":"minor bug fix","tags":["v1.0.1"],"fileTypesAndContributionMap":{}}]},{"date":"2025-03-27","commitResults":[{"hash":"c3bc79727193f719ed7a044b4d7019014e6aa6df","isMergeCommit":false,"messageTitle":"minor change in welcome message","messageBody":"","fileTypesAndContributionMap":{"functional-code":{"insertions":1,"deletions":1}}},{"hash":"267847065d0bbfdf18d5e27e28d91f55c74b7326","isMergeCommit":true,"messageTitle":"Merge pull request #67 from xubin0/master","messageBody":"minor change in welcome message","fileTypesAndContributionMap":{}},{"hash":"153ef683808815d88a541b1a0b906bdf586d783f","isMergeCommit":false,"messageTitle":"minor change in print messages","messageBody":"","fileTypesAndContributionMap":{"functional-code":{"insertions":8,"deletions":8}}},{"hash":"4c3f32f8a8d3d7e919f89359058ae90c65c8525d","isMergeCommit":false,"messageTitle":"minor bug fix to handle invalid command such as list -a","messageBody":"","fileTypesAndContributionMap":{"functional-code":{"insertions":15,"deletions":11}}}]},{"date":"2025-03-28","commitResults":[{"hash":"6af677d650407551fa1cfdb2ce8716c4f196e3ce","isMergeCommit":true,"messageTitle":"Merge branch \u0027master\u0027 of https://github.com/xubin0/tp","messageBody":"","fileTypesAndContributionMap":{}}]},{"date":"2025-03-30","commitResults":[{"hash":"c5b998828fabbd8070dbd847577140918fd513e2","isMergeCommit":false,"messageTitle":"update file loader to make loader less vulnerable to tampered data files","messageBody":"","fileTypesAndContributionMap":{"functional-code":{"insertions":11,"deletions":2}}},{"hash":"a01cbbb2bcdec23984398559b9bfec90eb905179","isMergeCommit":false,"messageTitle":"minor bug fix","messageBody":"","fileTypesAndContributionMap":{"functional-code":{"insertions":10,"deletions":11}}},{"hash":"73ee02f50ece261174d4e6dad3853106a0fdc5e0","isMergeCommit":false,"messageTitle":"fix checkstyle","messageBody":"","fileTypesAndContributionMap":{"functional-code":{"insertions":1,"deletions":1}}},{"hash":"19105cd3734e7fd48c883f0cb02ee89eccff88ef","isMergeCommit":true,"messageTitle":"Merge pull request #75 from xubin0/xb-30mar2025","messageBody":"Xb 30mar2025","fileTypesAndContributionMap":{}}]},{"date":"2025-03-31","commitResults":[{"hash":"7f2d9d7234c458e4b7c98a7f384346f9a5f91f3a","isMergeCommit":false,"messageTitle":"fix checkstyle issue","messageBody":"","fileTypesAndContributionMap":{"functional-code":{"insertions":8,"deletions":8}}},{"hash":"e0ca99eeb7974fa452a046a013142b60eb0065c8","isMergeCommit":false,"messageTitle":"checkstyle fix","messageBody":"","fileTypesAndContributionMap":{"functional-code":{"insertions":15,"deletions":8}}},{"hash":"ae26ae20c526903dd1626e368f3eedafe9fba8ec","isMergeCommit":false,"messageTitle":"add prompt for login menu modified condition used for login to utilise method in TAlogin","messageBody":"","fileTypesAndContributionMap":{"functional-code":{"insertions":4,"deletions":3}}},{"hash":"e8c60559540d61f895aebca98157c89d5800e540","isMergeCommit":false,"messageTitle":"add LoginHandler class to make it more OOP","messageBody":"","fileTypesAndContributionMap":{"functional-code":{"insertions":56,"deletions":33}}},{"hash":"dc59c543fdc3dd6bbd2ed622193d765f2c363fa1","isMergeCommit":false,"messageTitle":"make main more OOP by extracting login to a new class login Handler. make user set only strong passwords","messageBody":"","fileTypesAndContributionMap":{"functional-code":{"insertions":122,"deletions":105}}},{"hash":"691a5bb1c58eba4cdafcf9c604808d961947cd59","isMergeCommit":true,"messageTitle":"Merge branch \u0027AY2425S2-CS2113-T12-3:master\u0027 into 31march-xb","messageBody":"","fileTypesAndContributionMap":{}},{"hash":"dcefe509dd620ba28b1311675d3fa95434ed356e","isMergeCommit":true,"messageTitle":"Merge pull request #82 from xubin0/31march-xb","messageBody":"31march xb","fileTypesAndContributionMap":{}},{"hash":"b4534b4981ad02824c2639c438514dc8e9d25380","isMergeCommit":false,"messageTitle":"make main more OOP by extracting out relevant method","messageBody":"","fileTypesAndContributionMap":{"functional-code":{"insertions":128,"deletions":64}}},{"hash":"05f155fd1839848cb64b387e9ea39a374e5eeeae","isMergeCommit":false,"messageTitle":"delete password function due to constraints of project","messageBody":"","fileTypesAndContributionMap":{"functional-code":{"insertions":8,"deletions":210}}},{"hash":"e746b0e0bc0a35a3ed06b455b24016dfce48a5c9","isMergeCommit":true,"messageTitle":"Merge pull request #83 from xubin0/MoreOOP-31march","messageBody":"make main more OOP by extracting out relevant method","fileTypesAndContributionMap":{}},{"hash":"67ff6f6a68f508584e8b464bef037f8088d1340f","isMergeCommit":false,"messageTitle":"checkstyle error fix","messageBody":"","fileTypesAndContributionMap":{"functional-code":{"insertions":1,"deletions":1}}},{"hash":"c1d3625c1fb9a2e03c855b74eb53974d8120cfce","isMergeCommit":true,"messageTitle":"Merge pull request #84 from xubin0/Delete-Password-Function-31march","messageBody":"delete password function due to constraints of project","fileTypesAndContributionMap":{}},{"hash":"46076b42ef4023fed130abea5270ca47707da1f4","isMergeCommit":false,"messageTitle":"delete obsolete method","messageBody":"","fileTypesAndContributionMap":{"functional-code":{"insertions":0,"deletions":4}}},{"hash":"59d9cd39d24e53fdbb3cda0c86e587b45b0a21b9","isMergeCommit":false,"messageTitle":"add JUnitTest for UI","messageBody":"","fileTypesAndContributionMap":{"test-code":{"insertions":89,"deletions":0}}},{"hash":"719ebd284cb73d709a0b86df6abb72a434b8b89a","isMergeCommit":false,"messageTitle":"add JUnitTest for CommandListPrinter","messageBody":"","fileTypesAndContributionMap":{"test-code":{"insertions":42,"deletions":0}}},{"hash":"1da2815034f5e862cbd5f0d5722a95a5a0b915f6","isMergeCommit":false,"messageTitle":"add JUnitTest for IntegerChecker","messageBody":"","fileTypesAndContributionMap":{"test-code":{"insertions":26,"deletions":0}}},{"hash":"5c98f8c94f6bcb9728d86261a97d49abc1ac0691","isMergeCommit":false,"messageTitle":"corrected error in DateTimeFormatterUtil","messageBody":"","fileTypesAndContributionMap":{"functional-code":{"insertions":4,"deletions":4}}},{"hash":"a9c103a20cbba0cc84b865c5519cfce1ad5f2b16","isMergeCommit":false,"messageTitle":"add JUnitTest for DateTimeFormatterUtil","messageBody":"","fileTypesAndContributionMap":{"test-code":{"insertions":105,"deletions":0}}}]},{"date":"2025-04-01","commitResults":[{"hash":"8fea90e46d3c1393cfe7dbf8ad0606525debfdb4","isMergeCommit":false,"messageTitle":"bug fix","messageBody":"","fileTypesAndContributionMap":{"functional-code":{"insertions":47,"deletions":43}}},{"hash":"9646d2d1de1a5365b3cb9228f06ee561d02c0ba0","isMergeCommit":false,"messageTitle":"minor bug fix","messageBody":"","fileTypesAndContributionMap":{"functional-code":{"insertions":7,"deletions":5}}},{"hash":"ebdb782e55b0a71204e1407a408faf9395ad4d53","isMergeCommit":false,"messageTitle":"bug fix","messageBody":"","fileTypesAndContributionMap":{"functional-code":{"insertions":20,"deletions":18},"test-code":{"insertions":2,"deletions":2}}},{"hash":"4ea40ddc99943e676b3ff3d71105480455d9124f","isMergeCommit":false,"messageTitle":"fix bug with attendance file loader when tutorial list is deleted or a student from tutorial list is deleted","messageBody":"","fileTypesAndContributionMap":{"functional-code":{"insertions":31,"deletions":18}}},{"hash":"25e21c891c6c3f7bd03fa95d6e91f880032ff31d","isMergeCommit":false,"messageTitle":"resolve bug of attendancefile being cleared when only one block is tampered with","messageBody":"","fileTypesAndContributionMap":{"functional-code":{"insertions":82,"deletions":80}}},{"hash":"6bdec4c9bdea7963caf5bd655d67df04f8570619","isMergeCommit":false,"messageTitle":"fix checkstyle issue","messageBody":"","fileTypesAndContributionMap":{"functional-code":{"insertions":3,"deletions":2}}},{"hash":"bc45b668b59ba0df41124affb16f4651610dbfc4","isMergeCommit":true,"messageTitle":"Merge pull request #89 from xubin0/bug-fix-1Apr","messageBody":"Bug fix 1 apr","fileTypesAndContributionMap":{}},{"hash":"b287b775c297af6d4fcca630e48af60f240cd6b2","isMergeCommit":false,"messageTitle":"bug fix","messageBody":"","fileTypesAndContributionMap":{"functional-code":{"insertions":19,"deletions":19}}},{"hash":"00da14b405173272bb6a5dd5c855697a8bab350b","isMergeCommit":true,"messageTitle":"Merge pull request #91 from xubin0/bug-fix-1Apr","messageBody":"bug fix","fileTypesAndContributionMap":{}},{"hash":"63cde44465c973c85112dffc9a61b01fb4b94f1f","isMergeCommit":false,"messageTitle":"Update AboutUs.md","messageBody":"","fileTypesAndContributionMap":{"docs":{"insertions":1,"deletions":0}}},{"hash":"600171a50ebb162a300fd968ed5d657a2e2b2e1c","isMergeCommit":false,"messageTitle":"Update AboutUs.md","messageBody":"","fileTypesAndContributionMap":{"docs":{"insertions":1,"deletions":1}}},{"hash":"e75f16834b895761a262bc08555d72690c392181","isMergeCommit":true,"messageTitle":"Merge pull request #92 from xubin0/master","messageBody":"update AboutUs","fileTypesAndContributionMap":{}},{"hash":"f769602f625110e9f46a55c38643f1a2bbdc8671","isMergeCommit":false,"messageTitle":"update to make commands case insensitive","messageBody":"","fileTypesAndContributionMap":{"functional-code":{"insertions":13,"deletions":11}}},{"hash":"d69f63dd0ccfa787a345f96e93bcde2ad63c4c9e","isMergeCommit":false,"messageTitle":"fix checkstyle issue","messageBody":"","fileTypesAndContributionMap":{"functional-code":{"insertions":4,"deletions":2}}},{"hash":"5b0c53cb61818d16f79728e04ecddfbf56cca0bf","isMergeCommit":false,"messageTitle":"fix checkstyle issue","messageBody":"","fileTypesAndContributionMap":{"functional-code":{"insertions":2,"deletions":1}}},{"hash":"f50e8f4a13cea01082b1e56ece6741c7226b971a","isMergeCommit":true,"messageTitle":"Merge pull request #93 from xubin0/Make-Command-Case-Insensitive","messageBody":"update to make commands case insensitive","fileTypesAndContributionMap":{}},{"hash":"f4d8caca32f4dc0a9f123e76ed1442f8d70392bf","isMergeCommit":false,"messageTitle":"bug fix","messageBody":"","fileTypesAndContributionMap":{"functional-code":{"insertions":5,"deletions":5}}},{"hash":"0b9c1dfe1c9a51b4457726783b26caac664f5b87","isMergeCommit":true,"messageTitle":"Merge branch \u0027AY2425S2-CS2113-T12-3:master\u0027 into Make-Command-Case-Insensitive","messageBody":"","fileTypesAndContributionMap":{}},{"hash":"0e5807a8e75a4b7403e899a68e704e75a7c21554","isMergeCommit":false,"messageTitle":"add comments to code","messageBody":"","fileTypesAndContributionMap":{"functional-code":{"insertions":7,"deletions":0}}},{"hash":"0e297680bc05c7c7b4b9403180a130dfdca18003","isMergeCommit":true,"messageTitle":"Merge pull request #94 from xubin0/Make-Command-Case-Insensitive","messageBody":"Make command case insensitive","fileTypesAndContributionMap":{}},{"hash":"4b948c7845a35e05f66cc347ce4f463591417811","isMergeCommit":false,"messageTitle":"fix error introduced by xubin, change back to split by comma","messageBody":"","fileTypesAndContributionMap":{"functional-code":{"insertions":11,"deletions":12}}},{"hash":"5f4d3979e1276b3c550a619963199c7ecf394077","isMergeCommit":false,"messageTitle":"updated Usage guide for user in CommandList","messageBody":"","fileTypesAndContributionMap":{"functional-code":{"insertions":14,"deletions":14}}},{"hash":"6272c510c51e68d18d1538b09c03a1db7683ea62","isMergeCommit":false,"messageTitle":"fix checkstyle issue","messageBody":"","fileTypesAndContributionMap":{"functional-code":{"insertions":4,"deletions":2}}},{"hash":"df51a2744eb7e85b7de3b2e5425cb0ac1cd26141","isMergeCommit":true,"messageTitle":"Merge pull request #97 from xubin0/fix-xubin-error","messageBody":"fix error introduced by xubin, change back to split by comma","fileTypesAndContributionMap":{}}]},{"date":"2025-04-03","commitResults":[{"hash":"7c6b1cbe582207cefe0994fa80ac9e6050d956d0","isMergeCommit":false,"messageTitle":"update default value of Student Class","messageBody":"","fileTypesAndContributionMap":{"functional-code":{"insertions":4,"deletions":8}}},{"hash":"478ee4f4636018c30d512654398d432f3ee75303","isMergeCommit":false,"messageTitle":"update default value for studentList","messageBody":"","fileTypesAndContributionMap":{"functional-code":{"insertions":1,"deletions":2}}},{"hash":"01473be0288c79bb2b70e67ff8830a5e7618ac72","isMergeCommit":true,"messageTitle":"Merge pull request #109 from xubin0/master","messageBody":"update default value of Student Class","fileTypesAndContributionMap":{}},{"hash":"41a6173bc1fe37e9443ff096dbfb74a3428970f7","isMergeCommit":true,"messageTitle":"Merge pull request #110 from xubin0/update-defualt-value-of-parameter","messageBody":"update default value for studentList","fileTypesAndContributionMap":{}},{"hash":"95a0fb8dc1b6dddd6639872202708cc78ff39b89","isMergeCommit":false,"messageTitle":"add Xubin PPP","messageBody":"","fileTypesAndContributionMap":{"docs":{"insertions":91,"deletions":0}}},{"hash":"983ff7b6117a36e84f699eab7b92df060190b1e3","isMergeCommit":false,"messageTitle":"update developer guide for commandHandlers","messageBody":"","fileTypesAndContributionMap":{"docs":{"insertions":66,"deletions":0}}},{"hash":"9786bd2ffccf5d9525cf2b3dc231374004371d2a","isMergeCommit":true,"messageTitle":"Merge pull request #122 from xubin0/DG","messageBody":"update developer guide for commandHandlers","tags":["v2.0"],"fileTypesAndContributionMap":{}}]},{"date":"2025-04-04","commitResults":[{"hash":"75492d4c0978cb0c93289e3a0580e0eaf8240dcb","isMergeCommit":false,"messageTitle":"update lists after every iteration","messageBody":"","fileTypesAndContributionMap":{"functional-code":{"insertions":9,"deletions":3}}},{"hash":"968d128d1323cdc7adc1f30d692ce515430784ef","isMergeCommit":true,"messageTitle":"Merge pull request #173 from xubin0/bug-fix","messageBody":"update lists after every iteration","fileTypesAndContributionMap":{}}]},{"date":"2025-04-05","commitResults":[{"hash":"2f9050e7858e9cc19b8446afbee39359c97de7d0","isMergeCommit":false,"messageTitle":"fix issue of printing array out of Bound Error when listing upcoming tutorials with no tutorials created.","messageBody":"","fileTypesAndContributionMap":{"functional-code":{"insertions":1,"deletions":1}}},{"hash":"d52e809b833b24938a28bdf13c4ce9e8e06f2553","isMergeCommit":false,"messageTitle":"fix bug of deleting tutorial when tutorial does not exist. fix bug of taking space as tutorial name","messageBody":"","fileTypesAndContributionMap":{"functional-code":{"insertions":51,"deletions":10}}},{"hash":"d4a5af5a5a89bc17309fb3d48d3768005e7a72b2","isMergeCommit":true,"messageTitle":"Merge branch \u0027AY2425S2-CS2113-T12-3:master\u0027 into bug-fix","messageBody":"","fileTypesAndContributionMap":{}},{"hash":"5cba583849fe84e7e31f1d5750af92cd6d092a70","isMergeCommit":false,"messageTitle":"make tutoriallistFile less vulnerable to tampering","messageBody":"","fileTypesAndContributionMap":{"functional-code":{"insertions":7,"deletions":3}}},{"hash":"f7ac5813b8f3af226c0ad347a41ccec80c2f37c1","isMergeCommit":true,"messageTitle":"Merge pull request #184 from xubin0/bug-fix","messageBody":"Bug fix","fileTypesAndContributionMap":{}},{"hash":"3a87930a4a5a55c2dad205bd311437328a5379fe","isMergeCommit":false,"messageTitle":"fixed problem of duplicate names for tutorial(which is case insensitive)","messageBody":"","fileTypesAndContributionMap":{"functional-code":{"insertions":8,"deletions":3}}},{"hash":"6afd112b474f2f7a01cc93a226e9bc493e5e2386","isMergeCommit":true,"messageTitle":"Merge branch \u0027AY2425S2-CS2113-T12-3:master\u0027 into bug-fix","messageBody":"","fileTypesAndContributionMap":{}},{"hash":"882a9811c3c8416fb609e50893421de63d8a9971","isMergeCommit":true,"messageTitle":"Merge pull request #186 from xubin0/bug-fix","messageBody":"Bug fix","fileTypesAndContributionMap":{}}]}],"samstt":[{"date":"2025-03-06","commitResults":[{"hash":"fffc175be4cc8fcb0a38e9a32105dd351322d365","isMergeCommit":false,"messageTitle":"push XiaoNa-AboutUs","messageBody":"","fileTypesAndContributionMap":{"docs":{"insertions":4,"deletions":7}}},{"hash":"073dae09607819eb3ee86b8489a4189112d62cdf","isMergeCommit":true,"messageTitle":"Merge pull request #2 from samstt/XiaoNa-AboutUs","messageBody":"Pushed XiaoNa-AboutUs Content ","fileTypesAndContributionMap":{}},{"hash":"09a05f39e335a3adc2318d1e72c5a3cb6d7334d6","isMergeCommit":true,"messageTitle":"Merge branch \u0027master\u0027 into mengyan-AboutUs","messageBody":"","fileTypesAndContributionMap":{}}]},{"date":"2025-03-14","commitResults":[{"hash":"62063f5c5a67158779342bb323008a9388093fd2","isMergeCommit":false,"messageTitle":"Add JUnit test for Deadline","messageBody":"Currently, there are no tests for deadline construction and output, leaving its behavior unverified.\n\nEnsure that Deadline outputs the correct string format and handles construction properly.\n\nThis ensures correctness and prevents regressions in deadline-related functionality.\n","fileTypesAndContributionMap":{"test-code":{"insertions":37,"deletions":0}}},{"hash":"9fe88bf84a73d27b23c70ce6b80ac2bfda93cfe5","isMergeCommit":true,"messageTitle":"Merge pull request #24 from samstt/JUnit-test","messageBody":"Add JUnit test for Deadline","fileTypesAndContributionMap":{}}]},{"date":"2025-03-18","commitResults":[{"hash":"4a915feb4e4695c870ae2e6954cabddee99d8f1a","isMergeCommit":true,"messageTitle":"Edit taskCommands method in command factory","messageBody":"","fileTypesAndContributionMap":{}},{"hash":"9b26d64d3be4442a05b3850af55ce8b16728db8c","isMergeCommit":false,"messageTitle":"Add delete student, find student and change remark for student commands. Add exceptions to deal with invalid input.","messageBody":"","fileTypesAndContributionMap":{"functional-code":{"insertions":182,"deletions":1}}},{"hash":"fd988a535fe212ccdfa23f2ab98463af36d61d5d","isMergeCommit":true,"messageTitle":"Merge pull request #34 from samstt/branch-studentList-functions","messageBody":"Add delete student, find student and change remark for student commands. Add exceptions to deal with invalid input.","fileTypesAndContributionMap":{}},{"hash":"9672446fe4380d5b6658d9f0e2f933c8cec29132","isMergeCommit":false,"messageTitle":"studentcommand classes: Add logging and assertions","messageBody":"The ChangeRemarkCommand, FindStudentCommand, and DeleteStudentCommand classes lack runtime monitoring and validation, making debugging and development challenging.\n\nLet\u0027s add logging to track execution flow and capture runtime information for debugging. Use assertions to validate preconditions and invariants during development, ensuring the program is in a valid state.\n\nThis improves code robustness, maintainability, and debuggability. Refer to the Java Logging API for best practices.\n","fileTypesAndContributionMap":{"functional-code":{"insertions":73,"deletions":32}}},{"hash":"690114c58e8d7c50899885393ea8d670dc83dcef","isMergeCommit":true,"messageTitle":"Merge pull request #35 from samstt/assertions-and-logging","messageBody":"studentcommand classes: Add logging and assertions","fileTypesAndContributionMap":{}}]},{"date":"2025-03-19","commitResults":[{"hash":"2613235bb4ff8e1a21acd63ba46d6d1557c390ef","isMergeCommit":false,"messageTitle":"studentCommands/NewStudentCommand: Fix incorrect input splitting and validation","messageBody":"The NewStudentCommand was incorrectly splitting the user input when processing student names, causing issues with names that contain multiple parts (e.g., \"John Doe\"). Additionally, it was not properly checking the number of parts in the command, leading to potential errors when fields were missing.\n\nTo address these issues, I:\n- Fixed the logic to properly handle multi-part student names splitting by commas instead of spaces.\n- Added validation to ensure the correct number of input parts before processing the student data.\n\nThis fix ensures that the command now correctly parses and handles multi-part student names and validates input length before proceeding.\n","fileTypesAndContributionMap":{"functional-code":{"insertions":36,"deletions":31}}},{"hash":"319d9f82571b5ccf691bdcdbfa044973a6790cc8","isMergeCommit":true,"messageTitle":"Merge pull request #38 from samstt/debug-newstudent-command","messageBody":"studentCommands/NewStudentCommand: Fix incorrect input splitting and validation","fileTypesAndContributionMap":{}},{"hash":"75b88b5859f46ee118fbabb023fba9d8c4204fd8","isMergeCommit":false,"messageTitle":"studentCommands/ListStudentCommand: Implement student listing with logging","messageBody":"Added the ListStudentCommand to allow displaying all students in the StudentList. This command retrieves the student list, checks if it is empty, and prints all students if available.\n\nKey changes:\n\n- Implemented logging at different levels (INFO for execution steps, SEVERE for errors).\n- Added handling for an empty student list to provide appropriate feedback.\n- Ensured the command executes safely with error handling to prevent unexpected failures.\n\nThis update improves visibility into the command execution process and ensures better error handling when listing students.\n","fileTypesAndContributionMap":{"functional-code":{"insertions":51,"deletions":4}}},{"hash":"fd919760da08fe4f60bbab3ec0f0c72bdc7bf1ba","isMergeCommit":true,"messageTitle":"Merge pull request #39 from samstt/liststudent-command","messageBody":"studentCommands/ListStudentCommand: Implement student listing with logging","fileTypesAndContributionMap":{}},{"hash":"bd0cd0d4b8ce87e98f53de9e86618c5e46d5a686","isMergeCommit":false,"messageTitle":"studentcommands/NewStudentCommand: Add check remark command and exception handling in new student","messageBody":"Added the CheckRemarkCommand to verify and display a student\u0027s remark. Enhanced the NewStudentCommand with exception handling to manage invalid inputs, including validation for the correct number of parts and error messages for invalid data.\n\nThis improves input validation and error handling, ensuring a smoother user experience.\n","fileTypesAndContributionMap":{"functional-code":{"insertions":95,"deletions":15}}},{"hash":"72acd1f05785b904a1c6705d19ed3b4867557b90","isMergeCommit":true,"messageTitle":"Merge pull request #40 from samstt/check-remark-command-and-exceptions","messageBody":"Add check remark command and exception handling studentcommands","fileTypesAndContributionMap":{}},{"hash":"3f001deb05f7773de386abe9c041cf01b677842e","isMergeCommit":false,"messageTitle":"Add NewTutorialCommand and DeleteTutorialCommand classes","messageBody":"- Implemented NewTutorialCommand to create and add new tutorial classes, ensuring duplicate tutorial codes are not allowed.\n- Implemented DeleteTutorialCommand to remove a tutorial class based on the given tutorial code.\n- Added necessary exception handling to maintain data integrity and prevent invalid operations.\n","fileTypesAndContributionMap":{"functional-code":{"insertions":219,"deletions":58}}},{"hash":"993f01691320721fb1cbe20be40e389057412671","isMergeCommit":true,"messageTitle":"Merge pull request #43 from samstt/amend-tutorial-command","messageBody":"Add NewTutorialCommand and DeleteTutorialCommand classes","fileTypesAndContributionMap":{}},{"hash":"b564efb814e54fc43a3d7da20a75f5429a19f3aa","isMergeCommit":false,"messageTitle":"Add HelpCommand to display available commands","messageBody":"- Implemented HelpCommand to provide users with a list of available commands and their usage.\n- Ensured clear and concise formatting for better readability.\n- Improved user experience by making it easier to access command information.\n","fileTypesAndContributionMap":{"functional-code":{"insertions":18,"deletions":23}}},{"hash":"8cb83d5ada55aae73db5df2855b39d4b41ece40f","isMergeCommit":true,"messageTitle":"Merge pull request #44 from samstt/add-help-command","messageBody":"Add HelpCommand to display available commands","fileTypesAndContributionMap":{}},{"hash":"68a7f70337fd2b1e9c537ea7f53335b9c7d12e02","isMergeCommit":false,"messageTitle":"Refactor student-related commands to operate within tutorial classes","messageBody":"- Modified CheckRemarkCommand to search for students by matric number across tutorial classes and display remarks.\n- Updated DeleteStudentCommand to delete students from the student list in a specific tutorial class.\n- Improved FindStudentCommand to search for students by name or matric number across all tutorial classes.\n- Improved ChangeRemarkCommand to change student remarks in tutorial classes.\n- Added logic in new student commands to modify the student list in tutorial classes.\n\nThese changes ensure that all student-related operations now work within the context of tutorial classes.\n","fileTypesAndContributionMap":{"functional-code":{"insertions":174,"deletions":166}}},{"hash":"d490f01309ad0f593b31915cf7f32325257bd44c","isMergeCommit":true,"messageTitle":"Resolved merge conflicts","messageBody":"","fileTypesAndContributionMap":{}},{"hash":"1e7ab6c10ac424e1f4e1d4f39579470d4fa63067","isMergeCommit":true,"messageTitle":"Merge pull request #51 from samstt/student-commands-for-tutorial","messageBody":"Change student-related commands to operate within tutorial classes","tags":["v1.0"],"fileTypesAndContributionMap":{}}]},{"date":"2025-03-21","commitResults":[{"hash":"6baffe86f40b112e590a0c662db0ee33dfccc7ee","isMergeCommit":false,"messageTitle":"Fix Checkstyle errors","messageBody":" Reorder static variables and break long lines to comply with formatting rules\n","fileTypesAndContributionMap":{"functional-code":{"insertions":348,"deletions":215},"other":{"insertions":387,"deletions":296},"docs":{"insertions":5,"deletions":5},"test-code":{"insertions":8,"deletions":71}}},{"hash":"30551fbf06d5329c29f6b5a0896487cc55e1e108","isMergeCommit":true,"messageTitle":"Fix Checkstyle errors","messageBody":" Reorder static variables and break long lines to comply with formatting rules\n","fileTypesAndContributionMap":{}},{"hash":"7619752adf28454a56e4a93a09c2a14c12ca1253","isMergeCommit":true,"messageTitle":"Merge pull request #54 from samstt/fix-checkstyle-violations","messageBody":"Fix Checkstyle errors","fileTypesAndContributionMap":{}},{"hash":"6c7f2a7f36cd1875223dada925eefa2eeb81913d","isMergeCommit":false,"messageTitle":"Fix Gradle build errors","messageBody":"","fileTypesAndContributionMap":{"other":{"insertions":1,"deletions":1},"test-code":{"insertions":4,"deletions":88}}},{"hash":"b30b6d83400c4b0d72967eb1166efe76586b7b94","isMergeCommit":true,"messageTitle":"Merge pull request #55 from samstt/fix-build-errors","messageBody":"Fix Gradle build errors","fileTypesAndContributionMap":{}},{"hash":"b55f589f877718dbbb494206f54a225caf1d92de","isMergeCommit":false,"messageTitle":"Delete Duke files","messageBody":"","fileTypesAndContributionMap":{"functional-code":{"insertions":0,"deletions":21},"other":{"insertions":0,"deletions":42},"test-code":{"insertions":0,"deletions":12}}}]},{"date":"2025-03-22","commitResults":[{"hash":"719afa07080881f3fffdaf3e405c5d5b112d491f","isMergeCommit":false,"messageTitle":"Update gradle.yml file","messageBody":"","fileTypesAndContributionMap":{"other":{"insertions":0,"deletions":15}}},{"hash":"8dcabb063027d04b1146b4ff666a96030de24038","isMergeCommit":true,"messageTitle":"Merge pull request #57 from samstt/delete-ui-test","messageBody":"Delete Duke files","fileTypesAndContributionMap":{}}]},{"date":"2025-03-26","commitResults":[{"hash":"cb34dff64f80227296c0768d5ee3ab445461ce91","isMergeCommit":false,"messageTitle":"docs: Update Developer Guide with command package details","messageBody":"- Added ChangeRemarkCommand documentation under studentcommands\n- Included implementation overview\n- Structured command package breakdown for clarity\n\nThis update improves the Developer Guide by providing detailed insights into specific commands.\n","fileTypesAndContributionMap":{"docs":{"insertions":51,"deletions":2}}},{"hash":"1b36fcf0ec1453d1737be41136b8295909fc0293","isMergeCommit":true,"messageTitle":"Merge pull request #66 from samstt/edit-developer-guide","messageBody":"docs: Update Developer Guide with command package details","fileTypesAndContributionMap":{}}]},{"date":"2025-03-28","commitResults":[{"hash":"a7cb6f6a0019e78ce60659485c18828d87dd81de","isMergeCommit":true,"messageTitle":"Merge pull request #72 from kmnyn/Time-Tabling","messageBody":"Add time-tabling feature","fileTypesAndContributionMap":{}},{"hash":"e76ed7261cb76ab147e51ace219ec511ff9e30d7","isMergeCommit":false,"messageTitle":"docs: Update Developer Guide with command package details","messageBody":"- Added ChangeRemarkCommand documentation under studentcommands\n- Included implementation overview\n- Structured command package breakdown for clarity\n- Started on CheckRemarkCommand Documentation\n\nThis update improves the Developer Guide by providing detailed insights into specific commands.\n","fileTypesAndContributionMap":{"docs":{"insertions":2,"deletions":0}}},{"hash":"150783f2bb75d7c7fde79d05cf9d981c6a837066","isMergeCommit":true,"messageTitle":"Merge pull request #74 from kmnyn/developer-guide-wk10","messageBody":"Add DeleteTaskCommand in developer guide","fileTypesAndContributionMap":{}}]},{"date":"2025-03-31","commitResults":[{"hash":"9bf3d344202af0f14290ab6d1b5432c017443230","isMergeCommit":true,"messageTitle":"Merge pull request #81 from xubin0/31march-xb","messageBody":"Add prompt for login menu, utilise method created in main to check password","fileTypesAndContributionMap":{}},{"hash":"f65bb4e2f13de3f8f44a6be599a7ee7c4907586c","isMergeCommit":true,"messageTitle":"Merge pull request #86 from vihaan27/branch-marks","messageBody":"Implement Marks","fileTypesAndContributionMap":{}}]},{"date":"2025-04-01","commitResults":[{"hash":"b33211c924526847abdf199839cc194a574f96d8","isMergeCommit":true,"messageTitle":"Merge branch \u0027master\u0027 of https://github.com/AY2425S2-CS2113-T12-3/tp","messageBody":"","fileTypesAndContributionMap":{}},{"hash":"7029165b5a5ee295de9d1560d36e88750ea458c8","isMergeCommit":false,"messageTitle":"Update Javadoc for tutorialcommands and studentcommands","messageBody":"","fileTypesAndContributionMap":{"functional-code":{"insertions":80,"deletions":3}}},{"hash":"751a68c427c1de11625573580db2499d9d415439","isMergeCommit":true,"messageTitle":"Merge pull request #90 from samstt/update-javadoc-comments","messageBody":"Update javadoc comments","fileTypesAndContributionMap":{}},{"hash":"00162478b5f9d15f7f8fe4999d944039f4c329b5","isMergeCommit":false,"messageTitle":"Update Developer Guide","messageBody":"- Add NewStudentCommand implementation details\n- Add layout for future writing\n","fileTypesAndContributionMap":{"functional-code":{"insertions":7,"deletions":13},"docs":{"insertions":36,"deletions":3}}},{"hash":"ac34083a123a5607a83d5f7ec0ceaa217b6bdec9","isMergeCommit":false,"messageTitle":"Update Developer Guide","messageBody":"- Add NewStudentCommand implementation details\n- Add layout for future writing\n","fileTypesAndContributionMap":{"docs":{"insertions":66,"deletions":2}}},{"hash":"17b635e387ca2605f3071506423d8f3bb94645bc","isMergeCommit":false,"messageTitle":"Revert \"Update Developer Guide\"","messageBody":"This reverts commit ac34083a123a5607a83d5f7ec0ceaa217b6bdec9.\n","fileTypesAndContributionMap":{"docs":{"insertions":2,"deletions":66}}},{"hash":"b51553c5c1db8911953aa296c54f580c8f9cffba","isMergeCommit":false,"messageTitle":"Update Developer Guide","messageBody":"- Add remaining studentcommands description, implementation details and operations description\n","fileTypesAndContributionMap":{"docs":{"insertions":64,"deletions":0}}},{"hash":"9b604cff816e22cb4d41c7640d3f89931bee417b","isMergeCommit":true,"messageTitle":"Merge pull request #95 from samstt/developer-guide-update-commands","messageBody":"Update Developer Guide for studentcommands","fileTypesAndContributionMap":{}},{"hash":"af052a0669b20559b016fd71c4292e7c76b1644b","isMergeCommit":false,"messageTitle":"Implement JUnit Tests for studentcommands","messageBody":"- Implement FindStudentCommandTest and NewStudentCommandTest to increase test coverage\n","fileTypesAndContributionMap":{"functional-code":{"insertions":3,"deletions":7},"test-code":{"insertions":150,"deletions":0}}},{"hash":"56e3f456d6bb8367ea2200782b8c3692db861e65","isMergeCommit":true,"messageTitle":"Resolve Merge Conflicts","messageBody":"","fileTypesAndContributionMap":{}},{"hash":"186ca5252f5ac017e3738f7c0ef5251027b9e429","isMergeCommit":false,"messageTitle":"Fix formatting error in test input","messageBody":"- Added commas to string input as commas are now the delimiter\n","fileTypesAndContributionMap":{"test-code":{"insertions":1,"deletions":1}}},{"hash":"b1176a0e6f6bc2ff17fd5d5cb06934aca724daa8","isMergeCommit":true,"messageTitle":"Merge pull request #100 from samstt/junit-tests-student-commands","messageBody":"Implement JUnit Tests for studentcommands","fileTypesAndContributionMap":{}}]},{"date":"2025-04-02","commitResults":[{"hash":"ac8a888a3d3ea4174f79b986286bc758666d6841","isMergeCommit":false,"messageTitle":"Add tests for more studentcommands","messageBody":"- Abstract setUp code for each test in order to reduce code duplication\n- Create ChangeRemarkCommandTest, CheckRemarkCommandTest, DeleteStudentCommandTest,FindStudentCommandTest and NewStudentCommandTest for easy testing of methods\n","fileTypesAndContributionMap":{"functional-code":{"insertions":1,"deletions":1},"test-code":{"insertions":452,"deletions":70}}},{"hash":"a310432839d42bdfd60b9a9ff12a5bca9be2f7de","isMergeCommit":true,"messageTitle":"Merge pull request #103 from samstt/junit-more-student-commands","messageBody":"Add tests for more studentcommands","fileTypesAndContributionMap":{}},{"hash":"20dcdaec1b36e41480a57cccf0678b1b42fea96c","isMergeCommit":false,"messageTitle":"Update User Guide with student commands","messageBody":"- Amend the formatting of the User Guide\n- Add student command details for users\n- Add important notes for users to take note of during command execution\n","fileTypesAndContributionMap":{"docs":{"insertions":69,"deletions":1}}},{"hash":"a3123e6beffd8a7918d2e7edc3bb5c19006534b7","isMergeCommit":false,"messageTitle":"Update User Guide with student commands","messageBody":"- Amend the formatting of the User Guide\n- Add student command details for users\n- Add important notes for users to take note of during command execution\n","fileTypesAndContributionMap":{"docs":{"insertions":0,"deletions":1}}},{"hash":"ab0a6fd243e98e199fe66d6daf068cf5266f2ea2","isMergeCommit":true,"messageTitle":"Merge pull request #102 from vihaan27/branch-Tests","messageBody":"Add Junit tests for marks and marksList.","fileTypesAndContributionMap":{}}]},{"date":"2025-04-03","commitResults":[{"hash":"300170bfd39c62c45a0a4626f9cb6df1d4b4a2ef","isMergeCommit":false,"messageTitle":"Update User Guide with tutorial commands","messageBody":"- Amend the formatting of the User Guide\n- Add tutorial command details for users\n- Add important notes for users to take note of during command execution\n","fileTypesAndContributionMap":{"functional-code":{"insertions":1,"deletions":1},"docs":{"insertions":49,"deletions":1}}},{"hash":"61f7b4baad2a7420128251558135624489f1b9bc","isMergeCommit":true,"messageTitle":"Merge pull request #107 from samstt/update-user-guide","messageBody":"Update user guide","fileTypesAndContributionMap":{}},{"hash":"584eebfe0012b5645c1d214a30519a6c5eee5bbf","isMergeCommit":true,"messageTitle":"Merge pull request #112 from kmnyn/User-Guide","messageBody":"Update UG for task commands and PPP","fileTypesAndContributionMap":{}},{"hash":"f43916f7f91a1c0e679daa4f7cd85ba872074997","isMergeCommit":false,"messageTitle":"Update PPP for XiaoNa","messageBody":"- Add summary of contributions to the project that involves details on what certain commands do and the justification for them\n- Add details on project management of TASync\n- Add contributions to documentation of UG and DG\n- Add other additional details to paint a clearer picture of my contributions\n","fileTypesAndContributionMap":{"docs":{"insertions":74,"deletions":0}}},{"hash":"e7bc606322aa546768eec4237132814edaf31a3c","isMergeCommit":true,"messageTitle":"Merge pull request #114 from samstt/update-ppp","messageBody":"Update PPP for XiaoNa","fileTypesAndContributionMap":{}},{"hash":"60fb8144889d8ff22f05f6a4684561152145bd7b","isMergeCommit":false,"messageTitle":"Update the DG with tutorial commands","messageBody":"- Add task commands with implementation details and operations\n","fileTypesAndContributionMap":{"docs":{"insertions":203,"deletions":107}}},{"hash":"2a4c515ea87cd0a3c019b1c2bf0a543b6d257085","isMergeCommit":true,"messageTitle":"Merge pull request #116 from kmnyn/Glossary","messageBody":"Update DG with glossary and product scope","fileTypesAndContributionMap":{}},{"hash":"deae83117f1c5009e0aeca3b345c3c16429607d0","isMergeCommit":false,"messageTitle":"Update the DG with user stories","messageBody":"- Add user stories that inspired the features of TASync\n","fileTypesAndContributionMap":{"docs":{"insertions":16,"deletions":4}}},{"hash":"0f19820c071f691d087c9e695d3614baffd9f9e6","isMergeCommit":true,"messageTitle":"Merge pull request #119 from samstt/dg-user-stories","messageBody":"Update the DG with user stories","fileTypesAndContributionMap":{}},{"hash":"9f2cc7e7b42f00da539ea7886c27230fd51bdde3","isMergeCommit":false,"messageTitle":"Update the UG","messageBody":"- Changed minor formatting errors\n","fileTypesAndContributionMap":{"docs":{"insertions":42,"deletions":42}}},{"hash":"c2ed56e8a5e016a1f91157fb6687bb5697ad88c9","isMergeCommit":false,"messageTitle":"Update the UG","messageBody":"- Changed minor formatting errors\n","fileTypesAndContributionMap":{"docs":{"insertions":0,"deletions":1}}},{"hash":"3521cdc8f8f915770016f6de49ae6681c9afdf66","isMergeCommit":true,"messageTitle":"Merge pull request #121 from samstt/fix-formatting-issue","messageBody":"Fix formatting issue","fileTypesAndContributionMap":{}}]},{"date":"2025-04-04","commitResults":[{"hash":"c3dd83ff363e57e1cc76462b7eb4653ccc41fe95","isMergeCommit":false,"messageTitle":"Fix tp bugs","messageBody":"- Update NewTutorialCommand to not allow tutorials to be created with the same name or with overlapping start time and end time\n- Update NewTutorialCommand to have better output formatting when a tutorial is successfully created\n","fileTypesAndContributionMap":{"functional-code":{"insertions":52,"deletions":18}}},{"hash":"206d0c3c52b55c541b0bf12e737185fcf62adf33","isMergeCommit":false,"messageTitle":"Fix tp bugs","messageBody":"- Update newstudentcommand example in command summary in UG\n- Update TASyncException to show correct usage of commands by removing the additional slash\n- Update delete student command in CommandList to show the right usage method\n","fileTypesAndContributionMap":{"functional-code":{"insertions":9,"deletions":9},"docs":{"insertions":7,"deletions":7}}}]},{"date":"2025-04-05","commitResults":[{"hash":"515e07004a432f912141d20d46545275f496ad59","isMergeCommit":false,"messageTitle":"Fix tp bugs","messageBody":"- Update NewStudentCommand example in command summary in UG\n- Update TASyncException to show correct usage of commands by removing the additional slash\n- Update delete student command in CommandList to show the right usage method\n- Fix DeleteTutorialCommand to check for tutorial start time equals to null\n","fileTypesAndContributionMap":{"functional-code":{"insertions":40,"deletions":5}}},{"hash":"0c8f7596137d8c309066ebf1ba758183e9fba380","isMergeCommit":true,"messageTitle":"Fix merge conflict","messageBody":"","fileTypesAndContributionMap":{}},{"hash":"ef1e6fdbed83535af274a81d7d5c38bee5f9704b","isMergeCommit":true,"messageTitle":"Fix merge conflict","messageBody":"- Delete conflicting tutorials in csv file\n","fileTypesAndContributionMap":{}},{"hash":"6de0bd8dd081087cb63fe11ae20ad4b36e722672","isMergeCommit":false,"messageTitle":"Edit NewStudentCommandTest","messageBody":"- Change the contains section of the assertTrue command for negative tests since error messages have been changed\n","fileTypesAndContributionMap":{"test-code":{"insertions":4,"deletions":4}}},{"hash":"133b103be4cb125e0b65b9bf992541db1a8c10f1","isMergeCommit":false,"messageTitle":"Edit NewStudentCommandTest","messageBody":"- Fix assertTrue commands to reflect the new thrown error messages\n","fileTypesAndContributionMap":{"test-code":{"insertions":4,"deletions":4}}},{"hash":"60b32bad9abd071a166e5c38be07460c25c4e4fb","isMergeCommit":true,"messageTitle":"Merge pull request #185 from samstt/fix-tp-bugs","messageBody":"Fix tp bugs","fileTypesAndContributionMap":{}},{"hash":"a1d8425ccea59d832382c74b53589727b6aff3b3","isMergeCommit":true,"messageTitle":"Merge remote-tracking branch \u0027upstream/master\u0027","messageBody":"","fileTypesAndContributionMap":{}},{"hash":"1b226d99b93b069aa017d11be64b015cb4d479fb","isMergeCommit":false,"messageTitle":"Amend CommandList","messageBody":"- Change printCommand() of DELETETUTORIAL to show user the correct usage method\n","fileTypesAndContributionMap":{"functional-code":{"insertions":1,"deletions":1}}},{"hash":"e7907b083b32c39f6c788141ac09615be1dfacfd","isMergeCommit":true,"messageTitle":"Merge pull request #187 from samstt/fix-command-list","messageBody":"Fix command list","fileTypesAndContributionMap":{}}]}],"kmnyn":[{"date":"2025-03-06","commitResults":[{"hash":"f24e2986533a32632e95f4a4f0241aa42090cbd0","isMergeCommit":false,"messageTitle":"Edit AboutUs","messageBody":"","fileTypesAndContributionMap":{"docs":{"insertions":4,"deletions":7}}},{"hash":"6189dc879c209e30b50af66a3e88c93a05e3998e","isMergeCommit":true,"messageTitle":"Merge branch \u0027master\u0027 into mengyan-AboutUs","messageBody":"","fileTypesAndContributionMap":{}},{"hash":"b8200a3f41a6ff6af0fbf46411c32ce544d22437","isMergeCommit":true,"messageTitle":"Merge pull request #4 from kmnyn/mengyan-AboutUs","messageBody":"Edit AboutUs","fileTypesAndContributionMap":{}},{"hash":"a4037b809edb89d544fa688ee83faa50c9e59111","isMergeCommit":true,"messageTitle":"Merge branch \u0027master\u0027 into vihaan-aboutUs","messageBody":"","fileTypesAndContributionMap":{}},{"hash":"c7dd48d8ea4b05149e1be53fb59277283e4f5582","isMergeCommit":true,"messageTitle":"Merge pull request #3 from vihaan27/vihaan-aboutUs","messageBody":"vihaan-aboutUs","fileTypesAndContributionMap":{}}]},{"date":"2025-03-13","commitResults":[{"hash":"bc4d1ab6d24871b2746681bee8b757106198e720","isMergeCommit":true,"messageTitle":"Merge pull request #1 from xubin0/master","messageBody":"add Student, StudentList and StudentFileHandler classes.","fileTypesAndContributionMap":{}},{"hash":"ed0b10dc6f91b2935988b5b9030e5fef71659aa6","isMergeCommit":false,"messageTitle":"Added deadline and consultation command","messageBody":"","fileTypesAndContributionMap":{"functional-code":{"insertions":160,"deletions":7}}},{"hash":"3d1ce31bc8e4f92f3e17862a1997d6964b749a45","isMergeCommit":true,"messageTitle":"Merge pull request #6 from kmnyn/Todo","messageBody":"Added deadline and consultation command","fileTypesAndContributionMap":{}},{"hash":"ee9c2277372f4fe68529dafda1ee7a83bc0a4807","isMergeCommit":false,"messageTitle":"JUnit Test for Todo Class","messageBody":"","fileTypesAndContributionMap":{"functional-code":{"insertions":7,"deletions":9},"other":{"insertions":6,"deletions":6},"test-code":{"insertions":29,"deletions":0}}},{"hash":"116601743e6609074c59e362a2fa7252fc6b2655","isMergeCommit":true,"messageTitle":"Merge pull request #7 from kmnyn/Junit-test","messageBody":"JUnit Test for Todo Class","fileTypesAndContributionMap":{}}]},{"date":"2025-03-18","commitResults":[{"hash":"a0af97831a02eeb095fe3357aab81c076406359c","isMergeCommit":false,"messageTitle":"Implement task management function with DateTime format checker","messageBody":"","fileTypesAndContributionMap":{"functional-code":{"insertions":195,"deletions":38},"test-code":{"insertions":75,"deletions":0}}},{"hash":"07655ff6c70d254485b6d9f5f8495642240ec3c2","isMergeCommit":false,"messageTitle":"Edit taskCommands method in command factory","messageBody":"","fileTypesAndContributionMap":{"functional-code":{"insertions":30,"deletions":22},"other":{"insertions":6,"deletions":6}}}]},{"date":"2025-03-19","commitResults":[{"hash":"04f6f1684e25141e0611c19d7c4faa6d9f621826","isMergeCommit":false,"messageTitle":"Add file handling method for tasklist","messageBody":"","fileTypesAndContributionMap":{"functional-code":{"insertions":152,"deletions":3}}},{"hash":"d6fbba7ef8d8c6d8e0a7e9c277e52debd1a08a7f","isMergeCommit":true,"messageTitle":"Merge pull request #41 from kmnyn/tasklist-file-handler","messageBody":"Add file handling method for tasklist","fileTypesAndContributionMap":{}},{"hash":"d8bcdadfc38e35c18b79ffff6426621f9ae6ab23","isMergeCommit":false,"messageTitle":"Debug datetime checking for tasks","messageBody":"","fileTypesAndContributionMap":{"functional-code":{"insertions":181,"deletions":183},"test-code":{"insertions":4,"deletions":2}}},{"hash":"e5b52dfd3d4ce5f34b7017f04321aec29c183402","isMergeCommit":true,"messageTitle":"Merge branch \u0027master\u0027 of https://github.com/AY2425S2-CS2113-T12-3/tp into tasklist-debugging","messageBody":"# Conflicts:\n#\tdata/tasklist.txt\n","fileTypesAndContributionMap":{}},{"hash":"ed546c56679d85673f6697168e203945d538b659","isMergeCommit":true,"messageTitle":"Merge pull request #46 from kmnyn/tasklist-debugging","messageBody":"Debug datetime checking for tasks","fileTypesAndContributionMap":{}},{"hash":"a645b3ff68c2fce6ad7480cb8432523091249044","isMergeCommit":false,"messageTitle":"Edit error message for task commands","messageBody":"","fileTypesAndContributionMap":{"functional-code":{"insertions":4,"deletions":4}}},{"hash":"ffb9659a8397c0a7e0e61a41df548fe841539083","isMergeCommit":true,"messageTitle":"Merge pull request #50 from kmnyn/master","messageBody":"Edit error message for task commands","fileTypesAndContributionMap":{}}]},{"date":"2025-03-20","commitResults":[{"hash":"6c9c8e1a5022cf5b4da295f9a9fdedb403341979","isMergeCommit":false,"messageTitle":"Add assertions and logging for task class","messageBody":"","fileTypesAndContributionMap":{"functional-code":{"insertions":13,"deletions":0}}},{"hash":"a426aba0376cf381134a3b1fad8204dae26ef4ea","isMergeCommit":true,"messageTitle":"Merge pull request #53 from kmnyn/assertions-and-logging","messageBody":"Add assertions and logging for task class","fileTypesAndContributionMap":{}}]},{"date":"2025-03-28","commitResults":[{"hash":"8a3fa90ea0bb1d0cb0bf886a56a7c81a36e4618f","isMergeCommit":false,"messageTitle":"Add time-tabling feature","messageBody":"","fileTypesAndContributionMap":{"functional-code":{"insertions":206,"deletions":0}}},{"hash":"9bb5966adcf12db1d76b3d15145207b085f48772","isMergeCommit":true,"messageTitle":"Merge pull request #73 from samstt/edit-developer-guide","messageBody":"docs: Update Developer Guide with command package details","fileTypesAndContributionMap":{}},{"hash":"4effb26b6fe97f198d87dd7d0086ae5edfa96ef4","isMergeCommit":false,"messageTitle":"Add DeleteTaskCommand in developer guide","messageBody":"","fileTypesAndContributionMap":{"docs":{"insertions":16,"deletions":0}}}]},{"date":"2025-03-31","commitResults":[{"hash":"da13142e0b128ba24b38ef4107ee5c73b10d7470","isMergeCommit":true,"messageTitle":"Merge pull request #85 from xubin0/test","messageBody":"delete obsolete method and add JUnitTests","fileTypesAndContributionMap":{}}]},{"date":"2025-04-01","commitResults":[{"hash":"80872eb6990dd7a687c204939a4476c4194f14c0","isMergeCommit":false,"messageTitle":"Add some JUnit tests for task package","messageBody":"","fileTypesAndContributionMap":{"functional-code":{"insertions":1,"deletions":8},"test-code":{"insertions":194,"deletions":0}}},{"hash":"ac94b8bf6ab0c661f2b770a0b8b32b2b8255e9fd","isMergeCommit":false,"messageTitle":"Resolve checkstyle error","messageBody":"","fileTypesAndContributionMap":{"test-code":{"insertions":4,"deletions":2}}},{"hash":"0f052c681830f65417de8047402ef01655a650d9","isMergeCommit":true,"messageTitle":"Merge pull request #99 from kmnyn/task-test-coverage-improvement","messageBody":"Task test coverage improvement","fileTypesAndContributionMap":{}}]},{"date":"2025-04-02","commitResults":[{"hash":"a6eae1d12530cc7fdbc9076298509c77803a73b4","isMergeCommit":false,"messageTitle":"Add JUnit test for task commands","messageBody":"","fileTypesAndContributionMap":{"functional-code":{"insertions":6,"deletions":0},"test-code":{"insertions":302,"deletions":0}}},{"hash":"ac0719b95e46836f9b609f7c01eca271b4ecd844","isMergeCommit":true,"messageTitle":"Merge pull request #104 from kmnyn/taskcommand-test-coverage","messageBody":"Add JUnit test for task commands","fileTypesAndContributionMap":{}},{"hash":"5fce015ef3afe9717423aaa7e9dacee93dba8416","isMergeCommit":false,"messageTitle":"Update developer guide for task commands","messageBody":"","fileTypesAndContributionMap":{"docs":{"insertions":176,"deletions":1}}},{"hash":"04489e1595518977d0ad2600a0156a503aa26f40","isMergeCommit":true,"messageTitle":"Merge pull request #105 from kmnyn/Developer-Gude","messageBody":"Update developer guide for task commands","fileTypesAndContributionMap":{}}]},{"date":"2025-04-03","commitResults":[{"hash":"12991ffa1f4ef353927a87ae4865a0919e502c57","isMergeCommit":false,"messageTitle":"Update user guide and command list with task commands","messageBody":"","fileTypesAndContributionMap":{"functional-code":{"insertions":26,"deletions":9},"docs":{"insertions":129,"deletions":9}}},{"hash":"2369f4e0ee3ca821c95f4ced4a65ec82e34963f3","isMergeCommit":false,"messageTitle":"Add simple structure for PPP","messageBody":"","fileTypesAndContributionMap":{"docs":{"insertions":18,"deletions":0}}},{"hash":"bb537efee44104c9e6f4686f2719fe74d95135b9","isMergeCommit":false,"messageTitle":"Reformat output in user guide task commands demo","messageBody":"","fileTypesAndContributionMap":{"docs":{"insertions":68,"deletions":46}}},{"hash":"bc9a3c2d3987a99fe914f5d03c28e6d56f038060","isMergeCommit":false,"messageTitle":"Update DG with glossary and product scope","messageBody":"","fileTypesAndContributionMap":{"docs":{"insertions":7,"deletions":3}}},{"hash":"d54adc529c46d392b9e2ed35b273cbd4e08b3f4c","isMergeCommit":true,"messageTitle":"Merge pull request #117 from samstt/developer-guide-tutorial-commands","messageBody":"Update the DG with tutorial commands","fileTypesAndContributionMap":{}},{"hash":"a85ebbb62ad699e076d5db83700ef656cd9f7bc0","isMergeCommit":true,"messageTitle":"Merge pull request #120 from xubin0/PPP","messageBody":"add Xubin PPP","fileTypesAndContributionMap":{}}]}],"wongyihao02":[{"date":"2025-03-06","commitResults":[{"hash":"0b092523e37ffcf216ccd41fef19ad6280875b0c","isMergeCommit":false,"messageTitle":"changed stuff","messageBody":"","fileTypesAndContributionMap":{"docs":{"insertions":4,"deletions":6}}},{"hash":"9e9da3004dd3a9f3dd0c21ca285511bf65ebfab3","isMergeCommit":true,"messageTitle":"Merge branch \u0027master\u0027 into test","messageBody":"# Conflicts:\n#\tdocs/AboutUs.md\n","fileTypesAndContributionMap":{}},{"hash":"ec316790a1e014fbaa9b33ab64d85ff02dbc1ae4","isMergeCommit":true,"messageTitle":"Merge pull request #5 from wongyihao02/test","messageBody":"yi hao change to AboutUs.md","fileTypesAndContributionMap":{}}]},{"date":"2025-03-16","commitResults":[{"hash":"5bc127489ede0f6e8147d69d3a8a80ad62a1f3ce","isMergeCommit":false,"messageTitle":"added comment list","messageBody":"","fileTypesAndContributionMap":{"functional-code":{"insertions":25,"deletions":0}}}]},{"date":"2025-03-17","commitResults":[{"hash":"25a210487a064c3ea8917bd54f4e0c004a788cdd","isMergeCommit":false,"messageTitle":"changing how attendance list works","messageBody":"","fileTypesAndContributionMap":{"functional-code":{"insertions":116,"deletions":61}}},{"hash":"3d89ef38483b22f915b3e759e981f515aa04066b","isMergeCommit":false,"messageTitle":"adjusted the FileFile loader and saver for comments","messageBody":"","fileTypesAndContributionMap":{"functional-code":{"insertions":95,"deletions":54}}},{"hash":"b98deffdbdb6516ce2c7a842ebe863c2cbf693a7","isMergeCommit":false,"messageTitle":"debugged AttendanceList and the AttendanceFileFileLoader.also added equals and hashcode method for Student","messageBody":"","fileTypesAndContributionMap":{"functional-code":{"insertions":21,"deletions":2},"test-code":{"insertions":70,"deletions":0}}},{"hash":"9df152e5bdd77022b83a6ccf447510239563f310","isMergeCommit":false,"messageTitle":"Merge branch \u0027master\u0027 into keep_og_structure_of_no_dates","messageBody":"# Conflicts:\n#\tsrc/main/java/Attendance/AttendanceList.java\n","fileTypesAndContributionMap":{"functional-code":{"insertions":3,"deletions":2}}},{"hash":"64621893cbcba9553578e5aecaf7481638e94395","isMergeCommit":true,"messageTitle":"Merge branch \u0027master\u0027 into keep_og_structure_of_no_dates","messageBody":"","fileTypesAndContributionMap":{}},{"hash":"872528a4aae07d55b22f7a439518e04813876785","isMergeCommit":false,"messageTitle":"no message","messageBody":"","fileTypesAndContributionMap":{"test-code":{"insertions":1,"deletions":1}}}]},{"date":"2025-03-19","commitResults":[{"hash":"a5f75ddfbb3c6ba88a13496bb6d65a9cfeee7b15","isMergeCommit":false,"messageTitle":"no message","messageBody":"","fileTypesAndContributionMap":{"functional-code":{"insertions":28,"deletions":0}}},{"hash":"d056f5e7e1f75af5ae5ddd81cfde1f150ee6e965","isMergeCommit":true,"messageTitle":"Merge branch \u0027master\u0027 into tutorial_class_commands","messageBody":"","fileTypesAndContributionMap":{}},{"hash":"b68eb23b40e8dfead93f740df1bc0606cca65c50","isMergeCommit":false,"messageTitle":"adding command list tutorials","messageBody":"","fileTypesAndContributionMap":{"functional-code":{"insertions":48,"deletions":1}}},{"hash":"3460d1c23b6bd393d7a316e430d7fb0ae03eb98f","isMergeCommit":true,"messageTitle":"Merge branch \u0027master\u0027 into tutorial_class_commands","messageBody":"","fileTypesAndContributionMap":{}},{"hash":"a61701ebd285176a93f1e685c34d081588541427","isMergeCommit":false,"messageTitle":"added list tutorial students and list all upcoming tutorial sessions before end date","messageBody":"","fileTypesAndContributionMap":{"functional-code":{"insertions":92,"deletions":19}}},{"hash":"93f57765649e0e8d17ee23bb048639d3dea60a9a","isMergeCommit":true,"messageTitle":"Merge pull request #42 from wongyihao02/tutorial_class_commands","messageBody":"Tutorial class commands","fileTypesAndContributionMap":{}},{"hash":"ac63bb72c65ab3bfa51d506525ad95a9943a9f07","isMergeCommit":false,"messageTitle":"mark,unmark,list","messageBody":"","fileTypesAndContributionMap":{"functional-code":{"insertions":231,"deletions":8}}},{"hash":"15e107e772f2e2000e32382aab30f1a07beb5e85","isMergeCommit":false,"messageTitle":"no message","messageBody":"","fileTypesAndContributionMap":{"functional-code":{"insertions":66,"deletions":2}}},{"hash":"e708ba2003f7c8d14c5fcc28d594bfde3d7b8049","isMergeCommit":true,"messageTitle":"Merge branch \u0027master\u0027 into attendance_list_func(not_create)","messageBody":"","fileTypesAndContributionMap":{}},{"hash":"f5f102dafa69e536682b8a505418198efa017d8c","isMergeCommit":false,"messageTitle":"added comments commands","messageBody":"","fileTypesAndContributionMap":{"functional-code":{"insertions":180,"deletions":8}}},{"hash":"e53edce5cb5951f79b935bae57a20db0f414ee29","isMergeCommit":false,"messageTitle":"no message","messageBody":"","fileTypesAndContributionMap":{"functional-code":{"insertions":28,"deletions":0}}},{"hash":"39618702042181e349e326c978018d86c88e94a9","isMergeCommit":false,"messageTitle":"Merge branch \u0027master\u0027 into attendance_list_func(not_create)","messageBody":"# Conflicts:\n#\tsrc/main/java/commandHandler/CommandFactory.java\n","fileTypesAndContributionMap":{"functional-code":{"insertions":53,"deletions":10}}},{"hash":"9436e0349379643dc84bb70732f0b8fdd179a4d5","isMergeCommit":true,"messageTitle":"Merge branch \u0027master\u0027 into attendance_list_func(not_create)","messageBody":"# Conflicts:\n#\tsrc/main/java/Command/commandHandler/CommandFactory.java\n#\tsrc/main/java/TASync.java\n","fileTypesAndContributionMap":{}},{"hash":"bb33c2e6110f65a97ed4ba18867e76b1a5c4990c","isMergeCommit":true,"messageTitle":"Merge branch \u0027master\u0027 into attendance_list_func(not_create)","messageBody":"","fileTypesAndContributionMap":{}},{"hash":"d9ccf8f49bca9275675bc8c35139caefd25b46d5","isMergeCommit":true,"messageTitle":"Merge pull request #48 from wongyihao02/attendance_list_func(not_create)","messageBody":"Attendance list func(not create)","fileTypesAndContributionMap":{}}]},{"date":"2025-03-30","commitResults":[{"hash":"8887efe11a8a84211d58be1d4b763790cf978a4d","isMergeCommit":false,"messageTitle":"adjusted data files,addedacocount list and its file handlers","messageBody":"","fileTypesAndContributionMap":{"functional-code":{"insertions":107,"deletions":0}}}]},{"date":"2025-03-31","commitResults":[{"hash":"28134d922177ffe197932bf20ecda18f390eed38","isMergeCommit":false,"messageTitle":"no message","messageBody":"","fileTypesAndContributionMap":{"functional-code":{"insertions":23,"deletions":1}}},{"hash":"2ab83e1b97d757c0a6b06210dfede12ac2808074","isMergeCommit":false,"messageTitle":"renamed stuff","messageBody":"","fileTypesAndContributionMap":{"functional-code":{"insertions":5,"deletions":5},"other":{"insertions":11,"deletions":12}}},{"hash":"484fb888f43746ade2b7cc8aabd4423ff156123f","isMergeCommit":false,"messageTitle":"login feature complete","messageBody":"","fileTypesAndContributionMap":{"functional-code":{"insertions":115,"deletions":57}}},{"hash":"09eec5b9feb5478a4a9e991f97048ec23f29e781","isMergeCommit":true,"messageTitle":"Merge branch \u0027master\u0027 into login_feature","messageBody":"# Conflicts:\n#\tsrc/main/java/command/commandhandler/CommandFactory.java\n","fileTypesAndContributionMap":{}},{"hash":"624459605acc0077ee8e3e47614502fdbeba0658","isMergeCommit":true,"messageTitle":"Merge pull request #76 from wongyihao02/login_feature","messageBody":"Login feature implemented","fileTypesAndContributionMap":{}},{"hash":"423197ad94d79c98ea3cfe0035cbdfa97d918ca2","isMergeCommit":true,"messageTitle":"Merge pull request #77 from xubin0/checkstyle-fix","messageBody":"fix checkstyle issue","fileTypesAndContributionMap":{}},{"hash":"0ad9ae3f35adff426203570bd4c9146f6173baa1","isMergeCommit":false,"messageTitle":"junit test,adjusted some for checkstyle","messageBody":"","fileTypesAndContributionMap":{"functional-code":{"insertions":8,"deletions":6},"test-code":{"insertions":396,"deletions":5}}},{"hash":"b2b42a091b452c445ff30c4a6934b2ea2a311e5f","isMergeCommit":true,"messageTitle":"Merge branch \u0027master\u0027 into Junittests","messageBody":"","fileTypesAndContributionMap":{}},{"hash":"2e449a78714797026f98a12dd79fb2e489d09cd8","isMergeCommit":false,"messageTitle":"checkstyle fixes","messageBody":"","fileTypesAndContributionMap":{"test-code":{"insertions":4,"deletions":1}}},{"hash":"8a8fbf01435cdf8e904c4d65187f7ce54f719198","isMergeCommit":false,"messageTitle":"no message","messageBody":"","fileTypesAndContributionMap":{"test-code":{"insertions":3,"deletions":1}}},{"hash":"0e6dafa3f56aaa0863ee3ba7b25c15909ffa7d13","isMergeCommit":true,"messageTitle":"Merge branch \u0027master\u0027 into Junittests","messageBody":"","fileTypesAndContributionMap":{}}]},{"date":"2025-04-01","commitResults":[{"hash":"ed7a034194693884ebfece71f9b804c16e607fb1","isMergeCommit":false,"messageTitle":"added some more tests,adjusted set tutorial method in attendanceList","messageBody":"","fileTypesAndContributionMap":{"functional-code":{"insertions":14,"deletions":1},"test-code":{"insertions":51,"deletions":8}}},{"hash":"f764f91a3a4fc99220508148f4d8380be5b2fd7e","isMergeCommit":false,"messageTitle":"checkstyle fixes","messageBody":"","fileTypesAndContributionMap":{"test-code":{"insertions":10,"deletions":3}}},{"hash":"bb77ad5e783d280898bf900da1657bea81a48593","isMergeCommit":true,"messageTitle":"Merge branch \u0027master\u0027 into Junittests","messageBody":"# Conflicts:\n#\tsrc/main/java/filehandlers/AttendanceFileFileLoader.java\n","fileTypesAndContributionMap":{}},{"hash":"1a82d720dcbcd24bf70613e0e9ad86ef440b7102","isMergeCommit":false,"messageTitle":"fixed some checkstyle errors","messageBody":"","fileTypesAndContributionMap":{"functional-code":{"insertions":1,"deletions":7}}},{"hash":"3ad371b26aac7166462698ec2adb487980f7f31b","isMergeCommit":true,"messageTitle":"Merge branch \u0027master\u0027 into DG_wyh","messageBody":"","fileTypesAndContributionMap":{}},{"hash":"f2efb4c57adaad78aabc8979c72601fed511a46b","isMergeCommit":false,"messageTitle":"added dev guide for attendanceList commands","messageBody":"","fileTypesAndContributionMap":{"docs":{"insertions":134,"deletions":0}}},{"hash":"8f756bbdd7c33b5a55f9d87809d143bc55aac568","isMergeCommit":true,"messageTitle":"Merge branch \u0027master\u0027 into DG_wyh","messageBody":"","fileTypesAndContributionMap":{}},{"hash":"137c1c32b1e360543855f0e2b6f652dfa3f929b9","isMergeCommit":false,"messageTitle":"small change","messageBody":"","fileTypesAndContributionMap":{"test-code":{"insertions":1,"deletions":1}}},{"hash":"77781691dc02b582bc20088172624bd30bac9153","isMergeCommit":true,"messageTitle":"Merge branch \u0027master\u0027 into Junittests","messageBody":"","fileTypesAndContributionMap":{}},{"hash":"572ad89ae4b49b6b10bef725db5b19a310a5febd","isMergeCommit":true,"messageTitle":"Merge branch \u0027master\u0027 into DG_wyh","messageBody":"","fileTypesAndContributionMap":{}},{"hash":"c5555e1b45805d1ffe3dec263fcd8d7483387003","isMergeCommit":true,"messageTitle":"Merge branch \u0027DG_wyh\u0027 into Junittests","messageBody":"","fileTypesAndContributionMap":{}},{"hash":"051820d52697cdb6be1349b644712a5c330f704d","isMergeCommit":true,"messageTitle":"Merge pull request #101 from wongyihao02/DG_wyh","messageBody":"Dev guide for AttendanceListCommands","fileTypesAndContributionMap":{}}]},{"date":"2025-04-02","commitResults":[{"hash":"797bde4f12fbe29c407183cec7c08253a3815a39","isMergeCommit":true,"messageTitle":"Merge branch \u0027master\u0027 into Junittests","messageBody":"","fileTypesAndContributionMap":{}},{"hash":"262a23af13f33e7ec55b087d0b5f91c19ba163fc","isMergeCommit":false,"messageTitle":"started on showattendanceList tests","messageBody":"","fileTypesAndContributionMap":{"functional-code":{"insertions":1,"deletions":1},"test-code":{"insertions":190,"deletions":2}}},{"hash":"ec9a6339bd95de8c048ce097a4799e7d215b9874","isMergeCommit":false,"messageTitle":"no message","messageBody":"","fileTypesAndContributionMap":{"test-code":{"insertions":23,"deletions":1}}},{"hash":"4a6d30f9046319a7cf41612c1f091cf81687c427","isMergeCommit":true,"messageTitle":"Merge branch \u0027master\u0027 into Junittests","messageBody":"","fileTypesAndContributionMap":{}}]},{"date":"2025-04-03","commitResults":[{"hash":"239151e13bfbe8e24dfbabe53427b78a87c2ee1b","isMergeCommit":false,"messageTitle":"no message","messageBody":"","fileTypesAndContributionMap":{"test-code":{"insertions":21,"deletions":7}}},{"hash":"ed39b84eddbff9bf963f77333b09692de5d518a5","isMergeCommit":false,"messageTitle":"added parseint exception handling,added tests for view attendance,mark,unmark attendance,view comment and add comment","messageBody":"","fileTypesAndContributionMap":{"functional-code":{"insertions":15,"deletions":1},"test-code":{"insertions":552,"deletions":8}}},{"hash":"783bf033e4ef4652891a2016839a548bca25b8cc","isMergeCommit":true,"messageTitle":"Merge branch \u0027master\u0027 into Junittests","messageBody":"","fileTypesAndContributionMap":{}},{"hash":"e06f3bfed8e1e2e1cddb9452f58e60072c3987c1","isMergeCommit":false,"messageTitle":"all attendanceList tests added","messageBody":"","fileTypesAndContributionMap":{"functional-code":{"insertions":18,"deletions":4},"test-code":{"insertions":299,"deletions":34}}},{"hash":"7dafe26f296de03b3cefffbf79092d65915de76c","isMergeCommit":true,"messageTitle":"Merge branch \u0027master\u0027 into Junittests","messageBody":"# Conflicts:\n#\tdata/AttendanceFile.csv\n","fileTypesAndContributionMap":{}},{"hash":"4f64aef022e28ddcdb1caf3c51e4e81c86dc9b65","isMergeCommit":false,"messageTitle":"checkstyle fixes","messageBody":"","fileTypesAndContributionMap":{"test-code":{"insertions":49,"deletions":47}}},{"hash":"23b426b685c0d14c940dd9f0a32534222c8d2f5c","isMergeCommit":true,"messageTitle":"Merge pull request #87 from wongyihao02/Junittests","messageBody":"added some Junittests","fileTypesAndContributionMap":{}},{"hash":"fff238290263e264d23d2d9981b5c76f69a4d7d5","isMergeCommit":false,"messageTitle":"added ug for attendance list and added commadn summary","messageBody":"","fileTypesAndContributionMap":{"docs":{"insertions":178,"deletions":2}}},{"hash":"842452b4dfe6e99e85ed45c738528aa7bff737d5","isMergeCommit":false,"messageTitle":"table","messageBody":"","fileTypesAndContributionMap":{"docs":{"insertions":44,"deletions":55}}},{"hash":"41e6742174766feb7724e9f17c58d8204f38ffca","isMergeCommit":true,"messageTitle":"Merge branch \u0027master\u0027 into UG","messageBody":"","fileTypesAndContributionMap":{}},{"hash":"6df624e7e99b89cd5a486cad2facf481213314a5","isMergeCommit":false,"messageTitle":"no message","messageBody":"","fileTypesAndContributionMap":{"docs":{"insertions":3,"deletions":3}}},{"hash":"a75d77fc7b3d8cd4b4181f22a43676699552cdc1","isMergeCommit":true,"messageTitle":"Merge pull request #118 from wongyihao02/UG","messageBody":"added ug for attendance list and added commadn summary","fileTypesAndContributionMap":{}}]},{"date":"2025-04-04","commitResults":[{"hash":"9e0c8f528822ee52e5060be150ee7cdb21d65580","isMergeCommit":false,"messageTitle":"no message","messageBody":"","fileTypesAndContributionMap":{"docs":{"insertions":122,"deletions":0}}},{"hash":"fdd24b11b493063102d65d282753a7081d783dbb","isMergeCommit":true,"messageTitle":"Merge branch \u0027master\u0027 into sequenceDiagrams","messageBody":"","fileTypesAndContributionMap":{}},{"hash":"f97f2951900709760a4a63d81a3494d567d4d4ae","isMergeCommit":false,"messageTitle":"added 3 sequence diagrams","messageBody":"","fileTypesAndContributionMap":{"functional-code":{"insertions":4,"deletions":4},"other":{"insertions":2,"deletions":2},"docs":{"insertions":154,"deletions":43},"test-code":{"insertions":13,"deletions":13}}},{"hash":"636bc57901598d0c5995fb7e730ee9c554790749","isMergeCommit":false,"messageTitle":"unmark example typo","messageBody":"","fileTypesAndContributionMap":{"docs":{"insertions":1,"deletions":1}}},{"hash":"6618dd78b66d65ec69cabc2fdebc62999aa64767","isMergeCommit":false,"messageTitle":"fixed example not having 8 digit for phone num","messageBody":"","fileTypesAndContributionMap":{"docs":{"insertions":7,"deletions":7}}},{"hash":"f98e3c48b18067baffa2719a58a31644251a069b","isMergeCommit":false,"messageTitle":"fixed DeleteTutorial wrong form in UG","messageBody":"","fileTypesAndContributionMap":{"docs":{"insertions":4,"deletions":4}}},{"hash":"224eaf1d69f0703e91160a990614d2581fc01999","isMergeCommit":false,"messageTitle":"fixed being able to create neg week attendancelists","messageBody":"","fileTypesAndContributionMap":{"functional-code":{"insertions":4,"deletions":0},"test-code":{"insertions":14,"deletions":0}}},{"hash":"e4146f482c94b1d93bed7fb0d0155342008cd9d5","isMergeCommit":false,"messageTitle":"Revert \"fixed DeleteTutorial wrong form in UG\"","messageBody":"This reverts commit f98e3c48b18067baffa2719a58a31644251a069b.\n","fileTypesAndContributionMap":{"docs":{"insertions":4,"deletions":4}}},{"hash":"e37fc4e057e128db995be4e4285e80009971db78","isMergeCommit":false,"messageTitle":"fixed missing , for newtutorial example","messageBody":"","fileTypesAndContributionMap":{"docs":{"insertions":1,"deletions":1}}},{"hash":"30427cc02096bd2b9e7c2b32a7247a11315a1374","isMergeCommit":false,"messageTitle":"fixed new student command example date incorrect format","messageBody":"","fileTypesAndContributionMap":{"docs":{"insertions":1,"deletions":1}}},{"hash":"8d6e9bcb974a5b5c920dbd06d361cc5fbe76fa1e","isMergeCommit":true,"messageTitle":"Merge pull request #158 from wongyihao02/sequenceDiagrams","messageBody":"added some Sequence diagrams for attendanceList commands","fileTypesAndContributionMap":{}},{"hash":"bbfea513e8c4a91837874c3b69464ee0b4c91198","isMergeCommit":true,"messageTitle":"Merge branch \u0027master\u0027 into bug_fixing","messageBody":"","fileTypesAndContributionMap":{}},{"hash":"cb4ad5a85de51daffd296ec5926bfb80b3b755e2","isMergeCommit":true,"messageTitle":"Merge branch \u0027master\u0027 into bug_fixing","messageBody":"","fileTypesAndContributionMap":{}},{"hash":"162203c2c1c55f0d138395a78326fa1e22561ecb","isMergeCommit":false,"messageTitle":"no message","messageBody":"","fileTypesAndContributionMap":{"test-code":{"insertions":1,"deletions":1}}},{"hash":"932e085861e4a7cc2f1dd1653fca05c91ec80de6","isMergeCommit":true,"messageTitle":"Merge pull request #171 from wongyihao02/bug_fixing","messageBody":"Fixed some minor bugs","fileTypesAndContributionMap":{}}]}],"vihaan27":[{"date":"2025-03-06","commitResults":[{"hash":"44e9d26c5e224f39740b4c003a88531ea45a8a58","isMergeCommit":false,"messageTitle":"Add personal details to AboutUs.md","messageBody":"","fileTypesAndContributionMap":{"docs":{"insertions":4,"deletions":7}}},{"hash":"24cf4b78515001d76650fbdd5f2e4c7c21fa86ac","isMergeCommit":true,"messageTitle":"Merge branch \u0027master\u0027 of https://github.com/AY2425S2-CS2113-T12-3/tp into vihaan-aboutUs","messageBody":"# Conflicts:\n#\tdocs/AboutUs.md\n","fileTypesAndContributionMap":{}}]},{"date":"2025-03-19","commitResults":[{"hash":"d302d7be377a688b941666440ad9b7d659dfaf44","isMergeCommit":false,"messageTitle":"Add main loop processing user inputs","messageBody":"","fileTypesAndContributionMap":{"functional-code":{"insertions":20,"deletions":0}}},{"hash":"745022624f1e6c8d16f13cac598141147674e997","isMergeCommit":true,"messageTitle":"Merge pull request #36 from vihaan27/branch-UI","messageBody":"Add main loop processing user inputs","fileTypesAndContributionMap":{}},{"hash":"40efd8d98dd0610499ffe666c4f1a88c1f674348","isMergeCommit":false,"messageTitle":"Modify commandHandler and main to take student commands","messageBody":"","fileTypesAndContributionMap":{"functional-code":{"insertions":24,"deletions":8}}},{"hash":"3db0f9de7c6da266b44432ba5475119b83b6d03d","isMergeCommit":true,"messageTitle":"Merge pull request #37 from vihaan27/branch-handler","messageBody":"Modify commandHandler and main to take student commands","fileTypesAndContributionMap":{}}]},{"date":"2025-03-21","commitResults":[{"hash":"20dcd2a4f0b385c5e58651ce3c1f5d33c933d92c","isMergeCommit":false,"messageTitle":"Add assertions to main","messageBody":"","fileTypesAndContributionMap":{"functional-code":{"insertions":7,"deletions":1}}},{"hash":"2bb39bb5ecb9fab42849ce9174991a343ca6f42b","isMergeCommit":true,"messageTitle":"Merge branch \u0027master\u0027 into branch-assertions","messageBody":"","fileTypesAndContributionMap":{}},{"hash":"80878a920d813e41c62b17f4b609676cca7d45a2","isMergeCommit":true,"messageTitle":"Merge pull request #56 from vihaan27/branch-assertions","messageBody":"Assertions in main","fileTypesAndContributionMap":{}}]},{"date":"2025-03-28","commitResults":[{"hash":"51b1b1675d902d69b5d09366d2e9c8437040a170","isMergeCommit":false,"messageTitle":"Create marks and marksList class","messageBody":"","fileTypesAndContributionMap":{"functional-code":{"insertions":68,"deletions":0}}}]},{"date":"2025-03-30","commitResults":[{"hash":"f0ca64e42e717b8e1bc0281c995b9eebe4f9b004","isMergeCommit":false,"messageTitle":"Implement AddMarks and ListMarks commands","messageBody":"","fileTypesAndContributionMap":{"functional-code":{"insertions":184,"deletions":2}}}]},{"date":"2025-03-31","commitResults":[{"hash":"a1b82eda22a933832b39ae7e4a3beaf53be2b74d","isMergeCommit":false,"messageTitle":"Implement marksListSaver and marksListLoader","messageBody":"","fileTypesAndContributionMap":{"functional-code":{"insertions":119,"deletions":6}}},{"hash":"b66f6bf16f628585dc92fcbfcfa5b5d16d0cdb8f","isMergeCommit":false,"messageTitle":"Fix checkstyle errors","messageBody":"","fileTypesAndContributionMap":{"functional-code":{"insertions":26,"deletions":2}}},{"hash":"bf56b7926f9dbad137f70a2b73ab4b0140ec2854","isMergeCommit":false,"messageTitle":"Add deleteMarks command and javaDoc.","messageBody":"","fileTypesAndContributionMap":{"functional-code":{"insertions":139,"deletions":2}}},{"hash":"7486ba8525bbd46865b466849ae347aa50b719a4","isMergeCommit":true,"messageTitle":"Merge branch \u0027master\u0027 into branch-marks","messageBody":"# Conflicts:\n#\tdata/tasklist.txt\n#\tsrc/main/java/TASync.java\n#\tsrc/main/java/command/commandhandler/CommandFactory.java\n#\tsrc/main/java/util/DataManager.java\n","fileTypesAndContributionMap":{}},{"hash":"1244ddfdb02d2b81d312a6c154d2a4f6d1a24eb5","isMergeCommit":false,"messageTitle":"Include marks functions in main.","messageBody":"","fileTypesAndContributionMap":{"functional-code":{"insertions":6,"deletions":15}}},{"hash":"6c75060a9fd25927ee11a8a8e3d7d8f58287f93c","isMergeCommit":false,"messageTitle":"Fix checkstyle error","messageBody":"","fileTypesAndContributionMap":{"functional-code":{"insertions":1,"deletions":1}}},{"hash":"5da5356266437365bb0e34ebd5f54b58687a4abb","isMergeCommit":true,"messageTitle":"Merge branch \u0027master\u0027 into branch-marks","messageBody":"","fileTypesAndContributionMap":{}}]},{"date":"2025-04-01","commitResults":[{"hash":"f0f21e166e5e3cf466658b611d61057c651c61cf","isMergeCommit":false,"messageTitle":"Fix bugs in marks commands.","messageBody":"","fileTypesAndContributionMap":{"functional-code":{"insertions":7,"deletions":6}}},{"hash":"0bdebff1ecebde1d6329f7916e2a30804f5819c1","isMergeCommit":true,"messageTitle":"Merge pull request #96 from vihaan27/marks-bugfixes","messageBody":"Fix bugs in marks commands.","fileTypesAndContributionMap":{}},{"hash":"959e612fad87f3484f4af1d2f8072411a16461a3","isMergeCommit":false,"messageTitle":"Add Junit tests for marks and marksList.","messageBody":"","fileTypesAndContributionMap":{"test-code":{"insertions":115,"deletions":0}}},{"hash":"1bdc55c34a0c9b3966706fc380f3d3ee47c42a3e","isMergeCommit":false,"messageTitle":"Fix checkstyle.","messageBody":"","fileTypesAndContributionMap":{"test-code":{"insertions":5,"deletions":1}}}]},{"date":"2025-04-02","commitResults":[{"hash":"26555c60de412d96bdc9cc4c9d1151cdb3a8a9aa","isMergeCommit":false,"messageTitle":"Add DG documentation for marks commands.","messageBody":"","fileTypesAndContributionMap":{"docs":{"insertions":68,"deletions":0}}}]},{"date":"2025-04-03","commitResults":[{"hash":"a3aa7962626c94aaf3ac47878d2991c5009512d8","isMergeCommit":true,"messageTitle":"Merge pull request #108 from vihaan27/branch-DG","messageBody":"Add DG documentation for marks commands.","fileTypesAndContributionMap":{}},{"hash":"a292d08e12d94b4b6cb5919bd0f0114b3dbee606","isMergeCommit":false,"messageTitle":"Add marks commands to UG.","messageBody":"","fileTypesAndContributionMap":{"docs":{"insertions":36,"deletions":0}}},{"hash":"58e6cdb9e3dc477acaae4456279f49f891c08aa2","isMergeCommit":true,"messageTitle":"Merge pull request #111 from vihaan27/branch-UG","messageBody":"Add marks commands to UG.","fileTypesAndContributionMap":{}},{"hash":"cdffd84ba91956668dccbb777af1d15f7f0e03a0","isMergeCommit":false,"messageTitle":"Add PPP","messageBody":"","fileTypesAndContributionMap":{"docs":{"insertions":25,"deletions":0}}},{"hash":"4602e9ac7eddf289af7cd51d78f8e92e9618896a","isMergeCommit":true,"messageTitle":"Merge pull request #113 from vihaan27/ppp","messageBody":"Add PPP","fileTypesAndContributionMap":{}},{"hash":"9916d85d8c84e98777c4d22f42b6601f11a1c91c","isMergeCommit":false,"messageTitle":"Add non-functional requirements to DG","messageBody":"","fileTypesAndContributionMap":{"docs":{"insertions":7,"deletions":2}}},{"hash":"b4f68c2a8d32fe510009bf5cbd29cea4c88e67c3","isMergeCommit":true,"messageTitle":"Merge branch \u0027master\u0027 into nfrequirements","messageBody":"","fileTypesAndContributionMap":{}},{"hash":"e34640dfeea569361597954537b7d94870f52546","isMergeCommit":true,"messageTitle":"Merge pull request #115 from vihaan27/nfrequirements","messageBody":"Add non-functional requirements to DG","fileTypesAndContributionMap":{}}]}]},"authorFileTypeContributionMap":{"xubin0":{"docs":158,"functional-code":2185,"test-code":327},"samstt":{"docs":509,"functional-code":1257,"test-code":573,"other":1},"kmnyn":{"docs":366,"functional-code":756,"test-code":527},"wongyihao02":{"docs":477,"functional-code":653,"test-code":1500},"vihaan27":{"docs":138,"functional-code":541,"test-code":119}},"authorContributionVariance":{"xubin0":102036.67,"samstt":81243.82,"kmnyn":17526.92,"wongyihao02":65587.555,"vihaan27":3433.9026},"authorDisplayNameMap":{"xubin0":"CS2113-T12-3 CAI ..UBIN","samstt":"CS2113-T12-3 LI X..AONA","kmnyn":"CS2113-T12-3 LI M..GYAN","wongyihao02":"CS2113-T12-3 WONG.. HAO","vihaan27":"CS2113-T12-3 ASTH..HAAN"}}
