[{"path":"README.md","fileType":"docs","lines":[{"lineNumber":1,"author":{"gitId":"Stevexchia"},"content":"# NextStep","lastModifiedDate":"2025-02-21","isFullCredit":false},{"lineNumber":2,"author":{"gitId":"-"},"content":"","lastModifiedDate":"2020-05-25","isFullCredit":false},{"lineNumber":3,"author":{"gitId":"-"},"content":"This is a project template for a greenfield Java project. It\u0027s named after the Java mascot _Duke_. Given below are instructions on how to use it.","lastModifiedDate":"2020-05-25","isFullCredit":false},{"lineNumber":4,"author":{"gitId":"-"},"content":"","lastModifiedDate":"2020-05-25","isFullCredit":false},{"lineNumber":5,"author":{"gitId":"-"},"content":"## Setting up in Intellij","lastModifiedDate":"2020-05-25","isFullCredit":false},{"lineNumber":6,"author":{"gitId":"-"},"content":"","lastModifiedDate":"2020-05-25","isFullCredit":false},{"lineNumber":7,"author":{"gitId":"-"},"content":"Prerequisites: JDK 17 (use the exact version), update Intellij to the most recent version.","lastModifiedDate":"2020-05-24","isFullCredit":false},{"lineNumber":8,"author":{"gitId":"-"},"content":"","lastModifiedDate":"2020-05-24","isFullCredit":false},{"lineNumber":9,"author":{"gitId":"-"},"content":"1. **Ensure Intellij JDK 17 is defined as an SDK**, as described [here](https://www.jetbrains.com/help/idea/sdk.html#set-up-jdk) -- this step is not needed if you have used JDK 17 in a previous Intellij project.","lastModifiedDate":"2020-05-24","isFullCredit":false},{"lineNumber":10,"author":{"gitId":"-"},"content":"1. **Import the project _as a Gradle project_**, as described [here](https://se-education.org/guides/tutorials/intellijImportGradleProject.html).","lastModifiedDate":"2020-05-24","isFullCredit":false},{"lineNumber":11,"author":{"gitId":"-"},"content":"1. **Verify the setup**: After the importing is complete, locate the `src/main/java/seedu/duke/Duke.java` file, right-click it, and choose `Run Duke.main()`. If the setup is correct, you should see something like the below:","lastModifiedDate":"2020-05-24","isFullCredit":false},{"lineNumber":12,"author":{"gitId":"-"},"content":"   ```","lastModifiedDate":"2020-05-25","isFullCredit":false},{"lineNumber":13,"author":{"gitId":"-"},"content":"   \u003e Task :compileJava","lastModifiedDate":"2020-05-24","isFullCredit":false},{"lineNumber":14,"author":{"gitId":"-"},"content":"   \u003e Task :processResources NO-SOURCE","lastModifiedDate":"2020-05-24","isFullCredit":false},{"lineNumber":15,"author":{"gitId":"-"},"content":"   \u003e Task :classes","lastModifiedDate":"2020-05-24","isFullCredit":false},{"lineNumber":16,"author":{"gitId":"-"},"content":"   ","lastModifiedDate":"2020-05-24","isFullCredit":false},{"lineNumber":17,"author":{"gitId":"-"},"content":"   \u003e Task :Duke.main()","lastModifiedDate":"2020-05-24","isFullCredit":false},{"lineNumber":18,"author":{"gitId":"-"},"content":"   Hello from","lastModifiedDate":"2020-05-25","isFullCredit":false},{"lineNumber":19,"author":{"gitId":"-"},"content":"    ____        _        ","lastModifiedDate":"2020-05-25","isFullCredit":false},{"lineNumber":20,"author":{"gitId":"-"},"content":"   |  _ \\ _   _| | _____ ","lastModifiedDate":"2020-05-25","isFullCredit":false},{"lineNumber":21,"author":{"gitId":"-"},"content":"   | | | | | | | |/ / _ \\","lastModifiedDate":"2020-05-25","isFullCredit":false},{"lineNumber":22,"author":{"gitId":"-"},"content":"   | |_| | |_| |   \u003c  __/","lastModifiedDate":"2020-05-25","isFullCredit":false},{"lineNumber":23,"author":{"gitId":"-"},"content":"   |____/ \\__,_|_|\\_\\___|","lastModifiedDate":"2020-05-25","isFullCredit":false},{"lineNumber":24,"author":{"gitId":"-"},"content":"   ","lastModifiedDate":"2020-05-24","isFullCredit":false},{"lineNumber":25,"author":{"gitId":"-"},"content":"   What is your name?","lastModifiedDate":"2020-05-24","isFullCredit":false},{"lineNumber":26,"author":{"gitId":"-"},"content":"   ```","lastModifiedDate":"2020-05-25","isFullCredit":false},{"lineNumber":27,"author":{"gitId":"-"},"content":"   Type some word and press enter to let the execution proceed to the end.","lastModifiedDate":"2020-05-24","isFullCredit":false},{"lineNumber":28,"author":{"gitId":"-"},"content":"","lastModifiedDate":"2025-01-04","isFullCredit":false},{"lineNumber":29,"author":{"gitId":"-"},"content":"**Warning:** Keep the `src\\main\\java` folder as the root folder for Java files (i.e., don\u0027t rename those folders or move Java files to another folder outside of this folder path), as this is the default location some tools (e.g., Gradle) expect to find Java files.","lastModifiedDate":"2025-01-04","isFullCredit":false},{"lineNumber":30,"author":{"gitId":"-"},"content":"","lastModifiedDate":"2020-05-24","isFullCredit":false},{"lineNumber":31,"author":{"gitId":"-"},"content":"## Build automation using Gradle","lastModifiedDate":"2020-05-24","isFullCredit":false},{"lineNumber":32,"author":{"gitId":"-"},"content":"","lastModifiedDate":"2020-05-24","isFullCredit":false},{"lineNumber":33,"author":{"gitId":"-"},"content":"* This project uses Gradle for build automation and dependency management. It includes a basic build script as well (i.e. the `build.gradle` file).","lastModifiedDate":"2020-05-24","isFullCredit":false},{"lineNumber":34,"author":{"gitId":"-"},"content":"* If you are new to Gradle, refer to the [Gradle Tutorial at se-education.org/guides](https://se-education.org/guides/tutorials/gradle.html).","lastModifiedDate":"2020-05-24","isFullCredit":false},{"lineNumber":35,"author":{"gitId":"-"},"content":"","lastModifiedDate":"2020-05-24","isFullCredit":false},{"lineNumber":36,"author":{"gitId":"-"},"content":"## Testing","lastModifiedDate":"2020-05-24","isFullCredit":false},{"lineNumber":37,"author":{"gitId":"-"},"content":"","lastModifiedDate":"2020-05-24","isFullCredit":false},{"lineNumber":38,"author":{"gitId":"-"},"content":"### I/O redirection tests","lastModifiedDate":"2020-05-24","isFullCredit":false},{"lineNumber":39,"author":{"gitId":"-"},"content":"","lastModifiedDate":"2020-05-24","isFullCredit":false},{"lineNumber":40,"author":{"gitId":"-"},"content":"* To run _I/O redirection_ tests (aka _Text UI tests_), navigate to the `text-ui-test` and run the `runtest(.bat/.sh)` script.","lastModifiedDate":"2020-05-24","isFullCredit":false},{"lineNumber":41,"author":{"gitId":"-"},"content":"","lastModifiedDate":"2020-05-24","isFullCredit":false},{"lineNumber":42,"author":{"gitId":"-"},"content":"### JUnit tests","lastModifiedDate":"2020-05-24","isFullCredit":false},{"lineNumber":43,"author":{"gitId":"-"},"content":"","lastModifiedDate":"2020-05-24","isFullCredit":false},{"lineNumber":44,"author":{"gitId":"-"},"content":"* A skeleton JUnit test (`src/test/java/seedu/duke/DukeTest.java`) is provided with this project template. ","lastModifiedDate":"2020-05-24","isFullCredit":false},{"lineNumber":45,"author":{"gitId":"-"},"content":"* If you are new to JUnit, refer to the [JUnit Tutorial at se-education.org/guides](https://se-education.org/guides/tutorials/junit.html).","lastModifiedDate":"2020-05-24","isFullCredit":false},{"lineNumber":46,"author":{"gitId":"-"},"content":"","lastModifiedDate":"2020-05-24","isFullCredit":false},{"lineNumber":47,"author":{"gitId":"-"},"content":"## Checkstyle","lastModifiedDate":"2020-05-24","isFullCredit":false},{"lineNumber":48,"author":{"gitId":"-"},"content":"","lastModifiedDate":"2020-05-24","isFullCredit":false},{"lineNumber":49,"author":{"gitId":"-"},"content":"* A sample CheckStyle rule configuration is provided in this project.","lastModifiedDate":"2020-05-24","isFullCredit":false},{"lineNumber":50,"author":{"gitId":"-"},"content":"* If you are new to Checkstyle, refer to the [Checkstyle Tutorial at se-education.org/guides](https://se-education.org/guides/tutorials/checkstyle.html).","lastModifiedDate":"2020-05-24","isFullCredit":false},{"lineNumber":51,"author":{"gitId":"-"},"content":"","lastModifiedDate":"2020-05-24","isFullCredit":false},{"lineNumber":52,"author":{"gitId":"-"},"content":"## CI using GitHub Actions","lastModifiedDate":"2020-05-24","isFullCredit":false},{"lineNumber":53,"author":{"gitId":"-"},"content":"","lastModifiedDate":"2020-05-24","isFullCredit":false},{"lineNumber":54,"author":{"gitId":"-"},"content":"The project uses [GitHub actions](https://github.com/features/actions) for CI. When you push a commit to this repo or PR against it, GitHub actions will run automatically to build and verify the code as updated by the commit/PR.","lastModifiedDate":"2020-05-24","isFullCredit":false},{"lineNumber":55,"author":{"gitId":"-"},"content":"","lastModifiedDate":"2020-05-24","isFullCredit":false},{"lineNumber":56,"author":{"gitId":"-"},"content":"## Documentation","lastModifiedDate":"2020-05-24","isFullCredit":false},{"lineNumber":57,"author":{"gitId":"-"},"content":"","lastModifiedDate":"2020-05-24","isFullCredit":false},{"lineNumber":58,"author":{"gitId":"-"},"content":"`/docs` folder contains a skeleton version of the project documentation.","lastModifiedDate":"2020-05-24","isFullCredit":false},{"lineNumber":59,"author":{"gitId":"-"},"content":"","lastModifiedDate":"2020-05-24","isFullCredit":false},{"lineNumber":60,"author":{"gitId":"-"},"content":"Steps for publishing documentation to the public: ","lastModifiedDate":"2020-05-24","isFullCredit":false},{"lineNumber":61,"author":{"gitId":"-"},"content":"1. If you are using this project template for an individual project, go your fork on GitHub.\u003cbr\u003e","lastModifiedDate":"2020-05-24","isFullCredit":false},{"lineNumber":62,"author":{"gitId":"-"},"content":"   If you are using this project template for a team project, go to the team fork on GitHub.","lastModifiedDate":"2020-05-24","isFullCredit":false},{"lineNumber":63,"author":{"gitId":"-"},"content":"1. Click on the `settings` tab.","lastModifiedDate":"2020-05-24","isFullCredit":false},{"lineNumber":64,"author":{"gitId":"-"},"content":"1. Scroll down to the `GitHub Pages` section.","lastModifiedDate":"2020-05-24","isFullCredit":false},{"lineNumber":65,"author":{"gitId":"-"},"content":"1. Set the `source` as `master branch /docs folder`.","lastModifiedDate":"2020-05-24","isFullCredit":false},{"lineNumber":66,"author":{"gitId":"-"},"content":"1. Optionally, use the `choose a theme` button to choose a theme for your documentation.","lastModifiedDate":"2020-05-24","isFullCredit":false}],"authorContributionMap":{"Stevexchia":1,"-":65}},{"path":"docs/AboutUs.md","fileType":"docs","lines":[{"lineNumber":1,"author":{"gitId":"-"},"content":"# About us","lastModifiedDate":"2020-05-24","isFullCredit":false},{"lineNumber":2,"author":{"gitId":"-"},"content":"Display |                     Name                     |             Github Profile              | Portfolio ","lastModifiedDate":"2020-05-24","isFullCredit":false},{"lineNumber":3,"author":{"gitId":"Stevexchia"},"content":"--------|:--------------------------------------------:|:---------------------------------------:|:---------:","lastModifiedDate":"2025-03-07","isFullCredit":false},{"lineNumber":4,"author":{"gitId":"jiajun2002"},"content":"![](https://via.placeholder.com/100.png?text\u003dPhoto) |                   Jia Jun                    | [Github](https://github.com/jiajun2002) | [Portfolio](jiajun2002)","lastModifiedDate":"2025-03-07","isFullCredit":false},{"lineNumber":5,"author":{"gitId":"Stevexchia"},"content":"![](https://via.placeholder.com/100.png?text\u003dPhoto) |                  Steve Chia                  | [Github](https://github.com/Stevexchia) | [Portfolio](stevexchia)","lastModifiedDate":"2025-03-07","isFullCredit":false},{"lineNumber":6,"author":{"gitId":"Stevexchia"},"content":"![](https://via.placeholder.com/100.png?text\u003dPhoto) | Yanjun | [Github](https://github.com/xyanjun02) | [Portfolio](xyanjun02)","lastModifiedDate":"2025-03-07","isFullCredit":false}],"authorContributionMap":{"Stevexchia":3,"jiajun2002":1,"-":2}},{"path":"src/main/java/seedu/nextstep/Internship.java","fileType":"functional-code","lines":[{"lineNumber":1,"author":{"gitId":"jiajun2002"},"content":"package seedu.nextstep;","lastModifiedDate":"2025-03-11","isFullCredit":false},{"lineNumber":2,"author":{"gitId":"jiajun2002"},"content":"","lastModifiedDate":"2025-03-11","isFullCredit":false},{"lineNumber":3,"author":{"gitId":"jiajun2002"},"content":"import java.util.Arrays;","lastModifiedDate":"2025-03-11","isFullCredit":false},{"lineNumber":4,"author":{"gitId":"jiajun2002"},"content":"","lastModifiedDate":"2025-03-11","isFullCredit":false},{"lineNumber":5,"author":{"gitId":"jiajun2002"},"content":"public class Internship {","lastModifiedDate":"2025-03-11","isFullCredit":false},{"lineNumber":6,"author":{"gitId":"jiajun2002"},"content":"    protected String company;","lastModifiedDate":"2025-03-11","isFullCredit":false},{"lineNumber":7,"author":{"gitId":"jiajun2002"},"content":"    protected String role;","lastModifiedDate":"2025-03-11","isFullCredit":false},{"lineNumber":8,"author":{"gitId":"jiajun2002"},"content":"    protected int duration; // in months","lastModifiedDate":"2025-03-11","isFullCredit":false},{"lineNumber":9,"author":{"gitId":"jiajun2002"},"content":"    protected int salary;","lastModifiedDate":"2025-03-11","isFullCredit":false},{"lineNumber":10,"author":{"gitId":"jiajun2002"},"content":"    protected String[] skills;","lastModifiedDate":"2025-03-11","isFullCredit":false},{"lineNumber":11,"author":{"gitId":"jiajun2002"},"content":"","lastModifiedDate":"2025-03-11","isFullCredit":false},{"lineNumber":12,"author":{"gitId":"jiajun2002"},"content":"    public Internship(String company, String role, int duration, int salary, String skill1, String skill2, String skill3) {","lastModifiedDate":"2025-03-11","isFullCredit":false},{"lineNumber":13,"author":{"gitId":"jiajun2002"},"content":"        this.company \u003d company;","lastModifiedDate":"2025-03-11","isFullCredit":false},{"lineNumber":14,"author":{"gitId":"jiajun2002"},"content":"        this.role \u003d role;","lastModifiedDate":"2025-03-11","isFullCredit":false},{"lineNumber":15,"author":{"gitId":"jiajun2002"},"content":"        this.duration \u003d duration;","lastModifiedDate":"2025-03-11","isFullCredit":false},{"lineNumber":16,"author":{"gitId":"jiajun2002"},"content":"        this.salary \u003d salary;","lastModifiedDate":"2025-03-11","isFullCredit":false},{"lineNumber":17,"author":{"gitId":"jiajun2002"},"content":"        this.skills \u003d new String[]{skill1, skill2, skill3};","lastModifiedDate":"2025-03-11","isFullCredit":false},{"lineNumber":18,"author":{"gitId":"jiajun2002"},"content":"    }","lastModifiedDate":"2025-03-11","isFullCredit":false},{"lineNumber":19,"author":{"gitId":"jiajun2002"},"content":"","lastModifiedDate":"2025-03-11","isFullCredit":false},{"lineNumber":20,"author":{"gitId":"jiajun2002"},"content":"    @Override","lastModifiedDate":"2025-03-11","isFullCredit":false},{"lineNumber":21,"author":{"gitId":"jiajun2002"},"content":"    public String toString() {","lastModifiedDate":"2025-03-11","isFullCredit":false},{"lineNumber":22,"author":{"gitId":"jiajun2002"},"content":"        return \"Company: \" + company + System.lineSeparator() +","lastModifiedDate":"2025-03-11","isFullCredit":false},{"lineNumber":23,"author":{"gitId":"jiajun2002"},"content":"                \"Role: \" + role + System.lineSeparator() +","lastModifiedDate":"2025-03-11","isFullCredit":false},{"lineNumber":24,"author":{"gitId":"jiajun2002"},"content":"                \"Duration: \" + duration + \" months\" +  System.lineSeparator() +","lastModifiedDate":"2025-03-11","isFullCredit":false},{"lineNumber":25,"author":{"gitId":"jiajun2002"},"content":"                \"Salary: $\" + salary + System.lineSeparator() +","lastModifiedDate":"2025-03-11","isFullCredit":false},{"lineNumber":26,"author":{"gitId":"jiajun2002"},"content":"                \"Skills: \" + skills[0] + \", \" + skills[1] + \", \" + skills[2] + System.lineSeparator();","lastModifiedDate":"2025-03-11","isFullCredit":false},{"lineNumber":27,"author":{"gitId":"jiajun2002"},"content":"    }","lastModifiedDate":"2025-03-11","isFullCredit":false},{"lineNumber":28,"author":{"gitId":"jiajun2002"},"content":"}","lastModifiedDate":"2025-03-11","isFullCredit":false}],"authorContributionMap":{"jiajun2002":28}},{"path":"src/main/java/seedu/nextstep/NextStep.java","fileType":"functional-code","lines":[{"lineNumber":1,"author":{"gitId":"jiajun2002"},"content":"package seedu.nextstep;","lastModifiedDate":"2025-03-11","isFullCredit":false},{"lineNumber":2,"author":{"gitId":"jiajun2002"},"content":"","lastModifiedDate":"2025-03-11","isFullCredit":false},{"lineNumber":3,"author":{"gitId":"jiajun2002"},"content":"import java.util.Scanner;","lastModifiedDate":"2025-03-11","isFullCredit":false},{"lineNumber":4,"author":{"gitId":"jiajun2002"},"content":"","lastModifiedDate":"2025-03-11","isFullCredit":false},{"lineNumber":5,"author":{"gitId":"jiajun2002"},"content":"public class NextStep {","lastModifiedDate":"2025-03-11","isFullCredit":false},{"lineNumber":6,"author":{"gitId":"jiajun2002"},"content":"    public static void main(String[] args) {","lastModifiedDate":"2025-03-11","isFullCredit":false},{"lineNumber":7,"author":{"gitId":"jiajun2002"},"content":"        //Scanner input \u003d new Scanner(System.in);","lastModifiedDate":"2025-03-11","isFullCredit":false},{"lineNumber":8,"author":{"gitId":"jiajun2002"},"content":"        System.out.println(\"Get Ready to begin your Next Step!!!\");","lastModifiedDate":"2025-03-11","isFullCredit":false},{"lineNumber":9,"author":{"gitId":"jiajun2002"},"content":"        System.out.println(\"-----------\u003e\u003e\u003e\u003e\u003e\");","lastModifiedDate":"2025-03-11","isFullCredit":false},{"lineNumber":10,"author":{"gitId":"jiajun2002"},"content":"        Internship internship \u003d new Internship(\"Apple\",","lastModifiedDate":"2025-03-11","isFullCredit":false},{"lineNumber":11,"author":{"gitId":"jiajun2002"},"content":"                                            \"Software Engineer\",","lastModifiedDate":"2025-03-11","isFullCredit":false},{"lineNumber":12,"author":{"gitId":"jiajun2002"},"content":"                                            6,","lastModifiedDate":"2025-03-11","isFullCredit":false},{"lineNumber":13,"author":{"gitId":"jiajun2002"},"content":"                                            3000,","lastModifiedDate":"2025-03-11","isFullCredit":false},{"lineNumber":14,"author":{"gitId":"jiajun2002"},"content":"                                            \"Python\",","lastModifiedDate":"2025-03-11","isFullCredit":false},{"lineNumber":15,"author":{"gitId":"jiajun2002"},"content":"                                            \"SQL\",","lastModifiedDate":"2025-03-11","isFullCredit":false},{"lineNumber":16,"author":{"gitId":"jiajun2002"},"content":"                                            \"C++\");","lastModifiedDate":"2025-03-11","isFullCredit":false},{"lineNumber":17,"author":{"gitId":"jiajun2002"},"content":"        System.out.println(internship);","lastModifiedDate":"2025-03-11","isFullCredit":false},{"lineNumber":18,"author":{"gitId":"jiajun2002"},"content":"    }","lastModifiedDate":"2025-03-11","isFullCredit":false},{"lineNumber":19,"author":{"gitId":"jiajun2002"},"content":"}","lastModifiedDate":"2025-03-11","isFullCredit":false}],"authorContributionMap":{"jiajun2002":19}},{"path":"src/test/java/seedu/nextstep/NextStepTest.java","fileType":"test-code","lines":[{"lineNumber":1,"author":{"gitId":"jiajun2002"},"content":"package seedu.nextstep;","lastModifiedDate":"2025-03-11","isFullCredit":false},{"lineNumber":2,"author":{"gitId":"-"},"content":"","lastModifiedDate":"2020-05-24","isFullCredit":false},{"lineNumber":3,"author":{"gitId":"-"},"content":"import static org.junit.jupiter.api.Assertions.assertTrue;","lastModifiedDate":"2020-05-24","isFullCredit":false},{"lineNumber":4,"author":{"gitId":"-"},"content":"","lastModifiedDate":"2020-05-24","isFullCredit":false},{"lineNumber":5,"author":{"gitId":"-"},"content":"import org.junit.jupiter.api.Test;","lastModifiedDate":"2020-05-24","isFullCredit":false},{"lineNumber":6,"author":{"gitId":"-"},"content":"","lastModifiedDate":"2020-05-24","isFullCredit":false},{"lineNumber":7,"author":{"gitId":"jiajun2002"},"content":"class NextStepTest {","lastModifiedDate":"2025-03-11","isFullCredit":false},{"lineNumber":8,"author":{"gitId":"-"},"content":"    @Test","lastModifiedDate":"2020-05-24","isFullCredit":false},{"lineNumber":9,"author":{"gitId":"-"},"content":"    public void sampleTest() {","lastModifiedDate":"2020-05-24","isFullCredit":false},{"lineNumber":10,"author":{"gitId":"-"},"content":"        assertTrue(true);","lastModifiedDate":"2020-05-24","isFullCredit":false},{"lineNumber":11,"author":{"gitId":"-"},"content":"    }","lastModifiedDate":"2020-05-24","isFullCredit":false},{"lineNumber":12,"author":{"gitId":"-"},"content":"}","lastModifiedDate":"2020-05-24","isFullCredit":false}],"authorContributionMap":{"jiajun2002":2,"-":10}}]
