{"authorDailyContributionsMap":{"xyanjun02":[{"date":"2025-03-07","commitResults":[{"hash":"eae33e493248c11225da83b1eb2624541cb3b060","isMergeCommit":false,"messageTitle":"First commit by Yanjun","messageBody":"","fileTypesAndContributionMap":{"docs":{"insertions":4,"deletions":7}}},{"hash":"217bc4cab369d9c836e353cce215cf7d7e58a25d","isMergeCommit":true,"messageTitle":"Merge branch \u0027master\u0027 into Yanjun-AboutUs","messageBody":"","fileTypesAndContributionMap":{}}]}],"Stevexchia":[{"date":"2025-02-21","commitResults":[{"hash":"fe57b86f0a033941e81ce789c94382b1f054932f","isMergeCommit":false,"messageTitle":"Update README.md","messageBody":"","fileTypesAndContributionMap":{"docs":{"insertions":1,"deletions":1}}}]},{"date":"2025-03-07","commitResults":[{"hash":"77cbda81b53c455f92efed7f38d2538aaacc96f8","isMergeCommit":false,"messageTitle":"First commit: Update to AboutUs","messageBody":"","fileTypesAndContributionMap":{"docs":{"insertions":4,"deletions":7}}},{"hash":"8740b8c9ff094a8aca506c0776a05a3ad10166f3","isMergeCommit":true,"messageTitle":"Merge pull request #1 from Stevexchia/Stevexchia-AboutUs","messageBody":"First commit: Update to AboutUs","fileTypesAndContributionMap":{}},{"hash":"0f39b10f8c053a3185b25466ced1fa0e91bcb5da","isMergeCommit":false,"messageTitle":"Update: Missing column","messageBody":"","fileTypesAndContributionMap":{"docs":{"insertions":5,"deletions":5}}},{"hash":"7d1990e88911c3213409acf07ec7669f4b2a79d7","isMergeCommit":true,"messageTitle":"Merge pull request #4 from Stevexchia/master","messageBody":"Update: Missing column","fileTypesAndContributionMap":{}}]}],"jiajun2002":[{"date":"2025-03-07","commitResults":[{"hash":"b670aa982a23bffff51d31cb58a594b06d47bc2c","isMergeCommit":false,"messageTitle":"first commit by tjj","messageBody":"","fileTypesAndContributionMap":{"docs":{"insertions":4,"deletions":7}}},{"hash":"42448d3b7256dad1c9f4c2ca1058894eeecc6f11","isMergeCommit":true,"messageTitle":"Merge branch \u0027master\u0027 into jiajun-AboutUs","messageBody":"","fileTypesAndContributionMap":{}},{"hash":"ae7c5dc1cb767d0471059066c529eaf90fd39452","isMergeCommit":true,"messageTitle":"Merge pull request #2 from jiajun2002/jiajun-AboutUs","messageBody":"first commit by tjj","fileTypesAndContributionMap":{}},{"hash":"a31ad3e9a3267fa2fe20a81c5265dbfc615b20e7","isMergeCommit":true,"messageTitle":"Merge pull request #3 from xyanjun02/Yanjun-AboutUs","messageBody":"First commit by Yanjun","fileTypesAndContributionMap":{}}]},{"date":"2025-03-11","commitResults":[{"hash":"a1bb87cdd703468d124d09b5619c24ea0a4bfec3","isMergeCommit":false,"messageTitle":"Added basic internship class","messageBody":"","fileTypesAndContributionMap":{"functional-code":{"insertions":47,"deletions":21},"other":{"insertions":2,"deletions":2}}}]},{"date":"2025-03-13","commitResults":[{"hash":"f4e919bcf84f9ef62a76723598bdf65d36d05d51","isMergeCommit":true,"messageTitle":"Merge pull request #10 from jiajun2002/internship-class","messageBody":"Added basic internship class","fileTypesAndContributionMap":{}}]}],"shira421":[]},"authorFileTypeContributionMap":{"xyanjun02":{"docs":0,"functional-code":0,"test-code":0},"Stevexchia":{"docs":4,"functional-code":0,"test-code":0},"jiajun2002":{"docs":1,"functional-code":47,"test-code":2},"shira421":{"docs":0,"functional-code":0,"test-code":0}},"authorContributionVariance":{"xyanjun02":5.4875283,"Stevexchia":19.990932,"jiajun2002":236.99773,"shira421":0.0},"authorDisplayNameMap":{"xyanjun02":"CS2113-F12-2 XIE ..NJUN","Stevexchia":"CS2113-F12-2 STEV..N XU","jiajun2002":"CS2113-F12-2 TONG.. JUN","shira421":"CS2113-F12-2 VENK..THAN"}}
