{"authorDailyContributionsMap":{"xyanjun02":[{"date":"2025-03-07","commitResults":[{"hash":"7c3ac5dbb6f564861a2c1f382c03e7580cd62569","isMergeCommit":false,"messageTitle":"First commit by Yanjun","messageBody":"","fileTypesAndContributionMap":{"docs":{"insertions":4,"deletions":7}}},{"hash":"eae33e493248c11225da83b1eb2624541cb3b060","isMergeCommit":false,"messageTitle":"First commit by Yanjun","messageBody":"","fileTypesAndContributionMap":{"docs":{"insertions":4,"deletions":7}}},{"hash":"217bc4cab369d9c836e353cce215cf7d7e58a25d","isMergeCommit":true,"messageTitle":"Merge branch \u0027master\u0027 into Yanjun-AboutUs","messageBody":"","fileTypesAndContributionMap":{}},{"hash":"f24d821bb1a44874b1d3566af74837dd74408d76","isMergeCommit":true,"messageTitle":"Merge branch \u0027master\u0027 of https://github.com/AY2425S2-CS2113-F12-2/tp","messageBody":"# Conflicts:\n#\tdocs/AboutUs.md\n","fileTypesAndContributionMap":{}}]},{"date":"2025-03-13","commitResults":[{"hash":"26d5e412b1eeb1348069f4d9d30f1d25ad2f025b","isMergeCommit":true,"messageTitle":"Merge branch \u0027master\u0027 of https://github.com/AY2425S2-CS2113-F12-2/tp","messageBody":"","fileTypesAndContributionMap":{}}]},{"date":"2025-03-14","commitResults":[{"hash":"c444370fe70d42deec8c10005a7ec4593f521941","isMergeCommit":false,"messageTitle":"Added Delete and List","messageBody":"","fileTypesAndContributionMap":{"functional-code":{"insertions":50,"deletions":10}}},{"hash":"e0e2a3f1cf7b33d7ba2608bc4b69e505dcf91042","isMergeCommit":true,"messageTitle":"Added Delete and List","messageBody":"","fileTypesAndContributionMap":{}}]},{"date":"2025-03-18","commitResults":[{"hash":"82ce2982a6d006a51bab319aa20831a0f4818dc1","isMergeCommit":true,"messageTitle":"Merge pull request #14 from jiajun2002/bug-fixes","messageBody":"Added Ui class and some printing messages, also renamed internship cl…","fileTypesAndContributionMap":{}}]},{"date":"2025-03-20","commitResults":[{"hash":"1f71bb278b699fe50370e3f28ec6560705569c91","isMergeCommit":true,"messageTitle":"Merge pull request #15 from jiajun2002/testing-add","messageBody":"Added tests and assertions for AddCommand","tags":["v1.0"],"fileTypesAndContributionMap":{}},{"hash":"277864c739cb4fa6e5bc309596c2ebb4a2a8ec92","isMergeCommit":false,"messageTitle":"exception","messageBody":"","fileTypesAndContributionMap":{"functional-code":{"insertions":51,"deletions":5}}}]},{"date":"2025-03-21","commitResults":[{"hash":"b5eb72f4771cff50661e2390fd5cf96d3c1de03d","isMergeCommit":false,"messageTitle":"added exception and junit test for delete","messageBody":"","fileTypesAndContributionMap":{"functional-code":{"insertions":108,"deletions":80},"test-code":{"insertions":66,"deletions":7}}}]},{"date":"2025-03-22","commitResults":[{"hash":"9cc44de9ffdf087d0c48974d12865f824d31117f","isMergeCommit":true,"messageTitle":"Merge pull request #17 from Stevexchia/branch-fixbuild","messageBody":"Fix build in progress","fileTypesAndContributionMap":{}}]},{"date":"2025-03-26","commitResults":[{"hash":"8f89d2dc157645eba538e2cc8366be695a60803d","isMergeCommit":true,"messageTitle":"Merge pull request #29 from jiajun2002/more-oop","messageBody":"Added more oop, fixed while true and magic literals","fileTypesAndContributionMap":{}}]},{"date":"2025-03-27","commitResults":[{"hash":"e20d867c8ab7a3585f36efed7fa8d6a2b96dd5e4","isMergeCommit":false,"messageTitle":"Fixed find/s, added find/r and find/c","messageBody":"","fileTypesAndContributionMap":{"functional-code":{"insertions":248,"deletions":28}}}]},{"date":"2025-03-29","commitResults":[{"hash":"3886580daf58f06cdeb3ddf55f5dfe0cc9c8b4d3","isMergeCommit":true,"messageTitle":"Merge pull request #36 from Stevexchia/branch-update","messageBody":"Add Feature: Edit a listed internship","fileTypesAndContributionMap":{}}]},{"date":"2025-03-30","commitResults":[{"hash":"0b43640e13757e1bc08ed683b508a36ea41d82bd","isMergeCommit":true,"messageTitle":"Merge pull request #37 from Stevexchia/branch-storage","messageBody":"Refactored code \u0026 Added new feature to store data","fileTypesAndContributionMap":{}},{"hash":"309466c9bdcd1c6cd6056a9733f9cce3cf4e4969","isMergeCommit":true,"messageTitle":"Merge pull request #38 from jiajun2002/fix-exceptions","messageBody":"Fixed exception handling not working","fileTypesAndContributionMap":{}},{"hash":"d1134b0595620040dab6a3e485582a5b9f425aec","isMergeCommit":false,"messageTitle":"Fixed find/s, added find/r and find/c","messageBody":"","fileTypesAndContributionMap":{"functional-code":{"insertions":136,"deletions":91}}},{"hash":"56252d188ae84f588980b9c831f9a980ed24258f","isMergeCommit":true,"messageTitle":"Fixed find/s, added find/r and find/c","messageBody":"","fileTypesAndContributionMap":{}}]},{"date":"2025-03-31","commitResults":[{"hash":"9b689c24e94e174134a5541aaaab263f53037a8e","isMergeCommit":false,"messageTitle":"feat: add status field to Internship and update UI","messageBody":"- Added a new \u0027status\u0027 attribute to Internship, initialized to \"-\".\n- Updated EditCommand to allow updating the status.\n- Modified TablePrinter to display a new \"Status\" column.\n","fileTypesAndContributionMap":{"functional-code":{"insertions":124,"deletions":110}}},{"hash":"1526f34c1b513701114bca125d79105dd532b2fe","isMergeCommit":false,"messageTitle":"- Updated JUNIT testing for delete and find","messageBody":"","fileTypesAndContributionMap":{"test-code":{"insertions":199,"deletions":53}}},{"hash":"5d7b2ee6a83372bb2aa5a6628668ab95d81c63ec","isMergeCommit":false,"messageTitle":"fixed build","messageBody":"","fileTypesAndContributionMap":{"functional-code":{"insertions":112,"deletions":130}}},{"hash":"d09f006d632f856a5024444575dc98e3463ab544","isMergeCommit":false,"messageTitle":"fixed build","messageBody":"","fileTypesAndContributionMap":{"functional-code":{"insertions":107,"deletions":101},"test-code":{"insertions":4,"deletions":2}}}]},{"date":"2025-04-01","commitResults":[{"hash":"f062d0a5760bd30a6e6f8ef914ad04f0233c7c9d","isMergeCommit":true,"messageTitle":"Merge pull request #42 from jiajun2002/dg-add","messageBody":"AddCommand for DG","fileTypesAndContributionMap":{}},{"hash":"31ed5c94be8ccd460f3d3b93c04b892b1dbd9cac","isMergeCommit":false,"messageTitle":"Added deleteCommand implementation in design guide","messageBody":"","fileTypesAndContributionMap":{"docs":{"insertions":86,"deletions":1}}}]},{"date":"2025-04-02","commitResults":[{"hash":"af11f640700b1e57d3dc43a76a711c012bdffce2","isMergeCommit":true,"messageTitle":"Merge pull request #44 from jiajun2002/update-devguide","messageBody":"Update dev guide","fileTypesAndContributionMap":{}},{"hash":"6d13249952fa8dfc3729a5346f13e8d34efbf89d","isMergeCommit":true,"messageTitle":"Merge pull request #47 from Stevexchia/branch-test","messageBody":"Branch test","fileTypesAndContributionMap":{}}]},{"date":"2025-04-03","commitResults":[{"hash":"defa0d81521a3b20ff2f329d17ce9006d69a4539","isMergeCommit":true,"messageTitle":"Merge pull request #48 from jiajun2002/update-guide","messageBody":"Updated dg and ug","fileTypesAndContributionMap":{}},{"hash":"a03b62ff2f06892ec84172f444ef4f8ba0bb85ca","isMergeCommit":false,"messageTitle":"updated user guide and developerGuide","messageBody":"","fileTypesAndContributionMap":{"docs":{"insertions":82,"deletions":8}}},{"hash":"0301a75373e51d01923360584c5d9e21e53f427e","isMergeCommit":false,"messageTitle":"updated user guide and developerGuide","messageBody":"","fileTypesAndContributionMap":{"docs":{"insertions":3,"deletions":2}}}]},{"date":"2025-04-04","commitResults":[{"hash":"da05454ab937d9f429fafc58ce6500b5d9bb157c","isMergeCommit":false,"messageTitle":"updated user guide and developerGuide","messageBody":"","fileTypesAndContributionMap":{"docs":{"insertions":59,"deletions":1}}},{"hash":"72a6a6b551956b818796d831dac2410528d4e687","isMergeCommit":false,"messageTitle":"updated yanjun ppp","messageBody":"","fileTypesAndContributionMap":{"docs":{"insertions":1,"deletions":1}}}]},{"date":"2025-04-05","commitResults":[{"hash":"a8e6c01f744d40fd957e57d3761dbcbaf6eaa495","isMergeCommit":true,"messageTitle":"Merge pull request #99 from jiajun2002/fix-filter-and-negatives","messageBody":"Fixed negative allowance, non-positive duration, filter","fileTypesAndContributionMap":{}}]},{"date":"2025-04-06","commitResults":[{"hash":"622ffa083b663dc8b86f7d5c7d218c8fcc2270d5","isMergeCommit":true,"messageTitle":"Merge pull request #101 from jiajun2002/add-status","messageBody":"Added status constraints and updated add/edit to do the same","fileTypesAndContributionMap":{}},{"hash":"b298df70516438ac5f495781c6dfe12b2d4805db","isMergeCommit":false,"messageTitle":"fixed spacing bugs for delete and filter and find/r","messageBody":"","fileTypesAndContributionMap":{"functional-code":{"insertions":10,"deletions":5}}},{"hash":"0f352a7fa73b538261d0867918033d327776f3d8","isMergeCommit":false,"messageTitle":"fixed build","messageBody":"","fileTypesAndContributionMap":{"functional-code":{"insertions":1,"deletions":1}}},{"hash":"bba8d96b674303f0b7bd4e7562000dc4c8766ba7","isMergeCommit":true,"messageTitle":"Merge pull request #103 from jiajun2002/update-user-guide","messageBody":"Update dg and ug","fileTypesAndContributionMap":{}},{"hash":"33b4fcaac37c739d46362a767def286c5c5f0fab","isMergeCommit":false,"messageTitle":"Fixed find and change description for find/r in help","messageBody":"","fileTypesAndContributionMap":{"functional-code":{"insertions":11,"deletions":3}}}]},{"date":"2025-04-08","commitResults":[{"hash":"d3a9e2a626e3633ba8e18516fe45d182ad28afa6","isMergeCommit":true,"messageTitle":"Merge pull request #110 from Stevexchia/branch-bugfix","messageBody":"Branch bugfix","fileTypesAndContributionMap":{}},{"hash":"d0d89df736ef73218b6d620716038dfe776ca3ab","isMergeCommit":false,"messageTitle":"updated delete command sequence diagram, user guide and formatting of image in developers guide","messageBody":"","fileTypesAndContributionMap":{"functional-code":{"insertions":1,"deletions":1},"docs":{"insertions":81,"deletions":54},"test-code":{"insertions":34,"deletions":0}}},{"hash":"4ff6aa25c122bba24f445ceeee6121f33ae3b44e","isMergeCommit":true,"messageTitle":"Merge pull request #113 from jiajun2002/final-updates","messageBody":"Final few updates for everything","fileTypesAndContributionMap":{}},{"hash":"9bee44fcbbe811d046e554425e373fa67f588de5","isMergeCommit":true,"messageTitle":"Merge pull request #114 from jiajun2002/aboutme","messageBody":"Update about us","fileTypesAndContributionMap":{}}]}],"Stevexchia":[{"date":"2025-02-21","commitResults":[{"hash":"fe57b86f0a033941e81ce789c94382b1f054932f","isMergeCommit":false,"messageTitle":"Update README.md","messageBody":"","fileTypesAndContributionMap":{"docs":{"insertions":1,"deletions":1}}}]},{"date":"2025-03-07","commitResults":[{"hash":"77cbda81b53c455f92efed7f38d2538aaacc96f8","isMergeCommit":false,"messageTitle":"First commit: Update to AboutUs","messageBody":"","fileTypesAndContributionMap":{"docs":{"insertions":4,"deletions":7}}},{"hash":"8740b8c9ff094a8aca506c0776a05a3ad10166f3","isMergeCommit":true,"messageTitle":"Merge pull request #1 from Stevexchia/Stevexchia-AboutUs","messageBody":"First commit: Update to AboutUs","fileTypesAndContributionMap":{}},{"hash":"0f39b10f8c053a3185b25466ced1fa0e91bcb5da","isMergeCommit":false,"messageTitle":"Update: Missing column","messageBody":"","fileTypesAndContributionMap":{"docs":{"insertions":5,"deletions":5}}},{"hash":"7d1990e88911c3213409acf07ec7669f4b2a79d7","isMergeCommit":true,"messageTitle":"Merge pull request #4 from Stevexchia/master","messageBody":"Update: Missing column","fileTypesAndContributionMap":{}}]},{"date":"2025-03-14","commitResults":[{"hash":"42bb9fc1816c0c94ef6aa5e2e200ce5678dbe06c","isMergeCommit":true,"messageTitle":"Merge pull request #11 from jiajun2002/add-internship","messageBody":"adding internship feature","fileTypesAndContributionMap":{}},{"hash":"14d04742b018f1005ef9b70a855a27ecb2a1e6b5","isMergeCommit":true,"messageTitle":"Merge pull request #12 from xyanjun02/deleteInternship","messageBody":"Delete internship","fileTypesAndContributionMap":{}},{"hash":"d8e6e8446dbc3b0f13a3a81e85f881407871b61f","isMergeCommit":false,"messageTitle":"Refactor: Update code structure \u0026 logic flow","messageBody":"","fileTypesAndContributionMap":{"functional-code":{"insertions":133,"deletions":58},"other":{"insertions":6,"deletions":4},"docs":{"insertions":5,"deletions":5}}},{"hash":"22b2e45efa430a926e62dfda6e8f393038957850","isMergeCommit":false,"messageTitle":"Feature: Add find/s and help.","messageBody":"","fileTypesAndContributionMap":{"functional-code":{"insertions":82,"deletions":35}}},{"hash":"87d140d3c44a8432a9eeea762b46dc2b6e5edc06","isMergeCommit":false,"messageTitle":"Update feature: Improved string handling for prerequisites","messageBody":"","fileTypesAndContributionMap":{"functional-code":{"insertions":18,"deletions":13}}},{"hash":"b95633e77d857f8f9295638eacbc178b5ca02d8f","isMergeCommit":false,"messageTitle":"Update code","messageBody":"","fileTypesAndContributionMap":{"functional-code":{"insertions":5,"deletions":3}}}]},{"date":"2025-03-21","commitResults":[{"hash":"435a4e42d711a78fa90d40516b0b50ce68255302","isMergeCommit":true,"messageTitle":"Merge pull request #16 from xyanjun02/exception","messageBody":"Exception","fileTypesAndContributionMap":{}}]},{"date":"2025-03-22","commitResults":[{"hash":"b571f5f6c40bdb787ca20aee25df4925d7986fe0","isMergeCommit":false,"messageTitle":"Fix build in progress","messageBody":"","fileTypesAndContributionMap":{"functional-code":{"insertions":30,"deletions":26},"other":{"insertions":2,"deletions":2},"test-code":{"insertions":8,"deletions":4}}}]},{"date":"2025-03-27","commitResults":[{"hash":"f349f3467ea7453f96ddb05d8e2923fee31e11e9","isMergeCommit":true,"messageTitle":"Merge pull request #31 from jiajun2002/fix-build","messageBody":"Fixed failing builds - checkstyle and wrapper","fileTypesAndContributionMap":{}},{"hash":"47703ff6e5b907844e471a82d7f6329ca3c547ae","isMergeCommit":false,"messageTitle":"Update: Readme","messageBody":"","fileTypesAndContributionMap":{"docs":{"insertions":4,"deletions":2}}},{"hash":"2121228824706b955bd7036c6d9da4490659b641","isMergeCommit":true,"messageTitle":"Merge commit \u002747703ff6e5b907844e471a82d7f6329ca3c547ae\u0027","messageBody":"","fileTypesAndContributionMap":{}}]},{"date":"2025-03-28","commitResults":[{"hash":"46b61abdf8b1853eda914fed4e66895d78a0e677","isMergeCommit":true,"messageTitle":"Merge pull request #32 from jiajun2002/filter-command","messageBody":"Added ability to filter duration and allowance","fileTypesAndContributionMap":{}},{"hash":"b2469c541b610d1bc618d3deb0dcc0260bcdbb99","isMergeCommit":true,"messageTitle":"Merge branch \u0027master\u0027 of https://github.com/AY2425S2-CS2113-F12-2/tp","messageBody":"","fileTypesAndContributionMap":{}},{"hash":"75ae0d699b6b737c0dbb5be8bd273b22c896ed87","isMergeCommit":false,"messageTitle":"Feature: Place internship in a table view","messageBody":"","fileTypesAndContributionMap":{"functional-code":{"insertions":130,"deletions":12}}},{"hash":"e67788b244e8257a3c3ac9e13a7b159046fe41b4","isMergeCommit":true,"messageTitle":"Merge pull request #33 from jiajun2002/improve-exception-handling","messageBody":"Added new exception classes and improved exception handling","fileTypesAndContributionMap":{}},{"hash":"3785212c7021408bbbb276dfbfec6e8e29b35955","isMergeCommit":false,"messageTitle":"Fixed UI for Commands","messageBody":"","fileTypesAndContributionMap":{"functional-code":{"insertions":28,"deletions":15}}},{"hash":"c648e51b4bd11dcf5699669bc57200dcd3b0211d","isMergeCommit":true,"messageTitle":"Merge branch \u0027master\u0027 of https://github.com/AY2425S2-CS2113-F12-2/tp","messageBody":"","fileTypesAndContributionMap":{}},{"hash":"a4a193efde13ef869dace561c7c7dfc4cacb6d66","isMergeCommit":true,"messageTitle":"Merge remote-tracking branch \u0027upstream/master\u0027 into branch-view","messageBody":"# Conflicts:\n#\tsrc/main/java/seedu/nextstep/command/Command.java\n#\tsrc/main/java/seedu/nextstep/command/ListCommand.java\n#\tsrc/main/java/seedu/nextstep/ui/Ui.java\n","fileTypesAndContributionMap":{}},{"hash":"4bc81c05310ade0055630270c4f2c93e2344b3e6","isMergeCommit":false,"messageTitle":"Minor Refactoring of Code","messageBody":"","fileTypesAndContributionMap":{"functional-code":{"insertions":3,"deletions":3}}},{"hash":"5530db1efd72ebacf042cf7f157f0760ae6f7096","isMergeCommit":false,"messageTitle":"Removed Constants","messageBody":"","fileTypesAndContributionMap":{"functional-code":{"insertions":0,"deletions":22}}},{"hash":"0258b8eb8a2a0a8a7746481b824ba8f7e329f9ab","isMergeCommit":false,"messageTitle":"Fix build","messageBody":"","fileTypesAndContributionMap":{"functional-code":{"insertions":7,"deletions":8}}}]},{"date":"2025-03-29","commitResults":[{"hash":"9efda28e87a592500a1c8ed5c48e459ced74c017","isMergeCommit":true,"messageTitle":"Merge branch \u0027master\u0027 of https://github.com/AY2425S2-CS2113-F12-2/tp","messageBody":"","fileTypesAndContributionMap":{}},{"hash":"df0ec03ab68434be3fddfeb33c8499982db918ef","isMergeCommit":false,"messageTitle":"Added javadoc comments","messageBody":"","fileTypesAndContributionMap":{"functional-code":{"insertions":67,"deletions":2}}},{"hash":"f64731c348aeb6e7d0bd89681577dee800cc8adf","isMergeCommit":false,"messageTitle":"Feature: Edit Internship","messageBody":"","fileTypesAndContributionMap":{"functional-code":{"insertions":156,"deletions":11}}},{"hash":"b56f54ce289e4a321db80a48e3b926cba1ae31c8","isMergeCommit":false,"messageTitle":"Feature: Refactored edit command","messageBody":"","fileTypesAndContributionMap":{"functional-code":{"insertions":74,"deletions":42}}},{"hash":"d4fe7aa2056b8d6f4f31740b4ce991672686c387","isMergeCommit":false,"messageTitle":"Edit helpcommand to include edit feature","messageBody":"","fileTypesAndContributionMap":{"functional-code":{"insertions":2,"deletions":1}}},{"hash":"f798977e8b1384c5e143ce66fbccd931e818d6e0","isMergeCommit":false,"messageTitle":"Fix build","messageBody":"","fileTypesAndContributionMap":{"functional-code":{"insertions":39,"deletions":33}}}]},{"date":"2025-03-30","commitResults":[{"hash":"9d895797ea3160ed27cd66b1f2521f78ffafabeb","isMergeCommit":false,"messageTitle":"Refactor code to utilize instances instead of global static Array list","messageBody":"","fileTypesAndContributionMap":{"functional-code":{"insertions":260,"deletions":187}}},{"hash":"c6aec8f10b361f2dcb0de5d4ea4449b235dd0277","isMergeCommit":false,"messageTitle":"Feature: Store the data locally by serializing data","messageBody":"","fileTypesAndContributionMap":{"functional-code":{"insertions":41,"deletions":1}}},{"hash":"34cbcbe44835b922057ef9a6d92d44fa46509b5a","isMergeCommit":false,"messageTitle":"Fix build: indentation \u0026 imports","messageBody":"","fileTypesAndContributionMap":{"functional-code":{"insertions":36,"deletions":31}}}]},{"date":"2025-04-01","commitResults":[{"hash":"dc3a527d11ba6fd17332022225881e323a79cf48","isMergeCommit":true,"messageTitle":"Merge pull request #41 from jiajun2002/jUnit-addfilter","messageBody":"added and improved JUnit for add and filter","fileTypesAndContributionMap":{}}]},{"date":"2025-04-02","commitResults":[{"hash":"50ac21b28280541d23576d91e90807556c57c9ba","isMergeCommit":false,"messageTitle":"Update User Guide v2.0","messageBody":"","fileTypesAndContributionMap":{"docs":{"insertions":250,"deletions":40}}},{"hash":"d94f6397ac66df1c9d4408b06c4a9f7783ce8fad","isMergeCommit":false,"messageTitle":"Cleaned Documents","messageBody":"","fileTypesAndContributionMap":{"docs":{"insertions":14,"deletions":83}}},{"hash":"0f0937dd5fe1a9b4a9728f6f5a753596005e7c3a","isMergeCommit":true,"messageTitle":"Merge branch \u0027master\u0027 into branch-test","messageBody":"","fileTypesAndContributionMap":{}},{"hash":"e9f16d46b368b79a2594b7d5a071b970f46dafe2","isMergeCommit":false,"messageTitle":"Update PPP","messageBody":"","fileTypesAndContributionMap":{"docs":{"insertions":52,"deletions":2}}},{"hash":"0bbf6a4f08ba43b20ddb0387ce6fd3dc2efeaf4a","isMergeCommit":false,"messageTitle":"Update DG","messageBody":"","fileTypesAndContributionMap":{"docs":{"insertions":254,"deletions":19}}}]},{"date":"2025-04-03","commitResults":[{"hash":"7fd0dd33e2ba853f762ae2a8159f5363e94191b7","isMergeCommit":true,"messageTitle":"Merge pull request #49 from jiajun2002/update-userguide","messageBody":"Update userguide","fileTypesAndContributionMap":{}},{"hash":"2a9af1c2fe63a53fd6076f4cb933e77c8a7862cb","isMergeCommit":false,"messageTitle":"Added Test for Edit, List, Internship, InternshipList","messageBody":"","fileTypesAndContributionMap":{"functional-code":{"insertions":12,"deletions":0},"docs":{"insertions":2,"deletions":0},"test-code":{"insertions":324,"deletions":0}}},{"hash":"0b81776f6d703ad5a542034e739f4a6039a6fdba","isMergeCommit":false,"messageTitle":"Fix build","messageBody":"","fileTypesAndContributionMap":{"test-code":{"insertions":7,"deletions":5}}}]},{"date":"2025-04-06","commitResults":[{"hash":"d389958eddd0978a448cb8d78ff62761ffa44048","isMergeCommit":true,"messageTitle":"Merge pull request #102 from xyanjun02/bug-fix","messageBody":"Fixed spacing bugs in delete, filter and find/r ","fileTypesAndContributionMap":{}},{"hash":"e46c531bff4b73851dc4c0e24954c9c92004ba1e","isMergeCommit":true,"messageTitle":"Merge pull request #104 from xyanjun02/fixing-find","messageBody":"Fixed find and change description for find/r in help","fileTypesAndContributionMap":{}},{"hash":"1f82681d4ec8426a51b884e2aae8bf1024d5daa2","isMergeCommit":false,"messageTitle":"Update: Developer Guide","messageBody":"","fileTypesAndContributionMap":{"docs":{"insertions":9,"deletions":1}}},{"hash":"a9271addc9cceb0c27d79c541e08bf8a58e0cf79","isMergeCommit":true,"messageTitle":"Merge branch \u0027master\u0027 into branch-bugfix","messageBody":"","fileTypesAndContributionMap":{}},{"hash":"e9e0ff9b653ca12e3f38f349416d5df6f6e22c02","isMergeCommit":false,"messageTitle":"Update: DG","messageBody":"","fileTypesAndContributionMap":{"docs":{"insertions":63,"deletions":59}}},{"hash":"f36c0e917ff7bff1a53cbcb2ffa20ba5c7898c83","isMergeCommit":false,"messageTitle":"Fix: Fix Edit Command","messageBody":"","fileTypesAndContributionMap":{"functional-code":{"insertions":15,"deletions":28},"docs":{"insertions":2,"deletions":1}}}]},{"date":"2025-04-07","commitResults":[{"hash":"38f95afdb2526891afb8c0eb01d1000904cbcf9f","isMergeCommit":false,"messageTitle":"Bug Fix: Edit command unrecognized fields","messageBody":"","fileTypesAndContributionMap":{"functional-code":{"insertions":119,"deletions":80},"docs":{"insertions":0,"deletions":0}}},{"hash":"b691baa65c8f9bd7d28ca7cee6934c8e1bcb639b","isMergeCommit":false,"messageTitle":"Bug Fix: Additional parameters for add command","messageBody":"","fileTypesAndContributionMap":{"functional-code":{"insertions":12,"deletions":4}}},{"hash":"892edbcb36e160dcc4a0b930220bab6a6b8763b4","isMergeCommit":false,"messageTitle":"Bug fix: duplicate flags \u0026 uml diagram arrow","messageBody":"","fileTypesAndContributionMap":{"functional-code":{"insertions":76,"deletions":18},"docs":{"insertions":6,"deletions":5}}},{"hash":"6ed1b66c5548557c307e2486ea0aa75793c00e38","isMergeCommit":false,"messageTitle":"Fix addcommandtest","messageBody":"","fileTypesAndContributionMap":{"functional-code":{"insertions":7,"deletions":5},"test-code":{"insertions":10,"deletions":2}}},{"hash":"4901165ea1d4197fc8cb2b053a32bebad3b8b32b","isMergeCommit":false,"messageTitle":"Fix checkstyle","messageBody":"","fileTypesAndContributionMap":{"functional-code":{"insertions":2,"deletions":2}}},{"hash":"dbd0c5fddc601dcc114afce8544363135cf047ef","isMergeCommit":false,"messageTitle":"Add Junit test for exceptions","messageBody":"","fileTypesAndContributionMap":{"test-code":{"insertions":75,"deletions":0}}},{"hash":"ba0ac88423259b7ce341b8fda414a51051183bfc","isMergeCommit":false,"messageTitle":"Fix bug: Remove additional line for EditCommand Add Junit Test: Parser and Ui","messageBody":"","fileTypesAndContributionMap":{"functional-code":{"insertions":33,"deletions":5},"test-code":{"insertions":294,"deletions":0}}},{"hash":"dcdd90902baca25fd58e865702384a36325f15cd","isMergeCommit":false,"messageTitle":"Fix build","messageBody":"","fileTypesAndContributionMap":{"test-code":{"insertions":3,"deletions":2}}},{"hash":"cffae60377362b9f80aebcc841ebe979765c6a49","isMergeCommit":false,"messageTitle":"Fix build #2","messageBody":"","fileTypesAndContributionMap":{"test-code":{"insertions":9,"deletions":1}}},{"hash":"1034365575860f1a3d5ce81805722b3a8ef976e1","isMergeCommit":false,"messageTitle":"Fix: Import statements","messageBody":"","fileTypesAndContributionMap":{"test-code":{"insertions":3,"deletions":1}}},{"hash":"2b36428e35bcc4ee6407643be3bf62855782b02e","isMergeCommit":false,"messageTitle":"Fix editcommand trim","messageBody":"","fileTypesAndContributionMap":{"functional-code":{"insertions":5,"deletions":1}}}]},{"date":"2025-04-08","commitResults":[{"hash":"f02cfdc5b56b4ca3ae447c9b8a8072b59a5923b9","isMergeCommit":true,"messageTitle":"Merge pull request #108 from jiajun2002/diagrams-ped","messageBody":"Updated diagrams for dg","fileTypesAndContributionMap":{}},{"hash":"ad24828f2b797a94964c6d8de9e2b0daa5d31cd6","isMergeCommit":false,"messageTitle":"Update PPP","messageBody":"","fileTypesAndContributionMap":{"functional-code":{"insertions":18,"deletions":13},"docs":{"insertions":96,"deletions":26}}},{"hash":"35cc59e9732264dee7d383dd4720d7ad162c454e","isMergeCommit":true,"messageTitle":"Merge branch \u0027master\u0027 into branch-bugfix","messageBody":"","fileTypesAndContributionMap":{}},{"hash":"8cd757fdbebc3d95931e8c4c3b959ad999fbd0e1","isMergeCommit":false,"messageTitle":"Fix: Addcommand updated skill flag","messageBody":"","fileTypesAndContributionMap":{"functional-code":{"insertions":27,"deletions":8}}},{"hash":"c831fa7ec78e6db7fb7767bbeeef526f719cd965","isMergeCommit":false,"messageTitle":"Add: Internship Check to prevent duplicate entries","messageBody":"","fileTypesAndContributionMap":{"functional-code":{"insertions":33,"deletions":0},"docs":{"insertions":1,"deletions":1}}},{"hash":"93fc44f3f05dcbaae281361ff793d2553a861144","isMergeCommit":false,"messageTitle":"Fix: editcommand skills","messageBody":"","fileTypesAndContributionMap":{"functional-code":{"insertions":30,"deletions":6}}},{"hash":"29eb0345d90da5065ef211ccdc3853badf0992df","isMergeCommit":true,"messageTitle":"Merge pull request #109 from jiajun2002/update-ppp-ug","messageBody":"Update ppp and ug","fileTypesAndContributionMap":{}},{"hash":"8bd1b32566d1765e5dd89de911258fe06f720cd8","isMergeCommit":false,"messageTitle":"Fix storage recovery","messageBody":"","fileTypesAndContributionMap":{"functional-code":{"insertions":38,"deletions":5}}},{"hash":"2ab60f233b2ac0cc254e3a9b94be7a1b89c504e1","isMergeCommit":true,"messageTitle":"Merge branch \u0027master\u0027 of https://github.com/AY2425S2-CS2113-F12-2/tp into branch-bugfix","messageBody":"# Conflicts:\n#\tdocs/DeveloperGuide.md\n","fileTypesAndContributionMap":{}},{"hash":"1c40cfc296480a547766276af7f7915e071f42ad","isMergeCommit":true,"messageTitle":"Merge pull request #111 from xyanjun02/fixes","messageBody":"updated delete command sequence diagram, user guide and formatting of…","fileTypesAndContributionMap":{}},{"hash":"90a7661d3a75bec032d11aa3b978c7c9d978cd70","isMergeCommit":false,"messageTitle":"Update photo","messageBody":"","fileTypesAndContributionMap":{"docs":{"insertions":2,"deletions":2}}},{"hash":"dd51e435fbde11845fb81b804e373def85282dc6","isMergeCommit":true,"messageTitle":"Merge pull request #112 from Stevexchia/branch-bugfix","messageBody":"Update photo","fileTypesAndContributionMap":{}}]}],"jiajun2002":[{"date":"2025-03-07","commitResults":[{"hash":"b670aa982a23bffff51d31cb58a594b06d47bc2c","isMergeCommit":false,"messageTitle":"first commit by tjj","messageBody":"","fileTypesAndContributionMap":{"docs":{"insertions":4,"deletions":7}}},{"hash":"42448d3b7256dad1c9f4c2ca1058894eeecc6f11","isMergeCommit":true,"messageTitle":"Merge branch \u0027master\u0027 into jiajun-AboutUs","messageBody":"","fileTypesAndContributionMap":{}},{"hash":"ae7c5dc1cb767d0471059066c529eaf90fd39452","isMergeCommit":true,"messageTitle":"Merge pull request #2 from jiajun2002/jiajun-AboutUs","messageBody":"first commit by tjj","fileTypesAndContributionMap":{}},{"hash":"a31ad3e9a3267fa2fe20a81c5265dbfc615b20e7","isMergeCommit":true,"messageTitle":"Merge pull request #3 from xyanjun02/Yanjun-AboutUs","messageBody":"First commit by Yanjun","fileTypesAndContributionMap":{}}]},{"date":"2025-03-11","commitResults":[{"hash":"a1bb87cdd703468d124d09b5619c24ea0a4bfec3","isMergeCommit":false,"messageTitle":"Added basic internship class","messageBody":"","fileTypesAndContributionMap":{"functional-code":{"insertions":47,"deletions":21},"other":{"insertions":2,"deletions":2}}}]},{"date":"2025-03-13","commitResults":[{"hash":"f4e919bcf84f9ef62a76723598bdf65d36d05d51","isMergeCommit":true,"messageTitle":"Merge pull request #10 from jiajun2002/internship-class","messageBody":"Added basic internship class","fileTypesAndContributionMap":{}}]},{"date":"2025-03-14","commitResults":[{"hash":"78579d6c6f0ef4b1e4239dc5d88f7b5fa0cbafd7","isMergeCommit":false,"messageTitle":"adding internship feature","messageBody":"","fileTypesAndContributionMap":{"functional-code":{"insertions":56,"deletions":9}}}]},{"date":"2025-03-15","commitResults":[{"hash":"2203e4081e646f71b8aee46df1d5e52068767d9b","isMergeCommit":true,"messageTitle":"Merge pull request #13 from Stevexchia/branch-find\u0026help","messageBody":"Branch find\u0026help","fileTypesAndContributionMap":{}}]},{"date":"2025-03-17","commitResults":[{"hash":"14489baa4ebab446c3f13c81b9bc650360f53dde","isMergeCommit":false,"messageTitle":"Added Ui class and some printing messages, also renamed internship class attributes","messageBody":"","fileTypesAndContributionMap":{"functional-code":{"insertions":85,"deletions":35}}}]},{"date":"2025-03-19","commitResults":[{"hash":"fa0db012d15fc5d209e3bb96b70015a27e6640e8","isMergeCommit":false,"messageTitle":"Added tests and assertions for AddCommand","messageBody":"","fileTypesAndContributionMap":{"functional-code":{"insertions":50,"deletions":8},"other":{"insertions":4,"deletions":0},"test-code":{"insertions":36,"deletions":0}}}]},{"date":"2025-03-24","commitResults":[{"hash":"9ccfed9dbea41196be257150038118dc83989477","isMergeCommit":false,"messageTitle":"Added more oop, fixed while true and magic literals","messageBody":"","fileTypesAndContributionMap":{"functional-code":{"insertions":99,"deletions":44}}}]},{"date":"2025-03-27","commitResults":[{"hash":"3ee699a03dcc9b0ce7ac7e73d9e6f7aabc5ee9c8","isMergeCommit":true,"messageTitle":"Merge pull request #30 from xyanjun02/FindRole-and-FindCompany","messageBody":"Fixed find/s, added find/r and find/c","fileTypesAndContributionMap":{}},{"hash":"c3a8e4695573d031406c581f4f9da26b8b42a6f0","isMergeCommit":false,"messageTitle":"Fixed indentation errors","messageBody":"","fileTypesAndContributionMap":{"functional-code":{"insertions":23,"deletions":23}}},{"hash":"76cea9a525553b1e077479c5f57d9ab2b0e13744","isMergeCommit":false,"messageTitle":"Fixed indentation errors","messageBody":"","fileTypesAndContributionMap":{"functional-code":{"insertions":1,"deletions":1}}},{"hash":"b051dfda6e19227f0fa33d197cdc59aee58e5f9b","isMergeCommit":false,"messageTitle":"Regenerated gradle wrapper","messageBody":"","fileTypesAndContributionMap":{"other":{"insertions":0,"deletions":1}}},{"hash":"5eaa8bf0ca70a174b399632ef11f1016eeee5a32","isMergeCommit":false,"messageTitle":"Fixed gradle wrapper properties","messageBody":"","fileTypesAndContributionMap":{"other":{"insertions":1,"deletions":0}}},{"hash":"5b16a42fb0c85994d6c00353e24672fe69d2578d","isMergeCommit":false,"messageTitle":"Fixing failing validate gradle wrapper","messageBody":"","fileTypesAndContributionMap":{"other":{"insertions":1,"deletions":1}}},{"hash":"402e1ab75815552d9313558c30232de645ed6c90","isMergeCommit":false,"messageTitle":"Added ability to filter duration and allowance","messageBody":"","fileTypesAndContributionMap":{"functional-code":{"insertions":74,"deletions":9}}},{"hash":"da91520e2fdf298761f379725f6e587140608956","isMergeCommit":false,"messageTitle":"Fixed checkstyle","messageBody":"","fileTypesAndContributionMap":{"functional-code":{"insertions":8,"deletions":1}}}]},{"date":"2025-03-28","commitResults":[{"hash":"410fe8cab10848addb201ab0fca4aeda905f08c7","isMergeCommit":false,"messageTitle":"Added new exception classes and improved exception handling","messageBody":"","fileTypesAndContributionMap":{"functional-code":{"insertions":290,"deletions":214}}},{"hash":"1067e79460cfacbbe6ac289180dff3da4406bd8d","isMergeCommit":false,"messageTitle":"Improved exception handling","messageBody":"","fileTypesAndContributionMap":{"test-code":{"insertions":54,"deletions":54}}},{"hash":"7d08c25471080a89bb044606d6136d6cc46e5753","isMergeCommit":false,"messageTitle":"Fixed checkstyle for exceptions","messageBody":"","fileTypesAndContributionMap":{"test-code":{"insertions":9,"deletions":9}}},{"hash":"28d61bfe2d0a2bda2d97e15c67dca5c20dc7ce2e","isMergeCommit":false,"messageTitle":"Fixed checkstyle for exception handling","messageBody":"","fileTypesAndContributionMap":{"test-code":{"insertions":2,"deletions":2}}},{"hash":"0b4b5473b0e85bc20c4e7b3cbd4df08116806e01","isMergeCommit":false,"messageTitle":"Fixed checkstyle for exceptions","messageBody":"","fileTypesAndContributionMap":{"test-code":{"insertions":3,"deletions":3}}},{"hash":"7018f64448fc35ced8d9a447cfe893fa38a90996","isMergeCommit":false,"messageTitle":"Fix checkstyle for exception","messageBody":"","fileTypesAndContributionMap":{"test-code":{"insertions":47,"deletions":47}}},{"hash":"20974fc5dbc2f03632dbcc0d187b77399511003c","isMergeCommit":true,"messageTitle":"Merge pull request #34 from Stevexchia/branch-view","messageBody":"Feature: Table view \u0026 Improved User Interface","fileTypesAndContributionMap":{}}]},{"date":"2025-03-30","commitResults":[{"hash":"63a761b1acd878fdca2ddc3223b26ab832bf2fa5","isMergeCommit":false,"messageTitle":"Fixed exception handling not working","messageBody":"","fileTypesAndContributionMap":{"functional-code":{"insertions":43,"deletions":44}}}]},{"date":"2025-03-31","commitResults":[{"hash":"ee90fb766c562feddb7f2f1920414d67c1a0aa58","isMergeCommit":true,"messageTitle":"Merge pull request #40 from xyanjun02/updateStatus","messageBody":"Update status","fileTypesAndContributionMap":{}},{"hash":"c2f8ec366a3056586ea31ed3e4f73f25db04f4b2","isMergeCommit":false,"messageTitle":"added and improved JUnit for add and filter","messageBody":"","fileTypesAndContributionMap":{"test-code":{"insertions":211,"deletions":49}}},{"hash":"7ce31248be5f6773e6dcb54d0afca1c7f9584509","isMergeCommit":false,"messageTitle":"Fixed checkstyle","messageBody":"","fileTypesAndContributionMap":{"test-code":{"insertions":5,"deletions":5}}},{"hash":"6577fab440d729f2212ef5ea84756bb3a9319f87","isMergeCommit":false,"messageTitle":"Fixed checkstyle","messageBody":"","fileTypesAndContributionMap":{"test-code":{"insertions":2,"deletions":2}}}]},{"date":"2025-04-01","commitResults":[{"hash":"d2b6af804d38c2355014d00e6ca35a697877d224","isMergeCommit":false,"messageTitle":"AddCommand for DG","messageBody":"","fileTypesAndContributionMap":{"docs":{"insertions":100,"deletions":1}}},{"hash":"3f2d3224e86c7d7bbf5f9300924b197595d08f66","isMergeCommit":true,"messageTitle":"Merge pull request #43 from xyanjun02/DeleteCommand-DG","messageBody":"Added deleteCommand implementation in design guide","fileTypesAndContributionMap":{}}]},{"date":"2025-04-02","commitResults":[{"hash":"92127c509e515f439fb61c6c75fcc4a2ecac0049","isMergeCommit":false,"messageTitle":"Update dev guide","messageBody":"","fileTypesAndContributionMap":{"functional-code":{"insertions":1,"deletions":0},"docs":{"insertions":30,"deletions":20}}}]},{"date":"2025-04-03","commitResults":[{"hash":"b69e93981ec6c8e3a489c767609d0fc38b40463f","isMergeCommit":false,"messageTitle":"Updated dg and ug","messageBody":"","fileTypesAndContributionMap":{"docs":{"insertions":102,"deletions":24}}},{"hash":"1fcd45daf527042e911099685b1414db672affc1","isMergeCommit":false,"messageTitle":"updated dev and user guide","messageBody":"","fileTypesAndContributionMap":{"docs":{"insertions":39,"deletions":33}}},{"hash":"831c174991c5ab40562cc7251a51c2a63bd4809b","isMergeCommit":false,"messageTitle":"Updated manual testing","messageBody":"","fileTypesAndContributionMap":{"docs":{"insertions":33,"deletions":12}}},{"hash":"38469fcf1c7312e6ebc9367366613229ef2a9e39","isMergeCommit":true,"messageTitle":"Merge pull request #50 from xyanjun02/update-DG-UG","messageBody":"Updated developer guide and user guide ","fileTypesAndContributionMap":{}},{"hash":"f4996fcd5e3852e1119eb38766c5f1220d597aeb","isMergeCommit":true,"messageTitle":"Merge pull request #51 from Stevexchia/branch-test","messageBody":"Added Test for Edit, List, Internship, InternshipList","tags":["v2.0"],"fileTypesAndContributionMap":{}}]},{"date":"2025-04-04","commitResults":[{"hash":"3043b8391128ada408d3d057142e972fe74cc9c1","isMergeCommit":true,"messageTitle":"Merge pull request #52 from xyanjun02/PPP","messageBody":"Updated PPP ","fileTypesAndContributionMap":{}},{"hash":"baa5ba68984bcd44f45ce27c81be914dfce9f916","isMergeCommit":false,"messageTitle":"Update ppp","messageBody":"","fileTypesAndContributionMap":{"docs":{"insertions":45,"deletions":2}}},{"hash":"234de5d948756dfe85abbc81a3b15decce59cfaf","isMergeCommit":true,"messageTitle":"Merge pull request #53 from jiajun2002/ppp","messageBody":"Update ppp","fileTypesAndContributionMap":{}}]},{"date":"2025-04-05","commitResults":[{"hash":"c1b97675fae617e627fb89e6ceb81c5f9aa06310","isMergeCommit":false,"messageTitle":"Fixed negative allowance, non-positive duration, filter","messageBody":"","fileTypesAndContributionMap":{"functional-code":{"insertions":50,"deletions":12}}},{"hash":"54810b44c4fd0daa3c274d60b340a62977ea6e81","isMergeCommit":false,"messageTitle":"Fixed checkstyle","messageBody":"","fileTypesAndContributionMap":{"functional-code":{"insertions":2,"deletions":1},"test-code":{"insertions":28,"deletions":4}}},{"hash":"2f2f359b72e1718365012490ff82a12c907ba7f8","isMergeCommit":false,"messageTitle":"Fix checkstyle","messageBody":"","fileTypesAndContributionMap":{"functional-code":{"insertions":7,"deletions":1}}},{"hash":"d0c7ced04439b7831e3b342825b61040d05e1674","isMergeCommit":false,"messageTitle":"Added status constraints and updated add/edit to do the same","messageBody":"","fileTypesAndContributionMap":{"functional-code":{"insertions":48,"deletions":11},"test-code":{"insertions":29,"deletions":21}}},{"hash":"580be5a46f191849c98bd815b6cf2e4e9c938512","isMergeCommit":false,"messageTitle":"checkstyle fix","messageBody":"","fileTypesAndContributionMap":{"functional-code":{"insertions":2,"deletions":4},"test-code":{"insertions":2,"deletions":2}}},{"hash":"aa190cbb8eec4c13b76c8dc18ce96e02889eda01","isMergeCommit":false,"messageTitle":"fix checkstyle","messageBody":"","fileTypesAndContributionMap":{"test-code":{"insertions":7,"deletions":7}}},{"hash":"81d5f642518438fca5938d89a1d22f6eda9dab84","isMergeCommit":false,"messageTitle":"Renamed helper func","messageBody":"","fileTypesAndContributionMap":{"functional-code":{"insertions":4,"deletions":4}}}]},{"date":"2025-04-06","commitResults":[{"hash":"4c3cad38c38b9de22bc5a68c7c847f5e4da7e2f5","isMergeCommit":false,"messageTitle":"Update dg and ug","messageBody":"","fileTypesAndContributionMap":{"docs":{"insertions":37,"deletions":49}}},{"hash":"4e824e212c2a7f798adcbf4ad28c2d1e3746e626","isMergeCommit":false,"messageTitle":"update dg","messageBody":"","fileTypesAndContributionMap":{"docs":{"insertions":1,"deletions":1}}}]},{"date":"2025-04-07","commitResults":[{"hash":"f349efeb406df42bbaffc45d5c437d83639fa0f8","isMergeCommit":true,"messageTitle":"Merge pull request #105 from Stevexchia/branch-bugfix","messageBody":"Branch bugfix","tags":["v2.1"],"fileTypesAndContributionMap":{}},{"hash":"eec82105271409910a1ea763cddb0f6ba083148c","isMergeCommit":true,"messageTitle":"Merge pull request #107 from Stevexchia/branch-bugfix","messageBody":"Branch bugfix","fileTypesAndContributionMap":{}},{"hash":"bbd9935122f7c283ee8366d881fa6d789f3edc52","isMergeCommit":false,"messageTitle":"Updated diagrams for dg","messageBody":"","fileTypesAndContributionMap":{"docs":{"insertions":38,"deletions":53}}}]},{"date":"2025-04-08","commitResults":[{"hash":"e67c14ba21877dc779e376a6dd0e109ba8727377","isMergeCommit":false,"messageTitle":"Added filter diagram","messageBody":"","fileTypesAndContributionMap":{"docs":{"insertions":90,"deletions":4}}},{"hash":"48f0657f654f2056e32fae24b909d77050eef9c6","isMergeCommit":false,"messageTitle":"Update ppp and ug","messageBody":"","fileTypesAndContributionMap":{"docs":{"insertions":24,"deletions":20}}},{"hash":"604c20d90bde7e821a14f9c979c836a5f3354184","isMergeCommit":false,"messageTitle":"Update ppp and ug","messageBody":"","fileTypesAndContributionMap":{"docs":{"insertions":1,"deletions":0}}},{"hash":"51df11cc9438a328661596339d22249ba9ed65b5","isMergeCommit":false,"messageTitle":"Final few updates for everything","messageBody":"","fileTypesAndContributionMap":{"functional-code":{"insertions":29,"deletions":3},"docs":{"insertions":48,"deletions":37}}},{"hash":"bdd4220f7540ebbda57f1ed3190f5d8791f2a431","isMergeCommit":false,"messageTitle":"Update about us","messageBody":"","fileTypesAndContributionMap":{"docs":{"insertions":5,"deletions":5}}},{"hash":"b1fcea914e95f8c2da558a28d8095ae57739c039","isMergeCommit":false,"messageTitle":"made add diagram bigger","messageBody":"","fileTypesAndContributionMap":{"docs":{"insertions":2,"deletions":2}}},{"hash":"f6cbef4b73e4f5ae6b295db6adeea0202f539f0c","isMergeCommit":false,"messageTitle":"image","messageBody":"","fileTypesAndContributionMap":{"docs":{"insertions":5,"deletions":5}}},{"hash":"82c62d6face619ab28e77bcecc30ee3bd73bd7cb","isMergeCommit":true,"messageTitle":"Merge pull request #115 from jiajun2002/bigger-diagram","messageBody":"made add diagram bigger","fileTypesAndContributionMap":{}},{"hash":"6b97d4637cb895e0f14ae6f4098f688cedea04b7","isMergeCommit":false,"messageTitle":"Update ppp","messageBody":"","fileTypesAndContributionMap":{"docs":{"insertions":5,"deletions":2}}},{"hash":"2ddacc3de279dbed0f067bf9dcae9d123a7838c9","isMergeCommit":true,"messageTitle":"Merge pull request #116 from jiajun2002/ppp-final","messageBody":"Update ppp","fileTypesAndContributionMap":{}}]}],"shira421":[]},"authorFileTypeContributionMap":{"xyanjun02":{"docs":229,"functional-code":320,"test-code":226,"other":1},"Stevexchia":{"docs":513,"functional-code":930,"test-code":703,"other":3},"jiajun2002":{"docs":461,"functional-code":455,"test-code":262,"other":3},"shira421":{"docs":0,"functional-code":0,"test-code":0}},"authorContributionVariance":{"xyanjun02":21903.691,"Stevexchia":36344.703,"jiajun2002":15955.464,"shira421":0.0},"authorDisplayNameMap":{"xyanjun02":"CS2113-F12-2 XIE ..NJUN","Stevexchia":"CS2113-F12-2 STEV..N XU","jiajun2002":"CS2113-F12-2 TONG.. JUN","shira421":"CS2113-F12-2 VENK..THAN"}}
