{"authorDailyContributionsMap":{"ManZ9802":[{"date":"2025-03-07","commitResults":[{"hash":"51e0e81b7e792ec0948f04988e7928ca529f7556","isMergeCommit":false,"messageTitle":"updated AboutUs.md to my own name","messageBody":"","fileTypesAndContributionMap":{"docs":{"insertions":3,"deletions":7}}},{"hash":"df5129158c6c75e09fc59d5b87b4b7d820545639","isMergeCommit":true,"messageTitle":"Merge branch \u0027master\u0027 of https://github.com/AY2425S2-CS2113-F11-4/tp into Zhong-AboutUs","messageBody":"# Conflicts:\n#\tdocs/AboutUs.md\n","fileTypesAndContributionMap":{}},{"hash":"5df7fc7a35554e2c872feac440e72ca11509aa87","isMergeCommit":true,"messageTitle":"Merge pull request #3 from ManZ9802/Zhong-AboutUs","messageBody":"updated AboutUs.md to include ManZ9802","fileTypesAndContributionMap":{}}]},{"date":"2025-03-18","commitResults":[{"hash":"f6942dad884e2c937bcc91d60280aa77b31364e2","isMergeCommit":false,"messageTitle":"Added viewing flashcard answer functionality, updated code quality for standardisation","messageBody":"","fileTypesAndContributionMap":{"functional-code":{"insertions":59,"deletions":6},"test-code":{"insertions":2,"deletions":2}}},{"hash":"dccf176f78446abbc23ab0334580b6ef2667dc17","isMergeCommit":true,"messageTitle":"Merge branch \u0027Zhong-AboutUs\u0027","messageBody":"","fileTypesAndContributionMap":{}},{"hash":"d32e4d1a7b9306448728d212596262d6a7832364","isMergeCommit":false,"messageTitle":"added tests for view_answer and updated code quality","messageBody":"","fileTypesAndContributionMap":{"functional-code":{"insertions":4,"deletions":4},"test-code":{"insertions":37,"deletions":0}}},{"hash":"967365aae5e4f2b0da82ae46ff0c6862622ab435","isMergeCommit":true,"messageTitle":"Merge branch \u0027Zhong-view-answer-test\u0027","messageBody":"","fileTypesAndContributionMap":{}},{"hash":"135b36fc1e3fd8aefbb5f00f3189495e539e619d","isMergeCommit":false,"messageTitle":"updated code quality","messageBody":"","fileTypesAndContributionMap":{"test-code":{"insertions":1,"deletions":1}}}]},{"date":"2025-03-20","commitResults":[{"hash":"a582628be2030df430d78146753ca0b3dd969323","isMergeCommit":true,"messageTitle":"Merge branch \u0027master\u0027 of https://github.com/AY2425S2-CS2113-F11-4/tp","messageBody":"","fileTypesAndContributionMap":{}},{"hash":"a26652216b1df769b04e6fc8472b227726cbe521","isMergeCommit":false,"messageTitle":"added delete function","messageBody":"","fileTypesAndContributionMap":{"functional-code":{"insertions":50,"deletions":1}}},{"hash":"a3f9023b6d2ad7169aa6bb204e54ec799cc37d76","isMergeCommit":false,"messageTitle":"Added Junit tests","messageBody":"","fileTypesAndContributionMap":{"test-code":{"insertions":59,"deletions":0}}},{"hash":"1e7388235b0381261b0d92ae92fbba2497b8223a","isMergeCommit":false,"messageTitle":"Edited Javadoc for CommandDelete and CommandViewAnswer","messageBody":"","fileTypesAndContributionMap":{"functional-code":{"insertions":12,"deletions":0}}}]},{"date":"2025-03-31","commitResults":[{"hash":"52a57d605adb0010177b8429be1e6cf5c5fcfa73","isMergeCommit":false,"messageTitle":"Implemented search function within a deck","messageBody":"","fileTypesAndContributionMap":{"functional-code":{"insertions":77,"deletions":1}}},{"hash":"a4eed1a2fe592421613edb722519cf2d1dc694e5","isMergeCommit":false,"messageTitle":"Implemented global search function","messageBody":"","fileTypesAndContributionMap":{"functional-code":{"insertions":58,"deletions":12}}},{"hash":"08d2459bb421bb6f4dda2f31f403922956c45c0a","isMergeCommit":false,"messageTitle":"Wrote JUnit Tests for search and global search function","messageBody":"","fileTypesAndContributionMap":{"functional-code":{"insertions":36,"deletions":13},"test-code":{"insertions":149,"deletions":3}}},{"hash":"b2eb5121a3f4aa030ea93a56f7864955607a475b","isMergeCommit":false,"messageTitle":"added Javadoc and updated user guide","messageBody":"","fileTypesAndContributionMap":{"functional-code":{"insertions":21,"deletions":4}}}]},{"date":"2025-04-01","commitResults":[{"hash":"5e714b2227c651eafe3db7ecd84662487cdfdc15","isMergeCommit":false,"messageTitle":"Created storage package and classes for loading and saving decks in .txt files","messageBody":"","fileTypesAndContributionMap":{"functional-code":{"insertions":119,"deletions":1}}},{"hash":"2a66981d052d1393e8ff974bc95dca649585c870","isMergeCommit":false,"messageTitle":"fixed checkstyle issues","messageBody":"","fileTypesAndContributionMap":{"functional-code":{"insertions":0,"deletions":1}}},{"hash":"dac1c1b0379047af8306048ab2e78f6e62c30576","isMergeCommit":false,"messageTitle":"added javadoc, edited user guide and fixed bug","messageBody":"","fileTypesAndContributionMap":{"functional-code":{"insertions":28,"deletions":1}}},{"hash":"7bc2963e0eb3b9e48200c9fb27b4c120540cf530","isMergeCommit":false,"messageTitle":"fixed javadoc","messageBody":"","fileTypesAndContributionMap":{"functional-code":{"insertions":1,"deletions":1}}}]},{"date":"2025-04-02","commitResults":[{"hash":"a711f8d3eba1576d2ae22bfbcc000b01210abf61","isMergeCommit":false,"messageTitle":"updated DG (save and search functionality)","messageBody":"","fileTypesAndContributionMap":{"docs":{"insertions":199,"deletions":0}}},{"hash":"72756907172f6ea2eefb5f71a1954255e7d9cf40","isMergeCommit":false,"messageTitle":"updated DG (delete and view answer and product scope)","messageBody":"","fileTypesAndContributionMap":{"docs":{"insertions":154,"deletions":6}}}]}],"felfelyuen":[{"date":"2025-02-21","commitResults":[{"hash":"f263b245434f156b19feeb2bb32e023646ac8648","isMergeCommit":false,"messageTitle":"Update README.md","messageBody":"","fileTypesAndContributionMap":{"docs":{"insertions":1,"deletions":1}}}]},{"date":"2025-03-07","commitResults":[{"hash":"2860cda887139afa71faaee768040c9a1994f73c","isMergeCommit":false,"messageTitle":"Updated AboutUs","messageBody":"","fileTypesAndContributionMap":{"docs":{"insertions":3,"deletions":7}}},{"hash":"d1ef38cb16349f1fb179fb5edef1f5eb44d83d82","isMergeCommit":false,"messageTitle":"Updated AboutUs","messageBody":"","fileTypesAndContributionMap":{"docs":{"insertions":1,"deletions":1}}},{"hash":"de26e72b7552e7c8ef3b1c6912fc2cd2e4a4be32","isMergeCommit":true,"messageTitle":"Merge pull request #6 from felfelyuen/Felix-AboutUs","messageBody":"Updated AboutUs (Felix)","fileTypesAndContributionMap":{}},{"hash":"7940841d1c19f4b29a7b0b3e6e09ea80d8f01b52","isMergeCommit":true,"messageTitle":"Merge branch \u0027master\u0027 of https://github.com/AY2425S2-CS2113-F11-4/tp","messageBody":"","fileTypesAndContributionMap":{}},{"hash":"d0db422f97cd3e3d4a21fbf7991481515833cc8a","isMergeCommit":true,"messageTitle":"Merge branch \u0027master\u0027 of https://github.com/AY2425S2-CS2113-F11-4/tp","messageBody":"","fileTypesAndContributionMap":{}}]},{"date":"2025-03-14","commitResults":[{"hash":"0542529d5bc1da0c74ab398f258108d5ce60e614","isMergeCommit":true,"messageTitle":"Merge pull request #11 from Betahaxer/create-flashcard","messageBody":"Setup project packages and create flashcards ","fileTypesAndContributionMap":{}}]},{"date":"2025-03-16","commitResults":[{"hash":"213c1665dc8aee88e3eb24e67bd2fd79519aeafd","isMergeCommit":true,"messageTitle":"Merge branch \u0027master\u0027 of https://github.com/AY2425S2-CS2113-F11-4/tp","messageBody":"","fileTypesAndContributionMap":{}},{"hash":"d8bccf34f885146343233d3b5205b4175171eead","isMergeCommit":false,"messageTitle":"Add function to view flashcard.","messageBody":"Added new class CommandViewQuestion to handle viewing of flashcard questions.\nAdded corresponding command constants, error and success messages.\nAdded function to view Flashcard Question in FlashcardList.\n\nMade small edits to FlashCLI and Error messages for clarity.\n","fileTypesAndContributionMap":{"functional-code":{"insertions":49,"deletions":4}}}]},{"date":"2025-03-17","commitResults":[{"hash":"62f58a7327f7507a9e2ca18b669df41a004b3b3b","isMergeCommit":false,"messageTitle":"Added J Unit tests for viewing flashcards","messageBody":"Added J Unit tests for invalid input and input out of array bounds.\n","fileTypesAndContributionMap":{"functional-code":{"insertions":3,"deletions":3},"test-code":{"insertions":36,"deletions":3}}},{"hash":"044406df4b8c955165aa3271f6e752536c2ba95b","isMergeCommit":false,"messageTitle":"Added javadoc comments","messageBody":"","fileTypesAndContributionMap":{"functional-code":{"insertions":13,"deletions":0}}},{"hash":"7fc741b00d261b14e16cc1e67275d1e9884610da","isMergeCommit":false,"messageTitle":"Edited VIEW into VIEW_QN","messageBody":"Changed required input \"view\" into \"view_qn\"\nDue to potential conflicts with other viewing requests\n","fileTypesAndContributionMap":{"functional-code":{"insertions":4,"deletions":4}}},{"hash":"90bd90131f855e76d5b1d27074120fa41bf9f3f1","isMergeCommit":false,"messageTitle":"Improved code quality.","messageBody":"Removed 4 indentations on a switch statement in Parser\nEdited FlashcardList to remove createOutput that was unused.\n","fileTypesAndContributionMap":{"functional-code":{"insertions":3,"deletions":3},"test-code":{"insertions":13,"deletions":7}}},{"hash":"9f921509af02f37ba92af19ed2fcb9ef249ef090","isMergeCommit":false,"messageTitle":"Changed test method names for code standards.","messageBody":"","fileTypesAndContributionMap":{"test-code":{"insertions":2,"deletions":2}}},{"hash":"604938624af49c278b83ab7d637f4f9306fbf3f6","isMergeCommit":false,"messageTitle":"Improved code quality","messageBody":"","fileTypesAndContributionMap":{"test-code":{"insertions":1,"deletions":1}}}]},{"date":"2025-03-18","commitResults":[{"hash":"8e502a2a2a45bf3e686630b20c91d21bdf873f3a","isMergeCommit":true,"messageTitle":"Merge pull request #16 from ManZ9802/master","messageBody":"View answer","fileTypesAndContributionMap":{}}]},{"date":"2025-03-20","commitResults":[{"hash":"12746c7803386d9ffbd9a0c3ece0e6aad90a9497","isMergeCommit":false,"messageTitle":"Added list function","messageBody":"Added list function to view list of questions\n","fileTypesAndContributionMap":{"functional-code":{"insertions":65,"deletions":2}}},{"hash":"8b8598a5ac882d9a732806344e6ba67c9a5539d7","isMergeCommit":false,"messageTitle":"Added Junit tests and renamed exception","messageBody":"Added Junit tests for listing flashcards\nRenamed IllegalArgumentException to FlashCLIillegalException (with approval from Yuwen)\nSmall edits for coding standard\n","fileTypesAndContributionMap":{"functional-code":{"insertions":27,"deletions":24},"test-code":{"insertions":78,"deletions":33}}},{"hash":"916c8d22a74102538bb8cdf719a168b5f01e4567","isMergeCommit":false,"messageTitle":"Small edits to javadocs and coding standard","messageBody":"","fileTypesAndContributionMap":{"functional-code":{"insertions":5,"deletions":2}}}]},{"date":"2025-03-21","commitResults":[{"hash":"f5f27e86a673a450aeca993c5db3e72d37cf4bce","isMergeCommit":true,"messageTitle":"Merge branch \u0027master\u0027 of https://github.com/AY2425S2-CS2113-F11-4/tp","messageBody":"","fileTypesAndContributionMap":{}}]},{"date":"2025-03-26","commitResults":[{"hash":"0c28dce4450e2b8c46166e5a354f2fe856b6da26","isMergeCommit":false,"messageTitle":"Added basic test function","messageBody":"Added test function that goes through list of flashcards, and tests the user.\nBasic test function only, needs timer and shuffle function to be added.\nWaiting for decks to be created and pushed into upstream.\n","fileTypesAndContributionMap":{"functional-code":{"insertions":86,"deletions":3}}}]},{"date":"2025-03-27","commitResults":[{"hash":"bb1d9d9a20125de7582b9766358fcb5fc47c0d79","isMergeCommit":true,"messageTitle":"Merge pull request #35 from Betahaxer/deck-feature","messageBody":"Deck feature","fileTypesAndContributionMap":{}}]},{"date":"2025-03-28","commitResults":[{"hash":"f80f463f221fd5bdd2427af6e45d4b6b760c7e1d","isMergeCommit":true,"messageTitle":"Merge pull request #36 from Betahaxer/decks-tests","messageBody":"Decks tests merged into main code","fileTypesAndContributionMap":{}},{"hash":"d4af2e80d95612f13e89cd8d1a39eb5202532b7b","isMergeCommit":true,"messageTitle":"Merge branch \u0027master\u0027 of https://github.com/AY2425S2-CS2113-F11-4/tp into test-flashcards","messageBody":"# Conflicts: (resolved)\n#\tsrc/main/java/constants/CommandConstants.java\n#\tsrc/main/java/deck/Deck.java\n#\tsrc/main/java/parser/Parser.java\n","fileTypesAndContributionMap":{}},{"hash":"eceb148a11f69ea3eef3f54062ae44c3f14c6072","isMergeCommit":true,"messageTitle":"Merge branch \u0027master\u0027 of https://github.com/AY2425S2-CS2113-F11-4/tp into test-flashcards","messageBody":"# Conflicts: (resolved)\n#\tsrc/main/java/deck/Deck.java\n","fileTypesAndContributionMap":{}},{"hash":"bbca4702a09eedeccff88f6557c7c652174ffb3e","isMergeCommit":false,"messageTitle":"Added javadocs, logging and assertions","messageBody":"Added the aforementioned into quiz functions and classes.\nRenamed test into quiz, to avoid confusion.\nSmall edits to some of Yuwen\u0027s code, specifically what is printed out to user, for clarity.\n","fileTypesAndContributionMap":{"functional-code":{"insertions":43,"deletions":7}}},{"hash":"727476744978f591d2b6b648705a68926281d857","isMergeCommit":false,"messageTitle":"Added function to exit quiz mode at anytime.","messageBody":"Did the aforementioned, by utilising a new exception called QuizCancelledException\n","fileTypesAndContributionMap":{"functional-code":{"insertions":36,"deletions":16}}},{"hash":"68c66297a971f265ea5c35e4fccf749c3c0e9aec","isMergeCommit":false,"messageTitle":"Added incorrect arrays and Junit tests for quiz","messageBody":"Added incorrect arrays: (incorrectFlashcards, incorrectIndexes, incorrectAnswers)\nAdded jUnit tests\nAdded shuffle function (currently empty, for teammate to complete)\nEdited some bits to follow coding checkstyle standards.\n","fileTypesAndContributionMap":{"functional-code":{"insertions":84,"deletions":33},"test-code":{"insertions":72,"deletions":1}}},{"hash":"03cd2e618f6220288c74d7b76ee62b212f778576","isMergeCommit":true,"messageTitle":"Merge pull request #37 from Betahaxer/logging","messageBody":"Add logging and assertion to DeckManager and set logging level","fileTypesAndContributionMap":{}},{"hash":"f63bc93735c36839c265dd56c3c516f948e2990e","isMergeCommit":true,"messageTitle":"Merge branch \u0027master\u0027 of https://github.com/AY2425S2-CS2113-F11-4/tp into test-flashcards","messageBody":"","fileTypesAndContributionMap":{}}]},{"date":"2025-03-29","commitResults":[{"hash":"3b3c63f4a7df045ace7ed508f979e2250ce3dabd","isMergeCommit":true,"messageTitle":"Merge branch \u0027master\u0027 of https://github.com/AY2425S2-CS2113-F11-4/tp","messageBody":"","fileTypesAndContributionMap":{}},{"hash":"e7405986217b0cd0b5f564e1fa269b8a30690826","isMergeCommit":false,"messageTitle":"Fixed bug that caused question to be asked only after inputs","messageBody":"Also altered the asking questions code to be more abstract to be used elsewhere\n","fileTypesAndContributionMap":{"functional-code":{"insertions":29,"deletions":28},"test-code":{"insertions":4,"deletions":5}}},{"hash":"4a0a9263d70b9b8f301cc6f7e7ee65f7cc00571c","isMergeCommit":false,"messageTitle":"Small edit to rectify checkstyle errors","messageBody":"","fileTypesAndContributionMap":{"functional-code":{"insertions":2,"deletions":2},"test-code":{"insertions":0,"deletions":1}}},{"hash":"8e9fda557c1c90ac78eeed118d428eb619ce5eb2","isMergeCommit":true,"messageTitle":"Merge branch \u0027master\u0027 of https://github.com/AY2425S2-CS2113-F11-4/tp","messageBody":"","fileTypesAndContributionMap":{}},{"hash":"c1eeaef369065bd2ad279bdfc3c9b85cbed6116a","isMergeCommit":true,"messageTitle":"Merge pull request #44 from ElonKoh/code-snippet","messageBody":"Insert Code Snippet","fileTypesAndContributionMap":{}},{"hash":"e2241130878cb69efadc417a04e7dc5223505c78","isMergeCommit":true,"messageTitle":"Merge branch \u0027master\u0027 of https://github.com/AY2425S2-CS2113-F11-4/tp","messageBody":"","fileTypesAndContributionMap":{}}]},{"date":"2025-03-30","commitResults":[{"hash":"b1274a9e7dfb406c1af50d2bdd636fea391c1170","isMergeCommit":false,"messageTitle":"Added IsLearned into Flashcard, and added functions to mark learn and unlearned","messageBody":"Changed error message name to be more general.\nAdded CommandChangeLearned\n","fileTypesAndContributionMap":{"functional-code":{"insertions":132,"deletions":31},"test-code":{"insertions":11,"deletions":11}}},{"hash":"01068c1c5c18c3ae0310a2932a88bacfe0577061","isMergeCommit":false,"messageTitle":"Added logging and assertions","messageBody":"","fileTypesAndContributionMap":{"functional-code":{"insertions":5,"deletions":0}}},{"hash":"6b49d1ba509bc51598c0d632a2cb1d09a7c6647e","isMergeCommit":false,"messageTitle":"Added testing to mark learned","messageBody":"Also made some edits to view question tests\n","fileTypesAndContributionMap":{"test-code":{"insertions":100,"deletions":14}}},{"hash":"a3dca763be2a441902897a417aeda0933f433aca","isMergeCommit":true,"messageTitle":"Merge pull request #46 from ElonKoh/quiz-timer","messageBody":"Quiz Timer","fileTypesAndContributionMap":{}},{"hash":"73dea9e50b626847b746702b95d44bf684d36f11","isMergeCommit":true,"messageTitle":"Merge branch \u0027master\u0027 of https://github.com/AY2425S2-CS2113-F11-4/tp","messageBody":"","fileTypesAndContributionMap":{}}]},{"date":"2025-03-31","commitResults":[{"hash":"fa5cc0eeab7cd9fbe19f0b824858cb4fc65aa6cc","isMergeCommit":false,"messageTitle":"Added user_guide function","messageBody":"","fileTypesAndContributionMap":{"functional-code":{"insertions":60,"deletions":0}}},{"hash":"be0720c2dc0f2b8182c156c5f7e9bae23631a904","isMergeCommit":false,"messageTitle":"Small edits to user guide messages","messageBody":"Made user guide message clearer to follow for new users\nAdded user_guide as a possible command\n","fileTypesAndContributionMap":{"functional-code":{"insertions":4,"deletions":2}}},{"hash":"2393d79064a116b8762b56472085d575185d4ff8","isMergeCommit":false,"messageTitle":"Added javadocs","messageBody":"","fileTypesAndContributionMap":{"functional-code":{"insertions":5,"deletions":2}}},{"hash":"a1b7ba4260c5c6b5b6e60639ec9a782506abd027","isMergeCommit":false,"messageTitle":"Edited message to include quick start message to make it clearer for new users","messageBody":"","fileTypesAndContributionMap":{"functional-code":{"insertions":5,"deletions":2}}},{"hash":"d4505d4ea067023bc46696497a4f5cbe28b5c22e","isMergeCommit":true,"messageTitle":"Merge pull request #51 from Betahaxer/deck-feature-addons","messageBody":"Deck feature addons","fileTypesAndContributionMap":{}}]},{"date":"2025-04-01","commitResults":[{"hash":"d9d5cc45ceae5d21a97cf9d5b942e1f56f9e87de","isMergeCommit":true,"messageTitle":"Merge pull request #57 from Betahaxer/docs-userguide","messageBody":"Docs userguide","fileTypesAndContributionMap":{}}]},{"date":"2025-04-02","commitResults":[{"hash":"bfae11a2f4b86d284bf63f5e89aaf74686083cc5","isMergeCommit":true,"messageTitle":"Merge pull request #59 from ManZ9802/Zhong-DG","messageBody":"Updated DG (Zhong\u0027s part)","fileTypesAndContributionMap":{}}]}],"Betahaxer":[{"date":"2025-02-21","commitResults":[{"hash":"f1f1f6cf8748f4cd8452271c9779ffe03520b9e8","isMergeCommit":false,"messageTitle":"Update README.md","messageBody":"","fileTypesAndContributionMap":{"docs":{"insertions":1,"deletions":1}}},{"hash":"d44e903725b724aa9a66269c23383ff0ab68dde8","isMergeCommit":false,"messageTitle":"Update README.md","messageBody":"","fileTypesAndContributionMap":{"docs":{"insertions":1,"deletions":1}}}]},{"date":"2025-03-07","commitResults":[{"hash":"3c027e407212264add50e480c2c61ddbdeb7278d","isMergeCommit":false,"messageTitle":"Update name in AboutUs","messageBody":"","fileTypesAndContributionMap":{"docs":{"insertions":4,"deletions":7}}},{"hash":"484f3b2906453c119904e97ba7851ba65816e092","isMergeCommit":true,"messageTitle":"Merge branch \u0027master\u0027 into lishunyang-AboutUs","messageBody":"","fileTypesAndContributionMap":{}},{"hash":"7fd1da12ba4189f6fabaa036aa4e203fe35fac2c","isMergeCommit":true,"messageTitle":"Merge pull request #5 from lishunyang12/lishunyang-AboutUs","messageBody":"Lishunyang aboutus","fileTypesAndContributionMap":{}},{"hash":"c54538049c69f2a72881667a27f3565271b7718d","isMergeCommit":true,"messageTitle":"Merge master to AboutUs","messageBody":"","fileTypesAndContributionMap":{}},{"hash":"892a58950cbff1e564efa084dc444b3ce8db52e3","isMergeCommit":false,"messageTitle":"Update with ShunYang\u0027s merge","messageBody":"","fileTypesAndContributionMap":{"docs":{"insertions":3,"deletions":1}}},{"hash":"91d3c508282a59ef2486821b172ed976f57fe9d2","isMergeCommit":true,"messageTitle":"Merge branch \u0027YuWen-AboutUS\u0027 of https://github.com/Betahaxer/tp into YuWen-AboutUS","messageBody":"","fileTypesAndContributionMap":{}},{"hash":"a89f5a41ee0fe6f49ad9df938e4dc38c65e929d6","isMergeCommit":true,"messageTitle":"Merge pull request #4 from Betahaxer/YuWen-AboutUS","messageBody":"Update name in AboutUs","fileTypesAndContributionMap":{}}]},{"date":"2025-03-14","commitResults":[{"hash":"773dcf5a3e1a67ad414c12c8b2c521f5726857f6","isMergeCommit":false,"messageTitle":"Refactor name of packages to project name FlashCLI","messageBody":"","fileTypesAndContributionMap":{"other":{"insertions":4,"deletions":4}}},{"hash":"b7228a8cb59a0bbbe0ff0607788a735e220857f7","isMergeCommit":false,"messageTitle":"Add function to create flashcard","messageBody":"Let\u0027s:\n * Setup the project with classes necessary, such as Commands, Flashcard\n * make the application able to recognise the add and exit commands\n * add basic input validation for commands\n * throw appropriate exceptions and handle the thrown exceptions\n","fileTypesAndContributionMap":{"functional-code":{"insertions":160,"deletions":10}}},{"hash":"1dd65173f22d0c8bd4e6212051bac5329dcdadb4","isMergeCommit":false,"messageTitle":"Rename packages to compliance","messageBody":"","fileTypesAndContributionMap":{"other":{"insertions":30,"deletions":29},"docs":{"insertions":1,"deletions":1}}},{"hash":"a41011eed1635cbc00240bc47449936157689888","isMergeCommit":false,"messageTitle":"Write Junit Tests for FlashcardList class","messageBody":"Let\u0027s:\n* check for the happy path\n* check for missing description for question and answer\n* check for missing question or answer fields\n* check for swapped question and answer fields\n","fileTypesAndContributionMap":{"functional-code":{"insertions":42,"deletions":26},"test-code":{"insertions":138,"deletions":0}}},{"hash":"680fbb8a23c161a5c936ebdff2c58a557b6d4d77","isMergeCommit":false,"messageTitle":"Write Junit Tests for Parser class","messageBody":"Let\u0027s:\n* check for add command to add flashcards\n* check for invalid commands\n","fileTypesAndContributionMap":{"functional-code":{"insertions":0,"deletions":2},"test-code":{"insertions":41,"deletions":0}}},{"hash":"a70e56bdebede5b2f7d46a218ef5f228aee6dda4","isMergeCommit":false,"messageTitle":"Update main class in build.gradle","messageBody":"","fileTypesAndContributionMap":{"other":{"insertions":1,"deletions":1}}},{"hash":"ff94c98f0cbc3c1ac164b59d757984f866fc68fe","isMergeCommit":false,"messageTitle":"Add check for user input before reading inputs","messageBody":"","fileTypesAndContributionMap":{"functional-code":{"insertions":7,"deletions":1}}}]},{"date":"2025-03-17","commitResults":[{"hash":"574752a25d041015eb53a3e1fe5bfc7e5c2a7e0f","isMergeCommit":true,"messageTitle":"Merge pull request #13 from felfelyuen/view-flashcard","messageBody":"Add ability to view flashcards and Junit tests. ","fileTypesAndContributionMap":{}}]},{"date":"2025-03-18","commitResults":[{"hash":"38a7afe3f164d966c91b88d6415da47161bd61d9","isMergeCommit":true,"messageTitle":"Merge pull request #15 from ElonKoh/edit-flashcard","messageBody":"Edit flashcard","fileTypesAndContributionMap":{}}]},{"date":"2025-03-20","commitResults":[{"hash":"0d5e42fd0a98837b7dc08211c6231d5acd2e8bff","isMergeCommit":true,"messageTitle":"Merge pull request #17 from felfelyuen/list-flashcard","messageBody":"List flashcard","fileTypesAndContributionMap":{}},{"hash":"6054640011f333c853592c3754944434de252c31","isMergeCommit":true,"messageTitle":"Merge pull request #19 from ManZ9802/Zhong-delete-flashcard","messageBody":"Added delete function + Junit tests","fileTypesAndContributionMap":{}},{"hash":"c1366454ae8546e6e53759e906788f35e22d881c","isMergeCommit":false,"messageTitle":"Add assertions, header comments and logging","messageBody":"","fileTypesAndContributionMap":{"functional-code":{"insertions":102,"deletions":11},"other":{"insertions":1,"deletions":0}}}]},{"date":"2025-03-26","commitResults":[{"hash":"3fae62af729631f28eaf2d5667e72ae3cfec624c","isMergeCommit":false,"messageTitle":"Add structure for Deck and DeckManager.","messageBody":"Create necessary methods and classes to incorporate deck concept into the project.\n","fileTypesAndContributionMap":{"functional-code":{"insertions":61,"deletions":12},"other":{"insertions":60,"deletions":54}}}]},{"date":"2025-03-27","commitResults":[{"hash":"0b6c7e8011ddfe48abdf9c096e4452a26c2563ff","isMergeCommit":false,"messageTitle":"Add function to switch between decks","messageBody":"Let\u0027s:\n* allow users to switch decks via index\n* handle errors and edge cases such as using commands that creates flashcards when there are no decks\n","fileTypesAndContributionMap":{"functional-code":{"insertions":101,"deletions":11}}},{"hash":"ad6dd3ab4d58d87e6565af42625e0e3ccd9df764","isMergeCommit":false,"messageTitle":"Add class method to rename deck","messageBody":"Let\u0027s:\n* allow decks to be renamed\n* ensure that user has selected a deck before renaming\n* no duplicate deck names\n","fileTypesAndContributionMap":{"functional-code":{"insertions":91,"deletions":29},"test-code":{"insertions":5,"deletions":4}}},{"hash":"ea3cc0128e5d9ccaf02b18c63bfe99af295049cf","isMergeCommit":false,"messageTitle":"Add class method to view all decks","messageBody":"Let\u0027s:\n* allow all decks created to be listed\n* have checks if there are no decks created\n","fileTypesAndContributionMap":{"functional-code":{"insertions":47,"deletions":3}}},{"hash":"a03c713f8fd168d832e683074d8b7c0853c6e901","isMergeCommit":false,"messageTitle":"Update DeckTest to Deck class changes","messageBody":"Let\u0027s:\n* modify tests such that they are working as intended\n* improve code according to checkstyle conventions\n","fileTypesAndContributionMap":{"functional-code":{"insertions":53,"deletions":57},"other":{"insertions":60,"deletions":68},"test-code":{"insertions":17,"deletions":6}}},{"hash":"b31d70d73fe98ff3729d54229d082c76ba574064","isMergeCommit":false,"messageTitle":"Update ParserTest to checkstyle convention","messageBody":"","fileTypesAndContributionMap":{"test-code":{"insertions":1,"deletions":1}}}]},{"date":"2025-03-28","commitResults":[{"hash":"a4d87a7ad98bd6d615b49a46e55ad8ad4bc21d5c","isMergeCommit":false,"messageTitle":"Add unit tests for DeckManager class","messageBody":"","fileTypesAndContributionMap":{"test-code":{"insertions":161,"deletions":1}}},{"hash":"f7b2b4661e3b75002cf21e003bb0fdea34ae490a","isMergeCommit":false,"messageTitle":"Add Javadoc header comments for DeckManager and related command classes","messageBody":"","fileTypesAndContributionMap":{"functional-code":{"insertions":132,"deletions":3}}},{"hash":"55c73923565938473de7a3ff86ae2f8d97e4ff8d","isMergeCommit":false,"messageTitle":"Improve code to checkstyle guidelines","messageBody":"","fileTypesAndContributionMap":{"functional-code":{"insertions":12,"deletions":5},"test-code":{"insertions":1,"deletions":1}}},{"hash":"24b6d6e7932928c54f4879b876475447786becb6","isMergeCommit":false,"messageTitle":"Add logging and assertion to DeckManager and set logging level","messageBody":"Let\u0027s:\n* set the logging level for the application upon startup\n* add logging and assertion to all methods in DeckManager\n","fileTypesAndContributionMap":{"functional-code":{"insertions":69,"deletions":6}}},{"hash":"b40f45525781a311464f6e9f4109e3663dc2c212","isMergeCommit":false,"messageTitle":"Update DeckManagerTest","messageBody":"","fileTypesAndContributionMap":{"functional-code":{"insertions":10,"deletions":2},"test-code":{"insertions":5,"deletions":2}}},{"hash":"0a096df991ce6109fe6d4ddb9c6ae59d827b32c8","isMergeCommit":false,"messageTitle":"Add delete deck command","messageBody":"Let\u0027s:\n* allow users to delete decks\n* have a confirmation before deleting decks as it is irreversible\n","fileTypesAndContributionMap":{"functional-code":{"insertions":90,"deletions":18}}},{"hash":"ae7963c2fb4200ec7fa06ab5bbe86d17cb61c526","isMergeCommit":true,"messageTitle":"Merge pull request #43 from felfelyuen/quiz-flashcards","messageBody":"Quiz flashcards","fileTypesAndContributionMap":{}}]},{"date":"2025-03-31","commitResults":[{"hash":"16253f3a5908a7bb77e6f9194f51f9f5f5857144","isMergeCommit":true,"messageTitle":"Merge pull request #50 from felfelyuen/userguide","messageBody":"Add a userguide command so that users can view what commands and features the application has","fileTypesAndContributionMap":{}},{"hash":"cd12e1b5ef31cd26c3b6b4b7d09f4a2d5a572340","isMergeCommit":false,"messageTitle":"Add shuffle deck command","messageBody":"","fileTypesAndContributionMap":{"functional-code":{"insertions":29,"deletions":5}}},{"hash":"2be67f6475b1c7f5b49e26657a9adc313789f771","isMergeCommit":true,"messageTitle":"Merge master into deck feature addons","messageBody":"","fileTypesAndContributionMap":{}},{"hash":"23dac345c43de29b54bdab3c1d666d8b48118a76","isMergeCommit":false,"messageTitle":"Update UserGuideMessages","messageBody":"","fileTypesAndContributionMap":{"functional-code":{"insertions":10,"deletions":9}}},{"hash":"61911d872bcbda6a08c66458e88bf93f74ba6567","isMergeCommit":false,"messageTitle":"Update code quality to checkstyle standards","messageBody":"","fileTypesAndContributionMap":{"functional-code":{"insertions":2,"deletions":4},"test-code":{"insertions":1,"deletions":1}}},{"hash":"4a5892fb39fd76d63d2bcba22117decc760290cf","isMergeCommit":false,"messageTitle":"Refactor createFlashcard function","messageBody":"","fileTypesAndContributionMap":{"functional-code":{"insertions":41,"deletions":24}}},{"hash":"cd5119d03d7ecb5cb0a6a1f012e3a4e6700d0b30","isMergeCommit":false,"messageTitle":"Add tests for deleteDeck method","messageBody":"","fileTypesAndContributionMap":{"test-code":{"insertions":59,"deletions":0}}},{"hash":"e5430ae58d0da2a888e9d308790ba667b8ac3609","isMergeCommit":false,"messageTitle":"Add tests for deleteDeck method, ensure that deck is unselected when deleted","messageBody":"","fileTypesAndContributionMap":{"functional-code":{"insertions":6,"deletions":2},"test-code":{"insertions":12,"deletions":0}}},{"hash":"0fe0e4dfac92be262e7a35c23a4b259f1bf3dbc3","isMergeCommit":true,"messageTitle":"Merge pull request #52 from ManZ9802/Zhong-search-function","messageBody":"Search Function Implementation","fileTypesAndContributionMap":{}}]},{"date":"2025-04-01","commitResults":[{"hash":"7517fb58d2d4adb91d20233c49d5989f06e6b02f","isMergeCommit":true,"messageTitle":"Merge pull request #55 from ManZ9802/Zhong-save_data","messageBody":"Save and Load decks into program when program shuts down","fileTypesAndContributionMap":{}},{"hash":"4fa05bbd55672c26a604f3eb7212576a9b04268d","isMergeCommit":false,"messageTitle":"Add javadoc header comments for some methods in various classes, eg LoggingSetup, DeckManager, Deck, Parser","messageBody":"","fileTypesAndContributionMap":{"functional-code":{"insertions":34,"deletions":2}}},{"hash":"ada14bbc8461deee4cfb6c8ac5ada1e7f339dfdf","isMergeCommit":false,"messageTitle":"Update UserGuide.md to fit v2.0 features.","messageBody":"Let\u0027s:\n* Have an introduction\n* Have instructions for quick start\n* Have a features section\n* Have a FAQ section\n* Have a Known Issues section\n* Have a table for Command Summary with updated commands\n* Ensure all hyperlinks are working\n* Ensure commands are up to date with current version\n","fileTypesAndContributionMap":{"docs":{"insertions":76,"deletions":19}}},{"hash":"cd204011c04269b6a1436f0e7a762f01caa2928f","isMergeCommit":false,"messageTitle":"Update UserGuide.md","messageBody":"Removed nonexistent image links\n","fileTypesAndContributionMap":{"docs":{"insertions":2,"deletions":2}}},{"hash":"09aa2a4edc3ae2ed1a19088412fba752501929f0","isMergeCommit":false,"messageTitle":"Update ErrorMessages to use command constants in the messages","messageBody":"","fileTypesAndContributionMap":{"functional-code":{"insertions":29,"deletions":5}}}]}],"lishunyang12":[{"date":"2025-03-07","commitResults":[{"hash":"6250ad8522dfcb2e257045b1666c893d660db7ac","isMergeCommit":false,"messageTitle":"update aboutus.txt with info","messageBody":"","fileTypesAndContributionMap":{"docs":{"insertions":5,"deletions":5}}},{"hash":"b271eefc080eb67e7ec04a308a69a113ee3d6ff1","isMergeCommit":false,"messageTitle":"update aboutus","messageBody":"","fileTypesAndContributionMap":{"docs":{"insertions":1,"deletions":1}}},{"hash":"7d0e47ea960af57a14de387fc99c666d9ff41ebb","isMergeCommit":true,"messageTitle":"Merge pull request #7 from lishunyang12/lishunyang_branch","messageBody":"update aboutus","fileTypesAndContributionMap":{}}]}],"ElonKoh":[{"date":"2025-03-18","commitResults":[{"hash":"99479a6c4197295b5fd0dea0d020698cee41f57d","isMergeCommit":false,"messageTitle":"Adds ability to edit flashcards","messageBody":"","fileTypesAndContributionMap":{"functional-code":{"insertions":83,"deletions":3},"docs":{"insertions":6,"deletions":5}}},{"hash":"bc508a22b188a3f83dc46542f1046def6dc58fb6","isMergeCommit":false,"messageTitle":"Improved code quality","messageBody":"","fileTypesAndContributionMap":{"functional-code":{"insertions":12,"deletions":5}}},{"hash":"e9e54f6ab0dc4bfa308586d23744d0802ce681b1","isMergeCommit":false,"messageTitle":"Fixed edit flashcard output and added gradle tests for edit flashcard","messageBody":"","fileTypesAndContributionMap":{"functional-code":{"insertions":1,"deletions":1},"test-code":{"insertions":43,"deletions":0}}}]},{"date":"2025-03-20","commitResults":[{"hash":"67436ad2b45a9192d107c9b373b3588b285a9ab8","isMergeCommit":true,"messageTitle":"Merge pull request #20 from Betahaxer/add-defensiveness","messageBody":"Add assertions, header comments and logging","tags":["v1.0"],"fileTypesAndContributionMap":{}}]},{"date":"2025-03-29","commitResults":[{"hash":"05e6fba234fede1bbb9f67911fbaebf3a806be96","isMergeCommit":false,"messageTitle":"Add ability to insert code snippet to flashcards and view them in question","messageBody":"","fileTypesAndContributionMap":{"functional-code":{"insertions":119,"deletions":39}}},{"hash":"b55d80cbf63e5abebb34fcef89f5a53fa638d0b9","isMergeCommit":false,"messageTitle":"Clean up code and appropriate error messages","messageBody":"","fileTypesAndContributionMap":{"functional-code":{"insertions":3,"deletions":4}}},{"hash":"41ff3ebd1a5a8e49cea526d72c28746833ec137e","isMergeCommit":false,"messageTitle":"Add unit tests for insert code snippet","messageBody":"","fileTypesAndContributionMap":{"test-code":{"insertions":51,"deletions":12}}},{"hash":"977341a44ba816e92fbd0e84f2a7f2a188b03bbf","isMergeCommit":false,"messageTitle":"Improve code quality to address checkstyle tests","messageBody":"","fileTypesAndContributionMap":{"functional-code":{"insertions":45,"deletions":7},"test-code":{"insertions":20,"deletions":6}}},{"hash":"1c039844ef958de16965238bc378454c04d23e36","isMergeCommit":true,"messageTitle":"Merge pull request #45 from felfelyuen/quiz-flashcards","messageBody":"Fixed bug that caused question to be asked only after inputs","fileTypesAndContributionMap":{}},{"hash":"24381bb8205cd94288124547f34e11e575b30ef5","isMergeCommit":true,"messageTitle":"Merge branch \u0027master\u0027 into code-snippet","messageBody":"","fileTypesAndContributionMap":{}},{"hash":"ab764615c0b22b6e4f43df3328fa5aa7ffd88ed5","isMergeCommit":false,"messageTitle":"Update DeckTest.java","messageBody":"Remove unnecessary import to pass unit tests","fileTypesAndContributionMap":{"test-code":{"insertions":0,"deletions":1}}},{"hash":"0820b8ce6abe628ad2a579bba7d384a5631a64fe","isMergeCommit":false,"messageTitle":"Add Timer class and ability to check duration of user in quiz mode","messageBody":"","fileTypesAndContributionMap":{"functional-code":{"insertions":22,"deletions":6}}},{"hash":"9025cb014df679f6fad8145745f7219cf0cd65cb","isMergeCommit":false,"messageTitle":"Add java doc descriptions","messageBody":"","fileTypesAndContributionMap":{"functional-code":{"insertions":13,"deletions":1}}}]},{"date":"2025-03-30","commitResults":[{"hash":"592f77afc7222ae8a338e8bb929380f1a7e6882d","isMergeCommit":true,"messageTitle":"Merge pull request #49 from felfelyuen/mark-learned","messageBody":"Mark as learned","fileTypesAndContributionMap":{}}]}]},"authorFileTypeContributionMap":{"ManZ9802":{"docs":349,"functional-code":380,"test-code":228},"felfelyuen":{"docs":1,"functional-code":456,"test-code":235},"Betahaxer":{"docs":66,"functional-code":946,"test-code":437,"other":3},"lishunyang12":{"docs":1,"functional-code":0,"test-code":0},"ElonKoh":{"docs":2,"functional-code":261,"test-code":96}},"authorContributionVariance":{"ManZ9802":7048.5723,"felfelyuen":5560.4336,"Betahaxer":19927.291,"lishunyang12":3.4265316,"ElonKoh":3433.8472},"authorDisplayNameMap":{"ManZ9802":"CS2113-F11-4 WONG..HONG","felfelyuen":"CS2113-F11-4 FELI..N QI","Betahaxer":"CS2113-F11-4 POH .. WEN","lishunyang12":"CS2113-F11-4 LI S..YANG","ElonKoh":"CS2113-F11-4 KOH ..ELON"}}
