{"authorDailyContributionsMap":{"Lydialkx":[{"date":"2025-03-05","commitResults":[{"hash":"01d78aafaf0066323a15b1c83489200c0f7e9060","isMergeCommit":false,"messageTitle":"create AboutUs branch","messageBody":"","fileTypesAndContributionMap":{"docs":{"insertions":4,"deletions":7}}},{"hash":"133cb83be44d844ddb97968b821c3859b3e8dac9","isMergeCommit":true,"messageTitle":"Merge branch \u0027master\u0027 into LiuKexin-AboutUS","messageBody":"","fileTypesAndContributionMap":{}},{"hash":"48b01518befa3069d1798ea80bb82e5353d8d31c","isMergeCommit":true,"messageTitle":"Merge pull request #8 from Lydialkx/LiuKexin-AboutUS","messageBody":"create AboutUs branch","fileTypesAndContributionMap":{}}]},{"date":"2025-03-18","commitResults":[{"hash":"3958b5afdd7d2adc944de909d536c3ff3a10cfa0","isMergeCommit":false,"messageTitle":"Add event search and confirmation before deletion","messageBody":"","fileTypesAndContributionMap":{"functional-code":{"insertions":94,"deletions":14}}},{"hash":"b48bcc765ed85f239c621349ccf0a2f616a4be8b","isMergeCommit":true,"messageTitle":"Merge pull request #28 from AY2425S2-CS2113-W13-2/deleteEvent2","messageBody":"Delete event","fileTypesAndContributionMap":{}},{"hash":"7f54873df546291c1f3f2ddbd90ed3667f2278f3","isMergeCommit":false,"messageTitle":"Add DeleteEventTest","messageBody":"","fileTypesAndContributionMap":{"test-code":{"insertions":57,"deletions":0}}},{"hash":"28fb42a6c5e9c1cac197225ff9ffe587b5cff2c7","isMergeCommit":true,"messageTitle":"Merge pull request #42 from AY2425S2-CS2113-W13-2/deleteEventTest","messageBody":"JUnit tests for delete event","fileTypesAndContributionMap":{}},{"hash":"6af5aff890ec55d0fa53deabed020e77d12d1b4e","isMergeCommit":false,"messageTitle":"Fix error for DeleteEventTest","messageBody":"","fileTypesAndContributionMap":{"test-code":{"insertions":2,"deletions":2}}},{"hash":"fdf039482b9e783f7e1f7f4b9f1ee31c5bd7dd1b","isMergeCommit":true,"messageTitle":"Merge pull request #43 from AY2425S2-CS2113-W13-2/deleteEventTest","messageBody":"Fix error for DeleteEventTest","tags":["v1.0"],"fileTypesAndContributionMap":{}}]},{"date":"2025-03-19","commitResults":[{"hash":"c1e36c0d1f30d23ef4e9b465ca41d8f905343df0","isMergeCommit":false,"messageTitle":"Fix deleteEvent errors","messageBody":"","fileTypesAndContributionMap":{"functional-code":{"insertions":45,"deletions":43}}},{"hash":"86c4c56f65e6d5c0c7d5e85de92d7ddebf9064ab","isMergeCommit":false,"messageTitle":"Fix indentation","messageBody":"","fileTypesAndContributionMap":{"functional-code":{"insertions":0,"deletions":1}}},{"hash":"567b33621c58a8383718db388a487f58f82838bc","isMergeCommit":false,"messageTitle":"Fix indentation","messageBody":"","fileTypesAndContributionMap":{"functional-code":{"insertions":29,"deletions":29}}}]},{"date":"2025-03-25","commitResults":[{"hash":"d5826ba527a6b293f3b78bb89cda899a0af3a208","isMergeCommit":false,"messageTitle":"set priority for all events","messageBody":"","fileTypesAndContributionMap":{"functional-code":{"insertions":52,"deletions":38}}}]},{"date":"2025-03-26","commitResults":[{"hash":"2400b7220f1bde4a6ec8803a8e899761bab36156","isMergeCommit":true,"messageTitle":"Merge pull request #1 from Lydialkx/setPriority","messageBody":"set priority for all events","fileTypesAndContributionMap":{}},{"hash":"532e7ffa33c5618e79c2def8ca0c473430e452ff","isMergeCommit":false,"messageTitle":"list with different sequences","messageBody":"","fileTypesAndContributionMap":{"functional-code":{"insertions":116,"deletions":10}}},{"hash":"3a80147be3c85fc17933a78fb6827794a371f0f4","isMergeCommit":true,"messageTitle":"Merge pull request #2 from Lydialkx/listSequence","messageBody":"list with different sequences","fileTypesAndContributionMap":{}},{"hash":"4221f55617201da3cbc055ed0e126dc6c73da8d7","isMergeCommit":true,"messageTitle":"Merge pull request #54 from Lydialkx/master","messageBody":"add priority and list sequence","fileTypesAndContributionMap":{}}]}],"HuaZhenting":[{"date":"2025-03-05","commitResults":[{"hash":"b4b6f4fed33063fca54cbabf17cb4dfa2d98f905","isMergeCommit":false,"messageTitle":"Change to my name","messageBody":"","fileTypesAndContributionMap":{"docs":{"insertions":4,"deletions":7}}},{"hash":"a9a908664448540cbdd457e52eb11623ac7fb1d5","isMergeCommit":false,"messageTitle":"Edit link","messageBody":"","fileTypesAndContributionMap":{"docs":{"insertions":3,"deletions":3}}},{"hash":"e09feaea0a919457df5bef00a23ef0aef644e429","isMergeCommit":true,"messageTitle":"Merge branch \u0027master\u0027 into HuaZhenting-AboutUs","messageBody":"","fileTypesAndContributionMap":{}},{"hash":"15a90eca9c02716678d51362349286014c998a90","isMergeCommit":true,"messageTitle":"Merge pull request #7 from HuaZhenting/HuaZhenting-AboutUs","messageBody":"","fileTypesAndContributionMap":{}}]},{"date":"2025-03-17","commitResults":[{"hash":"5f12a27d1dfca1b4a49af0e1622c5ed2f4211f65","isMergeCommit":false,"messageTitle":"Add Collision Detector","messageBody":"","fileTypesAndContributionMap":{"functional-code":{"insertions":33,"deletions":1}}}]},{"date":"2025-03-18","commitResults":[{"hash":"cc73c3b20db894a5178d428158d1c3dcb9bb0f4e","isMergeCommit":true,"messageTitle":"Add Collision display in Ui","messageBody":"","fileTypesAndContributionMap":{}},{"hash":"93b34e06ab3467d009bd3ccf16105061e2fed13e","isMergeCommit":true,"messageTitle":"Merge remote-tracking branch \u0027origin/master\u0027 into HuaZhenting-AboutUs","messageBody":"","fileTypesAndContributionMap":{}},{"hash":"c32bf451f8503bd6361f0504b65820ae05702b4e","isMergeCommit":false,"messageTitle":"Integrate collision detection with Adding","messageBody":"","fileTypesAndContributionMap":{"functional-code":{"insertions":41,"deletions":25}}},{"hash":"c86768230ba911ed40e06846d40fe52407ac36ce","isMergeCommit":true,"messageTitle":"Merge pull request #23 from HuaZhenting/HuaZhenting-ConflictDetection","messageBody":"Hua Zhenting conflict detection for add event","fileTypesAndContributionMap":{}},{"hash":"9dae9fae50eeedf28d5acea8be48df9788f9edc5","isMergeCommit":false,"messageTitle":"Revert \"Integrate collision detection with Adding\"","messageBody":"This reverts commit c32bf451f8503bd6361f0504b65820ae05702b4e.\n","fileTypesAndContributionMap":{"functional-code":{"insertions":25,"deletions":41}}},{"hash":"ed77ab7d011a6044579c6a06fd00ca3b37d8ce53","isMergeCommit":false,"messageTitle":"Reapply \"Integrate collision detection with Adding\"","messageBody":"This reverts commit 9dae9fae50eeedf28d5acea8be48df9788f9edc5.\n","fileTypesAndContributionMap":{"functional-code":{"insertions":41,"deletions":25}}},{"hash":"339c9ac9bac1f37d48d2196e9e76d843b0a4d747","isMergeCommit":false,"messageTitle":"Revert \"Merge pull request #23 from HuaZhenting/HuaZhenting-ConflictDetection\"","messageBody":"This reverts commit c86768230ba911ed40e06846d40fe52407ac36ce, reversing\nchanges made to cf6b5eae9bed1493b1449a550796f649c0c22e22.\n","fileTypesAndContributionMap":{"functional-code":{"insertions":1,"deletions":77}}},{"hash":"47a599233282b1c5a4cdd53ec275332d7801c639","isMergeCommit":false,"messageTitle":"Reapply \"Merge pull request #23 from HuaZhenting/HuaZhenting-ConflictDetection\"","messageBody":"This reverts commit 339c9ac9bac1f37d48d2196e9e76d843b0a4d747.\n","fileTypesAndContributionMap":{"functional-code":{"insertions":77,"deletions":1}}},{"hash":"cab93ba28c964f2a6bea0c433612c673e82a3b8c","isMergeCommit":false,"messageTitle":"Modify collision checker","messageBody":"","fileTypesAndContributionMap":{"functional-code":{"insertions":6,"deletions":6}}},{"hash":"f25af61220b022c0b37cfab0a4533c0f0dc7e4ff","isMergeCommit":true,"messageTitle":"Merge branch \u0027master\u0027 into HuaZhenting-ConflictDetection","messageBody":"","fileTypesAndContributionMap":{}},{"hash":"7d76b62f79c0dc83e2944199ae9530a2978c0a0f","isMergeCommit":true,"messageTitle":"Merge pull request #26 from HuaZhenting/HuaZhenting-ConflictDetection","messageBody":"HuaZhenting conflict detection for adding","fileTypesAndContributionMap":{}},{"hash":"7b9fc3e43319beedb95d0784e3105e5448eb1924","isMergeCommit":false,"messageTitle":"Add JUnit tests for Collision Detector","messageBody":"","fileTypesAndContributionMap":{"functional-code":{"insertions":2,"deletions":0},"test-code":{"insertions":51,"deletions":1}}},{"hash":"4f69ee3915625704a6dcb21567f3543f0f5b5a34","isMergeCommit":false,"messageTitle":"Add JUnit tests for Collision Detector","messageBody":"","fileTypesAndContributionMap":{"functional-code":{"insertions":2,"deletions":0},"test-code":{"insertions":50,"deletions":0}}},{"hash":"70f9beac0f84ba00e9811e463fbfa0bc2ed0c75c","isMergeCommit":false,"messageTitle":"Revert \"Add JUnit tests for Collision Detector\"","messageBody":"This reverts commit 4f69ee3915625704a6dcb21567f3543f0f5b5a34.\n","fileTypesAndContributionMap":{"functional-code":{"insertions":0,"deletions":2},"test-code":{"insertions":0,"deletions":50}}},{"hash":"41d0c52f2f28d71bc60c60165e76d9888270e30b","isMergeCommit":true,"messageTitle":"Revert \"Add JUnit tests for Collision Detector\"","messageBody":"This reverts commit 7b9fc3e43319beedb95d0784e3105e5448eb1924.\n","fileTypesAndContributionMap":{}},{"hash":"630a36e9f02c79b85b8e09e4fc23f5466fd65d04","isMergeCommit":false,"messageTitle":"Add JUnit test for conflict detector","messageBody":"","fileTypesAndContributionMap":{"test-code":{"insertions":51,"deletions":1}}},{"hash":"8acb0917dc2a8ce1e173cb64054cf91f2c6c5436","isMergeCommit":true,"messageTitle":"Merge pull request #41 from HuaZhenting/HuaZhenting-ConflictDetection","messageBody":"JUnit Test for Conflict Detection","fileTypesAndContributionMap":{}}]}],"sxkhoo":[{"date":"2025-03-05","commitResults":[{"hash":"427df307675652379f6802533ded273031500212","isMergeCommit":false,"messageTitle":"About Us","messageBody":"","fileTypesAndContributionMap":{"docs":{"insertions":4,"deletions":7}}},{"hash":"b9883c1cca0390495db1f394e51f99f14491fc2a","isMergeCommit":true,"messageTitle":"Merge branch \u0027master\u0027 into Khoo-Shi-Xian-AboutUs","messageBody":"","fileTypesAndContributionMap":{}},{"hash":"2ce3a91f844cbbec330281cd997889ebfc40be1e","isMergeCommit":true,"messageTitle":"Merge pull request #4 from sxkhoo/Khoo-Shi-Xian-AboutUs","messageBody":"About Us","fileTypesAndContributionMap":{}}]},{"date":"2025-03-17","commitResults":[{"hash":"8eed663a403256ef31f868325be4c4a2002877e9","isMergeCommit":false,"messageTitle":"edit event v0.1","messageBody":"","fileTypesAndContributionMap":{"functional-code":{"insertions":27,"deletions":4}}},{"hash":"01302633f013ddb9de92c44e282d373e4d81f586","isMergeCommit":true,"messageTitle":"Merge pull request #16 from sxkhoo/editEvent","messageBody":"edit event v0.1","fileTypesAndContributionMap":{}},{"hash":"9cb8b9d214336c26b5f1267b3a97f24aa3319d3f","isMergeCommit":false,"messageTitle":"Revert \"edit event v0.1\"","messageBody":"","fileTypesAndContributionMap":{"functional-code":{"insertions":4,"deletions":27}}},{"hash":"8f81d106196a6d9dc8875ec1bca7518aa48a3699","isMergeCommit":true,"messageTitle":"Merge pull request #17 from AY2425S2-CS2113-W13-2/revert-16-editEvent","messageBody":"Revert \"edit event v0.1\"","fileTypesAndContributionMap":{}},{"hash":"c7c61eed284b944daa180588345f13951528d0ea","isMergeCommit":false,"messageTitle":"edit event v0.1","messageBody":"","fileTypesAndContributionMap":{"functional-code":{"insertions":85,"deletions":0}}},{"hash":"f0f06937b1e9f2c024cd8a978377a63cc0b9a769","isMergeCommit":true,"messageTitle":"Merge pull request #18 from sxkhoo/editEvent","messageBody":"edit event v0.1","fileTypesAndContributionMap":{}}]},{"date":"2025-03-18","commitResults":[{"hash":"38b04aa4efce533f5a7228b7f19285615526e3d6","isMergeCommit":false,"messageTitle":"edit event v0.2","messageBody":"","fileTypesAndContributionMap":{"functional-code":{"insertions":69,"deletions":33},"test-code":{"insertions":131,"deletions":0}}},{"hash":"69dd64e6560833601310da96c2ead86b0df71f9c","isMergeCommit":true,"messageTitle":"Merge pull request #24 from sxkhoo/editevent-v0.2","messageBody":"Editevent v0.2","fileTypesAndContributionMap":{}},{"hash":"b0bcabde8e18438040be1812a77e696ddd24b640","isMergeCommit":true,"messageTitle":"Merge pull request #25 from AY2425S2-CS2113-W13-2/editEvent","messageBody":"Edit event","fileTypesAndContributionMap":{}},{"hash":"838bf87a7e3eaa5501ae57d4cd0364af57c513e1","isMergeCommit":false,"messageTitle":"edit event v0.3","messageBody":"","fileTypesAndContributionMap":{"functional-code":{"insertions":36,"deletions":38},"test-code":{"insertions":6,"deletions":32}}},{"hash":"f6d461dee5612311f529647a248a08e738c06afc","isMergeCommit":true,"messageTitle":"edit event v0.3","messageBody":"","fileTypesAndContributionMap":{}},{"hash":"4eefdfb56ed8ed9141557c7f8c85df09f8e5f345","isMergeCommit":false,"messageTitle":"edit event v0.3","messageBody":"","fileTypesAndContributionMap":{"functional-code":{"insertions":1,"deletions":3}}},{"hash":"6b66f79502f2e13092273f760c78f7fc2084180e","isMergeCommit":true,"messageTitle":"Merge pull request #1 from sxkhoo/editevent-v0.2","messageBody":"Editevent v0.2","fileTypesAndContributionMap":{}},{"hash":"51e72f8c70eb6156051dd6d5eb973f0853d06544","isMergeCommit":true,"messageTitle":"Merge pull request #32 from sxkhoo/master","messageBody":"edit event updated","fileTypesAndContributionMap":{}},{"hash":"adea018439be96bbfdf673b2350eb1d724f85308","isMergeCommit":false,"messageTitle":"Revert \"Editevent v0.2\"","messageBody":"","fileTypesAndContributionMap":{"functional-code":{"insertions":3,"deletions":4},"test-code":{"insertions":34,"deletions":12}}},{"hash":"8637e10ac1320ccc5c1e1129385d2e1f2f4121a5","isMergeCommit":true,"messageTitle":"Merge pull request #2 from sxkhoo/revert-1-editevent-v0.2","messageBody":"Revert \"Editevent v0.2\"","fileTypesAndContributionMap":{}},{"hash":"d01a6a3ded8908c8765fe704b16f4df13922f7b4","isMergeCommit":false,"messageTitle":"added some comments","messageBody":"","fileTypesAndContributionMap":{"functional-code":{"insertions":2,"deletions":2}}},{"hash":"8f7810dc3bbefe3d7f9648fc145329f1bcebbdf6","isMergeCommit":false,"messageTitle":"added some comments","messageBody":"","fileTypesAndContributionMap":{"functional-code":{"insertions":1,"deletions":1}}}]},{"date":"2025-03-19","commitResults":[{"hash":"93eac3ca06d17e25ab1de2d4e202b120b8e1b441","isMergeCommit":true,"messageTitle":"Merge branch \u0027AY2425S2-CS2113-W13-2:master\u0027 into master","messageBody":"","fileTypesAndContributionMap":{}}]},{"date":"2025-03-20","commitResults":[{"hash":"f3c6d7bcd12ae48f6979e66575a69e81d2d12a3f","isMergeCommit":true,"messageTitle":"Merge pull request #34 from sxkhoo/master","messageBody":"EditEvent-V1","fileTypesAndContributionMap":{}}]}],"YanXinyaoo":[{"date":"2025-03-05","commitResults":[{"hash":"e23c0e8016f67c814a71b276858317f9b8ec15ed","isMergeCommit":false,"messageTitle":"Update the first line in the docs/AboutUs.md page","messageBody":"","fileTypesAndContributionMap":{"docs":{"insertions":1,"deletions":5}}},{"hash":"b392716f004f8c69338bb3f14622ec9041263531","isMergeCommit":true,"messageTitle":"Merge pull request #2 from YanXinyaoo/YanXinyao-AboutUs","messageBody":"Update the first line in the docs/AboutUs.md page","fileTypesAndContributionMap":{}},{"hash":"51b7c8bbf1f4b3aad847edd5ed6413c966825605","isMergeCommit":false,"messageTitle":"Update AboutUs","messageBody":"","fileTypesAndContributionMap":{"docs":{"insertions":1,"deletions":1}}},{"hash":"a40711f948ef3317311e59b6d4f09df22700dd3f","isMergeCommit":true,"messageTitle":"Merge pull request #5 from YanXinyaoo/YanXinyao-AboutUs","messageBody":"Update AboutUs","fileTypesAndContributionMap":{}},{"hash":"614c970a5c3725ca36842679dfe645c77274fcf7","isMergeCommit":true,"messageTitle":"Merge branch \u0027master\u0027 into Goh-Yee-Ern-AboutUs","messageBody":"","fileTypesAndContributionMap":{}},{"hash":"562945e5becb861f4afeade64143537341c2acbc","isMergeCommit":true,"messageTitle":"Merge pull request #6 from yeeern27/Goh-Yee-Ern-AboutUs","messageBody":"aboutUs.md edited","fileTypesAndContributionMap":{}}]},{"date":"2025-03-17","commitResults":[{"hash":"7494fcc82d9ee690108aff5cb27ea4ad98d42a35","isMergeCommit":false,"messageTitle":"Modify the structure and implement the function of adding and listing","messageBody":"","fileTypesAndContributionMap":{"functional-code":{"insertions":426,"deletions":190},"other":{"insertions":43,"deletions":8}}},{"hash":"0826762890d4d02ef59282103292971a86d2a230","isMergeCommit":true,"messageTitle":"Merge pull request #19 from YanXinyaoo/YanXinyao-AddEvent\u0026ListEvent","messageBody":"Yan xinyao add event\u0026list event","fileTypesAndContributionMap":{}},{"hash":"6c5b6f605d27479ec1c340a6cc4647db6ebfeed4","isMergeCommit":false,"messageTitle":"Add some UI and Exception messages","messageBody":"","fileTypesAndContributionMap":{"functional-code":{"insertions":40,"deletions":5}}},{"hash":"861238847ae1e0229a7b22421b67a412871451c8","isMergeCommit":true,"messageTitle":"Merge pull request #20 from YanXinyaoo/YanXinyao-AddEvent\u0026ListEvent","messageBody":"Add some UI and Exception messages","fileTypesAndContributionMap":{}},{"hash":"c6a8109083270224f15ad62998080c4bbdb04fa3","isMergeCommit":false,"messageTitle":"modify the code standard","messageBody":"","fileTypesAndContributionMap":{"functional-code":{"insertions":0,"deletions":333}}},{"hash":"5771a6ea646e01ce965eaa1aa5955572109d6de7","isMergeCommit":false,"messageTitle":"modify the code according to the code standard","messageBody":"","fileTypesAndContributionMap":{"functional-code":{"insertions":385,"deletions":52}}},{"hash":"6f549d331844a99a2a3889343229e5cd3e354e09","isMergeCommit":false,"messageTitle":"modify according to the coding standard","messageBody":"","fileTypesAndContributionMap":{"functional-code":{"insertions":6,"deletions":6}}},{"hash":"9ebb732175452d4799949888ec4e65df14b5cdd4","isMergeCommit":false,"messageTitle":"modify according to the standard","messageBody":"","fileTypesAndContributionMap":{"functional-code":{"insertions":1,"deletions":1}}},{"hash":"5f2b2ff85de53ecde901a8f7f2167b5030c67b0b","isMergeCommit":false,"messageTitle":"modify according to CI","messageBody":"","fileTypesAndContributionMap":{"functional-code":{"insertions":21,"deletions":21}}},{"hash":"b52afc7ffda3988c4315efabe35a5af375a2a353","isMergeCommit":true,"messageTitle":"Merge pull request #21 from YanXinyaoo/YanXinyao-AddEvent\u0026ListEvent","messageBody":"Yan xinyao add event\u0026list event and modify the code according to code standard","fileTypesAndContributionMap":{}},{"hash":"f95aeda2648b7caaa40bb5aa6383f4ec82fe6f58","isMergeCommit":false,"messageTitle":"Add some JUnit test for event manager class","messageBody":"","fileTypesAndContributionMap":{"functional-code":{"insertions":15,"deletions":15},"other":{"insertions":4,"deletions":4},"test-code":{"insertions":61,"deletions":0}}},{"hash":"4bb4d477f8df763a032b1b0cef115dea4322e49c","isMergeCommit":false,"messageTitle":"Modify according to code standard","messageBody":"","fileTypesAndContributionMap":{"test-code":{"insertions":8,"deletions":5}}},{"hash":"0f4316ebab8e3a0aa2e59508debee7ac0ba94624","isMergeCommit":false,"messageTitle":"update code according to code standard","messageBody":"","fileTypesAndContributionMap":{"test-code":{"insertions":1,"deletions":1}}},{"hash":"8158bbe8997a06be4555197f51f3dab2f3a56eb3","isMergeCommit":false,"messageTitle":"update the JUnit test for EventSync","messageBody":"","fileTypesAndContributionMap":{"functional-code":{"insertions":13,"deletions":13},"other":{"insertions":7,"deletions":5},"test-code":{"insertions":57,"deletions":64}}},{"hash":"cd74dc02d4f0916ec947ee2197bb896063224604","isMergeCommit":false,"messageTitle":"modify according to code standard","messageBody":"","fileTypesAndContributionMap":{"test-code":{"insertions":2,"deletions":2}}},{"hash":"7edc12225b2aa450203d697c9644b726e7fb90d8","isMergeCommit":false,"messageTitle":"Simulate the input so it can test add event now","messageBody":"","fileTypesAndContributionMap":{"functional-code":{"insertions":20,"deletions":7},"test-code":{"insertions":27,"deletions":0}}},{"hash":"078a772d417355665904d07db35f31dd7964c687","isMergeCommit":false,"messageTitle":"modify according to the code standard","messageBody":"","fileTypesAndContributionMap":{"functional-code":{"insertions":0,"deletions":1}}}]},{"date":"2025-03-18","commitResults":[{"hash":"b917893c3962d31a27e38c35d0304d93ba8fe89d","isMergeCommit":false,"messageTitle":"modify according to code standard","messageBody":"","fileTypesAndContributionMap":{"functional-code":{"insertions":1,"deletions":1}}},{"hash":"c2764e79cf5d2386e1f6e6d5fee88ca67d3bdd73","isMergeCommit":false,"messageTitle":"modify the expected.txt and input.txt","messageBody":"","fileTypesAndContributionMap":{"functional-code":{"insertions":1,"deletions":1}}},{"hash":"b2cbae1cdcb2584ec4bb2805e9f2275173faff5e","isMergeCommit":false,"messageTitle":"modify the space used","messageBody":"","fileTypesAndContributionMap":{"functional-code":{"insertions":2,"deletions":2},"other":{"insertions":3,"deletions":1}}},{"hash":"cf6b5eae9bed1493b1449a550796f649c0c22e22","isMergeCommit":true,"messageTitle":"Merge pull request #22 from YanXinyaoo/JUnit","messageBody":"Add some JUnit test and text in test for add event method","fileTypesAndContributionMap":{}},{"hash":"f60b310fd10e7dddfab0428dc516fc16b976bd1c","isMergeCommit":false,"messageTitle":"add assertion to adding event function","messageBody":"","fileTypesAndContributionMap":{"functional-code":{"insertions":22,"deletions":1}}},{"hash":"41114f2d79b004758a7e390e027f0cd01b3ddef4","isMergeCommit":false,"messageTitle":"modify according to code standard","messageBody":"","fileTypesAndContributionMap":{"functional-code":{"insertions":29,"deletions":69},"test-code":{"insertions":2,"deletions":1}}},{"hash":"09854560ba060e2dc900c286300afab2b30f12bf","isMergeCommit":true,"messageTitle":"Merge remote-tracking branch \u0027upstream/master\u0027 into Assertion","messageBody":"# Conflicts:\n#\tsrc/main/java/UI.java\n","fileTypesAndContributionMap":{}},{"hash":"4fe2a241e999dff3e307c4b4eadad4e9eee36431","isMergeCommit":false,"messageTitle":"modify according to code standard","messageBody":"","fileTypesAndContributionMap":{"functional-code":{"insertions":4,"deletions":4}}},{"hash":"d59adb06d54a9e6e13ffb9d0e5de9ecc82e0ca27","isMergeCommit":false,"messageTitle":"edit according to code standard","messageBody":"","fileTypesAndContributionMap":{"functional-code":{"insertions":2,"deletions":1},"test-code":{"insertions":21,"deletions":19}}},{"hash":"d595021500db74c4e093b2db7ba77afc4a61430d","isMergeCommit":true,"messageTitle":"Merge pull request #27 from YanXinyaoo/Assertion","messageBody":"add assertion to adding event function","fileTypesAndContributionMap":{}},{"hash":"71157d42bda54d4fc8f9725cfea45bf6ea8b9b02","isMergeCommit":false,"messageTitle":"add a logger class and the logging for add function in parser","messageBody":"","fileTypesAndContributionMap":{"functional-code":{"insertions":58,"deletions":0}}},{"hash":"ab2997b036e93c84035a3b6d90f64df2b43c5dd3","isMergeCommit":false,"messageTitle":"modify according to code standard","messageBody":"","fileTypesAndContributionMap":{"functional-code":{"insertions":2,"deletions":2}}},{"hash":"85c2e022d733abc544a730162bf7c4476d8b8949","isMergeCommit":true,"messageTitle":"Merge pull request #29 from YanXinyaoo/Logging","messageBody":"add a logger class and the logging for add function in parser","fileTypesAndContributionMap":{}},{"hash":"4d202ac82b5da57792fe098ab61ad725de665bee","isMergeCommit":false,"messageTitle":"adjust the format for the event time","messageBody":"","fileTypesAndContributionMap":{"functional-code":{"insertions":4,"deletions":2}}},{"hash":"36c34092f70c9a76462abc261b543eac03adbbe2","isMergeCommit":true,"messageTitle":"Merge pull request #36 from YanXinyaoo/YanXinyao-AddEvent\u0026ListEvent","messageBody":"adjust the format for the event time","fileTypesAndContributionMap":{}}]},{"date":"2025-03-25","commitResults":[{"hash":"248e4cb2995588614644c16ab4fb406c7f7e6aa7","isMergeCommit":false,"messageTitle":"achive the function of storage and add the test for storage class","messageBody":"","fileTypesAndContributionMap":{"functional-code":{"insertions":127,"deletions":4},"other":{"insertions":30,"deletions":22},"test-code":{"insertions":83,"deletions":0}}},{"hash":"ec80e5ce69fb13dbc2c8c2bfc726cc5094a6af6b","isMergeCommit":false,"messageTitle":"achive the function of storage and add the test for storage class","messageBody":"","fileTypesAndContributionMap":{"functional-code":{"insertions":126,"deletions":3},"other":{"insertions":30,"deletions":22},"test-code":{"insertions":83,"deletions":0}}},{"hash":"3fc19e611bc85ec9cc18e6ef1355f01f5d8ac59c","isMergeCommit":true,"messageTitle":"Merge remote-tracking branch \u0027origin/Storage\u0027 into Storage","messageBody":"","fileTypesAndContributionMap":{}},{"hash":"d9f5c69cb91d758b1b01679b480d717f097c1598","isMergeCommit":false,"messageTitle":"update according to code standard","messageBody":"","fileTypesAndContributionMap":{"functional-code":{"insertions":11,"deletions":4},"test-code":{"insertions":15,"deletions":6}}},{"hash":"df97827dfb26f9db07c46b5f3bdcaf20550fccf0","isMergeCommit":false,"messageTitle":"update according to code standard","messageBody":"","fileTypesAndContributionMap":{"test-code":{"insertions":6,"deletions":2}}},{"hash":"89af08c8732f4ee721d5b62e6b56f92538e9583f","isMergeCommit":false,"messageTitle":"update according to code standard","messageBody":"","fileTypesAndContributionMap":{"other":{"insertions":1,"deletions":1}}}]},{"date":"2025-03-26","commitResults":[{"hash":"27e2b03af54b9d6f84eb0d87724d4074ed118e52","isMergeCommit":false,"messageTitle":"update to solve the problem of storage file","messageBody":"","fileTypesAndContributionMap":{"other":{"insertions":6,"deletions":1}}},{"hash":"2e32e7a3af84223c060b188a527fad0111cf3c5c","isMergeCommit":false,"messageTitle":"modify the text-ui-test to pass the test","messageBody":"","fileTypesAndContributionMap":{"functional-code":{"insertions":6,"deletions":4},"other":{"insertions":44,"deletions":14},"test-code":{"insertions":4,"deletions":3}}},{"hash":"8a193e89c5465df5741d06eb55e8782fba4519f2","isMergeCommit":true,"messageTitle":"Merge pull request #51 from YanXinyaoo/Storage","messageBody":"add Storage class and StorageTest class","fileTypesAndContributionMap":{}},{"hash":"3b1aae3a365bc846ad55986c5eaec86f554a241a","isMergeCommit":false,"messageTitle":"add the functions issued to me in DG","messageBody":"","fileTypesAndContributionMap":{"docs":{"insertions":75,"deletions":13}}},{"hash":"ae75802276eb4a12e1780b49b98616d0b7a99cfa","isMergeCommit":true,"messageTitle":"Merge pull request #52 from YanXinyaoo/DeveloperGuide","messageBody":"add the functions issued to me in DG","fileTypesAndContributionMap":{}},{"hash":"b6b805825c568271db4bc019b4b17b9272ab3d87","isMergeCommit":false,"messageTitle":"Enable assertion","messageBody":"","fileTypesAndContributionMap":{"other":{"insertions":2,"deletions":1}}},{"hash":"9730b5faaf7066b72a0b89386f9495ef44216ba9","isMergeCommit":true,"messageTitle":"Merge pull request #53 from YanXinyaoo/DeveloperGuide","messageBody":"Enable assertion","fileTypesAndContributionMap":{}}]}],"yeeern27":[{"date":"2025-03-05","commitResults":[{"hash":"101e81ba84c9914712afc510bd1e3d439efa3811","isMergeCommit":false,"messageTitle":"aboutUs.md edited","messageBody":"","fileTypesAndContributionMap":{"docs":{"insertions":4,"deletions":7}}}]},{"date":"2025-03-17","commitResults":[{"hash":"a700d98301de9dfec41df96cdbe7bbb57960fb2f","isMergeCommit":false,"messageTitle":"Created diff files to editing","messageBody":"","fileTypesAndContributionMap":{"functional-code":{"insertions":272,"deletions":21}}},{"hash":"d1a68c8c4a015af18e9f63d0cc4254a1e40224a7","isMergeCommit":true,"messageTitle":"Merge pull request #15 from yeeern27/branch--ye--v1.0","messageBody":"Created diff files to editing","fileTypesAndContributionMap":{}}]},{"date":"2025-03-18","commitResults":[{"hash":"3b31254331603c54b3fdd7e7a896e238f4b3360a","isMergeCommit":false,"messageTitle":"DuplicateEvent Edited","messageBody":"","fileTypesAndContributionMap":{"functional-code":{"insertions":84,"deletions":40},"test-code":{"insertions":84,"deletions":0}}},{"hash":"c14c48c56bbea17ce908ecb6de1016aff98f3559","isMergeCommit":true,"messageTitle":"Merge branch \u0027master\u0027 into master","messageBody":"","fileTypesAndContributionMap":{}},{"hash":"659d43a28377ae93dd7d24c4afa27b3991ab8beb","isMergeCommit":true,"messageTitle":"Merge pull request #35 from yeeern27/master","messageBody":"DuplicateEvent Edited","fileTypesAndContributionMap":{}},{"hash":"d9d57a8ed11c3d242c920553a73c22e1760c3cc9","isMergeCommit":false,"messageTitle":"DuplicateEvent Edited to consider logger","messageBody":"","fileTypesAndContributionMap":{"functional-code":{"insertions":41,"deletions":32}}},{"hash":"9afbb74a897c4feba8c40402c6f9a00b1934859d","isMergeCommit":true,"messageTitle":"Merge pull request #37 from yeeern27/master","messageBody":"DuplicateEvent Edited to consider logger","fileTypesAndContributionMap":{}},{"hash":"5a9d805e364132e15d1464e44c8af30df62acc7b","isMergeCommit":false,"messageTitle":"DuplicateEvent Edited to pass test","messageBody":"","fileTypesAndContributionMap":{"functional-code":{"insertions":4,"deletions":2},"test-code":{"insertions":1,"deletions":2}}},{"hash":"33b25ef338d079532737e75e9bba3361dbd5b410","isMergeCommit":true,"messageTitle":"Merge pull request #39 from yeeern27/master","messageBody":"DuplicateEvent Edited to pass test","fileTypesAndContributionMap":{}}]}]},"authorFileTypeContributionMap":{"Lydialkx":{"docs":2,"functional-code":218,"test-code":53},"HuaZhenting":{"docs":2,"functional-code":38,"test-code":50},"sxkhoo":{"docs":0,"functional-code":39,"test-code":131},"YanXinyaoo":{"docs":76,"functional-code":803,"test-code":183,"other":62},"yeeern27":{"docs":1,"functional-code":99,"test-code":80}},"authorContributionVariance":{"Lydialkx":1929.2638,"HuaZhenting":9460.538,"sxkhoo":5257.993,"YanXinyaoo":108217.7,"yeeern27":4696.837},"authorDisplayNameMap":{"Lydialkx":"CS2113-W13-2 LIU ..EXIN","HuaZhenting":"CS2113-W13-2 HUA ..TING","sxkhoo":"CS2113-W13-2 KHOO..XIAN","YanXinyaoo":"CS2113-W13-2 YAN ..NYAO","yeeern27":"CS2113-W13-2 GOH .. ERN"}}
