{"authorDailyContributionsMap":{"Lydialkx":[{"date":"2025-03-05","commitResults":[{"hash":"01d78aafaf0066323a15b1c83489200c0f7e9060","isMergeCommit":false,"messageTitle":"create AboutUs branch","messageBody":"","fileTypesAndContributionMap":{"docs":{"insertions":4,"deletions":7}}},{"hash":"133cb83be44d844ddb97968b821c3859b3e8dac9","isMergeCommit":true,"messageTitle":"Merge branch \u0027master\u0027 into LiuKexin-AboutUS","messageBody":"","fileTypesAndContributionMap":{}},{"hash":"48b01518befa3069d1798ea80bb82e5353d8d31c","isMergeCommit":true,"messageTitle":"Merge pull request #8 from Lydialkx/LiuKexin-AboutUS","messageBody":"create AboutUs branch","fileTypesAndContributionMap":{}}]}],"HuaZhenting":[{"date":"2025-03-05","commitResults":[{"hash":"b4b6f4fed33063fca54cbabf17cb4dfa2d98f905","isMergeCommit":false,"messageTitle":"Change to my name","messageBody":"","fileTypesAndContributionMap":{"docs":{"insertions":4,"deletions":7}}},{"hash":"a9a908664448540cbdd457e52eb11623ac7fb1d5","isMergeCommit":false,"messageTitle":"Edit link","messageBody":"","fileTypesAndContributionMap":{"docs":{"insertions":3,"deletions":3}}},{"hash":"e09feaea0a919457df5bef00a23ef0aef644e429","isMergeCommit":true,"messageTitle":"Merge branch \u0027master\u0027 into HuaZhenting-AboutUs","messageBody":"","fileTypesAndContributionMap":{}},{"hash":"15a90eca9c02716678d51362349286014c998a90","isMergeCommit":true,"messageTitle":"Merge pull request #7 from HuaZhenting/HuaZhenting-AboutUs","messageBody":"","fileTypesAndContributionMap":{}}]}],"sxkhoo":[{"date":"2025-03-05","commitResults":[{"hash":"427df307675652379f6802533ded273031500212","isMergeCommit":false,"messageTitle":"About Us","messageBody":"","fileTypesAndContributionMap":{"docs":{"insertions":4,"deletions":7}}},{"hash":"b9883c1cca0390495db1f394e51f99f14491fc2a","isMergeCommit":true,"messageTitle":"Merge branch \u0027master\u0027 into Khoo-Shi-Xian-AboutUs","messageBody":"","fileTypesAndContributionMap":{}},{"hash":"2ce3a91f844cbbec330281cd997889ebfc40be1e","isMergeCommit":true,"messageTitle":"Merge pull request #4 from sxkhoo/Khoo-Shi-Xian-AboutUs","messageBody":"About Us","fileTypesAndContributionMap":{}}]}],"YanXinyaoo":[{"date":"2025-03-05","commitResults":[{"hash":"e23c0e8016f67c814a71b276858317f9b8ec15ed","isMergeCommit":false,"messageTitle":"Update the first line in the docs/AboutUs.md page","messageBody":"","fileTypesAndContributionMap":{"docs":{"insertions":1,"deletions":5}}},{"hash":"b392716f004f8c69338bb3f14622ec9041263531","isMergeCommit":true,"messageTitle":"Merge pull request #2 from YanXinyaoo/YanXinyao-AboutUs","messageBody":"Update the first line in the docs/AboutUs.md page","fileTypesAndContributionMap":{}},{"hash":"51b7c8bbf1f4b3aad847edd5ed6413c966825605","isMergeCommit":false,"messageTitle":"Update AboutUs","messageBody":"","fileTypesAndContributionMap":{"docs":{"insertions":1,"deletions":1}}},{"hash":"a40711f948ef3317311e59b6d4f09df22700dd3f","isMergeCommit":true,"messageTitle":"Merge pull request #5 from YanXinyaoo/YanXinyao-AboutUs","messageBody":"Update AboutUs","fileTypesAndContributionMap":{}},{"hash":"614c970a5c3725ca36842679dfe645c77274fcf7","isMergeCommit":true,"messageTitle":"Merge branch \u0027master\u0027 into Goh-Yee-Ern-AboutUs","messageBody":"","fileTypesAndContributionMap":{}},{"hash":"562945e5becb861f4afeade64143537341c2acbc","isMergeCommit":true,"messageTitle":"Merge pull request #6 from yeeern27/Goh-Yee-Ern-AboutUs","messageBody":"aboutUs.md edited","fileTypesAndContributionMap":{}}]}],"yeeern27":[{"date":"2025-03-05","commitResults":[{"hash":"101e81ba84c9914712afc510bd1e3d439efa3811","isMergeCommit":false,"messageTitle":"aboutUs.md edited","messageBody":"","fileTypesAndContributionMap":{"docs":{"insertions":4,"deletions":7}}}]}]},"authorFileTypeContributionMap":{"Lydialkx":{"docs":2,"functional-code":0,"test-code":0},"HuaZhenting":{"docs":2,"functional-code":0,"test-code":0},"sxkhoo":{"docs":0,"functional-code":0,"test-code":0},"YanXinyaoo":{"docs":2,"functional-code":0,"test-code":0},"yeeern27":{"docs":1,"functional-code":0,"test-code":0}},"authorContributionVariance":{"Lydialkx":8.591715,"HuaZhenting":20.52071,"sxkhoo":8.591715,"YanXinyaoo":4.5443788,"yeeern27":8.591715},"authorDisplayNameMap":{"Lydialkx":"CS2113-W13-2 LIU ..EXIN","HuaZhenting":"CS2113-W13-2 HUA ..TING","sxkhoo":"CS2113-W13-2 KHOO..XIAN","YanXinyaoo":"CS2113-W13-2 YAN ..NYAO","yeeern27":"CS2113-W13-2 GOH .. ERN"}}
