{"authorDailyContributionsMap":{"Lydialkx":[{"date":"2025-03-05","commitResults":[{"hash":"01d78aafaf0066323a15b1c83489200c0f7e9060","isMergeCommit":false,"messageTitle":"create AboutUs branch","messageBody":"","fileTypesAndContributionMap":{"docs":{"insertions":4,"deletions":7}}},{"hash":"133cb83be44d844ddb97968b821c3859b3e8dac9","isMergeCommit":true,"messageTitle":"Merge branch \u0027master\u0027 into LiuKexin-AboutUS","messageBody":"","fileTypesAndContributionMap":{}},{"hash":"48b01518befa3069d1798ea80bb82e5353d8d31c","isMergeCommit":true,"messageTitle":"Merge pull request #8 from Lydialkx/LiuKexin-AboutUS","messageBody":"create AboutUs branch","fileTypesAndContributionMap":{}}]},{"date":"2025-03-18","commitResults":[{"hash":"3958b5afdd7d2adc944de909d536c3ff3a10cfa0","isMergeCommit":false,"messageTitle":"Add event search and confirmation before deletion","messageBody":"","fileTypesAndContributionMap":{"functional-code":{"insertions":94,"deletions":14}}},{"hash":"b48bcc765ed85f239c621349ccf0a2f616a4be8b","isMergeCommit":true,"messageTitle":"Merge pull request #28 from AY2425S2-CS2113-W13-2/deleteEvent2","messageBody":"Delete event","fileTypesAndContributionMap":{}},{"hash":"7f54873df546291c1f3f2ddbd90ed3667f2278f3","isMergeCommit":false,"messageTitle":"Add DeleteEventTest","messageBody":"","fileTypesAndContributionMap":{"test-code":{"insertions":57,"deletions":0}}},{"hash":"28fb42a6c5e9c1cac197225ff9ffe587b5cff2c7","isMergeCommit":true,"messageTitle":"Merge pull request #42 from AY2425S2-CS2113-W13-2/deleteEventTest","messageBody":"JUnit tests for delete event","fileTypesAndContributionMap":{}},{"hash":"6af5aff890ec55d0fa53deabed020e77d12d1b4e","isMergeCommit":false,"messageTitle":"Fix error for DeleteEventTest","messageBody":"","fileTypesAndContributionMap":{"test-code":{"insertions":2,"deletions":2}}},{"hash":"fdf039482b9e783f7e1f7f4b9f1ee31c5bd7dd1b","isMergeCommit":true,"messageTitle":"Merge pull request #43 from AY2425S2-CS2113-W13-2/deleteEventTest","messageBody":"Fix error for DeleteEventTest","tags":["v1.0"],"fileTypesAndContributionMap":{}}]},{"date":"2025-03-19","commitResults":[{"hash":"c1e36c0d1f30d23ef4e9b465ca41d8f905343df0","isMergeCommit":false,"messageTitle":"Fix deleteEvent errors","messageBody":"","fileTypesAndContributionMap":{"functional-code":{"insertions":45,"deletions":43}}},{"hash":"86c4c56f65e6d5c0c7d5e85de92d7ddebf9064ab","isMergeCommit":false,"messageTitle":"Fix indentation","messageBody":"","fileTypesAndContributionMap":{"functional-code":{"insertions":0,"deletions":1}}},{"hash":"567b33621c58a8383718db388a487f58f82838bc","isMergeCommit":false,"messageTitle":"Fix indentation","messageBody":"","fileTypesAndContributionMap":{"functional-code":{"insertions":29,"deletions":29}}}]},{"date":"2025-03-25","commitResults":[{"hash":"d5826ba527a6b293f3b78bb89cda899a0af3a208","isMergeCommit":false,"messageTitle":"set priority for all events","messageBody":"","fileTypesAndContributionMap":{"functional-code":{"insertions":52,"deletions":38}}}]},{"date":"2025-03-26","commitResults":[{"hash":"2400b7220f1bde4a6ec8803a8e899761bab36156","isMergeCommit":true,"messageTitle":"Merge pull request #1 from Lydialkx/setPriority","messageBody":"set priority for all events","fileTypesAndContributionMap":{}},{"hash":"532e7ffa33c5618e79c2def8ca0c473430e452ff","isMergeCommit":false,"messageTitle":"list with different sequences","messageBody":"","fileTypesAndContributionMap":{"functional-code":{"insertions":116,"deletions":10}}},{"hash":"3a80147be3c85fc17933a78fb6827794a371f0f4","isMergeCommit":true,"messageTitle":"Merge pull request #2 from Lydialkx/listSequence","messageBody":"list with different sequences","fileTypesAndContributionMap":{}},{"hash":"4221f55617201da3cbc055ed0e126dc6c73da8d7","isMergeCommit":true,"messageTitle":"Merge pull request #54 from Lydialkx/master","messageBody":"add priority and list sequence","fileTypesAndContributionMap":{}},{"hash":"6d16512cc3223c9770c72c1d034b72fa671d35aa","isMergeCommit":false,"messageTitle":"Revert \"add priority and list sequence\"","messageBody":"","fileTypesAndContributionMap":{"functional-code":{"insertions":44,"deletions":164}}},{"hash":"e07ce0c7178b2c02a6f16f67c6385bb6db5e6dd8","isMergeCommit":true,"messageTitle":"Merge pull request #55 from AY2425S2-CS2113-W13-2/revert-54-master","messageBody":"Revert \"add priority and list sequence\"","fileTypesAndContributionMap":{}},{"hash":"f46058e7e919a9fc8ec20ed8bef70937f1c15ceb","isMergeCommit":false,"messageTitle":"set priority as a separate class","messageBody":"","fileTypesAndContributionMap":{"functional-code":{"insertions":141,"deletions":23},"test-code":{"insertions":3,"deletions":2}}},{"hash":"00532d9462b9dd37e6307fc67ebd83753ded0121","isMergeCommit":false,"messageTitle":"Fix delete command index mismatch","messageBody":"","fileTypesAndContributionMap":{"functional-code":{"insertions":1,"deletions":2}}},{"hash":"a2fec0aacbf0f6c7cccc0f6db1df22ba7e70eb9d","isMergeCommit":false,"messageTitle":"fix errors and add JUnit test","messageBody":"","fileTypesAndContributionMap":{"functional-code":{"insertions":8,"deletions":6},"test-code":{"insertions":112,"deletions":9}}},{"hash":"f18e01083b127f42843bbc5c9e1ca0078e5c6a0c","isMergeCommit":false,"messageTitle":"fix errors for JUnit test","messageBody":"","fileTypesAndContributionMap":{"test-code":{"insertions":6,"deletions":3}}},{"hash":"969b7c30011a8f066543322569f3a6a8ef31ecdc","isMergeCommit":false,"messageTitle":"fix errors","messageBody":"","fileTypesAndContributionMap":{"test-code":{"insertions":1,"deletions":1}}},{"hash":"95cdc82f427a270eedcd5fc132a33c6b00ae7676","isMergeCommit":true,"messageTitle":"Merge pull request #56 from Lydialkx/master","messageBody":"add Priority class","fileTypesAndContributionMap":{}},{"hash":"31a4a2c736a42efe1e9912b689ae06cd6896e0ba","isMergeCommit":false,"messageTitle":"fix JUnit test errors","messageBody":"","fileTypesAndContributionMap":{"functional-code":{"insertions":8,"deletions":1},"test-code":{"insertions":8,"deletions":6}}},{"hash":"59075afd57bdee06d2359051af1a61adbbcbd8b4","isMergeCommit":true,"messageTitle":"Merge pull request #57 from Lydialkx/master","messageBody":"fix JUnit test errors","fileTypesAndContributionMap":{}},{"hash":"9ac6cf1e3237ebdd70333a912df15b0f8df86010","isMergeCommit":false,"messageTitle":"remove unused imports","messageBody":"","fileTypesAndContributionMap":{"test-code":{"insertions":0,"deletions":5}}},{"hash":"02978e95ef51d8d3fdb1a19a1f965592f31ac69a","isMergeCommit":false,"messageTitle":"fix error","messageBody":"","fileTypesAndContributionMap":{"functional-code":{"insertions":1,"deletions":1}}},{"hash":"17b1d5c5accd36a9428d9bb6643f58f250d27fa3","isMergeCommit":false,"messageTitle":"fix error","messageBody":"","fileTypesAndContributionMap":{"functional-code":{"insertions":2,"deletions":2}}},{"hash":"6f97b00dd3abd183f87e6768b34883bd8672d958","isMergeCommit":false,"messageTitle":"fix error","messageBody":"","fileTypesAndContributionMap":{"functional-code":{"insertions":11,"deletions":2}}},{"hash":"17ab17f78220cbed7c486b231b86df6134bc6386","isMergeCommit":true,"messageTitle":"Merge pull request #58 from Lydialkx/master","messageBody":"remove unused imports","fileTypesAndContributionMap":{}},{"hash":"7a9def0e7da650efc73275ec100564cdc4496509","isMergeCommit":false,"messageTitle":"sort by different sequences","messageBody":"","fileTypesAndContributionMap":{"functional-code":{"insertions":166,"deletions":9}}},{"hash":"59acb5cca1edd7867141f373bfc605018e5ca95c","isMergeCommit":false,"messageTitle":"format correctly","messageBody":"","fileTypesAndContributionMap":{"functional-code":{"insertions":18,"deletions":19}}},{"hash":"3ebe2eb02ab1916f622cee0d80c821f78b716594","isMergeCommit":false,"messageTitle":"fix errors","messageBody":"","fileTypesAndContributionMap":{"test-code":{"insertions":2,"deletions":3}}},{"hash":"e86b73fb69744388969616c557c6145243354700","isMergeCommit":false,"messageTitle":"fix error","messageBody":"","fileTypesAndContributionMap":{"functional-code":{"insertions":4,"deletions":3}}},{"hash":"56728367f14adc4f06e8594ef7d1fc5d8a16440e","isMergeCommit":true,"messageTitle":"Merge pull request #59 from Lydialkx/listSequence","messageBody":"sort by different sequences","fileTypesAndContributionMap":{}}]},{"date":"2025-03-27","commitResults":[{"hash":"02dcf74b6567a1a6f60c41f1f0a210921de873d0","isMergeCommit":false,"messageTitle":"fix error for listing in sequence","messageBody":"","fileTypesAndContributionMap":{"functional-code":{"insertions":162,"deletions":8},"test-code":{"insertions":2,"deletions":3}}}]},{"date":"2025-03-31","commitResults":[{"hash":"b90108ed183b28021c59bea281a54a5bdcba72f7","isMergeCommit":false,"messageTitle":"fix errors for listing by sequence","messageBody":"","fileTypesAndContributionMap":{"functional-code":{"insertions":69,"deletions":62}}},{"hash":"241de499fcffe8e7e0c84c8c17c3a811cd48c857","isMergeCommit":true,"messageTitle":"Merge resolved","messageBody":"","fileTypesAndContributionMap":{}},{"hash":"0ae23028e4a6eb575163771b4551f86d35a81ba7","isMergeCommit":false,"messageTitle":"fix errors for listing by sequence","messageBody":"","fileTypesAndContributionMap":{"functional-code":{"insertions":1,"deletions":1}}},{"hash":"f6b47f0a1c7e39cfdff03233d37e5f38220623f7","isMergeCommit":false,"messageTitle":"list by sequence","messageBody":"","fileTypesAndContributionMap":{"functional-code":{"insertions":1,"deletions":1},"test-code":{"insertions":1,"deletions":1}}},{"hash":"a135d5bae26a7307634772d5cd80828245123ed9","isMergeCommit":true,"messageTitle":"Merge pull request #77 from Lydialkx/master","messageBody":"correct listing orders","fileTypesAndContributionMap":{}},{"hash":"4064bde6f3aa778f36d9e1625e62fc632903be75","isMergeCommit":false,"messageTitle":"update developerguide","messageBody":"","fileTypesAndContributionMap":{"docs":{"insertions":27,"deletions":5}}},{"hash":"a8f2be98c6b4cd833c0ca4611a36bf466f586309","isMergeCommit":true,"messageTitle":"Merge pull request #78 from Lydialkx/master","messageBody":"update developerguide","fileTypesAndContributionMap":{}}]},{"date":"2025-04-01","commitResults":[{"hash":"5c836538533df3882f7f97cd2ee438ea47b5145f","isMergeCommit":false,"messageTitle":"update UserGuide","messageBody":"","fileTypesAndContributionMap":{"docs":{"insertions":227,"deletions":20}}},{"hash":"7e0de7e02a0b69025d070ff9529aabb19f9d9e4d","isMergeCommit":false,"messageTitle":"update component overview","messageBody":"","fileTypesAndContributionMap":{"docs":{"insertions":40,"deletions":2}}},{"hash":"202bc2366cac102e8c2b4090b46d57ae87110e49","isMergeCommit":true,"messageTitle":"Merge pull request #81 from Lydialkx/master","messageBody":"update user and developer guides","fileTypesAndContributionMap":{}}]},{"date":"2025-04-02","commitResults":[{"hash":"a386eac3b99e5af4eec7f605b4f07700d9c3a311","isMergeCommit":false,"messageTitle":"add JUnit Tests","messageBody":"","fileTypesAndContributionMap":{"functional-code":{"insertions":2,"deletions":2},"test-code":{"insertions":366,"deletions":89}}},{"hash":"74d3783f50210d2fc5250fcab168d8536b2be489","isMergeCommit":true,"messageTitle":"Merge pull request #90 from Lydialkx/JUnitTest","messageBody":"add JUnit Tests","fileTypesAndContributionMap":{}},{"hash":"a89d879ad35c4930c39e97a922d8894723029c90","isMergeCommit":false,"messageTitle":"update the model component","messageBody":"","fileTypesAndContributionMap":{"docs":{"insertions":64,"deletions":12}}},{"hash":"8b79a99e488979506b23af22af5a7c0268310466","isMergeCommit":false,"messageTitle":"update logging guide","messageBody":"","fileTypesAndContributionMap":{"docs":{"insertions":23,"deletions":0}}},{"hash":"ccc56fdf211d9f8e652200e47dec1e43a863daf7","isMergeCommit":true,"messageTitle":"Merge pull request #91 from Lydialkx/ModelComponent","messageBody":"Update Developer Guide","fileTypesAndContributionMap":{}}]},{"date":"2025-04-03","commitResults":[{"hash":"7f988c933ea8c685772bef5cd583590048f13141","isMergeCommit":false,"messageTitle":"update developer guide","messageBody":"","fileTypesAndContributionMap":{"docs":{"insertions":73,"deletions":4}}},{"hash":"8338769e7838fab1296ea513cd835c7d92606ad3","isMergeCommit":false,"messageTitle":"update ppp","messageBody":"","fileTypesAndContributionMap":{"docs":{"insertions":74,"deletions":0}}},{"hash":"119bbf5baee56897f8575a4393feb151129605c4","isMergeCommit":true,"messageTitle":"Merge pull request #94 from Lydialkx/master","messageBody":"update DG and PPP","fileTypesAndContributionMap":{}}]}],"HuaZhenting":[{"date":"2025-03-05","commitResults":[{"hash":"b4b6f4fed33063fca54cbabf17cb4dfa2d98f905","isMergeCommit":false,"messageTitle":"Change to my name","messageBody":"","fileTypesAndContributionMap":{"docs":{"insertions":4,"deletions":7}}},{"hash":"a9a908664448540cbdd457e52eb11623ac7fb1d5","isMergeCommit":false,"messageTitle":"Edit link","messageBody":"","fileTypesAndContributionMap":{"docs":{"insertions":3,"deletions":3}}},{"hash":"e09feaea0a919457df5bef00a23ef0aef644e429","isMergeCommit":true,"messageTitle":"Merge branch \u0027master\u0027 into HuaZhenting-AboutUs","messageBody":"","fileTypesAndContributionMap":{}},{"hash":"15a90eca9c02716678d51362349286014c998a90","isMergeCommit":true,"messageTitle":"Merge pull request #7 from HuaZhenting/HuaZhenting-AboutUs","messageBody":"","fileTypesAndContributionMap":{}}]},{"date":"2025-03-17","commitResults":[{"hash":"5f12a27d1dfca1b4a49af0e1622c5ed2f4211f65","isMergeCommit":false,"messageTitle":"Add Collision Detector","messageBody":"","fileTypesAndContributionMap":{"functional-code":{"insertions":33,"deletions":1}}}]},{"date":"2025-03-18","commitResults":[{"hash":"cc73c3b20db894a5178d428158d1c3dcb9bb0f4e","isMergeCommit":true,"messageTitle":"Add Collision display in Ui","messageBody":"","fileTypesAndContributionMap":{}},{"hash":"93b34e06ab3467d009bd3ccf16105061e2fed13e","isMergeCommit":true,"messageTitle":"Merge remote-tracking branch \u0027origin/master\u0027 into HuaZhenting-AboutUs","messageBody":"","fileTypesAndContributionMap":{}},{"hash":"c32bf451f8503bd6361f0504b65820ae05702b4e","isMergeCommit":false,"messageTitle":"Integrate collision detection with Adding","messageBody":"","fileTypesAndContributionMap":{"functional-code":{"insertions":41,"deletions":25}}},{"hash":"c86768230ba911ed40e06846d40fe52407ac36ce","isMergeCommit":true,"messageTitle":"Merge pull request #23 from HuaZhenting/HuaZhenting-ConflictDetection","messageBody":"Hua Zhenting conflict detection for add event","fileTypesAndContributionMap":{}},{"hash":"9dae9fae50eeedf28d5acea8be48df9788f9edc5","isMergeCommit":false,"messageTitle":"Revert \"Integrate collision detection with Adding\"","messageBody":"This reverts commit c32bf451f8503bd6361f0504b65820ae05702b4e.\n","fileTypesAndContributionMap":{"functional-code":{"insertions":25,"deletions":41}}},{"hash":"ed77ab7d011a6044579c6a06fd00ca3b37d8ce53","isMergeCommit":false,"messageTitle":"Reapply \"Integrate collision detection with Adding\"","messageBody":"This reverts commit 9dae9fae50eeedf28d5acea8be48df9788f9edc5.\n","fileTypesAndContributionMap":{"functional-code":{"insertions":41,"deletions":25}}},{"hash":"339c9ac9bac1f37d48d2196e9e76d843b0a4d747","isMergeCommit":false,"messageTitle":"Revert \"Merge pull request #23 from HuaZhenting/HuaZhenting-ConflictDetection\"","messageBody":"This reverts commit c86768230ba911ed40e06846d40fe52407ac36ce, reversing\nchanges made to cf6b5eae9bed1493b1449a550796f649c0c22e22.\n","fileTypesAndContributionMap":{"functional-code":{"insertions":1,"deletions":77}}},{"hash":"47a599233282b1c5a4cdd53ec275332d7801c639","isMergeCommit":false,"messageTitle":"Reapply \"Merge pull request #23 from HuaZhenting/HuaZhenting-ConflictDetection\"","messageBody":"This reverts commit 339c9ac9bac1f37d48d2196e9e76d843b0a4d747.\n","fileTypesAndContributionMap":{"functional-code":{"insertions":77,"deletions":1}}},{"hash":"cab93ba28c964f2a6bea0c433612c673e82a3b8c","isMergeCommit":false,"messageTitle":"Modify collision checker","messageBody":"","fileTypesAndContributionMap":{"functional-code":{"insertions":6,"deletions":6}}},{"hash":"f25af61220b022c0b37cfab0a4533c0f0dc7e4ff","isMergeCommit":true,"messageTitle":"Merge branch \u0027master\u0027 into HuaZhenting-ConflictDetection","messageBody":"","fileTypesAndContributionMap":{}},{"hash":"7d76b62f79c0dc83e2944199ae9530a2978c0a0f","isMergeCommit":true,"messageTitle":"Merge pull request #26 from HuaZhenting/HuaZhenting-ConflictDetection","messageBody":"HuaZhenting conflict detection for adding","fileTypesAndContributionMap":{}},{"hash":"7b9fc3e43319beedb95d0784e3105e5448eb1924","isMergeCommit":false,"messageTitle":"Add JUnit tests for Collision Detector","messageBody":"","fileTypesAndContributionMap":{"functional-code":{"insertions":2,"deletions":0},"test-code":{"insertions":51,"deletions":1}}},{"hash":"4f69ee3915625704a6dcb21567f3543f0f5b5a34","isMergeCommit":false,"messageTitle":"Add JUnit tests for Collision Detector","messageBody":"","fileTypesAndContributionMap":{"functional-code":{"insertions":2,"deletions":0},"test-code":{"insertions":50,"deletions":0}}},{"hash":"70f9beac0f84ba00e9811e463fbfa0bc2ed0c75c","isMergeCommit":false,"messageTitle":"Revert \"Add JUnit tests for Collision Detector\"","messageBody":"This reverts commit 4f69ee3915625704a6dcb21567f3543f0f5b5a34.\n","fileTypesAndContributionMap":{"functional-code":{"insertions":0,"deletions":2},"test-code":{"insertions":0,"deletions":50}}},{"hash":"41d0c52f2f28d71bc60c60165e76d9888270e30b","isMergeCommit":true,"messageTitle":"Revert \"Add JUnit tests for Collision Detector\"","messageBody":"This reverts commit 7b9fc3e43319beedb95d0784e3105e5448eb1924.\n","fileTypesAndContributionMap":{}},{"hash":"630a36e9f02c79b85b8e09e4fc23f5466fd65d04","isMergeCommit":false,"messageTitle":"Add JUnit test for conflict detector","messageBody":"","fileTypesAndContributionMap":{"test-code":{"insertions":51,"deletions":1}}},{"hash":"8acb0917dc2a8ce1e173cb64054cf91f2c6c5436","isMergeCommit":true,"messageTitle":"Merge pull request #41 from HuaZhenting/HuaZhenting-ConflictDetection","messageBody":"JUnit Test for Conflict Detection","fileTypesAndContributionMap":{}}]},{"date":"2025-03-26","commitResults":[{"hash":"bb6f35718f4b508936162cd57dd1716ac6d23e75","isMergeCommit":false,"messageTitle":"Add Filter","messageBody":"","fileTypesAndContributionMap":{"functional-code":{"insertions":87,"deletions":0},"other":{"insertions":0,"deletions":0},"docs":{"insertions":1,"deletions":1}}}]},{"date":"2025-03-27","commitResults":[{"hash":"82f37c95d50b560698cf4dcc87e9eb237056f5ff","isMergeCommit":false,"messageTitle":"Modify filter to align with Priority","messageBody":"","fileTypesAndContributionMap":{"functional-code":{"insertions":3,"deletions":2}}},{"hash":"46a594671284a4270c60d233a11c3a54cfbc7dc0","isMergeCommit":true,"messageTitle":"Merge remote-tracking branch \u0027origin/master\u0027 into HuaZhenting-PriorityFilter","messageBody":"","fileTypesAndContributionMap":{}},{"hash":"db4ac7aabc085b51d53905fac33c14fb47a740a7","isMergeCommit":false,"messageTitle":"Edit Filter","messageBody":"","fileTypesAndContributionMap":{"functional-code":{"insertions":44,"deletions":27}}},{"hash":"6ab86e139959ae6e23a64deda8e161833b602266","isMergeCommit":false,"messageTitle":"edit filter","messageBody":"","fileTypesAndContributionMap":{"functional-code":{"insertions":1,"deletions":1}}},{"hash":"7a38738a683c8fa7c535320285a7a136c4f81d25","isMergeCommit":false,"messageTitle":"Edit Filter","messageBody":"","fileTypesAndContributionMap":{"functional-code":{"insertions":0,"deletions":1}}},{"hash":"ff5114d61792ed00038fbbe9c95b857013ffa351","isMergeCommit":true,"messageTitle":"Merge pull request #61 from HuaZhenting/HuaZhenting-PriorityFilter","messageBody":"Hua zhenting priority filter","fileTypesAndContributionMap":{}},{"hash":"4fb7a8a8015a9ffcb018790adf197b88ed98e869","isMergeCommit":false,"messageTitle":"Edit Developer Guide","messageBody":"","fileTypesAndContributionMap":{"docs":{"insertions":27,"deletions":0}}},{"hash":"6a291f347023ba54df2e7323d170b8058aebf5f1","isMergeCommit":false,"messageTitle":"JUnit test for filter","messageBody":"","fileTypesAndContributionMap":{"test-code":{"insertions":70,"deletions":0}}},{"hash":"60a2d030de76bc7a7b9f50f548af961c1802b83c","isMergeCommit":true,"messageTitle":"Merge pull request #62 from HuaZhenting/JUnit test and DG for priority filter","messageBody":"","fileTypesAndContributionMap":{}},{"hash":"f843e0ffe33399f83c1b1b8bef50dfb6d44b1cb9","isMergeCommit":false,"messageTitle":"Modify JUnit test","messageBody":"","fileTypesAndContributionMap":{"test-code":{"insertions":22,"deletions":7}}},{"hash":"597b603215675203f5d97aa8b93c9d98a990e007","isMergeCommit":true,"messageTitle":"Merge pull request #71 from HuaZhenting/HuaZhenting-PriorityFilter","messageBody":"Modify JUnit test","fileTypesAndContributionMap":{}}]},{"date":"2025-04-01","commitResults":[{"hash":"54690981947898e0db7499bb9b8daf945ddbc33b","isMergeCommit":false,"messageTitle":"Add ListAll","messageBody":"","fileTypesAndContributionMap":{"functional-code":{"insertions":99,"deletions":1}}},{"hash":"23305363debe77b0222db9c9d4d6f3d688e5f7f2","isMergeCommit":true,"messageTitle":"Merge pull request #82 from HuaZhenting/master","messageBody":"Add ListAll","fileTypesAndContributionMap":{}}]},{"date":"2025-04-03","commitResults":[{"hash":"b8af909549f87c56729e24a0fdad170f96d2c7cf","isMergeCommit":false,"messageTitle":"Add main part","messageBody":"","fileTypesAndContributionMap":{"docs":{"insertions":28,"deletions":3}}},{"hash":"1da195501b8b144b9a26e2080969ea2d432dc38d","isMergeCommit":true,"messageTitle":"Merge pull request #98 from HuaZhenting/DG","messageBody":"DG design Main","fileTypesAndContributionMap":{}},{"hash":"1dc57137409ade27f11d07ba313b8b4bd5b7909b","isMergeCommit":false,"messageTitle":"Update User Guide","messageBody":"","fileTypesAndContributionMap":{"docs":{"insertions":57,"deletions":22}}},{"hash":"f0f9c00eb21ea187d0f3f20081c4e5b07a99ee5a","isMergeCommit":false,"messageTitle":"Modify DG","messageBody":"","fileTypesAndContributionMap":{"docs":{"insertions":6,"deletions":2}}},{"hash":"4b316ff90ffd93faebb31de8ca5973cdaa803974","isMergeCommit":true,"messageTitle":"Merge pull request #99 from HuaZhenting/Add to DG and UG","messageBody":"","fileTypesAndContributionMap":{}},{"hash":"1f18516795e1bf9bea07991d623ea1304164530d","isMergeCommit":false,"messageTitle":"Add documentation","messageBody":"","fileTypesAndContributionMap":{"docs":{"insertions":12,"deletions":1}}},{"hash":"d05f4125a3f15086f08262d348dacaf35b4f5c57","isMergeCommit":true,"messageTitle":"Merge pull request #100 from HuaZhenting/DG","messageBody":"Add documentation","fileTypesAndContributionMap":{}}]},{"date":"2025-04-04","commitResults":[{"hash":"237bb08c3e6c9b546ffc0f678476cf35da756177","isMergeCommit":false,"messageTitle":"PPP","messageBody":"","fileTypesAndContributionMap":{"docs":{"insertions":61,"deletions":0}}},{"hash":"d3a1b6463821682aa9477d1b40d7809fc5422703","isMergeCommit":true,"messageTitle":"Merge pull request #107 from HuaZhenting/DG","messageBody":"Add PPP","fileTypesAndContributionMap":{}}]}],"sxkhoo":[{"date":"2025-03-05","commitResults":[{"hash":"427df307675652379f6802533ded273031500212","isMergeCommit":false,"messageTitle":"About Us","messageBody":"","fileTypesAndContributionMap":{"docs":{"insertions":4,"deletions":7}}},{"hash":"b9883c1cca0390495db1f394e51f99f14491fc2a","isMergeCommit":true,"messageTitle":"Merge branch \u0027master\u0027 into Khoo-Shi-Xian-AboutUs","messageBody":"","fileTypesAndContributionMap":{}},{"hash":"2ce3a91f844cbbec330281cd997889ebfc40be1e","isMergeCommit":true,"messageTitle":"Merge pull request #4 from sxkhoo/Khoo-Shi-Xian-AboutUs","messageBody":"About Us","fileTypesAndContributionMap":{}}]},{"date":"2025-03-17","commitResults":[{"hash":"8eed663a403256ef31f868325be4c4a2002877e9","isMergeCommit":false,"messageTitle":"edit event v0.1","messageBody":"","fileTypesAndContributionMap":{"functional-code":{"insertions":27,"deletions":4}}},{"hash":"01302633f013ddb9de92c44e282d373e4d81f586","isMergeCommit":true,"messageTitle":"Merge pull request #16 from sxkhoo/editEvent","messageBody":"edit event v0.1","fileTypesAndContributionMap":{}},{"hash":"9cb8b9d214336c26b5f1267b3a97f24aa3319d3f","isMergeCommit":false,"messageTitle":"Revert \"edit event v0.1\"","messageBody":"","fileTypesAndContributionMap":{"functional-code":{"insertions":4,"deletions":27}}},{"hash":"8f81d106196a6d9dc8875ec1bca7518aa48a3699","isMergeCommit":true,"messageTitle":"Merge pull request #17 from AY2425S2-CS2113-W13-2/revert-16-editEvent","messageBody":"Revert \"edit event v0.1\"","fileTypesAndContributionMap":{}},{"hash":"c7c61eed284b944daa180588345f13951528d0ea","isMergeCommit":false,"messageTitle":"edit event v0.1","messageBody":"","fileTypesAndContributionMap":{"functional-code":{"insertions":85,"deletions":0}}},{"hash":"f0f06937b1e9f2c024cd8a978377a63cc0b9a769","isMergeCommit":true,"messageTitle":"Merge pull request #18 from sxkhoo/editEvent","messageBody":"edit event v0.1","fileTypesAndContributionMap":{}}]},{"date":"2025-03-18","commitResults":[{"hash":"38b04aa4efce533f5a7228b7f19285615526e3d6","isMergeCommit":false,"messageTitle":"edit event v0.2","messageBody":"","fileTypesAndContributionMap":{"functional-code":{"insertions":69,"deletions":33},"test-code":{"insertions":131,"deletions":0}}},{"hash":"69dd64e6560833601310da96c2ead86b0df71f9c","isMergeCommit":true,"messageTitle":"Merge pull request #24 from sxkhoo/editevent-v0.2","messageBody":"Editevent v0.2","fileTypesAndContributionMap":{}},{"hash":"b0bcabde8e18438040be1812a77e696ddd24b640","isMergeCommit":true,"messageTitle":"Merge pull request #25 from AY2425S2-CS2113-W13-2/editEvent","messageBody":"Edit event","fileTypesAndContributionMap":{}},{"hash":"838bf87a7e3eaa5501ae57d4cd0364af57c513e1","isMergeCommit":false,"messageTitle":"edit event v0.3","messageBody":"","fileTypesAndContributionMap":{"functional-code":{"insertions":36,"deletions":38},"test-code":{"insertions":6,"deletions":32}}},{"hash":"f6d461dee5612311f529647a248a08e738c06afc","isMergeCommit":true,"messageTitle":"edit event v0.3","messageBody":"","fileTypesAndContributionMap":{}},{"hash":"4eefdfb56ed8ed9141557c7f8c85df09f8e5f345","isMergeCommit":false,"messageTitle":"edit event v0.3","messageBody":"","fileTypesAndContributionMap":{"functional-code":{"insertions":1,"deletions":3}}},{"hash":"6b66f79502f2e13092273f760c78f7fc2084180e","isMergeCommit":true,"messageTitle":"Merge pull request #1 from sxkhoo/editevent-v0.2","messageBody":"Editevent v0.2","fileTypesAndContributionMap":{}},{"hash":"51e72f8c70eb6156051dd6d5eb973f0853d06544","isMergeCommit":true,"messageTitle":"Merge pull request #32 from sxkhoo/master","messageBody":"edit event updated","fileTypesAndContributionMap":{}},{"hash":"adea018439be96bbfdf673b2350eb1d724f85308","isMergeCommit":false,"messageTitle":"Revert \"Editevent v0.2\"","messageBody":"","fileTypesAndContributionMap":{"functional-code":{"insertions":3,"deletions":4},"test-code":{"insertions":34,"deletions":12}}},{"hash":"8637e10ac1320ccc5c1e1129385d2e1f2f4121a5","isMergeCommit":true,"messageTitle":"Merge pull request #2 from sxkhoo/revert-1-editevent-v0.2","messageBody":"Revert \"Editevent v0.2\"","fileTypesAndContributionMap":{}},{"hash":"d01a6a3ded8908c8765fe704b16f4df13922f7b4","isMergeCommit":false,"messageTitle":"added some comments","messageBody":"","fileTypesAndContributionMap":{"functional-code":{"insertions":2,"deletions":2}}},{"hash":"8f7810dc3bbefe3d7f9648fc145329f1bcebbdf6","isMergeCommit":false,"messageTitle":"added some comments","messageBody":"","fileTypesAndContributionMap":{"functional-code":{"insertions":1,"deletions":1}}}]},{"date":"2025-03-19","commitResults":[{"hash":"93eac3ca06d17e25ab1de2d4e202b120b8e1b441","isMergeCommit":true,"messageTitle":"Merge branch \u0027AY2425S2-CS2113-W13-2:master\u0027 into master","messageBody":"","fileTypesAndContributionMap":{}}]},{"date":"2025-03-20","commitResults":[{"hash":"f3c6d7bcd12ae48f6979e66575a69e81d2d12a3f","isMergeCommit":true,"messageTitle":"Merge pull request #34 from sxkhoo/master","messageBody":"EditEvent-V1","fileTypesAndContributionMap":{}}]},{"date":"2025-03-27","commitResults":[{"hash":"1e620ca3361e93d72668ad3fa7316f32c7415f55","isMergeCommit":false,"messageTitle":"participant V0.1","messageBody":"","fileTypesAndContributionMap":{"functional-code":{"insertions":212,"deletions":9},"other":{"insertions":4,"deletions":2},"test-code":{"insertions":1,"deletions":0}}},{"hash":"d09b9e33ee684bc9e1f02dc52eab4c83ac698ebd","isMergeCommit":false,"messageTitle":"participant V0.1","messageBody":"","fileTypesAndContributionMap":{"functional-code":{"insertions":212,"deletions":8},"other":{"insertions":4,"deletions":2},"test-code":{"insertions":1,"deletions":0}}},{"hash":"4c4583523d94cf00e3607d3b5c47861be1639301","isMergeCommit":true,"messageTitle":"Merge remote-tracking branch \u0027origin/participant\u0027 into participant","messageBody":"# Conflicts:\n#\tsrc/main/java/command/AddParticipantCommand.java\n#\tsrc/main/java/command/ListParticipantsCommand.java\n#\tsrc/main/java/parser/Parser.java\n","fileTypesAndContributionMap":{}},{"hash":"83754f162cad63c1466acadcf9f01e538ad58136","isMergeCommit":true,"messageTitle":"Merge pull request #63 from sxkhoo/participant","messageBody":"Participant V0.1","fileTypesAndContributionMap":{}}]},{"date":"2025-03-30","commitResults":[{"hash":"0906ff03f400fdc294820e951bcac2ac6be1d531","isMergeCommit":false,"messageTitle":"updated DG","messageBody":"","fileTypesAndContributionMap":{"docs":{"insertions":50,"deletions":0}}},{"hash":"cefcf3aac15bbd76dc6b14be4c9271cd84dbffd3","isMergeCommit":true,"messageTitle":"Merge pull request #74 from sxkhoo/master","messageBody":"updated DG","fileTypesAndContributionMap":{}},{"hash":"34f8eb5f4923b92880d33bf77103b8657a21d7b3","isMergeCommit":false,"messageTitle":"added JUnit test for participants","messageBody":"","fileTypesAndContributionMap":{"docs":{"insertions":0,"deletions":1},"test-code":{"insertions":88,"deletions":0}}},{"hash":"673e7862e904f3738d5c4b3c9ba4c910bfc7b877","isMergeCommit":true,"messageTitle":"Merge pull request #75 from sxkhoo/master","messageBody":"added JUnit test for participants","fileTypesAndContributionMap":{}}]},{"date":"2025-04-01","commitResults":[{"hash":"37ddf29e4c65caed8724c4180f552542347e98e5","isMergeCommit":false,"messageTitle":"Fixed some issue that caused user availability time to not be stored in txt file.","messageBody":"","fileTypesAndContributionMap":{"functional-code":{"insertions":46,"deletions":39}}},{"hash":"42a1457b1e995fc9cfe3667bb2d9dda14fc163e5","isMergeCommit":true,"messageTitle":"Merge pull request #80 from sxkhoo/Fix-participant","messageBody":"Fixed some issue that caused user availability time to not be stored …","fileTypesAndContributionMap":{}}]},{"date":"2025-04-03","commitResults":[{"hash":"1dba28bc22206693c28df36e940a8eaae3164176","isMergeCommit":false,"messageTitle":"Updated DG","messageBody":"","fileTypesAndContributionMap":{"functional-code":{"insertions":10,"deletions":10},"docs":{"insertions":125,"deletions":22}}},{"hash":"5e3a8469bf83cc5e006e13395df998a364150d39","isMergeCommit":true,"messageTitle":"Merge pull request #96 from sxkhoo/master","messageBody":"Updated DG","fileTypesAndContributionMap":{}},{"hash":"ec3cf1864eac58b6a9694e96a00057f3bc925fdb","isMergeCommit":false,"messageTitle":"Fixed syntax","messageBody":"","fileTypesAndContributionMap":{"docs":{"insertions":2,"deletions":1}}},{"hash":"24784290314012d64c57dfa5564b771c808a210a","isMergeCommit":false,"messageTitle":"Fixed syntax","messageBody":"","fileTypesAndContributionMap":{"docs":{"insertions":2,"deletions":2}}},{"hash":"b2919fe9a2de96697a745f9b328068161671296f","isMergeCommit":true,"messageTitle":"Merge pull request #97 from sxkhoo/master","messageBody":"Fixed some syntax for DG","fileTypesAndContributionMap":{}},{"hash":"7948cc608ce9854ec3ad73f974b08481a62c7647","isMergeCommit":false,"messageTitle":"Fixed participants not updated to TXT and updated test for participantstest and UG","messageBody":"","fileTypesAndContributionMap":{"functional-code":{"insertions":27,"deletions":8},"docs":{"insertions":94,"deletions":8},"test-code":{"insertions":31,"deletions":17}}},{"hash":"1066d9d971717a892bd38d735374a0c4d86f312d","isMergeCommit":true,"messageTitle":"Merge pull request #103 from sxkhoo/Fix-V2.0","messageBody":"Fixed participants not updated to TXT and updated test for participan…","fileTypesAndContributionMap":{}},{"hash":"f1b52f74b2d9935d9c90ef9cb339e74987b9f8fb","isMergeCommit":false,"messageTitle":"Update UserGuide.md","messageBody":"","fileTypesAndContributionMap":{"docs":{"insertions":3,"deletions":2}}}]}],"YanXinyaoo":[{"date":"2025-03-05","commitResults":[{"hash":"e23c0e8016f67c814a71b276858317f9b8ec15ed","isMergeCommit":false,"messageTitle":"Update the first line in the docs/AboutUs.md page","messageBody":"","fileTypesAndContributionMap":{"docs":{"insertions":1,"deletions":5}}},{"hash":"b392716f004f8c69338bb3f14622ec9041263531","isMergeCommit":true,"messageTitle":"Merge pull request #2 from YanXinyaoo/YanXinyao-AboutUs","messageBody":"Update the first line in the docs/AboutUs.md page","fileTypesAndContributionMap":{}},{"hash":"51b7c8bbf1f4b3aad847edd5ed6413c966825605","isMergeCommit":false,"messageTitle":"Update AboutUs","messageBody":"","fileTypesAndContributionMap":{"docs":{"insertions":1,"deletions":1}}},{"hash":"a40711f948ef3317311e59b6d4f09df22700dd3f","isMergeCommit":true,"messageTitle":"Merge pull request #5 from YanXinyaoo/YanXinyao-AboutUs","messageBody":"Update AboutUs","fileTypesAndContributionMap":{}},{"hash":"614c970a5c3725ca36842679dfe645c77274fcf7","isMergeCommit":true,"messageTitle":"Merge branch \u0027master\u0027 into Goh-Yee-Ern-AboutUs","messageBody":"","fileTypesAndContributionMap":{}},{"hash":"562945e5becb861f4afeade64143537341c2acbc","isMergeCommit":true,"messageTitle":"Merge pull request #6 from yeeern27/Goh-Yee-Ern-AboutUs","messageBody":"aboutUs.md edited","fileTypesAndContributionMap":{}}]},{"date":"2025-03-17","commitResults":[{"hash":"7494fcc82d9ee690108aff5cb27ea4ad98d42a35","isMergeCommit":false,"messageTitle":"Modify the structure and implement the function of adding and listing","messageBody":"","fileTypesAndContributionMap":{"functional-code":{"insertions":426,"deletions":190},"other":{"insertions":43,"deletions":8}}},{"hash":"0826762890d4d02ef59282103292971a86d2a230","isMergeCommit":true,"messageTitle":"Merge pull request #19 from YanXinyaoo/YanXinyao-AddEvent\u0026ListEvent","messageBody":"Yan xinyao add event\u0026list event","fileTypesAndContributionMap":{}},{"hash":"6c5b6f605d27479ec1c340a6cc4647db6ebfeed4","isMergeCommit":false,"messageTitle":"Add some UI and Exception messages","messageBody":"","fileTypesAndContributionMap":{"functional-code":{"insertions":40,"deletions":5}}},{"hash":"861238847ae1e0229a7b22421b67a412871451c8","isMergeCommit":true,"messageTitle":"Merge pull request #20 from YanXinyaoo/YanXinyao-AddEvent\u0026ListEvent","messageBody":"Add some UI and Exception messages","fileTypesAndContributionMap":{}},{"hash":"c6a8109083270224f15ad62998080c4bbdb04fa3","isMergeCommit":false,"messageTitle":"modify the code standard","messageBody":"","fileTypesAndContributionMap":{"functional-code":{"insertions":0,"deletions":333}}},{"hash":"5771a6ea646e01ce965eaa1aa5955572109d6de7","isMergeCommit":false,"messageTitle":"modify the code according to the code standard","messageBody":"","fileTypesAndContributionMap":{"functional-code":{"insertions":385,"deletions":52}}},{"hash":"6f549d331844a99a2a3889343229e5cd3e354e09","isMergeCommit":false,"messageTitle":"modify according to the coding standard","messageBody":"","fileTypesAndContributionMap":{"functional-code":{"insertions":6,"deletions":6}}},{"hash":"9ebb732175452d4799949888ec4e65df14b5cdd4","isMergeCommit":false,"messageTitle":"modify according to the standard","messageBody":"","fileTypesAndContributionMap":{"functional-code":{"insertions":1,"deletions":1}}},{"hash":"5f2b2ff85de53ecde901a8f7f2167b5030c67b0b","isMergeCommit":false,"messageTitle":"modify according to CI","messageBody":"","fileTypesAndContributionMap":{"functional-code":{"insertions":21,"deletions":21}}},{"hash":"b52afc7ffda3988c4315efabe35a5af375a2a353","isMergeCommit":true,"messageTitle":"Merge pull request #21 from YanXinyaoo/YanXinyao-AddEvent\u0026ListEvent","messageBody":"Yan xinyao add event\u0026list event and modify the code according to code standard","fileTypesAndContributionMap":{}},{"hash":"f95aeda2648b7caaa40bb5aa6383f4ec82fe6f58","isMergeCommit":false,"messageTitle":"Add some JUnit test for event manager class","messageBody":"","fileTypesAndContributionMap":{"functional-code":{"insertions":15,"deletions":15},"other":{"insertions":4,"deletions":4},"test-code":{"insertions":61,"deletions":0}}},{"hash":"4bb4d477f8df763a032b1b0cef115dea4322e49c","isMergeCommit":false,"messageTitle":"Modify according to code standard","messageBody":"","fileTypesAndContributionMap":{"test-code":{"insertions":8,"deletions":5}}},{"hash":"0f4316ebab8e3a0aa2e59508debee7ac0ba94624","isMergeCommit":false,"messageTitle":"update code according to code standard","messageBody":"","fileTypesAndContributionMap":{"test-code":{"insertions":1,"deletions":1}}},{"hash":"8158bbe8997a06be4555197f51f3dab2f3a56eb3","isMergeCommit":false,"messageTitle":"update the JUnit test for EventSync","messageBody":"","fileTypesAndContributionMap":{"functional-code":{"insertions":13,"deletions":13},"other":{"insertions":7,"deletions":5},"test-code":{"insertions":57,"deletions":64}}},{"hash":"cd74dc02d4f0916ec947ee2197bb896063224604","isMergeCommit":false,"messageTitle":"modify according to code standard","messageBody":"","fileTypesAndContributionMap":{"test-code":{"insertions":2,"deletions":2}}},{"hash":"7edc12225b2aa450203d697c9644b726e7fb90d8","isMergeCommit":false,"messageTitle":"Simulate the input so it can test add event now","messageBody":"","fileTypesAndContributionMap":{"functional-code":{"insertions":20,"deletions":7},"test-code":{"insertions":27,"deletions":0}}},{"hash":"078a772d417355665904d07db35f31dd7964c687","isMergeCommit":false,"messageTitle":"modify according to the code standard","messageBody":"","fileTypesAndContributionMap":{"functional-code":{"insertions":0,"deletions":1}}}]},{"date":"2025-03-18","commitResults":[{"hash":"b917893c3962d31a27e38c35d0304d93ba8fe89d","isMergeCommit":false,"messageTitle":"modify according to code standard","messageBody":"","fileTypesAndContributionMap":{"functional-code":{"insertions":1,"deletions":1}}},{"hash":"c2764e79cf5d2386e1f6e6d5fee88ca67d3bdd73","isMergeCommit":false,"messageTitle":"modify the expected.txt and input.txt","messageBody":"","fileTypesAndContributionMap":{"functional-code":{"insertions":1,"deletions":1}}},{"hash":"b2cbae1cdcb2584ec4bb2805e9f2275173faff5e","isMergeCommit":false,"messageTitle":"modify the space used","messageBody":"","fileTypesAndContributionMap":{"functional-code":{"insertions":2,"deletions":2},"other":{"insertions":3,"deletions":1}}},{"hash":"cf6b5eae9bed1493b1449a550796f649c0c22e22","isMergeCommit":true,"messageTitle":"Merge pull request #22 from YanXinyaoo/JUnit","messageBody":"Add some JUnit test and text in test for add event method","fileTypesAndContributionMap":{}},{"hash":"f60b310fd10e7dddfab0428dc516fc16b976bd1c","isMergeCommit":false,"messageTitle":"add assertion to adding event function","messageBody":"","fileTypesAndContributionMap":{"functional-code":{"insertions":22,"deletions":1}}},{"hash":"41114f2d79b004758a7e390e027f0cd01b3ddef4","isMergeCommit":false,"messageTitle":"modify according to code standard","messageBody":"","fileTypesAndContributionMap":{"functional-code":{"insertions":29,"deletions":69},"test-code":{"insertions":2,"deletions":1}}},{"hash":"09854560ba060e2dc900c286300afab2b30f12bf","isMergeCommit":true,"messageTitle":"Merge remote-tracking branch \u0027upstream/master\u0027 into Assertion","messageBody":"# Conflicts:\n#\tsrc/main/java/UI.java\n","fileTypesAndContributionMap":{}},{"hash":"4fe2a241e999dff3e307c4b4eadad4e9eee36431","isMergeCommit":false,"messageTitle":"modify according to code standard","messageBody":"","fileTypesAndContributionMap":{"functional-code":{"insertions":4,"deletions":4}}},{"hash":"d59adb06d54a9e6e13ffb9d0e5de9ecc82e0ca27","isMergeCommit":false,"messageTitle":"edit according to code standard","messageBody":"","fileTypesAndContributionMap":{"functional-code":{"insertions":2,"deletions":1},"test-code":{"insertions":21,"deletions":19}}},{"hash":"d595021500db74c4e093b2db7ba77afc4a61430d","isMergeCommit":true,"messageTitle":"Merge pull request #27 from YanXinyaoo/Assertion","messageBody":"add assertion to adding event function","fileTypesAndContributionMap":{}},{"hash":"71157d42bda54d4fc8f9725cfea45bf6ea8b9b02","isMergeCommit":false,"messageTitle":"add a logger class and the logging for add function in parser","messageBody":"","fileTypesAndContributionMap":{"functional-code":{"insertions":58,"deletions":0}}},{"hash":"ab2997b036e93c84035a3b6d90f64df2b43c5dd3","isMergeCommit":false,"messageTitle":"modify according to code standard","messageBody":"","fileTypesAndContributionMap":{"functional-code":{"insertions":2,"deletions":2}}},{"hash":"85c2e022d733abc544a730162bf7c4476d8b8949","isMergeCommit":true,"messageTitle":"Merge pull request #29 from YanXinyaoo/Logging","messageBody":"add a logger class and the logging for add function in parser","fileTypesAndContributionMap":{}},{"hash":"4d202ac82b5da57792fe098ab61ad725de665bee","isMergeCommit":false,"messageTitle":"adjust the format for the event time","messageBody":"","fileTypesAndContributionMap":{"functional-code":{"insertions":4,"deletions":2}}},{"hash":"36c34092f70c9a76462abc261b543eac03adbbe2","isMergeCommit":true,"messageTitle":"Merge pull request #36 from YanXinyaoo/YanXinyao-AddEvent\u0026ListEvent","messageBody":"adjust the format for the event time","fileTypesAndContributionMap":{}}]},{"date":"2025-03-25","commitResults":[{"hash":"248e4cb2995588614644c16ab4fb406c7f7e6aa7","isMergeCommit":false,"messageTitle":"achive the function of storage and add the test for storage class","messageBody":"","fileTypesAndContributionMap":{"functional-code":{"insertions":127,"deletions":4},"other":{"insertions":30,"deletions":22},"test-code":{"insertions":83,"deletions":0}}},{"hash":"ec80e5ce69fb13dbc2c8c2bfc726cc5094a6af6b","isMergeCommit":false,"messageTitle":"achive the function of storage and add the test for storage class","messageBody":"","fileTypesAndContributionMap":{"functional-code":{"insertions":126,"deletions":3},"other":{"insertions":30,"deletions":22},"test-code":{"insertions":83,"deletions":0}}},{"hash":"3fc19e611bc85ec9cc18e6ef1355f01f5d8ac59c","isMergeCommit":true,"messageTitle":"Merge remote-tracking branch \u0027origin/Storage\u0027 into Storage","messageBody":"","fileTypesAndContributionMap":{}},{"hash":"d9f5c69cb91d758b1b01679b480d717f097c1598","isMergeCommit":false,"messageTitle":"update according to code standard","messageBody":"","fileTypesAndContributionMap":{"functional-code":{"insertions":11,"deletions":4},"test-code":{"insertions":15,"deletions":6}}},{"hash":"df97827dfb26f9db07c46b5f3bdcaf20550fccf0","isMergeCommit":false,"messageTitle":"update according to code standard","messageBody":"","fileTypesAndContributionMap":{"test-code":{"insertions":6,"deletions":2}}},{"hash":"89af08c8732f4ee721d5b62e6b56f92538e9583f","isMergeCommit":false,"messageTitle":"update according to code standard","messageBody":"","fileTypesAndContributionMap":{"other":{"insertions":1,"deletions":1}}}]},{"date":"2025-03-26","commitResults":[{"hash":"27e2b03af54b9d6f84eb0d87724d4074ed118e52","isMergeCommit":false,"messageTitle":"update to solve the problem of storage file","messageBody":"","fileTypesAndContributionMap":{"other":{"insertions":6,"deletions":1}}},{"hash":"2e32e7a3af84223c060b188a527fad0111cf3c5c","isMergeCommit":false,"messageTitle":"modify the text-ui-test to pass the test","messageBody":"","fileTypesAndContributionMap":{"functional-code":{"insertions":6,"deletions":4},"other":{"insertions":44,"deletions":14},"test-code":{"insertions":4,"deletions":3}}},{"hash":"8a193e89c5465df5741d06eb55e8782fba4519f2","isMergeCommit":true,"messageTitle":"Merge pull request #51 from YanXinyaoo/Storage","messageBody":"add Storage class and StorageTest class","fileTypesAndContributionMap":{}},{"hash":"3b1aae3a365bc846ad55986c5eaec86f554a241a","isMergeCommit":false,"messageTitle":"add the functions issued to me in DG","messageBody":"","fileTypesAndContributionMap":{"docs":{"insertions":75,"deletions":13}}},{"hash":"ae75802276eb4a12e1780b49b98616d0b7a99cfa","isMergeCommit":true,"messageTitle":"Merge pull request #52 from YanXinyaoo/DeveloperGuide","messageBody":"add the functions issued to me in DG","fileTypesAndContributionMap":{}},{"hash":"b6b805825c568271db4bc019b4b17b9272ab3d87","isMergeCommit":false,"messageTitle":"Enable assertion","messageBody":"","fileTypesAndContributionMap":{"other":{"insertions":2,"deletions":1}}},{"hash":"9730b5faaf7066b72a0b89386f9495ef44216ba9","isMergeCommit":true,"messageTitle":"Merge pull request #53 from YanXinyaoo/DeveloperGuide","messageBody":"Enable assertion","fileTypesAndContributionMap":{}}]},{"date":"2025-03-31","commitResults":[{"hash":"6a41095c9c121bfb64d12c0f88b2a581384dfb97","isMergeCommit":false,"messageTitle":"modify the function of checking availabilty and modify the whole structure","messageBody":"","fileTypesAndContributionMap":{"functional-code":{"insertions":1307,"deletions":532},"test-code":{"insertions":3,"deletions":3}}},{"hash":"7b0206f5a87e17da97d7fee905ffbb91d6c9b102","isMergeCommit":true,"messageTitle":"Merge branch \u0027master\u0027 into Availability","messageBody":"","fileTypesAndContributionMap":{}},{"hash":"d846239937c9323d4a05dce55705545c18399265","isMergeCommit":true,"messageTitle":"Merge pull request #79 from YanXinyaoo/Availability","messageBody":"modify the function of checking availabilty and modify the whole stru…","fileTypesAndContributionMap":{}}]},{"date":"2025-04-01","commitResults":[{"hash":"5f128542afa5a15c4702428a0392a4e934089a81","isMergeCommit":false,"messageTitle":"Modify the error handling","messageBody":"","fileTypesAndContributionMap":{"functional-code":{"insertions":126,"deletions":33}}},{"hash":"56b90fdcddce6bfd31a8f6379fd0c83c74b05d90","isMergeCommit":true,"messageTitle":"Merge pull request #83 from YanXinyaoo/ErrorHandling","messageBody":"Modify the error handling","fileTypesAndContributionMap":{}},{"hash":"14e4bccd7b9112210f61ca3dbe8baa4c3db3a118","isMergeCommit":false,"messageTitle":"Add PPP","messageBody":"","fileTypesAndContributionMap":{"docs":{"insertions":89,"deletions":2}}},{"hash":"2b4e48c0e844528e260d2341f81e04f40e718034","isMergeCommit":true,"messageTitle":"Merge pull request #84 from YanXinyaoo/PPP","messageBody":"Add PPP","fileTypesAndContributionMap":{}},{"hash":"24429656617b9f6709b81cf4eec655f949525c0c","isMergeCommit":false,"messageTitle":"Update the file name","messageBody":"","fileTypesAndContributionMap":{"docs":{"insertions":0,"deletions":0}}},{"hash":"c7e5e8af92c9312afb8bc576c3c237238dc32227","isMergeCommit":false,"messageTitle":"Update PPP","messageBody":"","fileTypesAndContributionMap":{"docs":{"insertions":1,"deletions":1}}},{"hash":"ed2d598f99d800d75b40e85244af42d81db318b0","isMergeCommit":true,"messageTitle":"Merge pull request #85 from YanXinyaoo/PPP","messageBody":"update PPP","fileTypesAndContributionMap":{}},{"hash":"abb04df153afb093450818e5ecba6de0b2a84bd6","isMergeCommit":false,"messageTitle":"Update Userguide and developer guide","messageBody":"","fileTypesAndContributionMap":{"functional-code":{"insertions":77,"deletions":39},"docs":{"insertions":234,"deletions":31}}},{"hash":"b9e6e9bc38941f04d2f599bb25c9db6a567d21b3","isMergeCommit":true,"messageTitle":"Merge pull request #86 from YanXinyaoo/DeveloperGuide","messageBody":"Update Userguide and developer guide","fileTypesAndContributionMap":{}}]},{"date":"2025-04-02","commitResults":[{"hash":"782b54cb605677671d17e54c2ba915d1ff27fc61","isMergeCommit":false,"messageTitle":"Update DeveloperGuide","messageBody":"","fileTypesAndContributionMap":{"docs":{"insertions":2,"deletions":0}}},{"hash":"274cd419800df888155770439f92264bcb85c209","isMergeCommit":true,"messageTitle":"Merge pull request #87 from YanXinyaoo/DeveloperGuide","messageBody":"Update DeveloperGuide","fileTypesAndContributionMap":{}},{"hash":"53037bf035d32437227f9188caa6fa84d0528166","isMergeCommit":false,"messageTitle":"modify DG","messageBody":"","fileTypesAndContributionMap":{"docs":{"insertions":1,"deletions":1}}},{"hash":"ede60ec06751d736e37e4b2d0fe4ed6488247e01","isMergeCommit":true,"messageTitle":"Merge pull request #88 from YanXinyaoo/DeveloperGuide","messageBody":"modify DG","fileTypesAndContributionMap":{}},{"hash":"a9fe986469d7b8ea4dbd1ab30e5c1323b87757ad","isMergeCommit":false,"messageTitle":"modfiy DG","messageBody":"","fileTypesAndContributionMap":{"docs":{"insertions":1,"deletions":1}}},{"hash":"7a4af1c54ed11530d6fa821d1dfbe5cc4b83be8f","isMergeCommit":false,"messageTitle":"update DG","messageBody":"","fileTypesAndContributionMap":{"docs":{"insertions":1,"deletions":1}}},{"hash":"5c6fb373a9add99a8b0f683b785838c0fff6bcf4","isMergeCommit":true,"messageTitle":"Merge pull request #89 from YanXinyaoo/DeveloperGuide","messageBody":"Developer guide","fileTypesAndContributionMap":{}},{"hash":"cc96ec62142ff42ea5cca3b29bb1bb4b54612fe2","isMergeCommit":false,"messageTitle":"Modify DG","messageBody":"","fileTypesAndContributionMap":{"docs":{"insertions":79,"deletions":0}}},{"hash":"98aab4614f001fcccd1f3967d16d9cfe6a26db18","isMergeCommit":false,"messageTitle":"update DG","messageBody":"","fileTypesAndContributionMap":{"docs":{"insertions":2,"deletions":3}}},{"hash":"f535655e69d7ce0275e594de2a8c414705932df1","isMergeCommit":false,"messageTitle":"update dg","messageBody":"","fileTypesAndContributionMap":{"docs":{"insertions":66,"deletions":54}}},{"hash":"e30d423d5124b81a8e330d610a7f29d97eb9554e","isMergeCommit":false,"messageTitle":"update dg","messageBody":"","fileTypesAndContributionMap":{"docs":{"insertions":1,"deletions":1}}},{"hash":"0d849cfd53cc188f6b158bf003b2b2b0ff0ba457","isMergeCommit":false,"messageTitle":"update DG","messageBody":"","fileTypesAndContributionMap":{"docs":{"insertions":1,"deletions":1}}},{"hash":"98d5ccbef3e7dfa0f5888fea38ada1789cd39301","isMergeCommit":false,"messageTitle":"update DG for my part","messageBody":"","fileTypesAndContributionMap":{"docs":{"insertions":536,"deletions":36}}},{"hash":"c268765caa700f5fe1fd3919a3856df010f47389","isMergeCommit":true,"messageTitle":"Merge branch \u0027master\u0027 into DeveloperGuide","messageBody":"","fileTypesAndContributionMap":{}},{"hash":"d2817a98c116ab7356fa07718548f792c3f4c23a","isMergeCommit":true,"messageTitle":"Merge pull request #92 from YanXinyaoo/DeveloperGuide","messageBody":"Developer guide for add, list, storage, login system","fileTypesAndContributionMap":{}},{"hash":"194cf170876717a624f79c9f3cec34375e53d9eb","isMergeCommit":false,"messageTitle":"update dg","messageBody":"","fileTypesAndContributionMap":{"docs":{"insertions":27,"deletions":27}}}]},{"date":"2025-04-03","commitResults":[{"hash":"9a0ebd361fdd0dade4fdc3c640f56ad4b6d6a449","isMergeCommit":false,"messageTitle":"update ug, dg, ppp","messageBody":"","fileTypesAndContributionMap":{"docs":{"insertions":321,"deletions":34}}},{"hash":"7ae82466d39ca06fee82677b6c9cad349d6a0692","isMergeCommit":true,"messageTitle":"Merge pull request #93 from YanXinyaoo/DeveloperGuide","messageBody":"Update ug, dg, ppp for my part","fileTypesAndContributionMap":{}},{"hash":"c629f417860216217967dca64f8d23853f70096a","isMergeCommit":false,"messageTitle":"add JUnit test","messageBody":"","fileTypesAndContributionMap":{"functional-code":{"insertions":77,"deletions":55},"other":{"insertions":20,"deletions":23},"test-code":{"insertions":653,"deletions":11}}},{"hash":"04d879d7d6dec0501c2e4d214f09dc70cb520dd2","isMergeCommit":false,"messageTitle":"update test","messageBody":"","fileTypesAndContributionMap":{"functional-code":{"insertions":5,"deletions":2},"test-code":{"insertions":494,"deletions":165}}},{"hash":"c5fe5ef177f1282d15e4ac04af1b03baf9df58ce","isMergeCommit":true,"messageTitle":"Merge branch \u0027master\u0027 into JUnit","messageBody":"","fileTypesAndContributionMap":{}},{"hash":"801583aaea4f644d51682782f7b961219e24333b","isMergeCommit":true,"messageTitle":"Merge pull request #95 from YanXinyaoo/JUnit","messageBody":"add JUnit test","fileTypesAndContributionMap":{}}]}],"yeeern27":[{"date":"2025-03-05","commitResults":[{"hash":"101e81ba84c9914712afc510bd1e3d439efa3811","isMergeCommit":false,"messageTitle":"aboutUs.md edited","messageBody":"","fileTypesAndContributionMap":{"docs":{"insertions":4,"deletions":7}}}]},{"date":"2025-03-17","commitResults":[{"hash":"a700d98301de9dfec41df96cdbe7bbb57960fb2f","isMergeCommit":false,"messageTitle":"Created diff files to editing","messageBody":"","fileTypesAndContributionMap":{"functional-code":{"insertions":272,"deletions":21}}},{"hash":"d1a68c8c4a015af18e9f63d0cc4254a1e40224a7","isMergeCommit":true,"messageTitle":"Merge pull request #15 from yeeern27/branch--ye--v1.0","messageBody":"Created diff files to editing","fileTypesAndContributionMap":{}}]},{"date":"2025-03-18","commitResults":[{"hash":"3b31254331603c54b3fdd7e7a896e238f4b3360a","isMergeCommit":false,"messageTitle":"DuplicateEvent Edited","messageBody":"","fileTypesAndContributionMap":{"functional-code":{"insertions":84,"deletions":40},"test-code":{"insertions":84,"deletions":0}}},{"hash":"c14c48c56bbea17ce908ecb6de1016aff98f3559","isMergeCommit":true,"messageTitle":"Merge branch \u0027master\u0027 into master","messageBody":"","fileTypesAndContributionMap":{}},{"hash":"659d43a28377ae93dd7d24c4afa27b3991ab8beb","isMergeCommit":true,"messageTitle":"Merge pull request #35 from yeeern27/master","messageBody":"DuplicateEvent Edited","fileTypesAndContributionMap":{}},{"hash":"d9d57a8ed11c3d242c920553a73c22e1760c3cc9","isMergeCommit":false,"messageTitle":"DuplicateEvent Edited to consider logger","messageBody":"","fileTypesAndContributionMap":{"functional-code":{"insertions":41,"deletions":32}}},{"hash":"9afbb74a897c4feba8c40402c6f9a00b1934859d","isMergeCommit":true,"messageTitle":"Merge pull request #37 from yeeern27/master","messageBody":"DuplicateEvent Edited to consider logger","fileTypesAndContributionMap":{}},{"hash":"5a9d805e364132e15d1464e44c8af30df62acc7b","isMergeCommit":false,"messageTitle":"DuplicateEvent Edited to pass test","messageBody":"","fileTypesAndContributionMap":{"functional-code":{"insertions":4,"deletions":2},"test-code":{"insertions":1,"deletions":2}}},{"hash":"33b25ef338d079532737e75e9bba3361dbd5b410","isMergeCommit":true,"messageTitle":"Merge pull request #39 from yeeern27/master","messageBody":"DuplicateEvent Edited to pass test","fileTypesAndContributionMap":{}}]},{"date":"2025-03-27","commitResults":[{"hash":"f45cb5d541241755fca91d644a44ae7bcad5a42d","isMergeCommit":false,"messageTitle":"Track Participant Conflict","messageBody":"","fileTypesAndContributionMap":{"functional-code":{"insertions":145,"deletions":21}}},{"hash":"ee2b5a96faa3a0542d724c52ddb6ae46b38119ff","isMergeCommit":false,"messageTitle":"Track Participant Conflict","messageBody":"","fileTypesAndContributionMap":{"functional-code":{"insertions":1,"deletions":1}}},{"hash":"f79ebe885988c76d6b6ff21a924d4618cb43fa6b","isMergeCommit":true,"messageTitle":"Merge pull request #64 from yeeern27/master","messageBody":"Track participants schedule and avoid conflict","fileTypesAndContributionMap":{}},{"hash":"9a6cbc0fd6e99727fcd7945d94c8dd353b47aef6","isMergeCommit":false,"messageTitle":"Coding Style Edited","messageBody":"","fileTypesAndContributionMap":{"functional-code":{"insertions":22,"deletions":17},"test-code":{"insertions":3,"deletions":2}}},{"hash":"4c0b83edf68e9e93db1fde4847f517c99e6c41d3","isMergeCommit":true,"messageTitle":"Merge pull request #66 from yeeern27/master","messageBody":"Coding Style Edited","fileTypesAndContributionMap":{}},{"hash":"d6d174d93d491b7c266c11f712f0220fb2b9bbdd","isMergeCommit":false,"messageTitle":"Revert \"Coding Style Edited\"","messageBody":"","fileTypesAndContributionMap":{"functional-code":{"insertions":17,"deletions":22},"test-code":{"insertions":2,"deletions":3}}},{"hash":"2e9d2b75106e8ad6a139a76d29e30b1621372429","isMergeCommit":true,"messageTitle":"Merge pull request #67 from AY2425S2-CS2113-W13-2/revert-66-master","messageBody":"Revert \"Coding Style Edited\"","fileTypesAndContributionMap":{}},{"hash":"b23b9eddd9923af3c5c4a626c77362da35fb60a2","isMergeCommit":false,"messageTitle":"Update DeveloperGuide.md","messageBody":"","fileTypesAndContributionMap":{"docs":{"insertions":15,"deletions":0}}}]},{"date":"2025-03-28","commitResults":[{"hash":"e6935782cbda099abce41da68ed7c63324a170ef","isMergeCommit":true,"messageTitle":"Merge pull request #72 from yeeern27/master","messageBody":"Update DeveloperGuide.md","fileTypesAndContributionMap":{}},{"hash":"6ea2b041fb53efaf9863f5b885c35e34dd246312","isMergeCommit":false,"messageTitle":"Coding Style Edited","messageBody":"","fileTypesAndContributionMap":{"functional-code":{"insertions":19,"deletions":16}}},{"hash":"f9b8b3ef01e53331f535bb54852e1a37425a608b","isMergeCommit":true,"messageTitle":"Merge pull request #73 from yeeern27/master","messageBody":"Coding Style Edited v2.0","fileTypesAndContributionMap":{}}]},{"date":"2025-03-31","commitResults":[{"hash":"5e1acc6f391d8af73c7035ef94250df253df2f4f","isMergeCommit":false,"messageTitle":"Participant Manager added","messageBody":"","fileTypesAndContributionMap":{"functional-code":{"insertions":45,"deletions":32}}},{"hash":"73e478300ad70f8f4cb25daba97b2628ddc155bd","isMergeCommit":true,"messageTitle":"Merge pull request #76 from yeeern27/master","messageBody":"Participant Manager added","fileTypesAndContributionMap":{}}]},{"date":"2025-04-03","commitResults":[{"hash":"67339fd5963d0c8f3d30164a9caab1c0bcf96f65","isMergeCommit":false,"messageTitle":"Update DeveloperGuide.md","messageBody":"","fileTypesAndContributionMap":{"docs":{"insertions":30,"deletions":4}}},{"hash":"d5715c0279ed7d46f88ffce4d10800b1938b50bd","isMergeCommit":false,"messageTitle":"Update UserGuide.md","messageBody":"","fileTypesAndContributionMap":{"docs":{"insertions":50,"deletions":2}}},{"hash":"276392fef40cdd82a0bcce0dea68ca96dbf5f775","isMergeCommit":true,"messageTitle":"Merge pull request #104 from yeeern27/master","messageBody":"Update UG, DG ","fileTypesAndContributionMap":{}},{"hash":"d1382929f921e27b5aa746cd5ca8685ee0d756e8","isMergeCommit":false,"messageTitle":"Update DeveloperGuide.md","messageBody":"","tags":["v2.0"],"fileTypesAndContributionMap":{"docs":{"insertions":0,"deletions":2}}},{"hash":"b8e74f907b07f334c1d00143906ed7d5666c9ec3","isMergeCommit":false,"messageTitle":"Participant Manager added","messageBody":"","fileTypesAndContributionMap":{"functional-code":{"insertions":2,"deletions":3},"test-code":{"insertions":18,"deletions":9}}}]},{"date":"2025-04-04","commitResults":[{"hash":"e78dc412d8f6c312ff29e85917a37e684204ae47","isMergeCommit":true,"messageTitle":"Merge pull request #105 from yeeern27/master","messageBody":"Code Standard Edited","fileTypesAndContributionMap":{}},{"hash":"f7157032796ce1e003718251c6f30a607a1df5e1","isMergeCommit":false,"messageTitle":"Update docs","messageBody":"","fileTypesAndContributionMap":{"docs":{"insertions":6,"deletions":0}}},{"hash":"47dbd09458402a9d3abf822418a8704a0768c987","isMergeCommit":false,"messageTitle":"Update GOH YEE ERN.md","messageBody":"","fileTypesAndContributionMap":{"docs":{"insertions":56,"deletions":1}}},{"hash":"cc5f2aa0f28209c5c23c56039e9e546992539272","isMergeCommit":true,"messageTitle":"Merge pull request #106 from yeeern27/master","messageBody":"updated PPP ","fileTypesAndContributionMap":{}}]}]},"authorFileTypeContributionMap":{"Lydialkx":{"docs":457,"functional-code":327,"test-code":488},"HuaZhenting":{"docs":169,"functional-code":167,"test-code":91},"sxkhoo":{"docs":261,"functional-code":198,"test-code":230},"YanXinyaoo":{"docs":1250,"functional-code":1987,"test-code":1140,"other":62},"yeeern27":{"docs":152,"functional-code":200,"test-code":96}},"authorContributionVariance":{"Lydialkx":28370.0,"HuaZhenting":8833.277,"sxkhoo":11489.641,"YanXinyaoo":241521.89,"yeeern27":5528.8613},"authorDisplayNameMap":{"Lydialkx":"CS2113-W13-2 LIU ..EXIN","HuaZhenting":"CS2113-W13-2 HUA ..TING","sxkhoo":"CS2113-W13-2 KHOO..XIAN","YanXinyaoo":"CS2113-W13-2 YAN ..NYAO","yeeern27":"CS2113-W13-2 GOH .. ERN"}}
