{"authorDailyContributionsMap":{"KeerthanaBanukumar":[{"date":"2025-03-05","commitResults":[{"hash":"091fc2f150598d7c67a93e720f5b2d3bcc7a401b","isMergeCommit":false,"messageTitle":"Added name","messageBody":"","fileTypesAndContributionMap":{"docs":{"insertions":3,"deletions":7}}},{"hash":"95b664b92437abed2f2fa87367a61c1df2de593f","isMergeCommit":true,"messageTitle":"Merged Branch","messageBody":"","fileTypesAndContributionMap":{}},{"hash":"f4281d720d0bc3de48a29d474b187322b63928c9","isMergeCommit":false,"messageTitle":"Fix 2","messageBody":"","fileTypesAndContributionMap":{"other":{"insertions":1,"deletions":1}}}]},{"date":"2025-03-17","commitResults":[{"hash":"85af2e9287589609370c1c2a78c9a71bdff48290","isMergeCommit":true,"messageTitle":"Merge pull request #1 from AY2425S2-CS2113-W12-2/master","messageBody":"Updated Master keerthana","fileTypesAndContributionMap":{}},{"hash":"08d8402516205be013762ca8932fe50c01f871de","isMergeCommit":false,"messageTitle":"Done Favorites","messageBody":"","fileTypesAndContributionMap":{"functional-code":{"insertions":105,"deletions":3}}},{"hash":"049585c7ee7bdb4029c1e77393a410e516132524","isMergeCommit":true,"messageTitle":"Merge branch \u0027master\u0027 of https://github.com/KeerthanaBanukumar/tp","messageBody":"* \u0027master\u0027 of https://github.com/KeerthanaBanukumar/tp:\n","fileTypesAndContributionMap":{}},{"hash":"a913b7976f70ca846dd70d8e5671a2bc19713168","isMergeCommit":false,"messageTitle":"Updated changes","messageBody":"","fileTypesAndContributionMap":{"functional-code":{"insertions":0,"deletions":2}}},{"hash":"3864dacc584ca3768c50b37cf89e75d18d90e6ba","isMergeCommit":true,"messageTitle":"Merge pull request #28 from KeerthanaBanukumar/master","messageBody":"Merge pull request #1 from AY2425S2-CS2113-W12-2/master","fileTypesAndContributionMap":{}}]},{"date":"2025-03-18","commitResults":[{"hash":"9f2ec9a7f2a69a90ca2ad93347c849850bb07505","isMergeCommit":false,"messageTitle":"indentation","messageBody":"","fileTypesAndContributionMap":{"functional-code":{"insertions":2,"deletions":0}}},{"hash":"5df5dffc7890db11dc2343c4a1c7dd22833598c3","isMergeCommit":true,"messageTitle":"Merge pull request #34 from KeerthanaBanukumar/feature/favorites-edit","messageBody":"Add favourites package containing classes: favorites and favoritesparser","fileTypesAndContributionMap":{}},{"hash":"b706c6e0c1d2d24b110ff277ca8167649958ce52","isMergeCommit":false,"messageTitle":"Used JUnit","messageBody":"","fileTypesAndContributionMap":{"functional-code":{"insertions":3,"deletions":0},"other":{"insertions":1,"deletions":0},"test-code":{"insertions":53,"deletions":0}}},{"hash":"8830b0f5fb079916a2004e49f6b8245c835dd6cd","isMergeCommit":false,"messageTitle":"Fix Checkstyle violation by avoiding star import","messageBody":"","fileTypesAndContributionMap":{"test-code":{"insertions":2,"deletions":1}}},{"hash":"41dd4fe34442ce09d90f8f31a0cec26f3d35557f","isMergeCommit":false,"messageTitle":"Fix Checkstyle violation by avoiding star import_1","messageBody":"","fileTypesAndContributionMap":{"test-code":{"insertions":0,"deletions":12}}},{"hash":"473ad51001a454423055dd77e778c774571c2c1b","isMergeCommit":true,"messageTitle":"Merge pull request #36 from KeerthanaBanukumar/JUnit","messageBody":"Used JUnit","tags":["v1.0"],"fileTypesAndContributionMap":{}},{"hash":"75f2c7705f443f4ce13e50008118ff9d2541bef9","isMergeCommit":false,"messageTitle":"Assertions","messageBody":"","fileTypesAndContributionMap":{"functional-code":{"insertions":5,"deletions":4}}},{"hash":"c979fd306cbde04eba13d786aace163a136d6552","isMergeCommit":true,"messageTitle":"Merge pull request #39 from KeerthanaBanukumar/assertions","messageBody":"Assertions","fileTypesAndContributionMap":{}}]}],"kevinchangckc":[{"date":"2025-03-05","commitResults":[{"hash":"2a8af3bd7fe912d47a99220e910335be231ed0e4","isMergeCommit":true,"messageTitle":"Merge pull request #3 from KeerthanaBanukumar/Keerthana---AboutUs","messageBody":"Added name","fileTypesAndContributionMap":{}}]},{"date":"2025-03-09","commitResults":[{"hash":"5809f343aca27f92397f5a5192fc6bf4cd709045","isMergeCommit":false,"messageTitle":"Added name to AboutUs","messageBody":"","fileTypesAndContributionMap":{"docs":{"insertions":7,"deletions":6}}},{"hash":"9661a124d23596e16d805741d038dbcbf4b3e30b","isMergeCommit":false,"messageTitle":"add name to AboutUs","messageBody":"","fileTypesAndContributionMap":{"docs":{"insertions":1,"deletions":1}}},{"hash":"26b9e67ae33e0f0a53cc41f29397cc0897847414","isMergeCommit":false,"messageTitle":"add name to AboutUs","messageBody":"","fileTypesAndContributionMap":{"docs":{"insertions":1,"deletions":1}}},{"hash":"28dc6886e22eb17aa3287d404bce0ddb390e0025","isMergeCommit":false,"messageTitle":"add name to AboutUs","messageBody":"","fileTypesAndContributionMap":{"docs":{"insertions":7,"deletions":7}}}]},{"date":"2025-03-11","commitResults":[{"hash":"5f4c74a7dbc4a7ec414517e67b43c3e2e3cc9b7d","isMergeCommit":false,"messageTitle":"Added greetings for Navi","messageBody":"","fileTypesAndContributionMap":{"functional-code":{"insertions":8,"deletions":3}}},{"hash":"b57160762fa302213ba91e9614e863ab337efc93","isMergeCommit":false,"messageTitle":"Added bye response","messageBody":"","fileTypesAndContributionMap":{"functional-code":{"insertions":56,"deletions":3}}}]},{"date":"2025-03-12","commitResults":[{"hash":"ace17f8bb29733a25ef3850d3df02fed974804be","isMergeCommit":false,"messageTitle":"modify dialogue","messageBody":"","fileTypesAndContributionMap":{"functional-code":{"insertions":1,"deletions":1}}},{"hash":"7948e96cc6922acfca5d87c122d512fe82d2ee09","isMergeCommit":true,"messageTitle":"Merge pull request #11 from AY2425S2-CS2113-W12-2/navi-landing","messageBody":"Navi landing – greetings, bye, and handling error","fileTypesAndContributionMap":{}}]}],"brianchanshiyuan":[{"date":"2025-03-05","commitResults":[{"hash":"413d7d4f33968fa7c34bd97a63990acab7ce7478","isMergeCommit":false,"messageTitle":"aboutus.md","messageBody":"","fileTypesAndContributionMap":{"docs":{"insertions":4,"deletions":7}}},{"hash":"3e2e2d96278d9273f621ccdebd1389649899a7aa","isMergeCommit":true,"messageTitle":"Merge pull request #1 from brianchanshiyuan/BrianChan-AboutUs","messageBody":"aboutus.md brian ","fileTypesAndContributionMap":{}},{"hash":"7e4d183ebe8465adce2822c1288525f87dbacd04","isMergeCommit":false,"messageTitle":"Update AboutUs.md","messageBody":"","fileTypesAndContributionMap":{"docs":{"insertions":4,"deletions":4}}}]},{"date":"2025-03-06","commitResults":[{"hash":"4e76c40a8d2b9dc552c5268a849f5e4a834ff107","isMergeCommit":true,"messageTitle":"Merge branch \u0027master\u0027 into BrianChan-AboutUs","messageBody":"","fileTypesAndContributionMap":{}}]},{"date":"2025-03-12","commitResults":[{"hash":"21696e07ddc854c8dc30b6f02d85e0062dd49e4c","isMergeCommit":true,"messageTitle":"Merge branch \u0027master\u0027 of https://github.com/brianchanshiyuan/tp","messageBody":"","fileTypesAndContributionMap":{}},{"hash":"27c29a902bf82acaf37d1405aed30e1b04321bb0","isMergeCommit":true,"messageTitle":"Merge branch \u0027master\u0027 of https://github.com/AY2425S2-CS2113-W12-2/tp","messageBody":"","fileTypesAndContributionMap":{}},{"hash":"1bb9a8a3eb5317c4ab68dbb52ac79ee253d7bddc","isMergeCommit":false,"messageTitle":"Read text files, canteen.txt, and landmark.txt, before storing them in hashmaps.","messageBody":"","fileTypesAndContributionMap":{"functional-code":{"insertions":213,"deletions":1}}}]},{"date":"2025-03-13","commitResults":[{"hash":"2a67b637fd84c32eaf9a89cc6157ccb16912f14e","isMergeCommit":false,"messageTitle":"Ensure that the file ends with newline and explicitly stated imports","messageBody":"","fileTypesAndContributionMap":{"functional-code":{"insertions":4,"deletions":7}}},{"hash":"170c72ae49e6abf4e6cbad885aa1e4f89208044c","isMergeCommit":true,"messageTitle":"Merge pull request #14 from brianchanshiyuan/branch-loading-file","messageBody":"Extracted the information from canteen.txt, and landmark.txt, storing the data in a hashmap.\nFixed the errors which caused merge checks to fail","fileTypesAndContributionMap":{}}]},{"date":"2025-03-14","commitResults":[{"hash":"199b67e8c2540daacc44b770ad305f2d96d6b874","isMergeCommit":false,"messageTitle":"Added Junit test case for ShowExitMessage","messageBody":"","fileTypesAndContributionMap":{"test-code":{"insertions":21,"deletions":0}}},{"hash":"80ec87632018fb766a81713e3b9f4d5dbdd5c4bd","isMergeCommit":false,"messageTitle":"Edited the test case\u0027s indentation","messageBody":"","fileTypesAndContributionMap":{"test-code":{"insertions":6,"deletions":4}}},{"hash":"822fd5ed2dc6b7b521def57fd9e9771cae8fea78","isMergeCommit":true,"messageTitle":"Merge pull request #18 from brianchanshiyuan/branch-Junit","messageBody":"Updated Junit testcase","fileTypesAndContributionMap":{}}]},{"date":"2025-03-15","commitResults":[{"hash":"c2742d293378e97d3323c46991b4c91a6e251282","isMergeCommit":false,"messageTitle":"added hostel.txt and otherbuilding.txt. added the code to read hostel.txt and otherbuilding.txt","messageBody":"","fileTypesAndContributionMap":{"functional-code":{"insertions":76,"deletions":0}}},{"hash":"009d488744373acd163b38c8d42ecf603bb921a4","isMergeCommit":false,"messageTitle":"Added CanteenMap and getter for canteenMap. Added getters for StallCharacteristics Added Junit tests to check if txt files are loaded correctly.","messageBody":"","fileTypesAndContributionMap":{"functional-code":{"insertions":27,"deletions":6},"test-code":{"insertions":119,"deletions":0}}},{"hash":"424e3f4ddd6c1a5b8c0aae9f236bd5237dfc7062","isMergeCommit":false,"messageTitle":"Fixed checkstyle issue","messageBody":"","fileTypesAndContributionMap":{"functional-code":{"insertions":1,"deletions":1}}},{"hash":"7fa4c01f0fb4accdc93d48ef04eb057721d5050d","isMergeCommit":false,"messageTitle":"Resolved checkstyle issues","messageBody":"","fileTypesAndContributionMap":{"functional-code":{"insertions":1,"deletions":1},"test-code":{"insertions":19,"deletions":7}}},{"hash":"0ab2d5605f20f1931d8d8cc4c21a416ee2539ee1","isMergeCommit":true,"messageTitle":"Merge pull request #24 from brianchanshiyuan/branch-buildings","messageBody":"Branch buildings","fileTypesAndContributionMap":{}}]}],"lakshm1i":[{"date":"2025-03-05","commitResults":[{"hash":"16e889863f3951b315d726b1bdeee765c87e3409","isMergeCommit":false,"messageTitle":"added my name to the portfolio","messageBody":"","fileTypesAndContributionMap":{"docs":{"insertions":4,"deletions":7}}},{"hash":"0e1e20baa3ba606d5ac15d4be2e1e3e5f88980d5","isMergeCommit":false,"messageTitle":"added name 2.0","messageBody":"","fileTypesAndContributionMap":{"docs":{"insertions":3,"deletions":3}}},{"hash":"037c00c5b3209d363150e62f9f5f6a517c64959c","isMergeCommit":true,"messageTitle":"Merge branch \u0027master\u0027 of https://github.com/AY2425S2-CS2113-W12-2/tp into Lakshmi-AboutUs","messageBody":"* \u0027master\u0027 of https://github.com/AY2425S2-CS2113-W12-2/tp:\n  Fix 4\n  Fix 3\n  Fix 2\n  Fix Test\n  Update AboutUs.md\n  Update AboutUs.md\n  Added name\n\n# Conflicts:\n#\tdocs/AboutUs.md\n","fileTypesAndContributionMap":{}},{"hash":"e242ed9e9f796c22cd3fddfb3a8716d238dd7778","isMergeCommit":true,"messageTitle":"Merge pull request #7 from lakshm1i/Lakshmi-AboutUs","messageBody":"has lakshmi,keerthana,yiyang name","fileTypesAndContributionMap":{}}]},{"date":"2025-03-17","commitResults":[{"hash":"85faf151263e9b3a9bfb09a80623e64dd9d93434","isMergeCommit":true,"messageTitle":"Merge pull request #1 from AY2425S2-CS2113-W12-2/master","messageBody":"Updated master lakshmi","fileTypesAndContributionMap":{}},{"hash":"f3478c793566a9d65e591ee4a73e029040ce5280","isMergeCommit":false,"messageTitle":"added budget package which includes Budget class and Budgetparser. have implemented budget into Navi main","messageBody":"","fileTypesAndContributionMap":{"functional-code":{"insertions":126,"deletions":2}}},{"hash":"956182de06a26136f58200d2c92e2acd59faf952","isMergeCommit":true,"messageTitle":"Merge branch \u0027master\u0027 of https://github.com/lakshm1i/tp","messageBody":"* \u0027master\u0027 of https://github.com/lakshm1i/tp:\n","fileTypesAndContributionMap":{}},{"hash":"48660211b002244279adf685cc1daf1e5fea59c8","isMergeCommit":true,"messageTitle":"Merge pull request #27 from lakshm1i/master","messageBody":"added budget package","fileTypesAndContributionMap":{}},{"hash":"cd9a0dba553a7e94e50b5f9ae0bdcf1c82194bb9","isMergeCommit":false,"messageTitle":"solved an pr error","messageBody":"","fileTypesAndContributionMap":{"functional-code":{"insertions":0,"deletions":1}}},{"hash":"c88f68928263ffe403a148d66491a29be6c7f9e3","isMergeCommit":false,"messageTitle":"fixed intendation problems","messageBody":"","fileTypesAndContributionMap":{"functional-code":{"insertions":13,"deletions":14}}},{"hash":"f174aa676686fa2c2234dda16a79d2eb0df37ddf","isMergeCommit":false,"messageTitle":"fixed build errors, like indentation","messageBody":"","fileTypesAndContributionMap":{"functional-code":{"insertions":29,"deletions":29}}},{"hash":"3a657f215477136457e4adf485da072515c88e13","isMergeCommit":true,"messageTitle":"Merge pull request #29 from lakshm1i/master","messageBody":"After clearing merge errors","fileTypesAndContributionMap":{}}]},{"date":"2025-03-18","commitResults":[{"hash":"a36499cecee2c99c5007e8fa7a14c11a6367bf7a","isMergeCommit":false,"messageTitle":"Delete previously comitted code as it was done wrongly in master branch","messageBody":"-delete budget package with budget and budgetparser\n","fileTypesAndContributionMap":{"functional-code":{"insertions":4,"deletions":123}}},{"hash":"4ecaa6ba1eb8e5f24ad3d8eca952a12263f46fbe","isMergeCommit":true,"messageTitle":"Merge branch \u0027master\u0027 into master","messageBody":"","fileTypesAndContributionMap":{}},{"hash":"fd4d67328a2da1faa39b882bfd026268be81a283","isMergeCommit":false,"messageTitle":"Update Navi.java to fix errors from pull request","messageBody":"","fileTypesAndContributionMap":{"functional-code":{"insertions":5,"deletions":12}}},{"hash":"bff2bbf99c3dd03f399a9347fc26d3c1e74a864f","isMergeCommit":false,"messageTitle":"Update Navi.java to fix errors from pull request part 2","messageBody":"","fileTypesAndContributionMap":{"functional-code":{"insertions":1,"deletions":1}}},{"hash":"356633d34d3f0d3409691f46e1cdb6a81e1e9dd8","isMergeCommit":false,"messageTitle":"Delete old commits did in master branch, fixed some pull request errors","messageBody":"","fileTypesAndContributionMap":{"functional-code":{"insertions":20,"deletions":11}}},{"hash":"83e3064aa25cf49ac552f10030f3a66a9c96b933","isMergeCommit":true,"messageTitle":"resolve merger conflicts from Merge branch \u0027master\u0027 of https://github.com/AY2425S2-CS2113-W12-2/tp","messageBody":"* \u0027master\u0027 of https://github.com/AY2425S2-CS2113-W12-2/tp:\n  Fix Checkstyle violation by avoiding star import_1\n  Fix Checkstyle violation by avoiding star import\n  Used JUnit\n  indentation\n  Resolve JUnit test errors\n  Add exit feature for canteen finder\n  Modify canteenfinder to have more OOP\n  Edit canteen names in data\n  Updated changes\n  Done Favorites\n\n# Conflicts:\n#\tsrc/main/java/seedu/navi/Navi.java\n","fileTypesAndContributionMap":{}},{"hash":"17413f1dc44f66509ae9d2978a50bcb548a9ec1e","isMergeCommit":true,"messageTitle":"Resolve merge conflictsMerge branch \u0027master\u0027 of https://github.com/lakshm1i/tp","messageBody":"* \u0027master\u0027 of https://github.com/lakshm1i/tp:\n  Update Navi.java to fix errors from pull request part 2\n  Update Navi.java to fix errors from pull request\n\n# Conflicts:\n#\tsrc/main/java/seedu/navi/Navi.java\n","fileTypesAndContributionMap":{}},{"hash":"16c48badb66f3c243787019d4a7f5f3d00cfc852","isMergeCommit":false,"messageTitle":"Fix build errors due to indentation","messageBody":"","fileTypesAndContributionMap":{"functional-code":{"insertions":4,"deletions":8}}},{"hash":"f73346e81c93012ebf3fca52b6645dcaf23e5c5b","isMergeCommit":true,"messageTitle":"Merge pull request #35 from lakshm1i/master","messageBody":"Delete previously comitted code as it was done wrongly in master branch","fileTypesAndContributionMap":{}},{"hash":"1f416efbea68eb53466287f4213b2b9837e4770b","isMergeCommit":false,"messageTitle":"Add budget feature to track expenses","messageBody":"-add budget package with classes: budget and budgetparser\n-add budget for the day\n-deduct expenses for the day\n-view money spent daily and monthly, budget left for the day\n","fileTypesAndContributionMap":{"functional-code":{"insertions":125,"deletions":7}}},{"hash":"f8d966bc4c7b191d64defea9693caf0d605fe084","isMergeCommit":true,"messageTitle":"Merge pull request #38 from lakshm1i/Lakshmi-Budget","messageBody":"Add budget feature to track expenses","fileTypesAndContributionMap":{}},{"hash":"adbeba058c0a0bdb0a8b2ffe534a7b4f4b1d23a2","isMergeCommit":true,"messageTitle":"Merge branch \u0027Lakshmi-Budget\u0027","messageBody":"* Lakshmi-Budget:\n  Add budget feature to track expenses\n","fileTypesAndContributionMap":{}},{"hash":"c284531719775ec8e21c64393ef1fbbe87e8b4ee","isMergeCommit":false,"messageTitle":"Add some Junit tests+ add getters in budget class","messageBody":"","fileTypesAndContributionMap":{"functional-code":{"insertions":13,"deletions":0},"test-code":{"insertions":54,"deletions":0}}},{"hash":"46a7cea5adc7ffea29498a81faa9648d05894294","isMergeCommit":false,"messageTitle":"Fix merge pr errors due to junit imports","messageBody":"","fileTypesAndContributionMap":{"test-code":{"insertions":2,"deletions":1}}},{"hash":"6f1c1f06b6f3a294fe3f24cf85b169b1764b62fa","isMergeCommit":true,"messageTitle":"Merge pull request #40 from lakshm1i/Lakshmi-Junit2","messageBody":"Lakshmi Junit","fileTypesAndContributionMap":{}}]}],"yiyang74":[{"date":"2025-02-26","commitResults":[{"hash":"08957eae392e46e9dc5011eb20191a6830afc1e8","isMergeCommit":false,"messageTitle":"Change name from Duke to Navi","messageBody":"","fileTypesAndContributionMap":{"other":{"insertions":4,"deletions":8}}},{"hash":"3633169f77b50ba7215c0797e2fff37354332434","isMergeCommit":true,"messageTitle":"Merge pull request #1 from yiyang74/branch-Change-Name","messageBody":"Change name from Duke to Navi","fileTypesAndContributionMap":{}}]},{"date":"2025-03-05","commitResults":[{"hash":"6512fae976172b1a01c99a1e2626cef9555044d6","isMergeCommit":false,"messageTitle":"Update AboutUs.md","messageBody":"","fileTypesAndContributionMap":{"docs":{"insertions":3,"deletions":7}}},{"hash":"75a1053e294ba26fd38875f7647381d64205a452","isMergeCommit":false,"messageTitle":"Update AboutUs.md","messageBody":"","fileTypesAndContributionMap":{"docs":{"insertions":3,"deletions":3}}},{"hash":"59b2acb85c7a2ec978e5bf2c8e2cdea763d4edd6","isMergeCommit":true,"messageTitle":"Merge pull request #4 from yiyang74/Yiyang-AboutUs","messageBody":"Yiyang about us","fileTypesAndContributionMap":{}}]},{"date":"2025-03-07","commitResults":[{"hash":"ccccc3ab8d7d2e8d790562a6e8c67b0460c33eb9","isMergeCommit":true,"messageTitle":"Merge pull request #8 from brianchanshiyuan/BrianChan-AboutUs","messageBody":"Brian chan about us","fileTypesAndContributionMap":{}}]},{"date":"2025-03-09","commitResults":[{"hash":"7d5f427ba81d1754eb49bf6f9ddd082da7f40673","isMergeCommit":false,"messageTitle":"Rename seedu.duke to seedu.navi","messageBody":"","fileTypesAndContributionMap":{"other":{"insertions":2,"deletions":2},"docs":{"insertions":0,"deletions":2}}},{"hash":"73360c966afdcba21f8449b20a790233558d75ed","isMergeCommit":false,"messageTitle":"Rename duke to navi in build.gradle","messageBody":"","fileTypesAndContributionMap":{"other":{"insertions":2,"deletions":2}}},{"hash":"f89ae9afb6b1e8a6a14c35706ffebb1dab18e9da","isMergeCommit":true,"messageTitle":"Merge pull request #9 from yiyang74/branch-Rename-seedu","messageBody":"Branch rename seedu","fileTypesAndContributionMap":{}},{"hash":"d2f15fd511b95d945c6ce0e8bc6fe51f4fc376d7","isMergeCommit":false,"messageTitle":"Add classes for faculties, buildings, canteens and stalls in NUS","messageBody":"","fileTypesAndContributionMap":{"functional-code":{"insertions":100,"deletions":0}}},{"hash":"2c82cf1e4ba14552bf4eb95e1d3135a078255911","isMergeCommit":false,"messageTitle":"Remove Faculty class Add Landmark abstract class Add Building, Hostel and OtherBuildings that extends Landmark Modify NUS class accordingly to above changes","messageBody":"","fileTypesAndContributionMap":{"functional-code":{"insertions":65,"deletions":40}}}]},{"date":"2025-03-10","commitResults":[{"hash":"155dd24d42fdcf6aa9bf50c0718f98d88bc5f919","isMergeCommit":false,"messageTitle":"Modify Canteen, Stall, StallCharacteristic classes","messageBody":"","fileTypesAndContributionMap":{"functional-code":{"insertions":103,"deletions":54}}},{"hash":"6d6058f0e4424000e456263163320fb6aae4df59","isMergeCommit":true,"messageTitle":"Merge pull request #10 from yiyang74/branch-Add-Landmarks","messageBody":"Branch add landmarks","fileTypesAndContributionMap":{}}]},{"date":"2025-03-12","commitResults":[{"hash":"85fc4d55dc0321444dc14864248bee1fee564e46","isMergeCommit":false,"messageTitle":"Remove Canteen List from NUS Change Building class to Faculty Resolve checkstyle errors","messageBody":"","fileTypesAndContributionMap":{"functional-code":{"insertions":4,"deletions":9},"other":{"insertions":2,"deletions":2}}},{"hash":"69e32248dbf75a7a164322c96b42aa44340ab09c","isMergeCommit":false,"messageTitle":"Change EXPECTED and INPUT to match ACTUAL","messageBody":"","fileTypesAndContributionMap":{"functional-code":{"insertions":2,"deletions":2}}},{"hash":"abff029ddad67e22e1a0516fe7604241167f61d6","isMergeCommit":true,"messageTitle":"Merge pull request #12 from yiyang74/branch-Change_Attributes","messageBody":"Remove Canteen List from NUS","fileTypesAndContributionMap":{}}]},{"date":"2025-03-14","commitResults":[{"hash":"2a46c8eab733180a19f09f10fc1184d95ee185bd","isMergeCommit":false,"messageTitle":"Remove CanteenStallPair.java class","messageBody":"","fileTypesAndContributionMap":{"functional-code":{"insertions":0,"deletions":23}}},{"hash":"8f9eac81195b375930e24187c71d9ad67fbd92a0","isMergeCommit":false,"messageTitle":"Move load data code in Faculty.java to a new class Storage.java Add Storage method call in NUS.java","messageBody":"","fileTypesAndContributionMap":{"functional-code":{"insertions":92,"deletions":115}}},{"hash":"b3e8c3a2d437e4c6a8a9d06a3b80906c437477bc","isMergeCommit":false,"messageTitle":"Resolve checkstyle errors","messageBody":"","fileTypesAndContributionMap":{"functional-code":{"insertions":2,"deletions":69}}},{"hash":"af4940e58ff931a5d2714a509157077f844a6b3d","isMergeCommit":true,"messageTitle":"Merge pull request #15 from yiyang74/branch_Coding_Standard","messageBody":"Branch coding standard","fileTypesAndContributionMap":{}},{"hash":"d8c0d39b80334e561597cc2dd90b4729230022dc","isMergeCommit":false,"messageTitle":"Move storage package to seedu.navi package Change logo formatting","messageBody":"","fileTypesAndContributionMap":{"functional-code":{"insertions":16,"deletions":21},"other":{"insertions":15,"deletions":15}}},{"hash":"8c37968cb2263c97632c55f448e8a2b5a6c534f0","isMergeCommit":false,"messageTitle":"Add simple search feature","messageBody":"","fileTypesAndContributionMap":{"functional-code":{"insertions":88,"deletions":1}}},{"hash":"4c6a9606a6b8b56af449f0f01b37028327f6fbbc","isMergeCommit":false,"messageTitle":"Add exception classes under exception package Add text ui class under textui package Edit some text codes","messageBody":"","fileTypesAndContributionMap":{"functional-code":{"insertions":28,"deletions":6}}},{"hash":"ce8a266b2e40c06f6a3b0676df1bc07813d98a62","isMergeCommit":false,"messageTitle":"Remove blank lines in canteen.txt","messageBody":"","fileTypesAndContributionMap":{"functional-code":{"insertions":2,"deletions":0}}},{"hash":"e4729160eb0dd57767e088af3b70c99b69de4483","isMergeCommit":false,"messageTitle":"Add some print statements as TextUi methods","messageBody":"","fileTypesAndContributionMap":{"functional-code":{"insertions":24,"deletions":11}}},{"hash":"fab7773893a87481ac30df1b53d7660b62bbb5cc","isMergeCommit":true,"messageTitle":"Merge pull request #16 from yiyang74/branch-Simple-Search","messageBody":"Branch simple search","fileTypesAndContributionMap":{}},{"hash":"735d55f37585dcc6e63ff5963200cea00df44e84","isMergeCommit":false,"messageTitle":"Add 3 JUnit tests for canteen finder","messageBody":"","fileTypesAndContributionMap":{"test-code":{"insertions":64,"deletions":0}}},{"hash":"443e46489454681c44365023d319160d02f41c96","isMergeCommit":false,"messageTitle":"Resolve checkstyle error","messageBody":"","fileTypesAndContributionMap":{"test-code":{"insertions":3,"deletions":1}}},{"hash":"00e81be8fe0d110e81ed38106e3884009f991d55","isMergeCommit":true,"messageTitle":"Merge pull request #19 from yiyang74/branch-Add-JUnit","messageBody":"Add 3 JUnit tests for canteen finder","fileTypesAndContributionMap":{}},{"hash":"c04c3b8f404112c63731c6d1f0378eabb7e920f3","isMergeCommit":false,"messageTitle":"Enhance simple search to search according to dietary restrictions","messageBody":"","fileTypesAndContributionMap":{"functional-code":{"insertions":61,"deletions":52}}},{"hash":"1033bb27a9bb158df4843b8924fb2621cd97f2e9","isMergeCommit":false,"messageTitle":"Add JUnit tests for Dietary Search Resolve checkstyle errors","messageBody":"","fileTypesAndContributionMap":{"functional-code":{"insertions":16,"deletions":6},"test-code":{"insertions":27,"deletions":40}}},{"hash":"a32185f2939015539db0ba5ed49590f7b5b006a5","isMergeCommit":true,"messageTitle":"Merge pull request #20 from yiyang74/branch-Dietary-Search","messageBody":"Branch dietary search","fileTypesAndContributionMap":{}}]},{"date":"2025-03-16","commitResults":[{"hash":"5ddad7cdaaa91e3db095cb05b1e4823bab0e4dc0","isMergeCommit":false,"messageTitle":"Improve coding standard","messageBody":"","fileTypesAndContributionMap":{"functional-code":{"insertions":27,"deletions":34}}},{"hash":"f91a742d2941ed981b87081a48a05b02fba0bbf5","isMergeCommit":false,"messageTitle":"Modify CanteenFinder to work with new data Add JUnit tests to test new modifications","messageBody":"","fileTypesAndContributionMap":{"functional-code":{"insertions":46,"deletions":6},"test-code":{"insertions":78,"deletions":2}}},{"hash":"4cc4898a499e79775ad087f932c325a585fe336f","isMergeCommit":false,"messageTitle":"Integrate CanteenFinder with main code Edit Navi and TextUi respectively Add some exception handling","messageBody":"","fileTypesAndContributionMap":{"functional-code":{"insertions":179,"deletions":19},"test-code":{"insertions":2,"deletions":2}}},{"hash":"b47eb71fb3f2be39c8aa97a16a67336fbb9e14ee","isMergeCommit":false,"messageTitle":"Resolve checkstyle and JUnit tests errors","messageBody":"","fileTypesAndContributionMap":{"test-code":{"insertions":6,"deletions":3}}},{"hash":"27a47f40b8b568284bb03df677927519e7b1f162","isMergeCommit":true,"messageTitle":"Merge pull request #25 from yiyang74/branch-Integrate-CanteenFinder","messageBody":"Branch integrate canteen finder","fileTypesAndContributionMap":{}}]},{"date":"2025-03-17","commitResults":[{"hash":"fc3a18b60fffd29127a363fbc77c2e557d14439c","isMergeCommit":false,"messageTitle":"Enable assertions in build.gradle Add assertions in canteenfinder","messageBody":"","fileTypesAndContributionMap":{"functional-code":{"insertions":16,"deletions":4},"other":{"insertions":4,"deletions":0}}},{"hash":"64dae32d4143f1351b7a2d8980fc7e784cce50fd","isMergeCommit":true,"messageTitle":"Merge pull request #26 from yiyang74/branch-Add-Assertions","messageBody":"Enable assertions in build.gradle","fileTypesAndContributionMap":{}},{"hash":"d35cb0206ff43f4e7c185670d13db4b57f2eb783","isMergeCommit":false,"messageTitle":"Modify canteenfinder to have more OOP","messageBody":"","fileTypesAndContributionMap":{"functional-code":{"insertions":123,"deletions":98}}},{"hash":"17770cd3f1803354b6e858858475f06f3f272b7f","isMergeCommit":false,"messageTitle":"Add exit feature for canteen finder","messageBody":"","fileTypesAndContributionMap":{"functional-code":{"insertions":32,"deletions":13}}},{"hash":"a4010b0e2147c49d3f02ea5fb55dd6f33409e695","isMergeCommit":false,"messageTitle":"Resolve JUnit test errors","messageBody":"","fileTypesAndContributionMap":{"test-code":{"insertions":12,"deletions":12}}},{"hash":"6c3cff1daeffae5dbeb035609b9e6761b65e709e","isMergeCommit":true,"messageTitle":"Merge pull request #30 from yiyang74/branch-Add-Exit-Feature","messageBody":"Branch add exit feature","fileTypesAndContributionMap":{}}]}]},"authorFileTypeContributionMap":{"KeerthanaBanukumar":{"docs":0,"functional-code":107,"test-code":42,"other":1},"kevinchangckc":{"docs":2,"functional-code":44,"test-code":0},"brianchanshiyuan":{"docs":4,"functional-code":98,"test-code":144},"lakshm1i":{"docs":1,"functional-code":141,"test-code":55},"yiyang74":{"docs":0,"functional-code":670,"test-code":144,"other":6}},"authorContributionVariance":{"KeerthanaBanukumar":673.71747,"kevinchangckc":209.88315,"brianchanshiyuan":3956.7886,"lakshm1i":7080.2246,"yiyang74":31770.174},"authorDisplayNameMap":{"KeerthanaBanukumar":"CS2113-W12-2 BANU..HANA","kevinchangckc":"CS2113-W12-2 CHAN.. KAI","brianchanshiyuan":"CS2113-W12-2 BRIA..YUAN","lakshm1i":"CS2113-W12-2 CHEL..SHMI","yiyang74":"CS2113-W12-2 CHEN..YANG"}}
