{"authorDailyContributionsMap":{"KeerthanaBanukumar":[{"date":"2025-03-05","commitResults":[{"hash":"091fc2f150598d7c67a93e720f5b2d3bcc7a401b","isMergeCommit":false,"messageTitle":"Added name","messageBody":"","fileTypesAndContributionMap":{"docs":{"insertions":3,"deletions":7}}},{"hash":"95b664b92437abed2f2fa87367a61c1df2de593f","isMergeCommit":true,"messageTitle":"Merged Branch","messageBody":"","fileTypesAndContributionMap":{}},{"hash":"f4281d720d0bc3de48a29d474b187322b63928c9","isMergeCommit":false,"messageTitle":"Fix 2","messageBody":"","fileTypesAndContributionMap":{"other":{"insertions":1,"deletions":1}}}]},{"date":"2025-03-17","commitResults":[{"hash":"85af2e9287589609370c1c2a78c9a71bdff48290","isMergeCommit":true,"messageTitle":"Merge pull request #1 from AY2425S2-CS2113-W12-2/master","messageBody":"Updated Master keerthana","fileTypesAndContributionMap":{}},{"hash":"08d8402516205be013762ca8932fe50c01f871de","isMergeCommit":false,"messageTitle":"Done Favorites","messageBody":"","fileTypesAndContributionMap":{"functional-code":{"insertions":105,"deletions":3}}},{"hash":"049585c7ee7bdb4029c1e77393a410e516132524","isMergeCommit":true,"messageTitle":"Merge branch \u0027master\u0027 of https://github.com/KeerthanaBanukumar/tp","messageBody":"* \u0027master\u0027 of https://github.com/KeerthanaBanukumar/tp:\n","fileTypesAndContributionMap":{}},{"hash":"a913b7976f70ca846dd70d8e5671a2bc19713168","isMergeCommit":false,"messageTitle":"Updated changes","messageBody":"","fileTypesAndContributionMap":{"functional-code":{"insertions":0,"deletions":2}}},{"hash":"3864dacc584ca3768c50b37cf89e75d18d90e6ba","isMergeCommit":true,"messageTitle":"Merge pull request #28 from KeerthanaBanukumar/master","messageBody":"Merge pull request #1 from AY2425S2-CS2113-W12-2/master","fileTypesAndContributionMap":{}}]},{"date":"2025-03-18","commitResults":[{"hash":"9f2ec9a7f2a69a90ca2ad93347c849850bb07505","isMergeCommit":false,"messageTitle":"indentation","messageBody":"","fileTypesAndContributionMap":{"functional-code":{"insertions":2,"deletions":0}}},{"hash":"5df5dffc7890db11dc2343c4a1c7dd22833598c3","isMergeCommit":true,"messageTitle":"Merge pull request #34 from KeerthanaBanukumar/feature/favorites-edit","messageBody":"Add favourites package containing classes: favorites and favoritesparser","fileTypesAndContributionMap":{}},{"hash":"b706c6e0c1d2d24b110ff277ca8167649958ce52","isMergeCommit":false,"messageTitle":"Used JUnit","messageBody":"","fileTypesAndContributionMap":{"functional-code":{"insertions":3,"deletions":0},"other":{"insertions":1,"deletions":0},"test-code":{"insertions":53,"deletions":0}}},{"hash":"8830b0f5fb079916a2004e49f6b8245c835dd6cd","isMergeCommit":false,"messageTitle":"Fix Checkstyle violation by avoiding star import","messageBody":"","fileTypesAndContributionMap":{"test-code":{"insertions":2,"deletions":1}}},{"hash":"41dd4fe34442ce09d90f8f31a0cec26f3d35557f","isMergeCommit":false,"messageTitle":"Fix Checkstyle violation by avoiding star import_1","messageBody":"","fileTypesAndContributionMap":{"test-code":{"insertions":0,"deletions":12}}},{"hash":"473ad51001a454423055dd77e778c774571c2c1b","isMergeCommit":true,"messageTitle":"Merge pull request #36 from KeerthanaBanukumar/JUnit","messageBody":"Used JUnit","tags":["v1.0"],"fileTypesAndContributionMap":{}},{"hash":"75f2c7705f443f4ce13e50008118ff9d2541bef9","isMergeCommit":false,"messageTitle":"Assertions","messageBody":"","fileTypesAndContributionMap":{"functional-code":{"insertions":5,"deletions":4}}},{"hash":"c979fd306cbde04eba13d786aace163a136d6552","isMergeCommit":true,"messageTitle":"Merge pull request #39 from KeerthanaBanukumar/assertions","messageBody":"Assertions","fileTypesAndContributionMap":{}}]},{"date":"2025-03-24","commitResults":[{"hash":"0ce64399381807993bddb392c62aaab1a6a994ab","isMergeCommit":false,"messageTitle":"Favorites: Add more features","messageBody":"- Sort List\n- Search List\n- Undo List\n- View List\n","fileTypesAndContributionMap":{"functional-code":{"insertions":104,"deletions":24},"other":{"insertions":9,"deletions":0},"test-code":{"insertions":85,"deletions":6}}},{"hash":"66de95db66a38f30628b9d03ce3b77083a819e73","isMergeCommit":false,"messageTitle":"Add changes to Fix Error in FavoritesTest","messageBody":"","fileTypesAndContributionMap":{"functional-code":{"insertions":4,"deletions":2},"test-code":{"insertions":1,"deletions":7}}},{"hash":"8c979452828d1963729a2ae0fd8c592c2c3a17ff","isMergeCommit":false,"messageTitle":"Fix gradle errors","messageBody":"","fileTypesAndContributionMap":{"other":{"insertions":4,"deletions":4},"test-code":{"insertions":4,"deletions":2}}},{"hash":"abd36165e04948aa7f467b479d7af0b30d16f8e2","isMergeCommit":false,"messageTitle":"Edit FavoritesTest to fix error","messageBody":"","fileTypesAndContributionMap":{"test-code":{"insertions":1,"deletions":19}}},{"hash":"8b02f526e7dccc934028843165f0013b9bc9df9b","isMergeCommit":false,"messageTitle":"Edit FavoritesTest to remove errors","messageBody":"","fileTypesAndContributionMap":{"test-code":{"insertions":0,"deletions":18}}},{"hash":"37019b807f5906cb172eb52a102ddbb0393a412c","isMergeCommit":true,"messageTitle":"Merge pull request #55 from KeerthanaBanukumar/favorites-2.0","messageBody":"Favorites 2.0","fileTypesAndContributionMap":{}}]},{"date":"2025-03-25","commitResults":[{"hash":"0f9649436be475cb191c4a63bfb169345910809d","isMergeCommit":false,"messageTitle":"test(favorites): add more test cases for sorting and undo functionality","messageBody":"","fileTypesAndContributionMap":{"test-code":{"insertions":48,"deletions":0}}},{"hash":"1167dcf287164a00f255a652e8c25775f9e71c6a","isMergeCommit":false,"messageTitle":"test: fix failing searchFavorites_noResults test","messageBody":"Ensure the expected \"No matching favorites found\" message is correctly captured and asserted in the test.\nAdded output normalization and debugging prints to improve reliability.\n","fileTypesAndContributionMap":{"test-code":{"insertions":10,"deletions":1}}},{"hash":"079c7e45cd415409163cc8b62e36ea79e1332b15","isMergeCommit":false,"messageTitle":"fix(tests): encode for Windows compatibility","messageBody":"","fileTypesAndContributionMap":{"test-code":{"insertions":2,"deletions":7}}},{"hash":"abcff240bc282c814f08864cd4a5d8e5a68feda0","isMergeCommit":false,"messageTitle":"fix(tests): Fix for Windows compatibility","messageBody":"","fileTypesAndContributionMap":{"test-code":{"insertions":2,"deletions":2}}},{"hash":"0c27a5fbbdcd9514537ed1510aade125b1db421e","isMergeCommit":true,"messageTitle":"Merge pull request #59 from KeerthanaBanukumar/Modify-FavoritesTest","messageBody":"test(favorites): add more test cases for sorting and undo functionality","fileTypesAndContributionMap":{}},{"hash":"f1119de3023010a1a891cd6de0305dc2eeb6a7e8","isMergeCommit":false,"messageTitle":"feat(storage): Add file-based persistence for favorite items","messageBody":"- Implemented methods to save and load favorite items to/from a file using ObjectOutputStream and ObjectInputStream.\n- Favorites are now persisted even after exiting the feature.\n","fileTypesAndContributionMap":{"functional-code":{"insertions":31,"deletions":2}}},{"hash":"90f79db60948b76fcda3a8e105475dced64e2de8","isMergeCommit":false,"messageTitle":"fix: resolve CheckStyle violations and improve code quality","messageBody":"","fileTypesAndContributionMap":{"functional-code":{"insertions":57,"deletions":11},"test-code":{"insertions":31,"deletions":75}}},{"hash":"8bcd16ede61a400ca8e7a0d3ac405cc4140437a3","isMergeCommit":true,"messageTitle":"Merge pull request #61 from KeerthanaBanukumar/Add-Storage","messageBody":"feat(storage): Add file-based persistence for favorite items","fileTypesAndContributionMap":{}},{"hash":"d38e552478473e293e23e450726d07945ca60ced","isMergeCommit":false,"messageTitle":"Edit Developer Guide","messageBody":"","fileTypesAndContributionMap":{"functional-code":{"insertions":68,"deletions":0},"docs":{"insertions":43,"deletions":0}}},{"hash":"b90c04c9d763fd3a1aead345455496d50c64a8e6","isMergeCommit":false,"messageTitle":"Clear diagram.puml","messageBody":"","fileTypesAndContributionMap":{"functional-code":{"insertions":0,"deletions":63}}},{"hash":"922de8429b4ee509b3b00658232b5974acf68ce1","isMergeCommit":true,"messageTitle":"Merge pull request #63 from KeerthanaBanukumar/DG-favorites","messageBody":"Edit Developer Guide","fileTypesAndContributionMap":{}}]},{"date":"2025-03-29","commitResults":[{"hash":"72b9d167590f17ff97d6d72c1d4df4a488e74f22","isMergeCommit":false,"messageTitle":"Edit Favorites and FavoritesParser to include line separator","messageBody":"","fileTypesAndContributionMap":{"functional-code":{"insertions":39,"deletions":3}}},{"hash":"affe4a633b99463e81b153f4e8fb1adaaf3b8486","isMergeCommit":true,"messageTitle":"Merge branch \u0027master\u0027 into edit-favorites","messageBody":"","fileTypesAndContributionMap":{}},{"hash":"f5c8b70169c4d3192aa033e41bf7b80ad741014e","isMergeCommit":false,"messageTitle":"Fix Gradle errors","messageBody":"","fileTypesAndContributionMap":{"functional-code":{"insertions":2,"deletions":1}}},{"hash":"2536239694a7cc580719c13950c126f15cb9494e","isMergeCommit":false,"messageTitle":"Fix error","messageBody":"","fileTypesAndContributionMap":{"functional-code":{"insertions":5,"deletions":99}}},{"hash":"10f7227dbdd3d79ed4f6316a2c255503aa700d48","isMergeCommit":false,"messageTitle":"Fix checkstyle error","messageBody":"","fileTypesAndContributionMap":{"functional-code":{"insertions":10,"deletions":9},"test-code":{"insertions":70,"deletions":23}}},{"hash":"f32a025928100b5d3bb0aeb513696ccfc70fc492","isMergeCommit":true,"messageTitle":"Merge pull request #72 from KeerthanaBanukumar/edit-favorites","messageBody":"Edit Favorites and FavoritesParser to include line separator","fileTypesAndContributionMap":{}}]},{"date":"2025-03-31","commitResults":[{"hash":"03e9b63f9712a8cec97dbd7b1a25ffdd20e44677","isMergeCommit":false,"messageTitle":"Add UML sequence diagram for favorites","messageBody":"","fileTypesAndContributionMap":{"docs":{"insertions":38,"deletions":1}}},{"hash":"db9f7793aada3ca129049c8f9bad5d6f210293e5","isMergeCommit":true,"messageTitle":"Merge branch \u0027master\u0027 into dg-uml","messageBody":"","fileTypesAndContributionMap":{}},{"hash":"a73d73b164eb2c9d1e9fef2704e6f71a5a7ebee2","isMergeCommit":true,"messageTitle":"Merge pull request #81 from KeerthanaBanukumar/dg-uml","messageBody":"Add UML sequence diagram for favorites","fileTypesAndContributionMap":{}},{"hash":"a1f79526b684e54117da92c77225b34a7e0d91a1","isMergeCommit":false,"messageTitle":"Update Portfolio Page","messageBody":"","fileTypesAndContributionMap":{"docs":{"insertions":54,"deletions":0}}},{"hash":"5766b19f3dae52d00e5fdd7e2126c0a4211c22cf","isMergeCommit":false,"messageTitle":"Fix Gradle wrapper error","messageBody":"","fileTypesAndContributionMap":{"docs":{"insertions":2,"deletions":1}}},{"hash":"5a06d9ad2ee0c6b834e01b99c572fdc1d1b26a48","isMergeCommit":true,"messageTitle":"Merge pull request #82 from KeerthanaBanukumar/portfolio-page","messageBody":"Update Portfolio Page","fileTypesAndContributionMap":{}}]},{"date":"2025-04-02","commitResults":[{"hash":"8c092b3abdb2d9ec87d3a5b3a365cf26d6dd9624","isMergeCommit":false,"messageTitle":"Chnage file name","messageBody":"","fileTypesAndContributionMap":{"docs":{"insertions":0,"deletions":0}}},{"hash":"e544bd7f3035e7f09d495bc0298f67c0acfbae19","isMergeCommit":true,"messageTitle":"Merge pull request #93 from KeerthanaBanukumar/ppp","messageBody":"Change file name","fileTypesAndContributionMap":{}},{"hash":"77486495e36f3b1b2517428cc5162618550ea80c","isMergeCommit":false,"messageTitle":"Edit DG","messageBody":"","fileTypesAndContributionMap":{"docs":{"insertions":31,"deletions":38}}},{"hash":"802fce79cf7a33380ee0669af087ebe86ff6ce88","isMergeCommit":true,"messageTitle":"Merge pull request #94 from KeerthanaBanukumar/DG-edit","messageBody":"Edit DG","fileTypesAndContributionMap":{}},{"hash":"dd2108830b9940834542d9b1dec5450863abb90c","isMergeCommit":false,"messageTitle":"Update DG with UML Diagram","messageBody":"","fileTypesAndContributionMap":{"docs":{"insertions":1,"deletions":1}}},{"hash":"628f7d29ed8c67dee5bd5ea2beb9bef0d3b70c61","isMergeCommit":true,"messageTitle":"Merge pull request #96 from KeerthanaBanukumar/uml-diagram","messageBody":"Update DG with UML Diagram","fileTypesAndContributionMap":{}},{"hash":"68753bb195d7d33d09e2ba323003b7fa09c246c5","isMergeCommit":false,"messageTitle":"Refactor Favorites feature: - Added file-based persistence for favorite items. - Modified loadFavorites to silently initialize empty list if no previous data is found. - Ensured no unnecessary console output on startup when no favorites exist. - Implemented storage functionality for favorites to persist between app sessions.","messageBody":"","fileTypesAndContributionMap":{"functional-code":{"insertions":39,"deletions":0}}},{"hash":"2bfa1be380c51b71144303ddb0496354e20f2e0e","isMergeCommit":false,"messageTitle":"Pass Gradle Checkstylemain errors","messageBody":"","fileTypesAndContributionMap":{"functional-code":{"insertions":2,"deletions":1}}},{"hash":"13d04215a5835f10b97b278d999391af790cc93f","isMergeCommit":false,"messageTitle":"Gradle checks","messageBody":"","fileTypesAndContributionMap":{"other":{"insertions":0,"deletions":1}}},{"hash":"79b380999f19b01fac6cb4e05a98160dd3c594e2","isMergeCommit":true,"messageTitle":"Merge pull request #98 from KeerthanaBanukumar/storage-fav","messageBody":"Refactor Favorites feature:","fileTypesAndContributionMap":{}},{"hash":"87881e0e3b558e7d1b45b415ed0a4451a2ba3b9a","isMergeCommit":false,"messageTitle":"Improve UI","messageBody":"","fileTypesAndContributionMap":{"functional-code":{"insertions":22,"deletions":6}}},{"hash":"049c8a55e7dde6eb149ed7281d1742a4a458afa8","isMergeCommit":false,"messageTitle":"Gradle errors","messageBody":"","fileTypesAndContributionMap":{"docs":{"insertions":14,"deletions":9}}},{"hash":"635e770bd602a9c1bf54ee1c5bd1f99646e6051c","isMergeCommit":false,"messageTitle":"Gradle Errors","messageBody":"","fileTypesAndContributionMap":{"other":{"insertions":2,"deletions":1}}},{"hash":"bb7d006f43718b9e10f7a3996fc2ad79c03f7237","isMergeCommit":true,"messageTitle":"Merge pull request #99 from KeerthanaBanukumar/bug-fix","messageBody":"Improve UI","fileTypesAndContributionMap":{}},{"hash":"6d5dc4a3a53553855c233955a742ba8024e7e4c4","isMergeCommit":false,"messageTitle":"Enhance FavoritesTest with comprehensive test cases  - Added more test cases for edge cases and validation. - Improved `undoRemove()` tests to ensure correct restoration order. - Refactored `sortFavorites()` tests to verify both ascending and descending sorting. - Strengthened `searchFavorites()` tests to check case-insensitive matching. - Ensured `viewFavorites()` correctly handles empty and populated lists. - General improvements in assertions and output verification.","messageBody":"","fileTypesAndContributionMap":{"functional-code":{"insertions":2,"deletions":2},"test-code":{"insertions":31,"deletions":0}}},{"hash":"02c8d56f5035817d5f3db7aa649a7319dc4b0b74","isMergeCommit":true,"messageTitle":"Merge pull request #101 from KeerthanaBanukumar/add-test","messageBody":"Enhance FavoritesTest with comprehensive test cases","fileTypesAndContributionMap":{}},{"hash":"8c25994a1a342d1140e92564aeeff38c84a64ac8","isMergeCommit":false,"messageTitle":"Update Uml diagram","messageBody":"","fileTypesAndContributionMap":{"docs":{"insertions":41,"deletions":26}}},{"hash":"ec8ca3822b923264969d20734016e9f55c5b3fb2","isMergeCommit":false,"messageTitle":"Update DG UML diagram name","messageBody":"","fileTypesAndContributionMap":{"docs":{"insertions":1,"deletions":1}}},{"hash":"1b38acf3c4082fa9310ec82c436c5efdbb08cbaa","isMergeCommit":false,"messageTitle":"Gradle","messageBody":"","fileTypesAndContributionMap":{"docs":{"insertions":0,"deletions":1}}},{"hash":"51dd928e0819304ea69e4bf29d199ff757868088","isMergeCommit":true,"messageTitle":"Merge pull request #102 from KeerthanaBanukumar/update-DG","messageBody":"Update Uml diagram","fileTypesAndContributionMap":{}}]},{"date":"2025-04-03","commitResults":[{"hash":"a02a4fa01c6c394970c6c047e6b64f27f3f3fee5","isMergeCommit":false,"messageTitle":"docs: update Developer Guide to include persistent storage details - Updated the Developer Guide to reflect the implementation of persistent storage. - Modified data structures section to include persistent storage. - Updated key operations to mention saving/loading of favorites. - Revised system behavior to highlight automatic storage.","messageBody":"","fileTypesAndContributionMap":{"docs":{"insertions":13,"deletions":2}}},{"hash":"5f20ab9ae2072f0e66bf5426d52bbff9197f4d88","isMergeCommit":false,"messageTitle":"Fix errors","messageBody":"","fileTypesAndContributionMap":{"docs":{"insertions":0,"deletions":1}}},{"hash":"8f1a606021b91994262f5c2e44e6a4cb1aa2fa2d","isMergeCommit":true,"messageTitle":"Merge pull request #103 from KeerthanaBanukumar/detail-DG","messageBody":"docs: update Developer Guide to include persistent storage details","fileTypesAndContributionMap":{}},{"hash":"1b7fc024dc776b318267f61a3a0d06e9b4347542","isMergeCommit":false,"messageTitle":"Update UG to Include favorites tracker command","messageBody":"","fileTypesAndContributionMap":{"functional-code":{"insertions":1,"deletions":0},"docs":{"insertions":123,"deletions":9}}},{"hash":"4a02b9ed056af3df36e49bfab6a1932e7087d0d0","isMergeCommit":true,"messageTitle":"Merge pull request #104 from KeerthanaBanukumar/fav-UG","messageBody":"Update UG to Include favorites tracker commands","fileTypesAndContributionMap":{}},{"hash":"d951efbd8f0fa0d8b618e1d434a62f0cc8c3533d","isMergeCommit":false,"messageTitle":"Add Project Portfolio Page","messageBody":"- Documented contributions to the development of the Navi CLI application.\n- Highlighted key features implemented, including the Favorites feature, undo functionality, and command-line parser.\n- Provided detailed descriptions of code, documentation, and team contributions.\n","fileTypesAndContributionMap":{"docs":{"insertions":23,"deletions":25}}},{"hash":"3c131c4fad5bffd64251348b776e5f54f16e8011","isMergeCommit":true,"messageTitle":"Merge pull request #105 from KeerthanaBanukumar/ppp-","messageBody":"Add Project Portfolio Page","fileTypesAndContributionMap":{}},{"hash":"942f8eeddd21a75edcba07c369300b9698f436c0","isMergeCommit":false,"messageTitle":"fix(favorites): restore removed items at original position on undo","messageBody":"- Modified `undoStack` to store both the removed item\u0027s index and value.\n- Updated `removeFavorite()` to push `(index, item)` pairs onto `undoStack`.\n- Updated `undoRemove()` to insert the restored item back at its original position.\n- Ensured `undo` maintains list order instead of appending to the end.\n\nFixes issue where restored items were not placed correctly in the favorites list.\n","fileTypesAndContributionMap":{"functional-code":{"insertions":14,"deletions":5}}},{"hash":"5fe2eb9836548b139ebd0d5a1306bd7a501fa175","isMergeCommit":true,"messageTitle":"Merge pull request #108 from KeerthanaBanukumar/fav-minor-changes","messageBody":"fix(favorites): restore removed items at original position on undo","fileTypesAndContributionMap":{}}]},{"date":"2025-04-07","commitResults":[{"hash":"b79e5400fb27989c165f84832836b13d62db3166","isMergeCommit":false,"messageTitle":"Remove all emojis","messageBody":"","fileTypesAndContributionMap":{"functional-code":{"insertions":20,"deletions":33}}},{"hash":"48e764168de7265b3a21ec3087bcae4ed0d8eeb7","isMergeCommit":true,"messageTitle":"Merge pull request #208 from KeerthanaBanukumar/Fix-formatting-","messageBody":"Remove all emojis","fileTypesAndContributionMap":{}},{"hash":"6ec15dc89c361741df034d66efe349c0d6bf8cc1","isMergeCommit":false,"messageTitle":"Fix white space invalid command issue","messageBody":"","fileTypesAndContributionMap":{"functional-code":{"insertions":19,"deletions":8}}},{"hash":"e543fba730986ec8057cbf206b4b477c7ae74c66","isMergeCommit":true,"messageTitle":"Merge pull request #209 from KeerthanaBanukumar/Fix-formatting","messageBody":"Fix white space invalid command issue","fileTypesAndContributionMap":{}},{"hash":"71037a61be983cc702f262145de426bf96e94a7e","isMergeCommit":false,"messageTitle":"Fix invalid number error message","messageBody":"","fileTypesAndContributionMap":{"functional-code":{"insertions":12,"deletions":2}}},{"hash":"7fa3b63f24ae5242a176cd977aa781fed1af53da","isMergeCommit":true,"messageTitle":"Merge pull request #210 from KeerthanaBanukumar/invalid-number","messageBody":"Fix invalid number error message","fileTypesAndContributionMap":{}}]}],"kevinchangckc":[{"date":"2025-03-05","commitResults":[{"hash":"2a8af3bd7fe912d47a99220e910335be231ed0e4","isMergeCommit":true,"messageTitle":"Merge pull request #3 from KeerthanaBanukumar/Keerthana---AboutUs","messageBody":"Added name","fileTypesAndContributionMap":{}}]},{"date":"2025-03-09","commitResults":[{"hash":"5809f343aca27f92397f5a5192fc6bf4cd709045","isMergeCommit":false,"messageTitle":"Added name to AboutUs","messageBody":"","fileTypesAndContributionMap":{"docs":{"insertions":7,"deletions":6}}},{"hash":"9661a124d23596e16d805741d038dbcbf4b3e30b","isMergeCommit":false,"messageTitle":"add name to AboutUs","messageBody":"","fileTypesAndContributionMap":{"docs":{"insertions":1,"deletions":1}}},{"hash":"26b9e67ae33e0f0a53cc41f29397cc0897847414","isMergeCommit":false,"messageTitle":"add name to AboutUs","messageBody":"","fileTypesAndContributionMap":{"docs":{"insertions":1,"deletions":1}}},{"hash":"28dc6886e22eb17aa3287d404bce0ddb390e0025","isMergeCommit":false,"messageTitle":"add name to AboutUs","messageBody":"","fileTypesAndContributionMap":{"docs":{"insertions":7,"deletions":7}}}]},{"date":"2025-03-11","commitResults":[{"hash":"5f4c74a7dbc4a7ec414517e67b43c3e2e3cc9b7d","isMergeCommit":false,"messageTitle":"Added greetings for Navi","messageBody":"","fileTypesAndContributionMap":{"functional-code":{"insertions":8,"deletions":3}}},{"hash":"b57160762fa302213ba91e9614e863ab337efc93","isMergeCommit":false,"messageTitle":"Added bye response","messageBody":"","fileTypesAndContributionMap":{"functional-code":{"insertions":56,"deletions":3}}}]},{"date":"2025-03-12","commitResults":[{"hash":"ace17f8bb29733a25ef3850d3df02fed974804be","isMergeCommit":false,"messageTitle":"modify dialogue","messageBody":"","fileTypesAndContributionMap":{"functional-code":{"insertions":1,"deletions":1}}},{"hash":"7948e96cc6922acfca5d87c122d512fe82d2ee09","isMergeCommit":true,"messageTitle":"Merge pull request #11 from AY2425S2-CS2113-W12-2/navi-landing","messageBody":"Navi landing – greetings, bye, and handling error","fileTypesAndContributionMap":{}}]},{"date":"2025-03-18","commitResults":[{"hash":"b1fb66d14dab97db18a6c8372416f0e7578c4e5c","isMergeCommit":false,"messageTitle":"Added comments and included command guidance after exception is raised.","messageBody":"","fileTypesAndContributionMap":{"functional-code":{"insertions":44,"deletions":19}}}]},{"date":"2025-03-27","commitResults":[{"hash":"9cc62d99be0c58fceb1ad1e3e6d72f556eea65e4","isMergeCommit":false,"messageTitle":"edited for style check","messageBody":"","fileTypesAndContributionMap":{"functional-code":{"insertions":1,"deletions":1}}},{"hash":"e28e3c5ff6f98eb06033a31d221fa8167bdc4fc7","isMergeCommit":false,"messageTitle":"Added username reset and memory function","messageBody":"","fileTypesAndContributionMap":{"functional-code":{"insertions":6,"deletions":10},"other":{"insertions":1,"deletions":1}}},{"hash":"97b37530a6ae276edcae58d0e73b4e5d451109e3","isMergeCommit":true,"messageTitle":"Merge pull request #64 from AY2425S2-CS2113-W12-2/save-username","messageBody":"Save username","fileTypesAndContributionMap":{}},{"hash":"d04a01c40f423db859e9508ae588cb656a142ac8","isMergeCommit":true,"messageTitle":"Merge branch \u0027master\u0027 into exception-reminder","messageBody":"","fileTypesAndContributionMap":{}},{"hash":"ed5bd0bd50c9988abc959157c498698693ae193b","isMergeCommit":true,"messageTitle":"Merge pull request #65 from AY2425S2-CS2113-W12-2/exception-reminder","messageBody":"Added comments and included command guidance after exception is raised.","fileTypesAndContributionMap":{}}]}],"brianchanshiyuan":[{"date":"2025-03-05","commitResults":[{"hash":"413d7d4f33968fa7c34bd97a63990acab7ce7478","isMergeCommit":false,"messageTitle":"aboutus.md","messageBody":"","fileTypesAndContributionMap":{"docs":{"insertions":4,"deletions":7}}},{"hash":"3e2e2d96278d9273f621ccdebd1389649899a7aa","isMergeCommit":true,"messageTitle":"Merge pull request #1 from brianchanshiyuan/BrianChan-AboutUs","messageBody":"aboutus.md brian ","fileTypesAndContributionMap":{}},{"hash":"7e4d183ebe8465adce2822c1288525f87dbacd04","isMergeCommit":false,"messageTitle":"Update AboutUs.md","messageBody":"","fileTypesAndContributionMap":{"docs":{"insertions":4,"deletions":4}}}]},{"date":"2025-03-06","commitResults":[{"hash":"4e76c40a8d2b9dc552c5268a849f5e4a834ff107","isMergeCommit":true,"messageTitle":"Merge branch \u0027master\u0027 into BrianChan-AboutUs","messageBody":"","fileTypesAndContributionMap":{}}]},{"date":"2025-03-12","commitResults":[{"hash":"21696e07ddc854c8dc30b6f02d85e0062dd49e4c","isMergeCommit":true,"messageTitle":"Merge branch \u0027master\u0027 of https://github.com/brianchanshiyuan/tp","messageBody":"","fileTypesAndContributionMap":{}},{"hash":"27c29a902bf82acaf37d1405aed30e1b04321bb0","isMergeCommit":true,"messageTitle":"Merge branch \u0027master\u0027 of https://github.com/AY2425S2-CS2113-W12-2/tp","messageBody":"","fileTypesAndContributionMap":{}},{"hash":"1bb9a8a3eb5317c4ab68dbb52ac79ee253d7bddc","isMergeCommit":false,"messageTitle":"Read text files, canteen.txt, and landmark.txt, before storing them in hashmaps.","messageBody":"","fileTypesAndContributionMap":{"functional-code":{"insertions":213,"deletions":1}}}]},{"date":"2025-03-13","commitResults":[{"hash":"2a67b637fd84c32eaf9a89cc6157ccb16912f14e","isMergeCommit":false,"messageTitle":"Ensure that the file ends with newline and explicitly stated imports","messageBody":"","fileTypesAndContributionMap":{"functional-code":{"insertions":4,"deletions":7}}},{"hash":"170c72ae49e6abf4e6cbad885aa1e4f89208044c","isMergeCommit":true,"messageTitle":"Merge pull request #14 from brianchanshiyuan/branch-loading-file","messageBody":"Extracted the information from canteen.txt, and landmark.txt, storing the data in a hashmap.\nFixed the errors which caused merge checks to fail","fileTypesAndContributionMap":{}}]},{"date":"2025-03-14","commitResults":[{"hash":"199b67e8c2540daacc44b770ad305f2d96d6b874","isMergeCommit":false,"messageTitle":"Added Junit test case for ShowExitMessage","messageBody":"","fileTypesAndContributionMap":{"test-code":{"insertions":21,"deletions":0}}},{"hash":"80ec87632018fb766a81713e3b9f4d5dbdd5c4bd","isMergeCommit":false,"messageTitle":"Edited the test case\u0027s indentation","messageBody":"","fileTypesAndContributionMap":{"test-code":{"insertions":6,"deletions":4}}},{"hash":"822fd5ed2dc6b7b521def57fd9e9771cae8fea78","isMergeCommit":true,"messageTitle":"Merge pull request #18 from brianchanshiyuan/branch-Junit","messageBody":"Updated Junit testcase","fileTypesAndContributionMap":{}}]},{"date":"2025-03-15","commitResults":[{"hash":"c2742d293378e97d3323c46991b4c91a6e251282","isMergeCommit":false,"messageTitle":"added hostel.txt and otherbuilding.txt. added the code to read hostel.txt and otherbuilding.txt","messageBody":"","fileTypesAndContributionMap":{"functional-code":{"insertions":76,"deletions":0}}},{"hash":"009d488744373acd163b38c8d42ecf603bb921a4","isMergeCommit":false,"messageTitle":"Added CanteenMap and getter for canteenMap. Added getters for StallCharacteristics Added Junit tests to check if txt files are loaded correctly.","messageBody":"","fileTypesAndContributionMap":{"functional-code":{"insertions":27,"deletions":6},"test-code":{"insertions":119,"deletions":0}}},{"hash":"424e3f4ddd6c1a5b8c0aae9f236bd5237dfc7062","isMergeCommit":false,"messageTitle":"Fixed checkstyle issue","messageBody":"","fileTypesAndContributionMap":{"functional-code":{"insertions":1,"deletions":1}}},{"hash":"7fa4c01f0fb4accdc93d48ef04eb057721d5050d","isMergeCommit":false,"messageTitle":"Resolved checkstyle issues","messageBody":"","fileTypesAndContributionMap":{"functional-code":{"insertions":1,"deletions":1},"test-code":{"insertions":19,"deletions":7}}},{"hash":"0ab2d5605f20f1931d8d8cc4c21a416ee2539ee1","isMergeCommit":true,"messageTitle":"Merge pull request #24 from brianchanshiyuan/branch-buildings","messageBody":"Branch buildings","fileTypesAndContributionMap":{}}]},{"date":"2025-03-19","commitResults":[{"hash":"e99b31662440b244f6104452e9e1159dc7949d88","isMergeCommit":false,"messageTitle":"Added assertions. Change the message output when wrong commands are entered.","messageBody":"","fileTypesAndContributionMap":{"functional-code":{"insertions":1,"deletions":1},"test-code":{"insertions":32,"deletions":37}}},{"hash":"d0ac3df0a75203819f624ade1ebfdf62a38b53b5","isMergeCommit":true,"messageTitle":"Merge pull request #44 from brianchanshiyuan/branch-assertions","messageBody":"Added assertions.","fileTypesAndContributionMap":{}}]},{"date":"2025-03-20","commitResults":[{"hash":"a1d16e1e635b25df8b7bda7608d3103c6f66f9d8","isMergeCommit":false,"messageTitle":"Added assertions to Storage.java","messageBody":"","fileTypesAndContributionMap":{"functional-code":{"insertions":3,"deletions":1}}},{"hash":"edd327401330e6e7e7ee151bfb9375839e8bc221","isMergeCommit":true,"messageTitle":"Merge pull request #45 from brianchanshiyuan/branch-assertions2","messageBody":"Added assertions to Storage.java","fileTypesAndContributionMap":{}}]},{"date":"2025-03-21","commitResults":[{"hash":"d783b67fba842a061ce9d896f8651b83d0601219","isMergeCommit":false,"messageTitle":"New functions, getters, and setters, were addeds in Landmark.java. Added code in Storage.java to read the distance from the file and store it in hashmap.","messageBody":"","fileTypesAndContributionMap":{"functional-code":{"insertions":52,"deletions":7}}},{"hash":"3778a1e0889ce42e912af24ca39ad0d97cf6f69d","isMergeCommit":false,"messageTitle":"Added new Junit tests to test if distance is read and stored properly.","messageBody":"","fileTypesAndContributionMap":{"test-code":{"insertions":84,"deletions":0}}},{"hash":"781847191a3345761afbd1006a0aabbeec6858bd","isMergeCommit":true,"messageTitle":"Merge pull request #47 from brianchanshiyuan/branch-distance-add","messageBody":"Added code in Storage.java to read distance from canteen and store in hashmaps.\nAdded Junit tests in Storagetest.java to test that distance is read and stored appropriately.\nAdded getter and setter functions in Landmark.java","fileTypesAndContributionMap":{}}]},{"date":"2025-03-24","commitResults":[{"hash":"48f623324f2598d560347a240a363523f5993296","isMergeCommit":false,"messageTitle":"Added plantuml diagram and added information regarding Storage.java on developer guide","messageBody":"","fileTypesAndContributionMap":{"functional-code":{"insertions":27,"deletions":0},"docs":{"insertions":19,"deletions":0}}},{"hash":"6f6a89a39d9b25d4915cc4ae9908919556bbbcce","isMergeCommit":true,"messageTitle":"Merge pull request #58 from brianchanshiyuan/branch-dg","messageBody":"Added plantuml diagram and added information regarding Storage.java o…","fileTypesAndContributionMap":{}}]},{"date":"2025-03-25","commitResults":[{"hash":"753a8efb2a636e03b03d73b6159a7028c73e7c67","isMergeCommit":false,"messageTitle":"Refactored storage.class and changed the UML diagram.","messageBody":"","fileTypesAndContributionMap":{"functional-code":{"insertions":233,"deletions":154},"docs":{"insertions":1,"deletions":1}}},{"hash":"bd2e1c4e0ac33e60442bc6962deddb990d36dbca","isMergeCommit":false,"messageTitle":"Resolved checkstyle issues","messageBody":"","fileTypesAndContributionMap":{"functional-code":{"insertions":6,"deletions":4}}},{"hash":"8db5bf3c678e2293bbec1b2cb9ba991e4e30964b","isMergeCommit":true,"messageTitle":"Merge pull request #60 from brianchanshiyuan/branch-dg","messageBody":"Branch dg","fileTypesAndContributionMap":{}},{"hash":"cfc17e838de241aab5b6a16e8fe73466ac6484d4","isMergeCommit":false,"messageTitle":"Edited the DG portion on Storage.java","messageBody":"","fileTypesAndContributionMap":{"docs":{"insertions":23,"deletions":14}}},{"hash":"c4465d21182ccdd4321978688b471cefeed8fd3d","isMergeCommit":true,"messageTitle":"Merge pull request #62 from brianchanshiyuan/branch-dg","messageBody":"Edited the DG portion on Storage.java","fileTypesAndContributionMap":{}}]},{"date":"2025-04-01","commitResults":[{"hash":"3dcd0667a8187cc5e0fc7c0c577a02b78265d1b4","isMergeCommit":false,"messageTitle":"Added canteen search function","messageBody":"","fileTypesAndContributionMap":{"functional-code":{"insertions":46,"deletions":4}}},{"hash":"fb97c2fce9daac48e5b97a4aea09d2e8f9f0ae94","isMergeCommit":false,"messageTitle":"Added newline","messageBody":"","fileTypesAndContributionMap":{"functional-code":{"insertions":1,"deletions":1}}},{"hash":"c457b3faaeafb792a37cc89e54ddcb6ad92d7b65","isMergeCommit":true,"messageTitle":"Merge pull request #89 from brianchanshiyuan/branch-canteen-lookup-2","messageBody":"Branch canteen lookup 2","fileTypesAndContributionMap":{}}]},{"date":"2025-04-02","commitResults":[{"hash":"0e28dddad0946e67e7eac37c3304eaad1298f161","isMergeCommit":false,"messageTitle":"Manually added the data into ArrayList","messageBody":"","fileTypesAndContributionMap":{"functional-code":{"insertions":397,"deletions":26}}},{"hash":"4dc2e269a8670756e509d1d2cd5bcf34e7d0ebe1","isMergeCommit":false,"messageTitle":"Edited Storage.java to allow it to load based on the new structures of the other classes found in storage","messageBody":"","fileTypesAndContributionMap":{"functional-code":{"insertions":13,"deletions":34}}},{"hash":"0dc5819977797021e94b6ccaf914b8be8a37440b","isMergeCommit":true,"messageTitle":"Merge pull request #90 from brianchanshiyuan/branch-redo-storage","messageBody":"Branch redo storage","fileTypesAndContributionMap":{}},{"hash":"01d62481f1e078cb422c3d5b3b6905dc68e13b68","isMergeCommit":false,"messageTitle":"Edited developer guide and uml diagram for Storage","messageBody":"","fileTypesAndContributionMap":{"functional-code":{"insertions":0,"deletions":35},"docs":{"insertions":120,"deletions":24}}},{"hash":"e6d94382ac7246fa85c76324c86054246027e7f1","isMergeCommit":false,"messageTitle":"Refactored the code for all classes(accept storage.java)","messageBody":"","fileTypesAndContributionMap":{"functional-code":{"insertions":115,"deletions":206}}},{"hash":"d4509e3fbf800bf27235f9a7bea5e5b72d29c857","isMergeCommit":false,"messageTitle":"Changed the prompt displayed when the wrong canteen name is entered in canteen lookup function","messageBody":"","fileTypesAndContributionMap":{"functional-code":{"insertions":6,"deletions":7}}},{"hash":"3d772aa07ac4304f3ca14f86a93d432556c9bc3a","isMergeCommit":true,"messageTitle":"Merge pull request #92 from brianchanshiyuan/branch-cleanup","messageBody":"Branch cleanup","fileTypesAndContributionMap":{}}]},{"date":"2025-04-04","commitResults":[{"hash":"b8a7a5a7aa7f2cb888c2b4afae8bdd0c1770dd6b","isMergeCommit":false,"messageTitle":"Revert \"Merge pull request #111 from yiyang74/branch-Enhance-Canteen\"","messageBody":"This reverts commit 932778e21fcb3a9e1c7b41c81bc81e0c33768107, reversing\nchanges made to 6224959844edfcd4b5a1de610173fb3d0ece60fa.\n","fileTypesAndContributionMap":{"functional-code":{"insertions":8,"deletions":2}}},{"hash":"c24f510e9f0166b03054044086bc1c5582abad5c","isMergeCommit":false,"messageTitle":"Created DataRetriever.java","messageBody":"","fileTypesAndContributionMap":{"functional-code":{"insertions":229,"deletions":224}}},{"hash":"ba4a596cfb6d9c960a37b73dc4b7d0aef39da5e6","isMergeCommit":true,"messageTitle":"Merge pull request #113 from brianchanshiyuan/branch-slap","messageBody":"Branch slap","fileTypesAndContributionMap":{}}]},{"date":"2025-04-05","commitResults":[{"hash":"7e4b5a1d74cfdc9798a56aa5b48bee99ae10b4bc","isMergeCommit":false,"messageTitle":"Edited the introduction","messageBody":"","fileTypesAndContributionMap":{"docs":{"insertions":11,"deletions":3}}},{"hash":"fe23c564311c8d0a46d4b47a3bd517b24d051595","isMergeCommit":false,"messageTitle":"Added the dotted line instead of the solid line","messageBody":"","fileTypesAndContributionMap":{"docs":{"insertions":1,"deletions":1}}},{"hash":"fbedc345a604984eda8c6a82390b72ccd17837e1","isMergeCommit":false,"messageTitle":"Removed empty lines","messageBody":"","fileTypesAndContributionMap":{"functional-code":{"insertions":0,"deletions":2}}},{"hash":"5c27e079432da6234a73a9b8aeb3e6b09481c4d2","isMergeCommit":false,"messageTitle":"Changed the introduction message","messageBody":"","fileTypesAndContributionMap":{"functional-code":{"insertions":4,"deletions":3}}},{"hash":"7b21f036db493f6ddf8f1eead425ed513d4c3e04","isMergeCommit":false,"messageTitle":"Editted the plantuml diagram","messageBody":"","fileTypesAndContributionMap":{"docs":{"insertions":58,"deletions":83}}},{"hash":"3dee9e86d8d5c537de8287dd02033c2db3bff6c0","isMergeCommit":false,"messageTitle":"Edited DG for Storage","messageBody":"","fileTypesAndContributionMap":{"docs":{"insertions":4,"deletions":4}}},{"hash":"cf18dcc37da4021e87e313b230014d35e19c14fc","isMergeCommit":false,"messageTitle":"Removed input for input.txt","messageBody":"Editted the uml diagram for storage code\n","fileTypesAndContributionMap":{"docs":{"insertions":27,"deletions":23}}},{"hash":"835b47c874ef43b251a2ff3ccca9ce90c360b424","isMergeCommit":true,"messageTitle":"Merge pull request #194 from brianchanshiyuan/branch-fix-bugs","messageBody":"Branch fix bugs","fileTypesAndContributionMap":{}}]},{"date":"2025-04-06","commitResults":[{"hash":"78dbde690947fd3d6fb5da653ad4221ad05377fa","isMergeCommit":false,"messageTitle":"Added PPP","messageBody":"","fileTypesAndContributionMap":{"docs":{"insertions":41,"deletions":0}}},{"hash":"5be3914ad43e924351faef40ffebd5ebc12475b4","isMergeCommit":true,"messageTitle":"Merge pull request #200 from brianchanshiyuan/branch-ppp","messageBody":"Added PPP","fileTypesAndContributionMap":{}}]},{"date":"2025-04-07","commitResults":[{"hash":"2e588170b12558d2748f8e520f4f0d329fff66f4","isMergeCommit":false,"messageTitle":"Edited CanteenFinder to developerguide","messageBody":"","fileTypesAndContributionMap":{"docs":{"insertions":51,"deletions":2}}},{"hash":"7403e4874ab494276bb19dc2afe1ea6099898ff2","isMergeCommit":true,"messageTitle":"Merge pull request #202 from brianchanshiyuan/branch-dg-canteenlookup","messageBody":"Edited CanteenFinder to developerguide","fileTypesAndContributionMap":{}}]}],"lakshm1i":[{"date":"2025-03-05","commitResults":[{"hash":"16e889863f3951b315d726b1bdeee765c87e3409","isMergeCommit":false,"messageTitle":"added my name to the portfolio","messageBody":"","fileTypesAndContributionMap":{"docs":{"insertions":4,"deletions":7}}},{"hash":"0e1e20baa3ba606d5ac15d4be2e1e3e5f88980d5","isMergeCommit":false,"messageTitle":"added name 2.0","messageBody":"","fileTypesAndContributionMap":{"docs":{"insertions":3,"deletions":3}}},{"hash":"037c00c5b3209d363150e62f9f5f6a517c64959c","isMergeCommit":true,"messageTitle":"Merge branch \u0027master\u0027 of https://github.com/AY2425S2-CS2113-W12-2/tp into Lakshmi-AboutUs","messageBody":"* \u0027master\u0027 of https://github.com/AY2425S2-CS2113-W12-2/tp:\n  Fix 4\n  Fix 3\n  Fix 2\n  Fix Test\n  Update AboutUs.md\n  Update AboutUs.md\n  Added name\n\n# Conflicts:\n#\tdocs/AboutUs.md\n","fileTypesAndContributionMap":{}},{"hash":"e242ed9e9f796c22cd3fddfb3a8716d238dd7778","isMergeCommit":true,"messageTitle":"Merge pull request #7 from lakshm1i/Lakshmi-AboutUs","messageBody":"has lakshmi,keerthana,yiyang name","fileTypesAndContributionMap":{}}]},{"date":"2025-03-17","commitResults":[{"hash":"85faf151263e9b3a9bfb09a80623e64dd9d93434","isMergeCommit":true,"messageTitle":"Merge pull request #1 from AY2425S2-CS2113-W12-2/master","messageBody":"Updated master lakshmi","fileTypesAndContributionMap":{}},{"hash":"f3478c793566a9d65e591ee4a73e029040ce5280","isMergeCommit":false,"messageTitle":"added budget package which includes Budget class and Budgetparser. have implemented budget into Navi main","messageBody":"","fileTypesAndContributionMap":{"functional-code":{"insertions":126,"deletions":2}}},{"hash":"956182de06a26136f58200d2c92e2acd59faf952","isMergeCommit":true,"messageTitle":"Merge branch \u0027master\u0027 of https://github.com/lakshm1i/tp","messageBody":"* \u0027master\u0027 of https://github.com/lakshm1i/tp:\n","fileTypesAndContributionMap":{}},{"hash":"48660211b002244279adf685cc1daf1e5fea59c8","isMergeCommit":true,"messageTitle":"Merge pull request #27 from lakshm1i/master","messageBody":"added budget package","fileTypesAndContributionMap":{}},{"hash":"cd9a0dba553a7e94e50b5f9ae0bdcf1c82194bb9","isMergeCommit":false,"messageTitle":"solved an pr error","messageBody":"","fileTypesAndContributionMap":{"functional-code":{"insertions":0,"deletions":1}}},{"hash":"c88f68928263ffe403a148d66491a29be6c7f9e3","isMergeCommit":false,"messageTitle":"fixed intendation problems","messageBody":"","fileTypesAndContributionMap":{"functional-code":{"insertions":13,"deletions":14}}},{"hash":"f174aa676686fa2c2234dda16a79d2eb0df37ddf","isMergeCommit":false,"messageTitle":"fixed build errors, like indentation","messageBody":"","fileTypesAndContributionMap":{"functional-code":{"insertions":29,"deletions":29}}},{"hash":"3a657f215477136457e4adf485da072515c88e13","isMergeCommit":true,"messageTitle":"Merge pull request #29 from lakshm1i/master","messageBody":"After clearing merge errors","fileTypesAndContributionMap":{}}]},{"date":"2025-03-18","commitResults":[{"hash":"a36499cecee2c99c5007e8fa7a14c11a6367bf7a","isMergeCommit":false,"messageTitle":"Delete previously comitted code as it was done wrongly in master branch","messageBody":"-delete budget package with budget and budgetparser\n","fileTypesAndContributionMap":{"functional-code":{"insertions":4,"deletions":123}}},{"hash":"4ecaa6ba1eb8e5f24ad3d8eca952a12263f46fbe","isMergeCommit":true,"messageTitle":"Merge branch \u0027master\u0027 into master","messageBody":"","fileTypesAndContributionMap":{}},{"hash":"fd4d67328a2da1faa39b882bfd026268be81a283","isMergeCommit":false,"messageTitle":"Update Navi.java to fix errors from pull request","messageBody":"","fileTypesAndContributionMap":{"functional-code":{"insertions":5,"deletions":12}}},{"hash":"bff2bbf99c3dd03f399a9347fc26d3c1e74a864f","isMergeCommit":false,"messageTitle":"Update Navi.java to fix errors from pull request part 2","messageBody":"","fileTypesAndContributionMap":{"functional-code":{"insertions":1,"deletions":1}}},{"hash":"356633d34d3f0d3409691f46e1cdb6a81e1e9dd8","isMergeCommit":false,"messageTitle":"Delete old commits did in master branch, fixed some pull request errors","messageBody":"","fileTypesAndContributionMap":{"functional-code":{"insertions":20,"deletions":11}}},{"hash":"83e3064aa25cf49ac552f10030f3a66a9c96b933","isMergeCommit":true,"messageTitle":"resolve merger conflicts from Merge branch \u0027master\u0027 of https://github.com/AY2425S2-CS2113-W12-2/tp","messageBody":"* \u0027master\u0027 of https://github.com/AY2425S2-CS2113-W12-2/tp:\n  Fix Checkstyle violation by avoiding star import_1\n  Fix Checkstyle violation by avoiding star import\n  Used JUnit\n  indentation\n  Resolve JUnit test errors\n  Add exit feature for canteen finder\n  Modify canteenfinder to have more OOP\n  Edit canteen names in data\n  Updated changes\n  Done Favorites\n\n# Conflicts:\n#\tsrc/main/java/seedu/navi/Navi.java\n","fileTypesAndContributionMap":{}},{"hash":"17413f1dc44f66509ae9d2978a50bcb548a9ec1e","isMergeCommit":true,"messageTitle":"Resolve merge conflictsMerge branch \u0027master\u0027 of https://github.com/lakshm1i/tp","messageBody":"* \u0027master\u0027 of https://github.com/lakshm1i/tp:\n  Update Navi.java to fix errors from pull request part 2\n  Update Navi.java to fix errors from pull request\n\n# Conflicts:\n#\tsrc/main/java/seedu/navi/Navi.java\n","fileTypesAndContributionMap":{}},{"hash":"16c48badb66f3c243787019d4a7f5f3d00cfc852","isMergeCommit":false,"messageTitle":"Fix build errors due to indentation","messageBody":"","fileTypesAndContributionMap":{"functional-code":{"insertions":4,"deletions":8}}},{"hash":"f73346e81c93012ebf3fca52b6645dcaf23e5c5b","isMergeCommit":true,"messageTitle":"Merge pull request #35 from lakshm1i/master","messageBody":"Delete previously comitted code as it was done wrongly in master branch","fileTypesAndContributionMap":{}},{"hash":"1f416efbea68eb53466287f4213b2b9837e4770b","isMergeCommit":false,"messageTitle":"Add budget feature to track expenses","messageBody":"-add budget package with classes: budget and budgetparser\n-add budget for the day\n-deduct expenses for the day\n-view money spent daily and monthly, budget left for the day\n","fileTypesAndContributionMap":{"functional-code":{"insertions":125,"deletions":7}}},{"hash":"f8d966bc4c7b191d64defea9693caf0d605fe084","isMergeCommit":true,"messageTitle":"Merge pull request #38 from lakshm1i/Lakshmi-Budget","messageBody":"Add budget feature to track expenses","fileTypesAndContributionMap":{}},{"hash":"adbeba058c0a0bdb0a8b2ffe534a7b4f4b1d23a2","isMergeCommit":true,"messageTitle":"Merge branch \u0027Lakshmi-Budget\u0027","messageBody":"* Lakshmi-Budget:\n  Add budget feature to track expenses\n","fileTypesAndContributionMap":{}},{"hash":"c284531719775ec8e21c64393ef1fbbe87e8b4ee","isMergeCommit":false,"messageTitle":"Add some Junit tests+ add getters in budget class","messageBody":"","fileTypesAndContributionMap":{"functional-code":{"insertions":13,"deletions":0},"test-code":{"insertions":54,"deletions":0}}},{"hash":"46a7cea5adc7ffea29498a81faa9648d05894294","isMergeCommit":false,"messageTitle":"Fix merge pr errors due to junit imports","messageBody":"","fileTypesAndContributionMap":{"test-code":{"insertions":2,"deletions":1}}},{"hash":"6f1c1f06b6f3a294fe3f24cf85b169b1764b62fa","isMergeCommit":true,"messageTitle":"Merge pull request #40 from lakshm1i/Lakshmi-Junit2","messageBody":"Lakshmi Junit","fileTypesAndContributionMap":{}}]},{"date":"2025-03-21","commitResults":[{"hash":"0beeec657f36fc855289510033174a297e40a40b","isMergeCommit":false,"messageTitle":"Budget class: Add assertions, logging and exceptions BudgetTest: Edit to follow the assertions of budget class","messageBody":"- Added getter methods with assertions to ensure non-negative values for daily budget, expenses, and monthly total.\n- Included input validation to handle negative values and insufficient budget scenarios.\n- Added logging for budget changes and expense tracking.\n","fileTypesAndContributionMap":{"functional-code":{"insertions":24,"deletions":11},"test-code":{"insertions":60,"deletions":22}}},{"hash":"17b57d57b8b3c473da125dc8314e84250000677e","isMergeCommit":false,"messageTitle":"Budget: Edit style issue caused by exceeding maximum charecters in a line","messageBody":"","fileTypesAndContributionMap":{"functional-code":{"insertions":10,"deletions":5}}},{"hash":"40241ac861681ad2fc310d4094f5bd5877997224","isMergeCommit":true,"messageTitle":"Merge pull request #46 from lakshm1i/Lakshmi-Assertions","messageBody":"Budget class: Add assertions, logging and exceptions","fileTypesAndContributionMap":{}}]},{"date":"2025-03-22","commitResults":[{"hash":"8f8058189d575840684902442115f172ea5a4a24","isMergeCommit":false,"messageTitle":"Budgetparser: add line seperators for my output. Budget: remove logging","messageBody":"-removed logging as it wasnt neccessary\n-added catch in budgetparser to catch my exceptions in budget\n-added line seperators before and after my output\n","fileTypesAndContributionMap":{"functional-code":{"insertions":39,"deletions":21}}},{"hash":"0f06d0ac008657813eefb719420a587e270ff903","isMergeCommit":false,"messageTitle":"BudgetTest: adjust expected output","messageBody":"","fileTypesAndContributionMap":{"test-code":{"insertions":1,"deletions":1}}},{"hash":"b78822b5732dcdec465d75fc5140c8f5f6ad768a","isMergeCommit":true,"messageTitle":"Merge pull request #48 from lakshm1i/Lakshmi-Budget-style","messageBody":"Budgetparser: add line seperators for my output. Budget: remove logging","fileTypesAndContributionMap":{}}]},{"date":"2025-03-24","commitResults":[{"hash":"baa8733d17fe1c69967f1a27dae2798010ad85b6","isMergeCommit":false,"messageTitle":"Add improvements to Budget feature","messageBody":"-save and load data\n-replaced daily budget with weekly budget\n-added weeklyexpenses\n-added option to carry over last weeks remaining budget\n","fileTypesAndContributionMap":{"functional-code":{"insertions":120,"deletions":26},"test-code":{"insertions":6,"deletions":6}}},{"hash":"20ddc4ce99e9eadddf2e6d6bebd17acb57d8a1e3","isMergeCommit":false,"messageTitle":"Edit budget, budgetparser and budgettest to work more accurately","messageBody":"Budgetparser: Update logic of carrying over budget to next week\nBudget: Add some functions for budgettest to work better and for reset function to work better, add getweeklyexpenses\nBudgetTest: Update testcases according to new features\n","fileTypesAndContributionMap":{"functional-code":{"insertions":48,"deletions":14},"test-code":{"insertions":101,"deletions":61}}},{"hash":"c6017d97aec7e807bacc82544c0a666b07fc9aed","isMergeCommit":false,"messageTitle":"Fix CheckStyle error in BudgetTest such as order of variable and constructor","messageBody":"","fileTypesAndContributionMap":{"test-code":{"insertions":8,"deletions":6}}},{"hash":"24726c0b14fed4f524d3142494756d5b21a7be9f","isMergeCommit":true,"messageTitle":"Merge pull request #54 from lakshm1i/Lakshmi-Budget2.0","messageBody":"Add improvements to Budget feature","fileTypesAndContributionMap":{}}]},{"date":"2025-03-27","commitResults":[{"hash":"3bd9f3a09fc12de016f218bdb21b2745a1e18a6f","isMergeCommit":false,"messageTitle":"Did developer guide for budget feature","messageBody":"","fileTypesAndContributionMap":{"docs":{"insertions":64,"deletions":0}}},{"hash":"0115740f0e177599793eea515577af85f341e4d2","isMergeCommit":false,"messageTitle":"Fix compilation error","messageBody":"","fileTypesAndContributionMap":{"functional-code":{"insertions":1,"deletions":1}}},{"hash":"389cd43ebe79f4c0050f947c87c446f8110802cd","isMergeCommit":true,"messageTitle":"Merge pull request #66 from lakshm1i/Lakshmi-DG","messageBody":"Did developer guide for budget feature","fileTypesAndContributionMap":{}}]},{"date":"2025-03-30","commitResults":[{"hash":"22adcc16e56dbbe56ab87762ff8249a3a1b71551","isMergeCommit":false,"messageTitle":"Merge remote-tracking branch \u0027upstream/master\u0027","messageBody":"# Conflicts:\n#\tsrc/main/java/seedu/navi/Navi.java\n","fileTypesAndContributionMap":{"functional-code":{"insertions":575,"deletions":349},"other":{"insertions":76,"deletions":74},"docs":{"insertions":336,"deletions":39},"test-code":{"insertions":186,"deletions":46}}},{"hash":"90264ef903ae8ad6d0c77a4718891d1542a9678f","isMergeCommit":true,"messageTitle":"Merge remote-tracking branch \u0027upstream/master\u0027","messageBody":"# Conflicts:\n#\tdocs/DeveloperGuide.md\n","fileTypesAndContributionMap":{}},{"hash":"02a6527736a144781294afc5a684a85f15acfa31","isMergeCommit":false,"messageTitle":"Update developer guide for budget feature. Insert UML diagram for adding budget","messageBody":"","fileTypesAndContributionMap":{"docs":{"insertions":55,"deletions":65}}},{"hash":"eac5bd68c6b38cd7b08289c4614a2b29dc5b66b1","isMergeCommit":true,"messageTitle":"Merge pull request #76 from lakshm1i/Lakshmi-DG2","messageBody":"Lakshmi dg2","fileTypesAndContributionMap":{}},{"hash":"599b38ca7fb719467a1fc86f7cf2373827641660","isMergeCommit":false,"messageTitle":"Update developer guide and create user guide, for budget feature.","messageBody":"","fileTypesAndContributionMap":{"functional-code":{"insertions":7,"deletions":8},"docs":{"insertions":118,"deletions":9}}},{"hash":"0901e3a5102d56423e1412db11927a1ed6a120b6","isMergeCommit":true,"messageTitle":"Merge pull request #79 from lakshm1i/Lakshmi-DG3UG1","messageBody":"Update developer guide and create user guide, for budget feature.","fileTypesAndContributionMap":{}}]},{"date":"2025-03-31","commitResults":[{"hash":"c636529098d87f681d913e675aba1b30e077bc76","isMergeCommit":false,"messageTitle":"Start on PPP and add command summary in user guide","messageBody":"","fileTypesAndContributionMap":{"docs":{"insertions":88,"deletions":1}}},{"hash":"b5456b28b3a70933f88f8c43f0f88f56a315655e","isMergeCommit":true,"messageTitle":"Merge pull request #80 from lakshm1i/Lakshmi-PPP","messageBody":"Start on PPP and add command summary in user guide","fileTypesAndContributionMap":{}}]},{"date":"2025-04-03","commitResults":[{"hash":"84f45fb2cadb76f9e1cfdbaf81b7070adcfe2126","isMergeCommit":false,"messageTitle":"Update developer guide budget feature","messageBody":"by adding class diagram and editing sequence diagram\n","fileTypesAndContributionMap":{"functional-code":{"insertions":1,"deletions":1},"docs":{"insertions":101,"deletions":28}}},{"hash":"071e1f56297156ae88e4ac020fcb7ef836c95f40","isMergeCommit":true,"messageTitle":"Merge pull request #106 from lakshm1i/Lakshmi-DG5","messageBody":"Update developer guide budget feature","fileTypesAndContributionMap":{}},{"hash":"299ca5e04bdbadd0962725854203adb02f6e58f2","isMergeCommit":false,"messageTitle":"Edit budget class","messageBody":"changed logic of finding if its a new week, to reset weekly budget and weekly expenses\n","fileTypesAndContributionMap":{"functional-code":{"insertions":14,"deletions":7}}},{"hash":"be89b41abbcff68e3b110808b52b7abc88bd146c","isMergeCommit":true,"messageTitle":"Merge pull request #107 from lakshm1i/Lakshmi-budget3","messageBody":"Edit budget class","fileTypesAndContributionMap":{}}]},{"date":"2025-04-05","commitResults":[{"hash":"4b4d8eca6385eed565a30f7a87a4b1c87b0064b2","isMergeCommit":false,"messageTitle":"fix issue 122 in budget, there was mistake in error message","messageBody":"","fileTypesAndContributionMap":{"functional-code":{"insertions":4,"deletions":4}}},{"hash":"b5cfc425042b41346a1aa8d968de0d2a24cae2b7","isMergeCommit":false,"messageTitle":"fix error in budgettest","messageBody":"","fileTypesAndContributionMap":{"test-code":{"insertions":1,"deletions":1}}},{"hash":"eb469bca7b3e55d7f68ef8f43c234c72939e15c1","isMergeCommit":true,"messageTitle":"Merge pull request #187 from lakshm1i/Lakshmi-i122","messageBody":"fix issue 122 in budget, there was mistake in error message","fileTypesAndContributionMap":{}},{"hash":"e05cd72b312ded00757f5c45775e2d548eeb99b0","isMergeCommit":false,"messageTitle":"Fix errors in budget feature regarding different type of exceptions and error messages","messageBody":"-removed emojies from all outputs\n-handled different type of errors and ensure the error message is accurate (when amount is blank, negative, non-number, exceed double limit)\n","fileTypesAndContributionMap":{"functional-code":{"insertions":35,"deletions":10}}},{"hash":"75ab4d6cee4150e11d55fcf605b46b022c505dcc","isMergeCommit":true,"messageTitle":"Merge pull request #188 from lakshm1i/Lakshmi-budgetfix","messageBody":"Fix errors in budget feature regarding exceptions and error output messages ","fileTypesAndContributionMap":{}},{"hash":"4dfc36615432c4e2c24dc2d5713005b632803552","isMergeCommit":false,"messageTitle":"Improve user guide","messageBody":"-made instructions clearer on how to enter the different features\n-added hyperlinks for headers and other appropriate places\n-added tips for add,deduct and view to inform them more information on the parameters\n","fileTypesAndContributionMap":{"docs":{"insertions":104,"deletions":90}}},{"hash":"dc3efa5a98598bcd3778ed4d68344be94f761f0d","isMergeCommit":true,"messageTitle":"Merge pull request #189 from lakshm1i/Lakshmi-ugfix","messageBody":"Improve user guide","fileTypesAndContributionMap":{}},{"hash":"920520560118af5e532c88d6f8bd667c7c3ea1d9","isMergeCommit":false,"messageTitle":"Fix budget weekly budget/expense reset errors, redo junit test","messageBody":"-changed logic of checking if its new week (doesnt have to be just monday)\n-changed the order of resetting expenses and budget\n-changed the junit test accordingly to new code logic\n","fileTypesAndContributionMap":{"functional-code":{"insertions":18,"deletions":9},"test-code":{"insertions":20,"deletions":22}}},{"hash":"de6a96816df352c1a478362b124d6454a7f1ba9f","isMergeCommit":true,"messageTitle":"Merge pull request #193 from lakshm1i/Lakshmi-budgetreset","messageBody":"Fix budget weekly budget/expense reset errors, redo junit test","fileTypesAndContributionMap":{}},{"hash":"e74956bfe27323ad10e65a8a62e372b96971d061","isMergeCommit":false,"messageTitle":"Improve developer guide and sequence diagram","messageBody":"-Added user stories related to budget features\n-Removed class diagram, as I thought it was uncessary and my explanations are enough\n-Added instructions for manual testing of budget features including the resets of expenses/budget\n-Changed output to be represented by dotted lines in sequence diagram\n","fileTypesAndContributionMap":{"docs":{"insertions":55,"deletions":72}}},{"hash":"a059e261b4a299ec2e518f82ad64dd3ff6f811df","isMergeCommit":true,"messageTitle":"Merge branch \u0027master\u0027 into Lakshmi-dgfix","messageBody":"","fileTypesAndContributionMap":{}},{"hash":"c0ba96bdd99f9381db99fc22c69b5dc442da7be9","isMergeCommit":true,"messageTitle":"Merge pull request #195 from lakshm1i/Lakshmi-dgfix","messageBody":"Improve developer guide and sequence diagram","fileTypesAndContributionMap":{}}]}],"yiyang74":[{"date":"2025-02-26","commitResults":[{"hash":"08957eae392e46e9dc5011eb20191a6830afc1e8","isMergeCommit":false,"messageTitle":"Change name from Duke to Navi","messageBody":"","fileTypesAndContributionMap":{"other":{"insertions":4,"deletions":8}}},{"hash":"3633169f77b50ba7215c0797e2fff37354332434","isMergeCommit":true,"messageTitle":"Merge pull request #1 from yiyang74/branch-Change-Name","messageBody":"Change name from Duke to Navi","fileTypesAndContributionMap":{}}]},{"date":"2025-03-05","commitResults":[{"hash":"6512fae976172b1a01c99a1e2626cef9555044d6","isMergeCommit":false,"messageTitle":"Update AboutUs.md","messageBody":"","fileTypesAndContributionMap":{"docs":{"insertions":3,"deletions":7}}},{"hash":"75a1053e294ba26fd38875f7647381d64205a452","isMergeCommit":false,"messageTitle":"Update AboutUs.md","messageBody":"","fileTypesAndContributionMap":{"docs":{"insertions":3,"deletions":3}}},{"hash":"59b2acb85c7a2ec978e5bf2c8e2cdea763d4edd6","isMergeCommit":true,"messageTitle":"Merge pull request #4 from yiyang74/Yiyang-AboutUs","messageBody":"Yiyang about us","fileTypesAndContributionMap":{}}]},{"date":"2025-03-07","commitResults":[{"hash":"ccccc3ab8d7d2e8d790562a6e8c67b0460c33eb9","isMergeCommit":true,"messageTitle":"Merge pull request #8 from brianchanshiyuan/BrianChan-AboutUs","messageBody":"Brian chan about us","fileTypesAndContributionMap":{}}]},{"date":"2025-03-09","commitResults":[{"hash":"7d5f427ba81d1754eb49bf6f9ddd082da7f40673","isMergeCommit":false,"messageTitle":"Rename seedu.duke to seedu.navi","messageBody":"","fileTypesAndContributionMap":{"other":{"insertions":2,"deletions":2},"docs":{"insertions":0,"deletions":2}}},{"hash":"73360c966afdcba21f8449b20a790233558d75ed","isMergeCommit":false,"messageTitle":"Rename duke to navi in build.gradle","messageBody":"","fileTypesAndContributionMap":{"other":{"insertions":2,"deletions":2}}},{"hash":"f89ae9afb6b1e8a6a14c35706ffebb1dab18e9da","isMergeCommit":true,"messageTitle":"Merge pull request #9 from yiyang74/branch-Rename-seedu","messageBody":"Branch rename seedu","fileTypesAndContributionMap":{}},{"hash":"d2f15fd511b95d945c6ce0e8bc6fe51f4fc376d7","isMergeCommit":false,"messageTitle":"Add classes for faculties, buildings, canteens and stalls in NUS","messageBody":"","fileTypesAndContributionMap":{"functional-code":{"insertions":100,"deletions":0}}},{"hash":"2c82cf1e4ba14552bf4eb95e1d3135a078255911","isMergeCommit":false,"messageTitle":"Remove Faculty class Add Landmark abstract class Add Building, Hostel and OtherBuildings that extends Landmark Modify NUS class accordingly to above changes","messageBody":"","fileTypesAndContributionMap":{"functional-code":{"insertions":65,"deletions":40}}}]},{"date":"2025-03-10","commitResults":[{"hash":"155dd24d42fdcf6aa9bf50c0718f98d88bc5f919","isMergeCommit":false,"messageTitle":"Modify Canteen, Stall, StallCharacteristic classes","messageBody":"","fileTypesAndContributionMap":{"functional-code":{"insertions":103,"deletions":54}}},{"hash":"6d6058f0e4424000e456263163320fb6aae4df59","isMergeCommit":true,"messageTitle":"Merge pull request #10 from yiyang74/branch-Add-Landmarks","messageBody":"Branch add landmarks","fileTypesAndContributionMap":{}}]},{"date":"2025-03-12","commitResults":[{"hash":"85fc4d55dc0321444dc14864248bee1fee564e46","isMergeCommit":false,"messageTitle":"Remove Canteen List from NUS Change Building class to Faculty Resolve checkstyle errors","messageBody":"","fileTypesAndContributionMap":{"functional-code":{"insertions":4,"deletions":9},"other":{"insertions":2,"deletions":2}}},{"hash":"69e32248dbf75a7a164322c96b42aa44340ab09c","isMergeCommit":false,"messageTitle":"Change EXPECTED and INPUT to match ACTUAL","messageBody":"","fileTypesAndContributionMap":{"functional-code":{"insertions":2,"deletions":2}}},{"hash":"abff029ddad67e22e1a0516fe7604241167f61d6","isMergeCommit":true,"messageTitle":"Merge pull request #12 from yiyang74/branch-Change_Attributes","messageBody":"Remove Canteen List from NUS","fileTypesAndContributionMap":{}}]},{"date":"2025-03-14","commitResults":[{"hash":"2a46c8eab733180a19f09f10fc1184d95ee185bd","isMergeCommit":false,"messageTitle":"Remove CanteenStallPair.java class","messageBody":"","fileTypesAndContributionMap":{"functional-code":{"insertions":0,"deletions":23}}},{"hash":"8f9eac81195b375930e24187c71d9ad67fbd92a0","isMergeCommit":false,"messageTitle":"Move load data code in Faculty.java to a new class Storage.java Add Storage method call in NUS.java","messageBody":"","fileTypesAndContributionMap":{"functional-code":{"insertions":92,"deletions":115}}},{"hash":"b3e8c3a2d437e4c6a8a9d06a3b80906c437477bc","isMergeCommit":false,"messageTitle":"Resolve checkstyle errors","messageBody":"","fileTypesAndContributionMap":{"functional-code":{"insertions":2,"deletions":69}}},{"hash":"af4940e58ff931a5d2714a509157077f844a6b3d","isMergeCommit":true,"messageTitle":"Merge pull request #15 from yiyang74/branch_Coding_Standard","messageBody":"Branch coding standard","fileTypesAndContributionMap":{}},{"hash":"d8c0d39b80334e561597cc2dd90b4729230022dc","isMergeCommit":false,"messageTitle":"Move storage package to seedu.navi package Change logo formatting","messageBody":"","fileTypesAndContributionMap":{"functional-code":{"insertions":16,"deletions":21},"other":{"insertions":15,"deletions":15}}},{"hash":"8c37968cb2263c97632c55f448e8a2b5a6c534f0","isMergeCommit":false,"messageTitle":"Add simple search feature","messageBody":"","fileTypesAndContributionMap":{"functional-code":{"insertions":88,"deletions":1}}},{"hash":"4c6a9606a6b8b56af449f0f01b37028327f6fbbc","isMergeCommit":false,"messageTitle":"Add exception classes under exception package Add text ui class under textui package Edit some text codes","messageBody":"","fileTypesAndContributionMap":{"functional-code":{"insertions":28,"deletions":6}}},{"hash":"ce8a266b2e40c06f6a3b0676df1bc07813d98a62","isMergeCommit":false,"messageTitle":"Remove blank lines in canteen.txt","messageBody":"","fileTypesAndContributionMap":{"functional-code":{"insertions":2,"deletions":0}}},{"hash":"e4729160eb0dd57767e088af3b70c99b69de4483","isMergeCommit":false,"messageTitle":"Add some print statements as TextUi methods","messageBody":"","fileTypesAndContributionMap":{"functional-code":{"insertions":24,"deletions":11}}},{"hash":"fab7773893a87481ac30df1b53d7660b62bbb5cc","isMergeCommit":true,"messageTitle":"Merge pull request #16 from yiyang74/branch-Simple-Search","messageBody":"Branch simple search","fileTypesAndContributionMap":{}},{"hash":"735d55f37585dcc6e63ff5963200cea00df44e84","isMergeCommit":false,"messageTitle":"Add 3 JUnit tests for canteen finder","messageBody":"","fileTypesAndContributionMap":{"test-code":{"insertions":64,"deletions":0}}},{"hash":"443e46489454681c44365023d319160d02f41c96","isMergeCommit":false,"messageTitle":"Resolve checkstyle error","messageBody":"","fileTypesAndContributionMap":{"test-code":{"insertions":3,"deletions":1}}},{"hash":"00e81be8fe0d110e81ed38106e3884009f991d55","isMergeCommit":true,"messageTitle":"Merge pull request #19 from yiyang74/branch-Add-JUnit","messageBody":"Add 3 JUnit tests for canteen finder","fileTypesAndContributionMap":{}},{"hash":"c04c3b8f404112c63731c6d1f0378eabb7e920f3","isMergeCommit":false,"messageTitle":"Enhance simple search to search according to dietary restrictions","messageBody":"","fileTypesAndContributionMap":{"functional-code":{"insertions":61,"deletions":52}}},{"hash":"1033bb27a9bb158df4843b8924fb2621cd97f2e9","isMergeCommit":false,"messageTitle":"Add JUnit tests for Dietary Search Resolve checkstyle errors","messageBody":"","fileTypesAndContributionMap":{"functional-code":{"insertions":16,"deletions":6},"test-code":{"insertions":27,"deletions":40}}},{"hash":"a32185f2939015539db0ba5ed49590f7b5b006a5","isMergeCommit":true,"messageTitle":"Merge pull request #20 from yiyang74/branch-Dietary-Search","messageBody":"Branch dietary search","fileTypesAndContributionMap":{}}]},{"date":"2025-03-16","commitResults":[{"hash":"5ddad7cdaaa91e3db095cb05b1e4823bab0e4dc0","isMergeCommit":false,"messageTitle":"Improve coding standard","messageBody":"","fileTypesAndContributionMap":{"functional-code":{"insertions":27,"deletions":34}}},{"hash":"f91a742d2941ed981b87081a48a05b02fba0bbf5","isMergeCommit":false,"messageTitle":"Modify CanteenFinder to work with new data Add JUnit tests to test new modifications","messageBody":"","fileTypesAndContributionMap":{"functional-code":{"insertions":46,"deletions":6},"test-code":{"insertions":78,"deletions":2}}},{"hash":"4cc4898a499e79775ad087f932c325a585fe336f","isMergeCommit":false,"messageTitle":"Integrate CanteenFinder with main code Edit Navi and TextUi respectively Add some exception handling","messageBody":"","fileTypesAndContributionMap":{"functional-code":{"insertions":179,"deletions":19},"test-code":{"insertions":2,"deletions":2}}},{"hash":"b47eb71fb3f2be39c8aa97a16a67336fbb9e14ee","isMergeCommit":false,"messageTitle":"Resolve checkstyle and JUnit tests errors","messageBody":"","fileTypesAndContributionMap":{"test-code":{"insertions":6,"deletions":3}}},{"hash":"27a47f40b8b568284bb03df677927519e7b1f162","isMergeCommit":true,"messageTitle":"Merge pull request #25 from yiyang74/branch-Integrate-CanteenFinder","messageBody":"Branch integrate canteen finder","fileTypesAndContributionMap":{}}]},{"date":"2025-03-17","commitResults":[{"hash":"fc3a18b60fffd29127a363fbc77c2e557d14439c","isMergeCommit":false,"messageTitle":"Enable assertions in build.gradle Add assertions in canteenfinder","messageBody":"","fileTypesAndContributionMap":{"functional-code":{"insertions":16,"deletions":4},"other":{"insertions":4,"deletions":0}}},{"hash":"64dae32d4143f1351b7a2d8980fc7e784cce50fd","isMergeCommit":true,"messageTitle":"Merge pull request #26 from yiyang74/branch-Add-Assertions","messageBody":"Enable assertions in build.gradle","fileTypesAndContributionMap":{}},{"hash":"d35cb0206ff43f4e7c185670d13db4b57f2eb783","isMergeCommit":false,"messageTitle":"Modify canteenfinder to have more OOP","messageBody":"","fileTypesAndContributionMap":{"functional-code":{"insertions":123,"deletions":98}}},{"hash":"17770cd3f1803354b6e858858475f06f3f272b7f","isMergeCommit":false,"messageTitle":"Add exit feature for canteen finder","messageBody":"","fileTypesAndContributionMap":{"functional-code":{"insertions":32,"deletions":13}}},{"hash":"a4010b0e2147c49d3f02ea5fb55dd6f33409e695","isMergeCommit":false,"messageTitle":"Resolve JUnit test errors","messageBody":"","fileTypesAndContributionMap":{"test-code":{"insertions":12,"deletions":12}}},{"hash":"6c3cff1daeffae5dbeb035609b9e6761b65e709e","isMergeCommit":true,"messageTitle":"Merge pull request #30 from yiyang74/branch-Add-Exit-Feature","messageBody":"Branch add exit feature","fileTypesAndContributionMap":{}}]},{"date":"2025-03-23","commitResults":[{"hash":"197030d808b00e32dbd0bda182d51dcefd19c705","isMergeCommit":false,"messageTitle":"Rename CanteenFinder and CanteenFinderParser","messageBody":"","fileTypesAndContributionMap":{"functional-code":{"insertions":200,"deletions":200},"other":{"insertions":15,"deletions":15},"test-code":{"insertions":3,"deletions":3}}},{"hash":"2eeae6e0ebb6decc1e8ed7dd1b7cd80b6dc6ac0d","isMergeCommit":false,"messageTitle":"Modify TextUi to print distance alongside nearest canteen","messageBody":"","fileTypesAndContributionMap":{"functional-code":{"insertions":41,"deletions":39},"test-code":{"insertions":28,"deletions":27}}},{"hash":"a0f1cc86d3e9f3884f8deb520f589e58b8bda54a","isMergeCommit":false,"messageTitle":"Add feature to print canteen stalls that meet the user\u0027s criteria alongside the canteen name and distance","messageBody":"","fileTypesAndContributionMap":{"functional-code":{"insertions":68,"deletions":44},"test-code":{"insertions":26,"deletions":28}}},{"hash":"c834e3db756791e319d12cc7418953fb0d39d7eb","isMergeCommit":false,"messageTitle":"Resolve checkstyle error","messageBody":"","fileTypesAndContributionMap":{"functional-code":{"insertions":2,"deletions":1}}},{"hash":"b6807a0a776facab1b9f61419dcbb4d27a8f5314","isMergeCommit":true,"messageTitle":"Merge pull request #50 from yiyang74/branch-Enhance-CanteenFinder-Printing","messageBody":"Branch enhance canteen finder printing","fileTypesAndContributionMap":{}},{"hash":"9fcaa9e3b329e3de3d960337223220615e172364","isMergeCommit":false,"messageTitle":"Add assertions in searchLandmark","messageBody":"","fileTypesAndContributionMap":{"functional-code":{"insertions":3,"deletions":2}}},{"hash":"b838c3379756adc6fe0f6341ac39159e9394d5cb","isMergeCommit":true,"messageTitle":"Merge pull request #51 from yiyang74/branch-Add-Assertions","messageBody":"Add assertions in searchLandmark","fileTypesAndContributionMap":{}},{"hash":"6c6bb90e17bd681028aa74640019d4ba8475f52f","isMergeCommit":false,"messageTitle":"Add more OOP Rename variables","messageBody":"","fileTypesAndContributionMap":{"functional-code":{"insertions":61,"deletions":82},"other":{"insertions":1,"deletions":1},"test-code":{"insertions":1,"deletions":0}}},{"hash":"63aa91505747c5168a4e732127552faac5b6e5a1","isMergeCommit":false,"messageTitle":"Remove unnecessary classes","messageBody":"","fileTypesAndContributionMap":{"functional-code":{"insertions":10,"deletions":25},"test-code":{"insertions":4,"deletions":6}}},{"hash":"da715e14c6d2b5b9714679cffdc05494bad5c401","isMergeCommit":true,"messageTitle":"Merge pull request #52 from yiyang74/branch_Coding_Standard","messageBody":"Branch coding standard","fileTypesAndContributionMap":{}}]},{"date":"2025-03-24","commitResults":[{"hash":"c81860e1684f1daf403ceadc5493d3d7e5c52d7e","isMergeCommit":false,"messageTitle":"Modify some variable names","messageBody":"","fileTypesAndContributionMap":{"functional-code":{"insertions":1,"deletions":1},"test-code":{"insertions":28,"deletions":28}}},{"hash":"8af2036d0c2f97da4fd391597ce0b61884915b12","isMergeCommit":false,"messageTitle":"Modify data struct used","messageBody":"","fileTypesAndContributionMap":{"functional-code":{"insertions":13,"deletions":13},"other":{"insertions":0,"deletions":4}}},{"hash":"6c2176f1fae66802cfa3cf55dfa37fa1926e3b48","isMergeCommit":false,"messageTitle":"Modify data struct used","messageBody":"","fileTypesAndContributionMap":{"functional-code":{"insertions":7,"deletions":14}}},{"hash":"0881941a9b6460ffe54b2da851f439690b9b0412","isMergeCommit":true,"messageTitle":"Merge branch \u0027master\u0027 of https://github.com/AY2425S2-CS2113-W12-2/tp into branch-Update-DG","messageBody":"","fileTypesAndContributionMap":{}},{"hash":"247b0ff3d61330294836599e541c33bc9188839e","isMergeCommit":false,"messageTitle":"Update DG for canteen finder feature","messageBody":"","fileTypesAndContributionMap":{"functional-code":{"insertions":3,"deletions":3},"docs":{"insertions":13,"deletions":1}}},{"hash":"0592819befce16e5a1e84a1ea5e53db83952607b","isMergeCommit":false,"messageTitle":"Resolve checkstyle errors","messageBody":"","fileTypesAndContributionMap":{"functional-code":{"insertions":0,"deletions":2}}},{"hash":"3e3890cfddea4bebe3c107f58d22cd02b6afd94d","isMergeCommit":true,"messageTitle":"Merge pull request #56 from yiyang74/branch-Update-DG","messageBody":"Branch update dg","fileTypesAndContributionMap":{}},{"hash":"9a7793cb8c37459ee8ecf0562bbe24ec33701ff9","isMergeCommit":false,"messageTitle":"Touch up canteen finder implementation details","messageBody":"","fileTypesAndContributionMap":{"docs":{"insertions":4,"deletions":1}}},{"hash":"736de199ee6662b99464e7c55ebd28a90329d296","isMergeCommit":true,"messageTitle":"Merge pull request #57 from yiyang74/branch-Update-DG","messageBody":"Touch up canteen finder implementation details","fileTypesAndContributionMap":{}}]},{"date":"2025-03-28","commitResults":[{"hash":"b16e6f662adcd95fadc4088489ca8b47429baefc","isMergeCommit":false,"messageTitle":"Resolve checkstyle errors Add favorites.dat to gitignore","messageBody":"","fileTypesAndContributionMap":{"functional-code":{"insertions":2,"deletions":2}}},{"hash":"1b38938be0a084fe7e81411412d81002cfbaca6a","isMergeCommit":true,"messageTitle":"Merge pull request #67 from yiyang74/branch_Coding_Standard","messageBody":"Resolve checkstyle errors","fileTypesAndContributionMap":{}},{"hash":"c2a1bc971670c21dd34b3999cd4f8ac47563f0e9","isMergeCommit":false,"messageTitle":"Apply SLAP to CanteenFinder","messageBody":"","fileTypesAndContributionMap":{"functional-code":{"insertions":68,"deletions":59}}},{"hash":"2d4812309b73f3fcf0b8c9e9b05c8d2076ee9a67","isMergeCommit":false,"messageTitle":"Trim every user input","messageBody":"","fileTypesAndContributionMap":{"functional-code":{"insertions":5,"deletions":5}}},{"hash":"9264b94b6fe2b32f85f75922d223ff2fdc67b51e","isMergeCommit":false,"messageTitle":"Implement shorcuts for user location","messageBody":"","fileTypesAndContributionMap":{"functional-code":{"insertions":42,"deletions":0}}},{"hash":"963a47ba097f043bd95b8cb4bb838f2fff1f8574","isMergeCommit":false,"messageTitle":"Add shortcuts for Diet Restrictions","messageBody":"","fileTypesAndContributionMap":{"functional-code":{"insertions":33,"deletions":29}}},{"hash":"3571460c8dd0b05f72fb0114a9c61062a524451e","isMergeCommit":false,"messageTitle":"Rename dietRestriction to canteenCriterion Rename dietRestrictions to canteenCriteria","messageBody":"","fileTypesAndContributionMap":{"functional-code":{"insertions":116,"deletions":116},"docs":{"insertions":3,"deletions":3},"test-code":{"insertions":19,"deletions":19}}},{"hash":"4b7cc8f7b3949fd41ce56f557254a03c35ec158d","isMergeCommit":false,"messageTitle":"Resolve checkstyle error","messageBody":"","fileTypesAndContributionMap":{"functional-code":{"insertions":5,"deletions":1}}},{"hash":"e4e594faec3d1d1b1674598640b40d3c3185dc3e","isMergeCommit":false,"messageTitle":"Add JUnit for CanteenCriterionParser","messageBody":"","fileTypesAndContributionMap":{"functional-code":{"insertions":20,"deletions":14},"other":{"insertions":22,"deletions":24},"test-code":{"insertions":90,"deletions":5}}},{"hash":"f6a51d6a4a4de48765ee05990865ed45375cf236","isMergeCommit":true,"messageTitle":"Merge pull request #68 from yiyang74/branch-Extensive-Shortcuts","messageBody":"Branch extensive shortcuts","fileTypesAndContributionMap":{}},{"hash":"5fd0e80c030d0cfc43d16746bb7bbe5cd44bb005","isMergeCommit":false,"messageTitle":"Add packages for different classes in canteenfinder Group canteenfinder and storage under canteen","messageBody":"","fileTypesAndContributionMap":{"functional-code":{"insertions":5,"deletions":5},"other":{"insertions":38,"deletions":42},"docs":{"insertions":0,"deletions":0},"test-code":{"insertions":12,"deletions":17}}},{"hash":"38c6ad3d78b69072ae51e0111098240bf4e41c6e","isMergeCommit":false,"messageTitle":"Add exception for if user enters both muslim owned and halal certified Add JUnit for to test exception above","messageBody":"","fileTypesAndContributionMap":{"functional-code":{"insertions":28,"deletions":11},"test-code":{"insertions":11,"deletions":4}}},{"hash":"031dd3e54d171c8ca48a66272a9a6a6b5de0b589","isMergeCommit":false,"messageTitle":"Resolve checkstyle errors","messageBody":"","fileTypesAndContributionMap":{"functional-code":{"insertions":12,"deletions":2},"test-code":{"insertions":6,"deletions":2}}},{"hash":"75b253f772ecab8d968aba751684b2b2a62bf6ec","isMergeCommit":true,"messageTitle":"Merge pull request #69 from yiyang74/branch-Add-JUnit","messageBody":"Branch add j unit","fileTypesAndContributionMap":{}}]},{"date":"2025-03-29","commitResults":[{"hash":"e1c368b1a8632bdd7f71f7886e98e1f8befe0c7b","isMergeCommit":false,"messageTitle":"Add Canteen class as master class","messageBody":"","fileTypesAndContributionMap":{"functional-code":{"insertions":34,"deletions":9}}},{"hash":"c8d519642b72ed653a9cfc1def28269b221c4313","isMergeCommit":false,"messageTitle":"Separate UserShortcuts to multiple classes Add CanteenShortcuts","messageBody":"","fileTypesAndContributionMap":{"functional-code":{"insertions":89,"deletions":10},"other":{"insertions":1,"deletions":12}}},{"hash":"26d740bff3ff66fa1f679b9e84796c443380a2f0","isMergeCommit":false,"messageTitle":"Create skeleton for Canteen Lookup feature","messageBody":"","fileTypesAndContributionMap":{"functional-code":{"insertions":27,"deletions":1}}},{"hash":"45c0fc923b5816e96ce00c3d1930c05f9343bad9","isMergeCommit":false,"messageTitle":"Enhance printing of stalls","messageBody":"","fileTypesAndContributionMap":{"functional-code":{"insertions":18,"deletions":15}}},{"hash":"0fc52a1c97c9275721bfb86872a8931c0af2716b","isMergeCommit":false,"messageTitle":"Standardise TextUi prints","messageBody":"","fileTypesAndContributionMap":{"functional-code":{"insertions":56,"deletions":63},"test-code":{"insertions":8,"deletions":6}}},{"hash":"37b439e644ad3f51fd0a4618aad16907a9e59793","isMergeCommit":false,"messageTitle":"Add command shortcuts for canteen feature Change \"exit\" command for canteen to \"quit\"","messageBody":"","fileTypesAndContributionMap":{"functional-code":{"insertions":8,"deletions":4}}},{"hash":"bc0f63e0e73f1b5036489c70009764aff14cf6c7","isMergeCommit":false,"messageTitle":"Resolve assertion error","messageBody":"","fileTypesAndContributionMap":{"functional-code":{"insertions":3,"deletions":1}}},{"hash":"d545e3b0c4aa7c56ba7626b649a867ce8c33c395","isMergeCommit":false,"messageTitle":"Add assertions","messageBody":"","fileTypesAndContributionMap":{"functional-code":{"insertions":13,"deletions":4}}},{"hash":"bd4985f8336e98867ff88c45b37ab47381be56de","isMergeCommit":true,"messageTitle":"Merge pull request #71 from yiyang74/branch-Canteen-Lookup","messageBody":"Branch canteen lookup","fileTypesAndContributionMap":{}},{"hash":"4c6e1a5cc3ed8c057074f5a6e31cf7955fe0bade","isMergeCommit":false,"messageTitle":"Update UG with Canteen feature details","messageBody":"","fileTypesAndContributionMap":{"docs":{"insertions":190,"deletions":21}}},{"hash":"4359ca195fddf912a2eb22672982dd7902bff89e","isMergeCommit":false,"messageTitle":"Modify some user shortcuts","messageBody":"","fileTypesAndContributionMap":{"functional-code":{"insertions":50,"deletions":6}}},{"hash":"afe31bc0a369bcd93a176ac90fbebfba0aef5237","isMergeCommit":false,"messageTitle":"Modify some text ui","messageBody":"","fileTypesAndContributionMap":{"functional-code":{"insertions":3,"deletions":3}}},{"hash":"a5252dc06cd763ac1ef081bc29b17286440ba7a8","isMergeCommit":true,"messageTitle":"Merge pull request #73 from yiyang74/branch-Update-UG","messageBody":"Branch update ug","fileTypesAndContributionMap":{}}]},{"date":"2025-03-30","commitResults":[{"hash":"12c41b27d9dbdceb0f59df4e3993fa16035ad609","isMergeCommit":false,"messageTitle":"Update DG: Canteen implementation, Target User Profile, Value Proposition and User Stories","messageBody":"","fileTypesAndContributionMap":{"functional-code":{"insertions":6,"deletions":1},"docs":{"insertions":65,"deletions":18}}},{"hash":"3d9e84307597bfce8099231666aa07b2c985efdb","isMergeCommit":true,"messageTitle":"Merge pull request #74 from yiyang74/branch-Update-DG","messageBody":"Branch update dg","fileTypesAndContributionMap":{}},{"hash":"1f9e6d66142ec5af687d8bf262c9321dd003b2d6","isMergeCommit":false,"messageTitle":"Update yiyang74 PPP","messageBody":"","fileTypesAndContributionMap":{"docs":{"insertions":59,"deletions":2}}},{"hash":"2694e18052bd804256290b211e7b0944f8e2942f","isMergeCommit":true,"messageTitle":"Merge pull request #75 from yiyang74/branch-PPP","messageBody":"Update yiyang74 PPP","fileTypesAndContributionMap":{}}]},{"date":"2025-04-02","commitResults":[{"hash":"b51136880c42dcd5c642978717c1c6ebbdc2e635","isMergeCommit":false,"messageTitle":"Modify text printed in TextUi","messageBody":"","fileTypesAndContributionMap":{"functional-code":{"insertions":1,"deletions":1}}},{"hash":"62a72d4ff6f822717f41f294054f059109031e3f","isMergeCommit":false,"messageTitle":"Move text ui printing to TextUi class","messageBody":"","fileTypesAndContributionMap":{"functional-code":{"insertions":5,"deletions":5}}},{"hash":"40a71b69d3cf02ce305b9c76bf1d71ae897c9d2b","isMergeCommit":true,"messageTitle":"Merge pull request #91 from yiyang74/branch_Coding_Standard","messageBody":"Branch coding standard","fileTypesAndContributionMap":{}},{"hash":"13af4939ace8a30a439864c16872bf66c683ebd9","isMergeCommit":false,"messageTitle":"Extract text ui printing to the TextUi class","messageBody":"","fileTypesAndContributionMap":{"functional-code":{"insertions":22,"deletions":4}}},{"hash":"3c3990bddd192cdbc09cd4f4bb9038ddfebc7312","isMergeCommit":true,"messageTitle":"Merge branch \u0027master\u0027 of https://github.com/AY2425S2-CS2113-W12-2/tp into branch_Coding_Standard","messageBody":"","fileTypesAndContributionMap":{}},{"hash":"3e682db7a532e843d7be8374158937663656ec25","isMergeCommit":true,"messageTitle":"Merge pull request #95 from yiyang74/branch_Coding_Standard","messageBody":"Branch coding standard","fileTypesAndContributionMap":{}}]},{"date":"2025-04-03","commitResults":[{"hash":"6be9d23009ea8a7e042c9ce875268a9f746bf442","isMergeCommit":false,"messageTitle":"Add instructions for manual testing in DG Add glossary","messageBody":"","fileTypesAndContributionMap":{"docs":{"insertions":80,"deletions":50}}},{"hash":"61f01587dce3a5e768b98c2ce305ad38786cc929","isMergeCommit":true,"messageTitle":"Merge pull request #109 from yiyang74/branch-Update-DG","messageBody":"Add instructions for manual testing in DG","fileTypesAndContributionMap":{}},{"hash":"6f466cf660657fca3e8b8c9207b5f25ae29bf5c6","isMergeCommit":false,"messageTitle":"Modify printing if user enter NIL in canteen finder","messageBody":"","fileTypesAndContributionMap":{"functional-code":{"insertions":7,"deletions":2}}},{"hash":"cfa7ad94e271f9686a4419de36f5d4008740bc7e","isMergeCommit":false,"messageTitle":"Catch an exception if user enters invalid canteen name","messageBody":"","fileTypesAndContributionMap":{"functional-code":{"insertions":2,"deletions":2}}},{"hash":"eea03af657a42ed8e85898eadfbe9d0baf3a38d7","isMergeCommit":false,"messageTitle":"Fix checkstyle","messageBody":"","fileTypesAndContributionMap":{"functional-code":{"insertions":0,"deletions":1}}},{"hash":"6224959844edfcd4b5a1de610173fb3d0ece60fa","isMergeCommit":true,"messageTitle":"Merge pull request #110 from yiyang74/branch-Enhance-Canteen","messageBody":"Branch enhance canteen","fileTypesAndContributionMap":{}},{"hash":"df59adc4492432b0b259ed8675f71fe9a519e59e","isMergeCommit":false,"messageTitle":"Fix exception quitting canteen lookup","messageBody":"","fileTypesAndContributionMap":{"functional-code":{"insertions":2,"deletions":8}}},{"hash":"853fb1bab62b4c48da392ecde31b5f370be95211","isMergeCommit":false,"messageTitle":"Fix exception quitting canteen lookup","messageBody":"","fileTypesAndContributionMap":{"functional-code":{"insertions":2,"deletions":8}}},{"hash":"7a46cde00c375f329f7074a890c3ecb4c0c94193","isMergeCommit":true,"messageTitle":"Merge branch \u0027master\u0027 of https://github.com/AY2425S2-CS2113-W12-2/tp into branch-Enhance-Canteen","messageBody":"","fileTypesAndContributionMap":{}},{"hash":"932778e21fcb3a9e1c7b41c81bc81e0c33768107","isMergeCommit":true,"messageTitle":"Merge pull request #111 from yiyang74/branch-Enhance-Canteen","messageBody":"Branch enhance canteen","tags":["v2.0"],"fileTypesAndContributionMap":{}}]},{"date":"2025-04-04","commitResults":[{"hash":"cb403372693e9779220d7ac58e33eb6d7b9c3fae","isMergeCommit":false,"messageTitle":"Fix exception exiting canteen lookup","messageBody":"","fileTypesAndContributionMap":{"functional-code":{"insertions":2,"deletions":8}}},{"hash":"c2a88a4043468ab86e6102779b70898a826c272c","isMergeCommit":true,"messageTitle":"Merge pull request #114 from yiyang74/branch-Enhance-Canteen","messageBody":"Fix exception exiting canteen lookup","fileTypesAndContributionMap":{}}]},{"date":"2025-04-05","commitResults":[{"hash":"989319c3a271fc5fe0e3a80ef72cbed067b7e59b","isMergeCommit":false,"messageTitle":"Move usershortcuts to canteen package","messageBody":"","fileTypesAndContributionMap":{"functional-code":{"insertions":3,"deletions":3},"other":{"insertions":4,"deletions":4}}},{"hash":"17e6fac54710108ac88d545fc053c3bdeaf28aab","isMergeCommit":false,"messageTitle":"Include full list of valid commands for canteen features","messageBody":"","fileTypesAndContributionMap":{"docs":{"insertions":103,"deletions":13}}},{"hash":"a5b3619477ca678667a6482bab1881c79fc1498a","isMergeCommit":true,"messageTitle":"Merge pull request #186 from yiyang74/branch-Update-UG","messageBody":"Branch update ug","fileTypesAndContributionMap":{}},{"hash":"e408e42a05fc44a877fe6df1766f73be229c527e","isMergeCommit":false,"messageTitle":"Fill blank code for techno Answer some FAQs","messageBody":"","fileTypesAndContributionMap":{"docs":{"insertions":97,"deletions":0}}},{"hash":"1068513717250b0f28768f54bc3ee6a70c1df8e9","isMergeCommit":false,"messageTitle":"Update greeting message in UG","messageBody":"","fileTypesAndContributionMap":{"docs":{"insertions":3,"deletions":8}}},{"hash":"e4bc30d3e75d44b457698971cf21699e03f257a4","isMergeCommit":false,"messageTitle":"Change quit canteen to exit canteen Improved clarity in UG for canteen portion","messageBody":"","fileTypesAndContributionMap":{"functional-code":{"insertions":2,"deletions":2},"docs":{"insertions":81,"deletions":43}}},{"hash":"52691e13bf6ae4baa358f4c71562bbdd10d42e44","isMergeCommit":true,"messageTitle":"Merge branch \u0027master\u0027 of https://github.com/AY2425S2-CS2113-W12-2/tp into branch-Update-UG","messageBody":"# Conflicts:\n#\tdocs/UserGuide.md\n","fileTypesAndContributionMap":{}},{"hash":"8654396381ba5cd981b7c7ddb377b91d3362c5d6","isMergeCommit":true,"messageTitle":"Merge pull request #190 from yiyang74/branch-Update-UG","messageBody":"Branch update ug","fileTypesAndContributionMap":{}},{"hash":"7e7cab99480757de9a54311b93a454df4124d8d9","isMergeCommit":false,"messageTitle":"Standarise some instruction Increase clarity on how to enter canteen\u0027s sub-features","messageBody":"","fileTypesAndContributionMap":{"docs":{"insertions":29,"deletions":44}}},{"hash":"d6514d20f777050884e1f7abe0ede5188332eea4","isMergeCommit":true,"messageTitle":"Merge pull request #191 from yiyang74/branch-Update-UG","messageBody":"Standarise some instruction","fileTypesAndContributionMap":{}}]},{"date":"2025-04-06","commitResults":[{"hash":"c2aad9f729b6e7a14da32911c9ddac4dfd62f3c1","isMergeCommit":false,"messageTitle":"Implement canteen finder to be one-shot command","messageBody":"","fileTypesAndContributionMap":{"functional-code":{"insertions":129,"deletions":84},"other":{"insertions":35,"deletions":37},"test-code":{"insertions":2,"deletions":18}}},{"hash":"1122fddd77b68e28ed2590cfeabbce0eb340bf35","isMergeCommit":false,"messageTitle":"Change command to exit Navi to exit","messageBody":"","fileTypesAndContributionMap":{"functional-code":{"insertions":3,"deletions":2}}},{"hash":"610fdcb029e10369f4b5ba1fb5acd6d825d26538","isMergeCommit":false,"messageTitle":"Add JUnit for parseCanteenFinderCommand","messageBody":"","fileTypesAndContributionMap":{"test-code":{"insertions":94,"deletions":0}}},{"hash":"f8431d4aa34f3ac16dc213774d43e454d3d29cbb","isMergeCommit":true,"messageTitle":"Merge pull request #196 from yiyang74/branch-Enhance-CanteenFinder","messageBody":"Branch enhance canteen finder","fileTypesAndContributionMap":{}},{"hash":"d1785604ffb4758b2176e2ab1a4842752b49cac1","isMergeCommit":false,"messageTitle":"Remove unnecessary comments/code","messageBody":"","fileTypesAndContributionMap":{"functional-code":{"insertions":0,"deletions":4}}},{"hash":"6bfaadae6e2300e088c8b1bdf02664dd3c4d8fea","isMergeCommit":false,"messageTitle":"Update UG to new canteen finder implementation","messageBody":"","fileTypesAndContributionMap":{"docs":{"insertions":22,"deletions":42}}},{"hash":"48b6997f35dc9068b55c9623eb97c4f1d4bb9e40","isMergeCommit":true,"messageTitle":"Merge pull request #197 from yiyang74/branch-Update-UG","messageBody":"Branch update ug","fileTypesAndContributionMap":{}},{"hash":"d856662d284ec45b9ff2a5a7002dd1f1e92efb10","isMergeCommit":false,"messageTitle":"Add \u0026\u0026 and || search types to canteen finder","messageBody":"","fileTypesAndContributionMap":{"functional-code":{"insertions":122,"deletions":37},"test-code":{"insertions":56,"deletions":29}}},{"hash":"a8646ff02bf9bf76f354d62d0ccd0072a93b4f43","isMergeCommit":false,"messageTitle":"Modify JUnit tests for findNearestCanteen()","messageBody":"","fileTypesAndContributionMap":{"functional-code":{"insertions":1,"deletions":1},"test-code":{"insertions":36,"deletions":21}}},{"hash":"ff463e900530df5510791f345f737fd7d9cb7b96","isMergeCommit":true,"messageTitle":"Merge pull request #198 from yiyang74/branch-Enhance-CanteenFinder","messageBody":"Branch enhance canteen finder","fileTypesAndContributionMap":{}},{"hash":"7a2a3820d7a4040d3ca8128e2a79937dd5f23caf","isMergeCommit":false,"messageTitle":"Update UG for new implementation of canteen finder","messageBody":"","fileTypesAndContributionMap":{"docs":{"insertions":45,"deletions":13}}},{"hash":"e8a98b2a161e698e9af4f0dc6f155b9048d6c4fa","isMergeCommit":true,"messageTitle":"Merge pull request #199 from yiyang74/branch-Update-UG","messageBody":"Update UG for new implementation of canteen finder","fileTypesAndContributionMap":{}},{"hash":"1797cf685b8ed737402682951eac34a379a7ea7e","isMergeCommit":false,"messageTitle":"Update DG with new Canteen Finder implementation","messageBody":"","fileTypesAndContributionMap":{"functional-code":{"insertions":2,"deletions":35},"docs":{"insertions":33,"deletions":17}}},{"hash":"6985ef6bfe15e80e4b2c8fd651a3ab8cb938f3a8","isMergeCommit":false,"messageTitle":"Standardise naming across the canteen features","messageBody":"","fileTypesAndContributionMap":{"functional-code":{"insertions":51,"deletions":51}}},{"hash":"8a1c482bf903f300ae483ba53df5ee67908e21ce","isMergeCommit":true,"messageTitle":"Merge pull request #201 from yiyang74/branch-Update-DG","messageBody":"Branch update dg","fileTypesAndContributionMap":{}},{"hash":"56ef09e8f90e071e4bd297ba406147163c97a8ba","isMergeCommit":false,"messageTitle":"Change main class of canteen feature to CanteenMain","messageBody":"","fileTypesAndContributionMap":{"functional-code":{"insertions":4,"deletions":4},"other":{"insertions":4,"deletions":4},"docs":{"insertions":3,"deletions":3}}},{"hash":"d65ab4c5384ae50943ffe005b426dc3378daef14","isMergeCommit":false,"messageTitle":"Rename boolean variables to naming convention Remove unused methods","messageBody":"","fileTypesAndContributionMap":{"functional-code":{"insertions":26,"deletions":35}}},{"hash":"e32635ea19739db0420d414689e7d7ec5ab548fc","isMergeCommit":false,"messageTitle":"Change UserFields to be a class for better abstraction","messageBody":"","fileTypesAndContributionMap":{"functional-code":{"insertions":44,"deletions":10},"docs":{"insertions":7,"deletions":5},"test-code":{"insertions":41,"deletions":40}}}]},{"date":"2025-04-07","commitResults":[{"hash":"e76874c733021e7277ade368bcdd51b442afea06","isMergeCommit":false,"messageTitle":"Add invalid test case for Canteen in DG Add sequence diagram and class diagram for canteen feature","messageBody":"","fileTypesAndContributionMap":{"functional-code":{"insertions":6,"deletions":9},"docs":{"insertions":22,"deletions":3}}},{"hash":"89280eeb8d65ef6e9e9e030e1d7329f6c5edf8c2","isMergeCommit":true,"messageTitle":"Merge branch \u0027master\u0027 of https://github.com/AY2425S2-CS2113-W12-2/tp into branch-Update-DG","messageBody":"# Conflicts:\n#\tdocs/DeveloperGuide.md\n","fileTypesAndContributionMap":{}},{"hash":"648dad0817cf139b944e091978dfc8220519947c","isMergeCommit":false,"messageTitle":"Fix minor formatting issues in DG","messageBody":"","fileTypesAndContributionMap":{"docs":{"insertions":3,"deletions":3}}},{"hash":"c865498c541492b0a6dca63b972d871bcbde4d4b","isMergeCommit":true,"messageTitle":"Merge pull request #203 from yiyang74/branch-Update-DG","messageBody":"Branch update dg","fileTypesAndContributionMap":{}},{"hash":"f85c59744daf3a0bcf78c0dea69914ec6a54bf41","isMergeCommit":false,"messageTitle":"Fix CanteenSequenceDiagram","messageBody":"","fileTypesAndContributionMap":{"docs":{"insertions":7,"deletions":0}}},{"hash":"20a79fb8784367e38ba7dd4b23bf0d24a21b8911","isMergeCommit":false,"messageTitle":"Revert \"Fix minor formatting issues in DG\"","messageBody":"This reverts commit 648dad0817cf139b944e091978dfc8220519947c.\n","fileTypesAndContributionMap":{"docs":{"insertions":3,"deletions":3}}},{"hash":"1a762ab66f6d111518aee6b409f1e8255cc88284","isMergeCommit":true,"messageTitle":"Merge branch \u0027master\u0027 of https://github.com/AY2425S2-CS2113-W12-2/tp into branch-Update-DG","messageBody":"","fileTypesAndContributionMap":{}},{"hash":"b5c20bbe1708eeafb79abc97fdd1ce315df0985b","isMergeCommit":false,"messageTitle":"Fix minor formatting issues in DG","messageBody":"","fileTypesAndContributionMap":{"docs":{"insertions":3,"deletions":2}}},{"hash":"67f00a6183633491cc62b157841af18f14cf61bc","isMergeCommit":true,"messageTitle":"Merge pull request #204 from yiyang74/branch-Update-DG","messageBody":"Branch update dg","fileTypesAndContributionMap":{}},{"hash":"3695f64a5e789588b9e60d612fed657b3e399428","isMergeCommit":false,"messageTitle":"Clean up Navi.java code","messageBody":"","fileTypesAndContributionMap":{"functional-code":{"insertions":20,"deletions":52}}},{"hash":"d53ec636868b332ffe8e298cd35ad70d45ef77d7","isMergeCommit":false,"messageTitle":"Update DG with Navi implementation","messageBody":"","fileTypesAndContributionMap":{"docs":{"insertions":16,"deletions":0}}},{"hash":"b2975aa233afcd92d2fe4f2b3b216bd262c33483","isMergeCommit":true,"messageTitle":"Merge pull request #205 from yiyang74/branch-Update-DG","messageBody":"Branch update dg","fileTypesAndContributionMap":{}},{"hash":"3011ff3ccba78a822aff9955fe1c1259ffbb2458","isMergeCommit":false,"messageTitle":"Standardise DG","messageBody":"","fileTypesAndContributionMap":{"docs":{"insertions":37,"deletions":28}}},{"hash":"f9166294e1f290e7908c4787efe46f8cb7e54ec9","isMergeCommit":false,"messageTitle":"Standardise UG","messageBody":"","fileTypesAndContributionMap":{"docs":{"insertions":24,"deletions":27}}},{"hash":"cd86474bc17b5ed4d03e1d6fe51a7cda2e24678d","isMergeCommit":false,"messageTitle":"Update yiyang74 PPP","messageBody":"","fileTypesAndContributionMap":{"docs":{"insertions":19,"deletions":13}}},{"hash":"c14f5c2a1f1afa650b07fc01ae4cf28e17b0c394","isMergeCommit":true,"messageTitle":"Merge pull request #206 from yiyang74/branch-Update-DG","messageBody":"Branch update dg","fileTypesAndContributionMap":{}},{"hash":"2bbf2ec0e4c4b4d78d3647c4eff94a94061c9336","isMergeCommit":false,"messageTitle":"Update navi and canteen in UG","messageBody":"","fileTypesAndContributionMap":{"docs":{"insertions":15,"deletions":2}}},{"hash":"d936bcee1f4ec5c16ce2e180c8242c00ad188b68","isMergeCommit":true,"messageTitle":"Merge pull request #207 from yiyang74/branch-Update-UG","messageBody":"Update navi and canteen in UG","fileTypesAndContributionMap":{}}]}]},"authorFileTypeContributionMap":{"KeerthanaBanukumar":{"docs":255,"functional-code":298,"test-code":167,"other":7},"kevinchangckc":{"docs":2,"functional-code":7,"test-code":0},"brianchanshiyuan":{"docs":185,"functional-code":554,"test-code":198},"lakshm1i":{"docs":290,"functional-code":333,"test-code":133},"yiyang74":{"docs":720,"functional-code":1055,"test-code":387,"other":6}},"authorContributionVariance":{"KeerthanaBanukumar":9572.114,"kevinchangckc":206.12848,"brianchanshiyuan":29727.248,"lakshm1i":88127.5,"yiyang74":86215.0},"authorDisplayNameMap":{"KeerthanaBanukumar":"CS2113-W12-2 BANU..HANA","kevinchangckc":"CS2113-W12-2 CHAN.. KAI","brianchanshiyuan":"CS2113-W12-2 BRIA..YUAN","lakshm1i":"CS2113-W12-2 CHEL..SHMI","yiyang74":"CS2113-W12-2 CHEN..YANG"}}
