{"authorDailyContributionsMap":{"kagiura":[{"date":"2025-03-05","commitResults":[{"hash":"62d9e050a7fed151c1b995dd3c0c9b851c3a804b","isMergeCommit":false,"messageTitle":"added kyuu\u0027s profile","messageBody":"","fileTypesAndContributionMap":{"docs":{"insertions":3,"deletions":7}}},{"hash":"f774d2d6dece2d1681b1768169c6ea4e23dbacce","isMergeCommit":true,"messageTitle":"Merge pull request #6 from gitHST/Luke-AboutUs","messageBody":"Luke about us","fileTypesAndContributionMap":{}},{"hash":"d61648ea831793dbe7e20dccf5d1a1dd55d2771b","isMergeCommit":false,"messageTitle":"resize images in aboutus.md","messageBody":"","fileTypesAndContributionMap":{"docs":{"insertions":5,"deletions":5}}}]},{"date":"2025-03-17","commitResults":[{"hash":"111fa55c73d431d5cd8724d795f5a01ceb8a5b5c","isMergeCommit":false,"messageTitle":"feat: bookmarking courses + view bookmarks","messageBody":"","fileTypesAndContributionMap":{"functional-code":{"insertions":30,"deletions":3}}}]},{"date":"2025-03-18","commitResults":[{"hash":"776cbd83828febef0caf1c6158c25eec863420e2","isMergeCommit":false,"messageTitle":"refactor: lint files","messageBody":"","fileTypesAndContributionMap":{"functional-code":{"insertions":6,"deletions":2}}}]},{"date":"2025-03-24","commitResults":[{"hash":"5bafd42e0e3434f8623c569a54c6b012b7d076b2","isMergeCommit":false,"messageTitle":"fix: add a descriptive error message when invalid command inputted","messageBody":"","fileTypesAndContributionMap":{"functional-code":{"insertions":14,"deletions":2}}},{"hash":"524b2c30555f6ae1d2f013fd1982942f8f79c0ff","isMergeCommit":false,"messageTitle":"feat: sort viewallmods results alphabetically","messageBody":"","fileTypesAndContributionMap":{"functional-code":{"insertions":8,"deletions":1}}},{"hash":"587d5677aa5881fedd446174e3996599c6d36abc","isMergeCommit":false,"messageTitle":"lint","messageBody":"","fileTypesAndContributionMap":{"functional-code":{"insertions":9,"deletions":7}}},{"hash":"b3362470faa0e12c363238e39ef1022437b8a8ee","isMergeCommit":false,"messageTitle":"refactor: update javadoc","messageBody":"","fileTypesAndContributionMap":{"functional-code":{"insertions":1,"deletions":1}}},{"hash":"520d1ec8574be110b552eca85e59da7ac25bc4c8","isMergeCommit":false,"messageTitle":"feat: add searchmod function","messageBody":"","fileTypesAndContributionMap":{"functional-code":{"insertions":9,"deletions":3}}},{"hash":"b338dcc8f7c97285706995f21004f81f32fa468a","isMergeCommit":false,"messageTitle":"lint","messageBody":"","fileTypesAndContributionMap":{"functional-code":{"insertions":1,"deletions":1}}}]},{"date":"2025-03-25","commitResults":[{"hash":"f5da513b591ca9a90633784f6fcf0d28c52c5d27","isMergeCommit":false,"messageTitle":"refactor: publicize stringFromBetweenPartsXY","messageBody":"","fileTypesAndContributionMap":{"functional-code":{"insertions":1,"deletions":1}}},{"hash":"d3a34842786ca733e187cc87903f6de4f1cc434f","isMergeCommit":false,"messageTitle":"fix: properly parse addmod/removemod input and throw respective errors when incorrectly formatted input","messageBody":"","fileTypesAndContributionMap":{"functional-code":{"insertions":20,"deletions":4}}},{"hash":"c9cb29b8e36120843204c0ca47d9774d192cebbc","isMergeCommit":false,"messageTitle":"refactor: make loaded mods capitalized code by default","messageBody":"","fileTypesAndContributionMap":{"functional-code":{"insertions":1,"deletions":1}}},{"hash":"9c2b86176780ed628afd3a23ef2a58fca399daaa","isMergeCommit":false,"messageTitle":"fix: make viewmod arg case-insensitive","messageBody":"","fileTypesAndContributionMap":{"functional-code":{"insertions":2,"deletions":2}}},{"hash":"f227e9c4f1c0c51773baa40f94388361fccb95de","isMergeCommit":false,"messageTitle":"fix: make mod workload nullable","messageBody":"","fileTypesAndContributionMap":{"functional-code":{"insertions":11,"deletions":3}}}]},{"date":"2025-03-28","commitResults":[{"hash":"1fbc24e6f064fd512e31ec431b1603c7edb56155","isMergeCommit":true,"messageTitle":"Merge pull request #58 from pjahn31/JUnit_Tests","messageBody":"JUnit test cases\n\ni merge this first if we run into issues we revert later HAHA","fileTypesAndContributionMap":{}}]},{"date":"2025-04-02","commitResults":[{"hash":"d7b8701019c0c91614d2bb93c229809a0402bd55","isMergeCommit":false,"messageTitle":"feat: implement proper scheduling with lec/tut/labs etc","messageBody":"","fileTypesAndContributionMap":{"functional-code":{"insertions":458,"deletions":33},"test-code":{"insertions":11,"deletions":11}}},{"hash":"275ac1b6ff85829608ed8e047314510f648f1430","isMergeCommit":true,"messageTitle":"Merge branch \u0027master\u0027 into kagiura/implement-Timetable-into-schedule","messageBody":"","fileTypesAndContributionMap":{}},{"hash":"2b6892f03a97effba8b29a8280c0551a41e17a36","isMergeCommit":false,"messageTitle":"refactor: update to main branch","messageBody":"","fileTypesAndContributionMap":{"functional-code":{"insertions":18,"deletions":11}}},{"hash":"17f7ab0944e52e8ba3125a2c4e21e1959860ec26","isMergeCommit":true,"messageTitle":"Merge pull request #84 from kagiura/kagiura/implement-Timetable-into-schedule","messageBody":"feat: implement proper scheduling with lec/tut/labs etc\n(urgent since v2 due soon ill just merge it in)","fileTypesAndContributionMap":{}}]}],"vegetablestabber":[{"date":"2025-02-28","commitResults":[{"hash":"d2577440a4e083e0e2ad6132c62f12ad401fd90e","isMergeCommit":false,"messageTitle":"Update School.java","messageBody":"","fileTypesAndContributionMap":{"functional-code":{"insertions":6,"deletions":15}}},{"hash":"098bd4fc76dbe57ce3f4ae61d3fec59f9969f62b","isMergeCommit":false,"messageTitle":"Update Course.java","messageBody":"","fileTypesAndContributionMap":{"functional-code":{"insertions":6,"deletions":15}}},{"hash":"532126d2b08410ccb9832bedf9bcfdc9ab6d3a76","isMergeCommit":false,"messageTitle":"Major refactoring","messageBody":"","fileTypesAndContributionMap":{"functional-code":{"insertions":253,"deletions":349},"other":{"insertions":27,"deletions":40}}}]},{"date":"2025-03-05","commitResults":[{"hash":"a5a0231c0419a5fa4d4df0c60d2f85a264422445","isMergeCommit":false,"messageTitle":"Updated AboutUs.md","messageBody":"","fileTypesAndContributionMap":{"docs":{"insertions":2,"deletions":6}}},{"hash":"d44ca6f51ae48f93884f1c0a5f5e6f098ce229eb","isMergeCommit":true,"messageTitle":"Merge branch \u0027master\u0027 into Jahnavi-AboutUs","messageBody":"","fileTypesAndContributionMap":{}},{"hash":"67c9a5eb5cd3e5a07d6d3513c5fce382d3fed687","isMergeCommit":true,"messageTitle":"Merge pull request #9 from pjahn31/Jahnavi-AboutUs","messageBody":"Updated AboutUs - Jahnavi","fileTypesAndContributionMap":{}},{"hash":"af414c836cba14472a0b8284a874b7fe1252f493","isMergeCommit":true,"messageTitle":"Merge branch \u0027master\u0027 into Shu---AboutUs","messageBody":"","fileTypesAndContributionMap":{}},{"hash":"8484fde4031860c46750ded2635596209411ee3b","isMergeCommit":true,"messageTitle":"Merge pull request #8 from shuu4/Shu---AboutUs","messageBody":"Shu   about us","fileTypesAndContributionMap":{}},{"hash":"fdb8e6705c980d5a693ed0b803aa20495c727948","isMergeCommit":true,"messageTitle":"Merge branch \u0027master\u0027 into kagiura-AboutUs","messageBody":"","fileTypesAndContributionMap":{}},{"hash":"41c2efab1c4b260cfd116decbdf910cac0ac8620","isMergeCommit":true,"messageTitle":"Merge pull request #7 from kagiura/kagiura-AboutUs","messageBody":"added kyuu\u0027s profile","fileTypesAndContributionMap":{}},{"hash":"fb075f1e347e7b46ed5905feb5e459f05cd6041c","isMergeCommit":true,"messageTitle":"Merge branch \u0027master\u0027 into Harii-AboutUs","messageBody":"","fileTypesAndContributionMap":{}},{"hash":"9abc40ad90e3627ea6e5e2409063497cd802d110","isMergeCommit":true,"messageTitle":"Merge pull request #10 from vegetablestabber/Harii-AboutUs","messageBody":"Updated AboutUs.md","fileTypesAndContributionMap":{}},{"hash":"0faf5e940d8f71ea3a3197e1e8fec6c72c1c89f7","isMergeCommit":true,"messageTitle":"Merge pull request #11 from gitHST/fixing-errors","messageBody":"","fileTypesAndContributionMap":{}}]},{"date":"2025-03-14","commitResults":[{"hash":"bf39696a6249edf16d66b1e5411a97a0e515b5ea","isMergeCommit":true,"messageTitle":"Merge pull request #12 from gitHST/underlying-functionality","messageBody":"Added getters and detailed JavaDocs","fileTypesAndContributionMap":{}}]},{"date":"2025-03-19","commitResults":[{"hash":"5af276de4884a2afea23a047dbe11bc0dd5f54b4","isMergeCommit":false,"messageTitle":"Edited modFromNameOrCode to return an Optional and reduce null checking","messageBody":"","fileTypesAndContributionMap":{"functional-code":{"insertions":17,"deletions":25}}},{"hash":"b78b3a71150b0b82952d232a3a72b118d4972580","isMergeCommit":false,"messageTitle":"Update build.gradle to enable assertions","messageBody":"","fileTypesAndContributionMap":{"other":{"insertions":1,"deletions":0}}},{"hash":"dfe186f97411617e64c614eaa3b3d846278302c0","isMergeCommit":false,"messageTitle":"Refactored semester availability code for better readability and making it declarative","messageBody":"","fileTypesAndContributionMap":{"functional-code":{"insertions":46,"deletions":44}}},{"hash":"2439a625d143d702d8b4c3a03600d1f078031bdd","isMergeCommit":false,"messageTitle":"Renamed method","messageBody":"","fileTypesAndContributionMap":{"functional-code":{"insertions":2,"deletions":2}}},{"hash":"215f5faedf0837f5e63273c739c8ca508b3e5a9c","isMergeCommit":false,"messageTitle":"Renamed methods for brevity","messageBody":"","fileTypesAndContributionMap":{"functional-code":{"insertions":9,"deletions":9}}}]},{"date":"2025-03-20","commitResults":[{"hash":"04d6d202d4d7c1992a037ab7b4a00973b455741d","isMergeCommit":false,"messageTitle":"Add JSON handling classes and refactor semester enum for improved structure","messageBody":"","fileTypesAndContributionMap":{"functional-code":{"insertions":175,"deletions":1},"other":{"insertions":10,"deletions":67}}},{"hash":"ac65ccee3dcb09db43d2f0eaa9a3a5fc7235245e","isMergeCommit":false,"messageTitle":"Refactored switch case formatting to follow checkstyle","messageBody":"","fileTypesAndContributionMap":{"functional-code":{"insertions":6,"deletions":6}}},{"hash":"4aac79def8adb892681b098e0850e0e7ef440745","isMergeCommit":false,"messageTitle":"Enhance JSON handling with detailed documentation for JSONKey and JSONReader classes; improve Semester enum description","messageBody":"","fileTypesAndContributionMap":{"functional-code":{"insertions":127,"deletions":9}}},{"hash":"0f1586eeace7c02454000660325267e8886b5ac9","isMergeCommit":false,"messageTitle":"Renamed JSONReader to ModJSONParser for clarity; packaged JSON-related files together","messageBody":"","fileTypesAndContributionMap":{"functional-code":{"insertions":2,"deletions":1},"other":{"insertions":7,"deletions":7}}},{"hash":"558a1845457ad30409b4b87f5be16a8f71c0140c","isMergeCommit":false,"messageTitle":"Renamed JSONKey to ModJSONKey for improved clarity","messageBody":"","fileTypesAndContributionMap":{"functional-code":{"insertions":11,"deletions":11},"other":{"insertions":3,"deletions":3}}},{"hash":"c47dae486508500eb244c2a489e42367248b7de5","isMergeCommit":false,"messageTitle":"Rename ModJSONKey enum constant to match actual API standard","messageBody":"","fileTypesAndContributionMap":{"functional-code":{"insertions":1,"deletions":1}}},{"hash":"9692d657f6d8ffa92b5d247b63dedf8fba52746a","isMergeCommit":false,"messageTitle":"Add JSONException throws markers to JSONUtils and ModJSONParser methods","messageBody":"","fileTypesAndContributionMap":{"functional-code":{"insertions":17,"deletions":14}}},{"hash":"ed406f1fddcc0d4eee27529bfcb7c873c09fafdb","isMergeCommit":false,"messageTitle":"Refactor JSON handling by introducing ModJSONUtil and NUSModsUtil classes; update ModJSONParser and Main to utilize new utilities","messageBody":"","fileTypesAndContributionMap":{"functional-code":{"insertions":274,"deletions":242},"other":{"insertions":2,"deletions":2}}},{"hash":"a79514398138f7e5025d4ba46435c97d354aba69","isMergeCommit":false,"messageTitle":"Refactor ModJSONParser to use jsonUtil for consistency; add JSONException throws markers to methods","messageBody":"","fileTypesAndContributionMap":{"functional-code":{"insertions":23,"deletions":11}}},{"hash":"7a7467b1d422e866227fec2e18ab2a9821bae929","isMergeCommit":false,"messageTitle":"Changes to validate checkstyle","messageBody":"","fileTypesAndContributionMap":{"functional-code":{"insertions":3,"deletions":3}}},{"hash":"625a77faf15597a212b85aea225c7067de2698aa","isMergeCommit":false,"messageTitle":"Fix URL constants in NUSModsUtil to match API standards","messageBody":"","fileTypesAndContributionMap":{"functional-code":{"insertions":2,"deletions":2}}},{"hash":"ab92aa6f2099bc2dfb73a3a23e2ca5a1b825e9b2","isMergeCommit":true,"messageTitle":"Merge pull request #28 from gitHST/nusmodsapi","messageBody":"Introducing the NUSMods API into our project","fileTypesAndContributionMap":{}}]},{"date":"2025-03-21","commitResults":[{"hash":"431e04b39d7f660d0622379a0d4390ddda1c986a","isMergeCommit":false,"messageTitle":"Add assertions to validate startYear in NUSModsUtil methods","messageBody":"","fileTypesAndContributionMap":{"functional-code":{"insertions":4,"deletions":0}}},{"hash":"0b7ef385eca829a3fa7eefe5ac5c6640dbbaf58c","isMergeCommit":false,"messageTitle":"Refactor HttpUtil to use HttpClient for asynchronous data retrieval and update NUSModsAPI to handle URI instead of URL","messageBody":"","fileTypesAndContributionMap":{"functional-code":{"insertions":47,"deletions":34}}},{"hash":"f191564e7978a16bfee32a80b4c7d60aa69cbb9b","isMergeCommit":false,"messageTitle":"Update NUSModsUtil to use URI instead of URL for module list and module retrieval","messageBody":"","fileTypesAndContributionMap":{"functional-code":{"insertions":10,"deletions":10}}},{"hash":"782d76bbacaf530adbf759feec5b2d7b9cb2d440","isMergeCommit":false,"messageTitle":"Move getAdjustedYear method to NUSModsUtil and update NUSModsAPI to use it","messageBody":"","fileTypesAndContributionMap":{"functional-code":{"insertions":18,"deletions":18}}},{"hash":"c2f56092efc761c2cf077545cd7cc8b185ca30dc","isMergeCommit":false,"messageTitle":"Update NUSModsAPI to change file path format and improve Javadoc formatting","messageBody":"","fileTypesAndContributionMap":{"functional-code":{"insertions":13,"deletions":7}}},{"hash":"dff37ef5932ced99a8e4bc7dca763d5a5f7fe359","isMergeCommit":false,"messageTitle":"Refactor NUSModsAPI to use createModListFilePath method from NUSModsUtil for file path generation","messageBody":"","fileTypesAndContributionMap":{"functional-code":{"insertions":15,"deletions":14}}},{"hash":"e2e3a611ff7d9369dd99565d239d31e7a0faf3b3","isMergeCommit":false,"messageTitle":"Change access modifiers of getAdjustedYear and createModListFilePath methods to public in NUSModsUtil","messageBody":"","fileTypesAndContributionMap":{"functional-code":{"insertions":2,"deletions":2}}},{"hash":"b1905cd2c703a87f132d55bfcdc341ca241e3920","isMergeCommit":false,"messageTitle":"Add URI generation methods and documentation for module list and module information in NUSModsUtil","messageBody":"","fileTypesAndContributionMap":{"functional-code":{"insertions":34,"deletions":0}}},{"hash":"96faaa779049c01bf1502baa9da8f03abe3aa1a2","isMergeCommit":false,"messageTitle":"Rename methods and constants in NUSModsUtil for consistency and clarity","messageBody":"","fileTypesAndContributionMap":{"functional-code":{"insertions":9,"deletions":9}}},{"hash":"ef5d9bc6dee053f6c58bfd8b9438504da87dc600","isMergeCommit":false,"messageTitle":"Improve Javadoc formatting and clarify parameter descriptions in HttpUtil and NUSModsUtil","messageBody":"","fileTypesAndContributionMap":{"functional-code":{"insertions":11,"deletions":6}}},{"hash":"7363cca49c4a72e03f4d59022c4295ee60a98a5a","isMergeCommit":false,"messageTitle":"Remove unnecessary console output from downloadModListJSON method in NUSModsAPI","messageBody":"","fileTypesAndContributionMap":{"functional-code":{"insertions":0,"deletions":3}}},{"hash":"b4a22d109621568f33902824a97f2df8ccc59ccc","isMergeCommit":true,"messageTitle":"Merge pull request #48 from gitHST/fixJsonPathBug","messageBody":"Creating the parent folders for the JSON file lets us save the file and the file now loads","fileTypesAndContributionMap":{}}]},{"date":"2025-03-22","commitResults":[{"hash":"0ff6178f1e616cfbd3d3bd57d5d2722a71cc425c","isMergeCommit":false,"messageTitle":"Add Javadoc comment for PREREQUISITES in ModJSONKey enum","messageBody":"","fileTypesAndContributionMap":{"functional-code":{"insertions":4,"deletions":1}}},{"hash":"0ab8f394f092c74336d4cc3eb701dc2369f91b36","isMergeCommit":false,"messageTitle":"Refactor event handling by introducing Lesson hierarchy and removing Event class","messageBody":"","fileTypesAndContributionMap":{"functional-code":{"insertions":121,"deletions":112},"other":{"insertions":13,"deletions":7}}}]},{"date":"2025-03-23","commitResults":[{"hash":"7e535388d5835e0acd71b4befd07c090ebd5cd16","isMergeCommit":false,"messageTitle":"Refactor lesson and JSON key structures by removing unused classes and introducing new enums for JSON keys","messageBody":"","fileTypesAndContributionMap":{"functional-code":{"insertions":926,"deletions":642},"other":{"insertions":21,"deletions":37}}},{"hash":"a7618d0a214321df930b95d6fea396772ab53570","isMergeCommit":true,"messageTitle":"Merge branch \u0027master\u0027 into pr/gitHST/50","messageBody":"","fileTypesAndContributionMap":{}},{"hash":"b14b4d934b1d0b30c36625d366675dfb8c6f0bbd","isMergeCommit":false,"messageTitle":"Renamed user.Timetable to user.Schedule to avoid a naming conflict with mod.timetable.Timetable","messageBody":"","fileTypesAndContributionMap":{"functional-code":{"insertions":7,"deletions":7},"other":{"insertions":2,"deletions":2}}},{"hash":"1d35590fe2e0bd84029db9ae42d21cc6786e2650","isMergeCommit":false,"messageTitle":"Add getDouble method to JSONParser and update ModAttributes to use double for units","messageBody":"","fileTypesAndContributionMap":{"functional-code":{"insertions":8,"deletions":4}}},{"hash":"637b54a54eafcf34ee0d5a70745a10119bcaab13","isMergeCommit":false,"messageTitle":"Add Telegram notification workflow for commit and pull request events","messageBody":"","fileTypesAndContributionMap":{"other":{"insertions":14,"deletions":0}}},{"hash":"fa4529e8133872c0ac7dbb448381864884790b01","isMergeCommit":false,"messageTitle":"Update telegram.yml","messageBody":"","fileTypesAndContributionMap":{"other":{"insertions":2,"deletions":2}}},{"hash":"c6531d10838520da8a19a166f0593484ef5a9cc3","isMergeCommit":false,"messageTitle":"Update telegram.yml","messageBody":"","fileTypesAndContributionMap":{"other":{"insertions":1,"deletions":1}}},{"hash":"bed6fc095e74f345c395f623076839c10d5d1bbb","isMergeCommit":false,"messageTitle":"Update telegram.yml","messageBody":"","fileTypesAndContributionMap":{"other":{"insertions":2,"deletions":2}}}]},{"date":"2025-03-25","commitResults":[{"hash":"b07f12f25f0a10b571ffa7a6e63e8519db8ae682","isMergeCommit":false,"messageTitle":"Update Telegram notification workflow triggers (#66)","messageBody":"Replace Telegram notification workflow with separate workflows for issue comments, issues, and Java CI results","fileTypesAndContributionMap":{"other":{"insertions":87,"deletions":14}}},{"hash":"fb87a806cab62fc0b815bd13d54327cf4569d91d","isMergeCommit":true,"messageTitle":"Merge pull request #65 from kagiura/kagiura/searchmod","messageBody":"feat: add searchmod function","fileTypesAndContributionMap":{}},{"hash":"42b7d9b6b1d9fe42e1ad51c6978dbf9ed770e2bf","isMergeCommit":false,"messageTitle":"Update telegram_issue.yml","messageBody":"","fileTypesAndContributionMap":{"other":{"insertions":1,"deletions":2}}},{"hash":"7dd87a920d252d9c3996fcb481863e94c7262f67","isMergeCommit":false,"messageTitle":"Update telegram_gradle.yml","messageBody":"","fileTypesAndContributionMap":{"other":{"insertions":4,"deletions":3}}},{"hash":"a1af72007638daa5a0785b4faa3c403ac0871b96","isMergeCommit":false,"messageTitle":"Update telegram_gradle.yml","messageBody":"","fileTypesAndContributionMap":{"other":{"insertions":1,"deletions":1}}},{"hash":"56fc0c6df8f247d9c543f9d46fdf205d525077ac","isMergeCommit":true,"messageTitle":"Merge pull request #63 from kagiura/kagiura/sort-viewmod-alphabetical","messageBody":"feat: sort viewallmods results alphabetically","fileTypesAndContributionMap":{}},{"hash":"95af04523a973c1a79d81502533b58fe16d460db","isMergeCommit":false,"messageTitle":"Fix message formatting in Telegram workflow files","messageBody":"","fileTypesAndContributionMap":{"other":{"insertions":3,"deletions":3}}},{"hash":"664ba35909a2a838a9ad8e58781fc5494c501515","isMergeCommit":true,"messageTitle":"Merge pull request #67 from vegetablestabber/Harii-NotifyTelegramGC","messageBody":"Fix message formatting in Telegram workflow files","fileTypesAndContributionMap":{}},{"hash":"9ea984481d419dbb19615224401248ef3bab61cd","isMergeCommit":false,"messageTitle":"Add JAVA_CI_FAILURE environment variable to Telegram workflow","messageBody":"","fileTypesAndContributionMap":{"other":{"insertions":2,"deletions":1}}},{"hash":"93a6b7572f313489b34f90c17767011d892fc084","isMergeCommit":false,"messageTitle":"Fix message formatting in Telegram workflow files to use double quotes","messageBody":"","fileTypesAndContributionMap":{"other":{"insertions":4,"deletions":4}}},{"hash":"76dff38759ff3f33bd040d2d8fb84824989d0e7c","isMergeCommit":true,"messageTitle":"Merge pull request #68 from vegetablestabber/Harii-NotifyTelegramGC","messageBody":"Add JAVA_CI_FAILURE environment variable to Telegram workflow","fileTypesAndContributionMap":{}},{"hash":"fc2a103952bb876ad4a14e2d61afc67223a5fa29","isMergeCommit":false,"messageTitle":"Remove null checking and used Optionals for better type safety","messageBody":"","fileTypesAndContributionMap":{"functional-code":{"insertions":29,"deletions":20}}}]},{"date":"2025-03-26","commitResults":[{"hash":"88c4e47b4ac2d4d5ff3ec6e37e198824fa31b5cd","isMergeCommit":false,"messageTitle":"Fixed checkstyle violation","messageBody":"","fileTypesAndContributionMap":{"functional-code":{"insertions":5,"deletions":5}}},{"hash":"47c57c9e4b4cb91f9c86e7916ef326ea14a986bc","isMergeCommit":false,"messageTitle":"Used `Optional::ofNullable` instead","messageBody":"","fileTypesAndContributionMap":{"functional-code":{"insertions":3,"deletions":3}}}]},{"date":"2025-03-28","commitResults":[{"hash":"3656137b2e0c431dd4f9147d6718f600421263ff","isMergeCommit":false,"messageTitle":"Deleted problematic Telegram workflow","messageBody":"","fileTypesAndContributionMap":{"other":{"insertions":0,"deletions":14}}},{"hash":"1b5db2d33874da637618a0429c925d61468844fe","isMergeCommit":true,"messageTitle":"Merge pull request #73 from kagiura/kagiura/fix-missing-workload","messageBody":"fix: make mod workload optional","fileTypesAndContributionMap":{}},{"hash":"11cf20e5675dbd13a5f25e0e18ab4c97fef9658d","isMergeCommit":true,"messageTitle":"Merge pull request #62 from kagiura/kagiura/error-on-unrecognized-command","messageBody":"Add a descriptive error message when invalid command inputted","fileTypesAndContributionMap":{}},{"hash":"2502cb1a9ac042e01bcdc19ea3a8d243b719a9f8","isMergeCommit":true,"messageTitle":"Merge pull request #71 from kagiura/kagiura/case-insensitive","messageBody":"Make viewmod argument case-insensitive","fileTypesAndContributionMap":{}},{"hash":"20d8b2104549a5ae138d0c6a662829bc69d844a3","isMergeCommit":true,"messageTitle":"Merge pull request #70 from kagiura/kagiura/timetable-fixes","messageBody":"Fix various bugs with timetable-related commands","fileTypesAndContributionMap":{}},{"hash":"998b1d715715b65464433f22f27c29e1935ff3d1","isMergeCommit":false,"messageTitle":"Add constructor to ModAttributes for optional WeeklyWorkload parameter","messageBody":"","fileTypesAndContributionMap":{"functional-code":{"insertions":5,"deletions":0}}},{"hash":"cfa9f7da1842258d3873d4e5614d5183d994c2ed","isMergeCommit":false,"messageTitle":"Fixed JUnit failure","messageBody":"","fileTypesAndContributionMap":{"functional-code":{"insertions":6,"deletions":4}}},{"hash":"9f1d7b11f7533ba9ba0804a7121237e393d23141","isMergeCommit":true,"messageTitle":"Merge branch \u0027master\u0027 into optional-workload","messageBody":"","fileTypesAndContributionMap":{}}]},{"date":"2025-03-29","commitResults":[{"hash":"2b2173bb8eafa88261084ef97ae6350ce6e66c67","isMergeCommit":true,"messageTitle":"Merge pull request #75 from vegetablestabber/optional-workload","messageBody":"Fixed JUnit using non-existing constructor for WeeklyWorkload","fileTypesAndContributionMap":{}},{"hash":"f8b6d0763e9de77bf3027ad35c294fec7b3bced3","isMergeCommit":false,"messageTitle":"Remove Telegram notification workflows","messageBody":"","fileTypesAndContributionMap":{"other":{"insertions":0,"deletions":88}}},{"hash":"76456908320e96e08f1598b718db388d785452cf","isMergeCommit":true,"messageTitle":"Merge pull request #76 from vegetablestabber/Harii-NotifyTelegramGC","messageBody":"Remove Telegram notification workflows","fileTypesAndContributionMap":{}}]},{"date":"2025-04-01","commitResults":[{"hash":"f459e803ea40c4baf49b46457c742a1e69b805ae","isMergeCommit":true,"messageTitle":"Merge pull request #77 from pjahn31:CodeModular","messageBody":"Abstracting individual commands from Command Center","fileTypesAndContributionMap":{}}]},{"date":"2025-04-02","commitResults":[{"hash":"047875664984e7ad784cbaa9dc5df7a8dc1a4c1a","isMergeCommit":false,"messageTitle":"Refactor command logging to use LogUtil and add CLI representations for commands","messageBody":"","fileTypesAndContributionMap":{"functional-code":{"insertions":270,"deletions":221}}},{"hash":"4c9ee2babb39071ff70576ee9788608a80282491","isMergeCommit":false,"messageTitle":"Fix checkstyle violations","messageBody":"","fileTypesAndContributionMap":{"functional-code":{"insertions":18,"deletions":18}}},{"hash":"c29c9b7c9dcf4bc902aa29dffbcd748558841f65","isMergeCommit":true,"messageTitle":"Merge pull request #78 from vegetablestabber/Harii-Log","messageBody":"Refactor command logging to use LogUtil and add CLI representations for commands","fileTypesAndContributionMap":{}},{"hash":"324a8e42ddb1ee267cf74bef968f0da628f622e9","isMergeCommit":false,"messageTitle":"Enhance Developer Guide with detailed design, and implementation sections","messageBody":"","fileTypesAndContributionMap":{"docs":{"insertions":144,"deletions":20}}},{"hash":"3bc08fc2ac4ab8b8c0d95e460a2994cc73d3b3be","isMergeCommit":true,"messageTitle":"Merge pull request #80 from vegetablestabber/Harii-DeveloperGuide","messageBody":"Enhance Developer Guide","fileTypesAndContributionMap":{}},{"hash":"4dd1f45c5603026690b87bca7475217184eea422","isMergeCommit":false,"messageTitle":"Update Developer Guide with comprehensive manual testing instructions and error handling scenarios","messageBody":"","fileTypesAndContributionMap":{"docs":{"insertions":43,"deletions":26}}},{"hash":"8f6903e4381ddbd63b3a58fa8ef8c68bdf1fa312","isMergeCommit":true,"messageTitle":"Merge pull request #81 from vegetablestabber/Harii-DeveloperGuide","messageBody":"Update Developer Guide with comprehensive manual testing instructions and error handling scenarios","fileTypesAndContributionMap":{}}]}],"gitHST":[{"date":"2025-02-26","commitResults":[{"hash":"09a12696aca40ae39437efae7402beb99b5fbcc4","isMergeCommit":false,"messageTitle":"Fixing log directory, adding newline to output","messageBody":"","fileTypesAndContributionMap":{"functional-code":{"insertions":2,"deletions":2}}},{"hash":"24561f6b73b909b36f37b4ded65451d023d0f6d7","isMergeCommit":false,"messageTitle":"Updated YAML","messageBody":"","fileTypesAndContributionMap":{"other":{"insertions":3,"deletions":0}}},{"hash":"1dc883182d7196b7170fb1bbf79444d9fc04db84","isMergeCommit":false,"messageTitle":"trying to fix actual -\u003e expected comparison","messageBody":"","fileTypesAndContributionMap":{"functional-code":{"insertions":1,"deletions":1},"other":{"insertions":0,"deletions":3}}}]},{"date":"2025-02-28","commitResults":[{"hash":"c8708bef2ac6bcfc6b00bfc4d286a2bb6e9ea539","isMergeCommit":false,"messageTitle":"Initial commit","messageBody":"","fileTypesAndContributionMap":{"functional-code":{"insertions":655,"deletions":21},"other":{"insertions":4,"deletions":4},"docs":{"insertions":6,"deletions":15}}}]},{"date":"2025-03-05","commitResults":[{"hash":"a56fc81f503d76eaf964d1d383c9476722911809","isMergeCommit":false,"messageTitle":"Update AboutUs.md","messageBody":"","fileTypesAndContributionMap":{"docs":{"insertions":1,"deletions":5}}},{"hash":"c80305f3a27765cec1f69dffe031d86931fe1e32","isMergeCommit":false,"messageTitle":"Update AboutUs.md","messageBody":"","fileTypesAndContributionMap":{"docs":{"insertions":1,"deletions":1}}},{"hash":"ec27f2d22418e124a5718f11f9d565d1f1b2df85","isMergeCommit":false,"messageTitle":"Update AboutUs.md","messageBody":"","fileTypesAndContributionMap":{"docs":{"insertions":1,"deletions":1}}},{"hash":"4f3999a8be2b685e2839312da8d7a01d17916ef7","isMergeCommit":false,"messageTitle":"Fixed errors, cleaned up imports etc","messageBody":"","fileTypesAndContributionMap":{"functional-code":{"insertions":30,"deletions":680},"other":{"insertions":1,"deletions":1},"test-code":{"insertions":0,"deletions":66}}},{"hash":"c285dc1c17bfd3e321914a7d3c8253c08269d2c0","isMergeCommit":false,"messageTitle":"added newline","messageBody":"","fileTypesAndContributionMap":{"functional-code":{"insertions":1,"deletions":1}}},{"hash":"a910a2a2055407270a480d38982a65fec9f0f588","isMergeCommit":false,"messageTitle":"Added javadoc","messageBody":"","fileTypesAndContributionMap":{"functional-code":{"insertions":260,"deletions":18}}},{"hash":"de957447a41a4a21f8e8f9ed6d08cde8679d8e5f","isMergeCommit":false,"messageTitle":"Improved sample courses and toString formatting","messageBody":"","fileTypesAndContributionMap":{"functional-code":{"insertions":141,"deletions":5}}},{"hash":"11903577e66e572d527b8be1b96f909cb96c613d","isMergeCommit":false,"messageTitle":"Added baseline code for each task to work off of","messageBody":"","fileTypesAndContributionMap":{"functional-code":{"insertions":286,"deletions":52}}},{"hash":"39e373e1bf108597e89be6e88815eb6d3a7d0793","isMergeCommit":false,"messageTitle":"removed redundant comment","messageBody":"","fileTypesAndContributionMap":{"functional-code":{"insertions":0,"deletions":4}}}]},{"date":"2025-03-16","commitResults":[{"hash":"8bfb2b9d32361f64bb47104138d986c041c26b03","isMergeCommit":true,"messageTitle":"Merge pull request #21 from pjahn31/Create\u0026ViewTimetable","messageBody":"Create timetable and View timetable","fileTypesAndContributionMap":{}}]},{"date":"2025-03-17","commitResults":[{"hash":"7c2960bda1aaa2ae9690c2986d6a68d7991a26bc","isMergeCommit":true,"messageTitle":"Merge pull request #22 from shuu4/addandremoveCourses","messageBody":"Add and Remove Courses","fileTypesAndContributionMap":{}},{"hash":"2d55715640cf7ad533979453f4a87260da90c8c8","isMergeCommit":false,"messageTitle":"view course by name or code","messageBody":"","fileTypesAndContributionMap":{"functional-code":{"insertions":63,"deletions":35}}},{"hash":"7917e1c2817d7dabfe1c0f0797207b32a0441f81","isMergeCommit":false,"messageTitle":"Refactored some stuff","messageBody":"","fileTypesAndContributionMap":{"functional-code":{"insertions":63,"deletions":83}}},{"hash":"58f69e0b5afc3d9c34bd88ca7ea73b62df2880d2","isMergeCommit":false,"messageTitle":"Rename all occurences of course to mod","messageBody":"","fileTypesAndContributionMap":{"functional-code":{"insertions":202,"deletions":202},"other":{"insertions":65,"deletions":65}}}]},{"date":"2025-03-18","commitResults":[{"hash":"0492ccd00269006cbaf4564453a49ecf68bcc07e","isMergeCommit":false,"messageTitle":"Begin to parse json data","messageBody":"","fileTypesAndContributionMap":{"functional-code":{"insertions":322,"deletions":156},"other":{"insertions":1,"deletions":0}}},{"hash":"3d1fc595dd3ce1dab0afa22e9b66e5b8e226b2ad","isMergeCommit":true,"messageTitle":"Merge pull request #23 from kagiura/kagiura-bookmark","messageBody":"feat: bookmarking courses + view bookmarks","fileTypesAndContributionMap":{}},{"hash":"d3bad3e52bf1dced3d23d39b0a7f80ea16a97d57","isMergeCommit":true,"messageTitle":"Merge branch \u0027master\u0027 into refactoring","messageBody":"","fileTypesAndContributionMap":{}},{"hash":"7a534478209173968c71bb42092ad10fc79c1d89","isMergeCommit":false,"messageTitle":"Updated Course to Mod in bookmark functions","messageBody":"","fileTypesAndContributionMap":{"functional-code":{"insertions":13,"deletions":13}}},{"hash":"a86992c872cf5b13c5d6dc1fc3fe238011103162","isMergeCommit":false,"messageTitle":"Update modFromNameOrCode to use Yuu\u0027s more elegant method of finding a mod","messageBody":"","fileTypesAndContributionMap":{"functional-code":{"insertions":7,"deletions":13}}},{"hash":"c1818595aa431eae6b4ad6f373d734522703d470","isMergeCommit":true,"messageTitle":"Merge pull request #25 from gitHST/refactoring","messageBody":"Refactoring","fileTypesAndContributionMap":{}},{"hash":"b7b49d0c04258b3ea3024eaaf136ac12112b234a","isMergeCommit":false,"messageTitle":"Finalise v1.0 and add extra logging and assertions","messageBody":"","fileTypesAndContributionMap":{"functional-code":{"insertions":44,"deletions":12}}},{"hash":"ed79dd2908d10527f2bd720b9a74d76467824fcd","isMergeCommit":false,"messageTitle":"Correct output errors","messageBody":"","fileTypesAndContributionMap":{"functional-code":{"insertions":10,"deletions":6}}},{"hash":"d2a78645220d700cba0aacd099524675ecdee0f6","isMergeCommit":false,"messageTitle":"Update gradle.build","messageBody":"","fileTypesAndContributionMap":{"other":{"insertions":9,"deletions":1}}},{"hash":"41b6cf2b9f38d9296c372add795cf5fed6321b7a","isMergeCommit":true,"messageTitle":"Merge pull request #26 from gitHST/finalisev1.0","messageBody":"Finalise v1.0 and add extra logging and assertions","tags":["v1.0"],"fileTypesAndContributionMap":{}}]},{"date":"2025-03-19","commitResults":[{"hash":"6f317f90d1ce6dda8ad300e5d1959f4d0d84b48d","isMergeCommit":true,"messageTitle":"Merge pull request #27 from vegetablestabber/Harii-Bookmark","messageBody":"Edited modFromNameOrCode to return an Optional and reduce null checking","fileTypesAndContributionMap":{}},{"hash":"a16eea24493743a6f06eaab560b42a3f7aade5aa","isMergeCommit":false,"messageTitle":"Rebase nusmods onto master","messageBody":"","fileTypesAndContributionMap":{"functional-code":{"insertions":321,"deletions":156},"other":{"insertions":1,"deletions":0}}},{"hash":"383d60dc650d4c1dd2f1b4452f583deedbf2011e","isMergeCommit":false,"messageTitle":"Fully implement ModDataRetreiver and modify Main to handle it and use all mods, not juts samples. Make main use Map of code and title, and call function ModDataRetreiver.getModFromAPIUsingCode to get details of a mod beyond just code and title Clean up some unused methods and fixed some javadoc","messageBody":"","fileTypesAndContributionMap":{"functional-code":{"insertions":179,"deletions":111}}},{"hash":"7ac38eb64c02dfc35cc5ba498df2f00bedb766c5","isMergeCommit":true,"messageTitle":"Merge remote-tracking branch \u0027origin/nusmodsapi\u0027 into nusmodsapi","messageBody":"# Conflicts:\n#\tsrc/main/java/modmate/Main.java\n#\tsrc/main/java/modmate/ModDataRetreiver.java\n","fileTypesAndContributionMap":{}},{"hash":"53f2178e144725ceff7264a92e019df91ad63be4","isMergeCommit":false,"messageTitle":"Remove ModDataRetreiver.getSampleMods","messageBody":"","fileTypesAndContributionMap":{"functional-code":{"insertions":0,"deletions":130}}},{"hash":"207fcf6ecc2f54d27e51e3ff0ad6246fee67f490","isMergeCommit":false,"messageTitle":"Clean up Main Clean up semester availability string General cleanup","messageBody":"","fileTypesAndContributionMap":{"functional-code":{"insertions":34,"deletions":50},"other":{"insertions":44,"deletions":17}}},{"hash":"bfaffda78acd7c6231312570029834583c375889","isMergeCommit":false,"messageTitle":"Add comment","messageBody":"","fileTypesAndContributionMap":{"functional-code":{"insertions":3,"deletions":0}}},{"hash":"1d5984a2d5fb29fd7c75bc42731efd074271efaf","isMergeCommit":false,"messageTitle":"Minor refactoring","messageBody":"","fileTypesAndContributionMap":{"functional-code":{"insertions":6,"deletions":24}}}]},{"date":"2025-03-20","commitResults":[{"hash":"ac8b89422c49466426d1977375c6e6f7f4e5d307","isMergeCommit":false,"messageTitle":"Split fetchModuleByCode into 2 smaller methods","messageBody":"","fileTypesAndContributionMap":{"functional-code":{"insertions":63,"deletions":47}}}]},{"date":"2025-03-21","commitResults":[{"hash":"dfc2db024211f14f175bf08f66785bfd94b43f6d","isMergeCommit":true,"messageTitle":"Merge pull request #32 from vegetablestabber/Harii-Assertions","messageBody":"Add assertions to validate startYear in NUSModsUtil methods","fileTypesAndContributionMap":{}},{"hash":"06c6c0e3c13b6d95c9a94e50662b5224f9abfc09","isMergeCommit":false,"messageTitle":"Minor path bug fix","messageBody":"","fileTypesAndContributionMap":{"functional-code":{"insertions":1,"deletions":1}}},{"hash":"194896e8ac1cb8543c91a424e2c9a002a74af30c","isMergeCommit":false,"messageTitle":"Minor path bug fix","messageBody":"","fileTypesAndContributionMap":{"functional-code":{"insertions":280,"deletions":269}}},{"hash":"5eeacd800aadaa62d4065144b52fd226729a84b1","isMergeCommit":false,"messageTitle":"Fix checkstyle","messageBody":"","fileTypesAndContributionMap":{"functional-code":{"insertions":11,"deletions":2}}},{"hash":"dc97eceb02d49528428c2dc7786ddf99d3dc5afe","isMergeCommit":false,"messageTitle":"Initial commit of this branch","messageBody":"","fileTypesAndContributionMap":{"functional-code":{"insertions":1,"deletions":0}}},{"hash":"157e5edbc712d3fc4c0c95257100243534dc0593","isMergeCommit":false,"messageTitle":"Add boilerplate empty classes and methods","messageBody":"","fileTypesAndContributionMap":{"functional-code":{"insertions":24,"deletions":3}}},{"hash":"59e152668f8b6c9d0fcc2c3c48c269cbb4a4b30d","isMergeCommit":false,"messageTitle":"Update to point that it just needs getClassSlots implemented","messageBody":"","fileTypesAndContributionMap":{"functional-code":{"insertions":40,"deletions":2}}}]},{"date":"2025-03-22","commitResults":[{"hash":"f3ac0317787949a0ec6eb0a249b1e411fd445038","isMergeCommit":true,"messageTitle":"Merge pull request #52 from vegetablestabber/Harii-NUSModsAPI","messageBody":"Added new enum value for prerequisites in ModJSONKey","fileTypesAndContributionMap":{}},{"hash":"236197406baf3e6fd692eb263a298edb01ade378","isMergeCommit":false,"messageTitle":"Implement getClassSlots","messageBody":"","fileTypesAndContributionMap":{"functional-code":{"insertions":148,"deletions":59}}},{"hash":"76a25848dc56c8bea4d27d06934efd5d15f5a572","isMergeCommit":false,"messageTitle":"Add functionality for period","messageBody":"","fileTypesAndContributionMap":{"functional-code":{"insertions":50,"deletions":23}}},{"hash":"97bd77d93b0f1d9532c74ca925ad1a1b872c5167","isMergeCommit":false,"messageTitle":"Clean up","messageBody":"","fileTypesAndContributionMap":{"functional-code":{"insertions":18,"deletions":12}}}]},{"date":"2025-03-23","commitResults":[{"hash":"fc1925ef2ce431f4bfa2b11af80fe5b562280a98","isMergeCommit":true,"messageTitle":"Merge pull request #59 from vegetablestabber/Harii-NotifyTelegramGC","messageBody":"Add Telegram notification workflow for commits and pull requests","fileTypesAndContributionMap":{}}]},{"date":"2025-03-28","commitResults":[{"hash":"b83d415ed68cedc813cc28fea9c06b84bf91741b","isMergeCommit":true,"messageTitle":"Merge pull request #74 from shuu4/add-breaks-to-timetable","messageBody":"add breaks to timetable","fileTypesAndContributionMap":{}}]}],"pjahn31":[{"date":"2025-03-05","commitResults":[{"hash":"0e310989b4d8476f08bb3baa890944c8aba7ed97","isMergeCommit":false,"messageTitle":"Updated AboutUs - Jahnavi","messageBody":"","fileTypesAndContributionMap":{"docs":{"insertions":4,"deletions":7}}}]},{"date":"2025-03-16","commitResults":[{"hash":"261a0f1df95dff94ba2a887e6e0b55720a19ace0","isMergeCommit":false,"messageTitle":"Create timetable and View timetable","messageBody":"","fileTypesAndContributionMap":{"functional-code":{"insertions":66,"deletions":3}}}]},{"date":"2025-03-23","commitResults":[{"hash":"435fd5fe44b5c8483eff7cf60c84f5fc40903839","isMergeCommit":true,"messageTitle":"Merge pull request #50 from gitHST/linkModWithEvents","messageBody":"Link mod with events","fileTypesAndContributionMap":{}},{"hash":"2cf1668ed3443cf7399552c8c6a8045743e9397a","isMergeCommit":true,"messageTitle":"Merge pull request #57 from vegetablestabber/Harii-NUSModsAPI","messageBody":"Add getDouble method to JSONParser and update ModAttributes to use double for units","fileTypesAndContributionMap":{}},{"hash":"6d7ce2603c3d54d7e1962594e5939c1a46778c84","isMergeCommit":false,"messageTitle":"\"Schedule\" JUnit test cases","messageBody":"","fileTypesAndContributionMap":{"test-code":{"insertions":80,"deletions":0}}}]},{"date":"2025-03-25","commitResults":[{"hash":"efc9238fd098ad3c9f9bf259aa52b9e9cf8b46d6","isMergeCommit":false,"messageTitle":"Updated \"Schedule\" JUnit Test cases","messageBody":"","fileTypesAndContributionMap":{"functional-code":{"insertions":1,"deletions":1},"test-code":{"insertions":14,"deletions":2}}},{"hash":"8275c8fc707bfbabb30b3cf059e2363652f2b132","isMergeCommit":false,"messageTitle":"Updated Mod class","messageBody":"(adheres to the 120 char limit)\n","fileTypesAndContributionMap":{"functional-code":{"insertions":2,"deletions":1}}},{"hash":"b60c6aea3d53f01f65c898763040fa221189ce81","isMergeCommit":false,"messageTitle":"Updated updated Mod class","messageBody":"","fileTypesAndContributionMap":{"functional-code":{"insertions":1,"deletions":1}}}]},{"date":"2025-03-26","commitResults":[{"hash":"54a444a38e914e687cda1385f899305940cbf4e5","isMergeCommit":false,"messageTitle":"\"User\" JUnit test cases","messageBody":"and edited ScheduleTest, made minor changes to Schedule and User class\n","fileTypesAndContributionMap":{"functional-code":{"insertions":5,"deletions":5},"test-code":{"insertions":146,"deletions":8}}}]},{"date":"2025-03-27","commitResults":[{"hash":"cff4b001c720e58bb276c13ccf66a08a0151a893","isMergeCommit":false,"messageTitle":"\"Condensed Mod\" JUnit tests","messageBody":"","fileTypesAndContributionMap":{"functional-code":{"insertions":7,"deletions":0},"test-code":{"insertions":28,"deletions":0}}},{"hash":"7608384eb6a4aca161568d704db64279f6724ed5","isMergeCommit":false,"messageTitle":"\"Mod\" JUnit tests","messageBody":"","fileTypesAndContributionMap":{"test-code":{"insertions":69,"deletions":0}}},{"hash":"a5c86fea4971c2de161cf76e61324753ae20196d","isMergeCommit":false,"messageTitle":"Changes made to Condensed Mod and Mod tests","messageBody":"","fileTypesAndContributionMap":{"test-code":{"insertions":8,"deletions":4}}}]},{"date":"2025-03-31","commitResults":[{"hash":"6b555d9bf1fee6537db28e9eb78a50330957f22c","isMergeCommit":false,"messageTitle":"Abstracting individual commands from Command Center","messageBody":"","fileTypesAndContributionMap":{"functional-code":{"insertions":449,"deletions":295}}}]},{"date":"2025-04-01","commitResults":[{"hash":"c14b13127f3bdcb9fdcf59c1030e462cf91ed1e0","isMergeCommit":false,"messageTitle":"Changes made to Schedule and AddBreakToTimetableCommand","messageBody":"- ensured that removemod and addmod commands work\n- made sure addbreak command handled exceptions and not crash the program\n","fileTypesAndContributionMap":{"functional-code":{"insertions":26,"deletions":10}}},{"hash":"af60fb91630e812b2b503e8d60051c5ba167da2b","isMergeCommit":false,"messageTitle":"fix checkstyle","messageBody":"","fileTypesAndContributionMap":{"functional-code":{"insertions":24,"deletions":25}}}]}],"shuu4":[{"date":"2025-03-05","commitResults":[{"hash":"98f6a337088c03c30ddb744d779f911c151d3ee7","isMergeCommit":false,"messageTitle":"Update AboutUs.md","messageBody":"","fileTypesAndContributionMap":{"docs":{"insertions":1,"deletions":5}}},{"hash":"8bb462fc7a8ee8acfaa20280c7a81ec94494a108","isMergeCommit":false,"messageTitle":"Update AboutUs.md","messageBody":"","fileTypesAndContributionMap":{"docs":{"insertions":1,"deletions":1}}},{"hash":"dcc11528a87774871009d3c0546449e5bbc7e02d","isMergeCommit":false,"messageTitle":"Update AboutUs.md","messageBody":"","fileTypesAndContributionMap":{"docs":{"insertions":1,"deletions":1}}}]},{"date":"2025-03-17","commitResults":[{"hash":"0a200a2f0e894a6a6b093d7fd154dba5ba76f264","isMergeCommit":false,"messageTitle":"Add and Remove Courses","messageBody":"","fileTypesAndContributionMap":{"functional-code":{"insertions":49,"deletions":2}}}]},{"date":"2025-03-18","commitResults":[{"hash":"535d750067f0a89272fa339ffc4f8062623eabea","isMergeCommit":true,"messageTitle":"Merge pull request #24 from gitHST/viewCourse","messageBody":"view course by name or code","fileTypesAndContributionMap":{}}]},{"date":"2025-03-28","commitResults":[{"hash":"ef19fcc82511e7549a944b94c301c2605467029c","isMergeCommit":false,"messageTitle":"add breaks to timetable","messageBody":"","fileTypesAndContributionMap":{"functional-code":{"insertions":108,"deletions":7}}},{"hash":"2f62eceb89ec240f8a767e841c6cf674e635153d","isMergeCommit":false,"messageTitle":"fix: remove unused import","messageBody":"","fileTypesAndContributionMap":{"functional-code":{"insertions":0,"deletions":1}}},{"hash":"80feed56af6a66e92663b00a11b69b110b4ddd7a","isMergeCommit":false,"messageTitle":"regerate Gradle wrpper to fix validation","messageBody":"","fileTypesAndContributionMap":{"other":{"insertions":0,"deletions":1}}},{"hash":"de6d9e8474058bd4a6cf00ff941d8a817d0b78d6","isMergeCommit":true,"messageTitle":"merge: master into add-breaks-to-timetable to sync test fixes","messageBody":"","fileTypesAndContributionMap":{}},{"hash":"eaa24d13572c5d737e9da3abf6a8142b22a6b58f","isMergeCommit":false,"messageTitle":"merge: master into add-breaks-to-timetable to sync test fixes","messageBody":"","fileTypesAndContributionMap":{"test-code":{"insertions":2,"deletions":1}}},{"hash":"2285f2cfac8795efe40ec7d65c8ba9fc04270dcb","isMergeCommit":false,"messageTitle":"fix(mod): unwrap workload Optional in getDetailedString()","messageBody":"","fileTypesAndContributionMap":{"functional-code":{"insertions":3,"deletions":1},"test-code":{"insertions":4,"deletions":0}}}]}]},"authorFileTypeContributionMap":{"kagiura":{"docs":5,"functional-code":478,"test-code":11},"vegetablestabber":{"docs":160,"functional-code":1679,"test-code":1,"other":1},"gitHST":{"docs":0,"functional-code":376,"test-code":0,"other":10},"pjahn31":{"docs":0,"functional-code":440,"test-code":319},"shuu4":{"docs":0,"functional-code":86,"test-code":6}},"authorContributionVariance":{"kagiura":7037.197,"vegetablestabber":110681.06,"gitHST":115679.82,"pjahn31":13956.346,"shuu4":444.23795},"authorDisplayNameMap":{"kagiura":"CS2113-W12-1 SITT..PARN","vegetablestabber":"CS2113-W12-1 T HA..ARAN","gitHST":"CS2113-W12-1 WILL..STIE","pjahn31":"CS2113-W12-1 PYDI..NAVI","shuu4":"CS2113-W12-1 ZHON.. SHU"}}
