{"authorDailyContributionsMap":{"kagiura":[{"date":"2025-03-05","commitResults":[{"hash":"62d9e050a7fed151c1b995dd3c0c9b851c3a804b","isMergeCommit":false,"messageTitle":"added kyuu\u0027s profile","messageBody":"","fileTypesAndContributionMap":{"docs":{"insertions":3,"deletions":7}}},{"hash":"f774d2d6dece2d1681b1768169c6ea4e23dbacce","isMergeCommit":true,"messageTitle":"Merge pull request #6 from gitHST/Luke-AboutUs","messageBody":"Luke about us","fileTypesAndContributionMap":{}},{"hash":"d61648ea831793dbe7e20dccf5d1a1dd55d2771b","isMergeCommit":false,"messageTitle":"resize images in aboutus.md","messageBody":"","fileTypesAndContributionMap":{"docs":{"insertions":5,"deletions":5}}}]}],"vegetablestabber":[{"date":"2025-02-28","commitResults":[{"hash":"d2577440a4e083e0e2ad6132c62f12ad401fd90e","isMergeCommit":false,"messageTitle":"Update School.java","messageBody":"","fileTypesAndContributionMap":{"functional-code":{"insertions":6,"deletions":15}}},{"hash":"098bd4fc76dbe57ce3f4ae61d3fec59f9969f62b","isMergeCommit":false,"messageTitle":"Update Course.java","messageBody":"","fileTypesAndContributionMap":{"functional-code":{"insertions":6,"deletions":15}}},{"hash":"532126d2b08410ccb9832bedf9bcfdc9ab6d3a76","isMergeCommit":false,"messageTitle":"Major refactoring","messageBody":"","fileTypesAndContributionMap":{"functional-code":{"insertions":253,"deletions":349},"other":{"insertions":27,"deletions":40}}}]},{"date":"2025-03-05","commitResults":[{"hash":"a5a0231c0419a5fa4d4df0c60d2f85a264422445","isMergeCommit":false,"messageTitle":"Updated AboutUs.md","messageBody":"","fileTypesAndContributionMap":{"docs":{"insertions":2,"deletions":6}}},{"hash":"d44ca6f51ae48f93884f1c0a5f5e6f098ce229eb","isMergeCommit":true,"messageTitle":"Merge branch \u0027master\u0027 into Jahnavi-AboutUs","messageBody":"","fileTypesAndContributionMap":{}},{"hash":"67c9a5eb5cd3e5a07d6d3513c5fce382d3fed687","isMergeCommit":true,"messageTitle":"Merge pull request #9 from pjahn31/Jahnavi-AboutUs","messageBody":"Updated AboutUs - Jahnavi","fileTypesAndContributionMap":{}},{"hash":"af414c836cba14472a0b8284a874b7fe1252f493","isMergeCommit":true,"messageTitle":"Merge branch \u0027master\u0027 into Shu---AboutUs","messageBody":"","fileTypesAndContributionMap":{}},{"hash":"8484fde4031860c46750ded2635596209411ee3b","isMergeCommit":true,"messageTitle":"Merge pull request #8 from shuu4/Shu---AboutUs","messageBody":"Shu   about us","fileTypesAndContributionMap":{}},{"hash":"fdb8e6705c980d5a693ed0b803aa20495c727948","isMergeCommit":true,"messageTitle":"Merge branch \u0027master\u0027 into kagiura-AboutUs","messageBody":"","fileTypesAndContributionMap":{}},{"hash":"41c2efab1c4b260cfd116decbdf910cac0ac8620","isMergeCommit":true,"messageTitle":"Merge pull request #7 from kagiura/kagiura-AboutUs","messageBody":"added kyuu\u0027s profile","fileTypesAndContributionMap":{}},{"hash":"fb075f1e347e7b46ed5905feb5e459f05cd6041c","isMergeCommit":true,"messageTitle":"Merge branch \u0027master\u0027 into Harii-AboutUs","messageBody":"","fileTypesAndContributionMap":{}},{"hash":"9abc40ad90e3627ea6e5e2409063497cd802d110","isMergeCommit":true,"messageTitle":"Merge pull request #10 from vegetablestabber/Harii-AboutUs","messageBody":"Updated AboutUs.md","fileTypesAndContributionMap":{}},{"hash":"0faf5e940d8f71ea3a3197e1e8fec6c72c1c89f7","isMergeCommit":true,"messageTitle":"Merge pull request #11 from gitHST/fixing-errors","messageBody":"","fileTypesAndContributionMap":{}}]},{"date":"2025-03-14","commitResults":[{"hash":"bf39696a6249edf16d66b1e5411a97a0e515b5ea","isMergeCommit":true,"messageTitle":"Merge pull request #12 from gitHST/underlying-functionality","messageBody":"Added getters and detailed JavaDocs","fileTypesAndContributionMap":{}}]}],"gitHST":[{"date":"2025-02-26","commitResults":[{"hash":"09a12696aca40ae39437efae7402beb99b5fbcc4","isMergeCommit":false,"messageTitle":"Fixing log directory, adding newline to output","messageBody":"","fileTypesAndContributionMap":{"functional-code":{"insertions":2,"deletions":2}}},{"hash":"24561f6b73b909b36f37b4ded65451d023d0f6d7","isMergeCommit":false,"messageTitle":"Updated YAML","messageBody":"","fileTypesAndContributionMap":{"other":{"insertions":3,"deletions":0}}},{"hash":"1dc883182d7196b7170fb1bbf79444d9fc04db84","isMergeCommit":false,"messageTitle":"trying to fix actual -\u003e expected comparison","messageBody":"","fileTypesAndContributionMap":{"functional-code":{"insertions":1,"deletions":1},"other":{"insertions":0,"deletions":3}}}]},{"date":"2025-02-28","commitResults":[{"hash":"c8708bef2ac6bcfc6b00bfc4d286a2bb6e9ea539","isMergeCommit":false,"messageTitle":"Initial commit","messageBody":"","fileTypesAndContributionMap":{"functional-code":{"insertions":655,"deletions":21},"other":{"insertions":4,"deletions":4},"docs":{"insertions":6,"deletions":15}}}]},{"date":"2025-03-05","commitResults":[{"hash":"a56fc81f503d76eaf964d1d383c9476722911809","isMergeCommit":false,"messageTitle":"Update AboutUs.md","messageBody":"","fileTypesAndContributionMap":{"docs":{"insertions":1,"deletions":5}}},{"hash":"c80305f3a27765cec1f69dffe031d86931fe1e32","isMergeCommit":false,"messageTitle":"Update AboutUs.md","messageBody":"","fileTypesAndContributionMap":{"docs":{"insertions":1,"deletions":1}}},{"hash":"ec27f2d22418e124a5718f11f9d565d1f1b2df85","isMergeCommit":false,"messageTitle":"Update AboutUs.md","messageBody":"","fileTypesAndContributionMap":{"docs":{"insertions":1,"deletions":1}}},{"hash":"4f3999a8be2b685e2839312da8d7a01d17916ef7","isMergeCommit":false,"messageTitle":"Fixed errors, cleaned up imports etc","messageBody":"","fileTypesAndContributionMap":{"functional-code":{"insertions":30,"deletions":680},"other":{"insertions":1,"deletions":1},"test-code":{"insertions":0,"deletions":66}}},{"hash":"c285dc1c17bfd3e321914a7d3c8253c08269d2c0","isMergeCommit":false,"messageTitle":"added newline","messageBody":"","fileTypesAndContributionMap":{"functional-code":{"insertions":1,"deletions":1}}},{"hash":"a910a2a2055407270a480d38982a65fec9f0f588","isMergeCommit":false,"messageTitle":"Added javadoc","messageBody":"","fileTypesAndContributionMap":{"functional-code":{"insertions":260,"deletions":18}}},{"hash":"de957447a41a4a21f8e8f9ed6d08cde8679d8e5f","isMergeCommit":false,"messageTitle":"Improved sample courses and toString formatting","messageBody":"","fileTypesAndContributionMap":{"functional-code":{"insertions":141,"deletions":5}}},{"hash":"11903577e66e572d527b8be1b96f909cb96c613d","isMergeCommit":false,"messageTitle":"Added baseline code for each task to work off of","messageBody":"","fileTypesAndContributionMap":{"functional-code":{"insertions":286,"deletions":52}}},{"hash":"39e373e1bf108597e89be6e88815eb6d3a7d0793","isMergeCommit":false,"messageTitle":"removed redundant comment","messageBody":"","fileTypesAndContributionMap":{"functional-code":{"insertions":0,"deletions":4}}}]}],"pjahn31":[{"date":"2025-03-05","commitResults":[{"hash":"0e310989b4d8476f08bb3baa890944c8aba7ed97","isMergeCommit":false,"messageTitle":"Updated AboutUs - Jahnavi","messageBody":"","fileTypesAndContributionMap":{"docs":{"insertions":4,"deletions":7}}}]}],"shuu4":[{"date":"2025-03-05","commitResults":[{"hash":"98f6a337088c03c30ddb744d779f911c151d3ee7","isMergeCommit":false,"messageTitle":"Update AboutUs.md","messageBody":"","fileTypesAndContributionMap":{"docs":{"insertions":1,"deletions":5}}},{"hash":"8bb462fc7a8ee8acfaa20280c7a81ec94494a108","isMergeCommit":false,"messageTitle":"Update AboutUs.md","messageBody":"","fileTypesAndContributionMap":{"docs":{"insertions":1,"deletions":1}}},{"hash":"dcc11528a87774871009d3c0546449e5bbc7e02d","isMergeCommit":false,"messageTitle":"Update AboutUs.md","messageBody":"","fileTypesAndContributionMap":{"docs":{"insertions":1,"deletions":1}}}]}]},"authorFileTypeContributionMap":{"kagiura":{"docs":5,"functional-code":0,"test-code":0},"vegetablestabber":{"docs":0,"functional-code":262,"test-code":1},"gitHST":{"docs":0,"functional-code":772,"test-code":0,"other":1},"pjahn31":{"docs":0,"functional-code":0,"test-code":0},"shuu4":{"docs":0,"functional-code":0,"test-code":0}},"authorContributionVariance":{"kagiura":17.355373,"vegetablestabber":21913.03,"gitHST":121975.62,"pjahn31":5.25,"shuu4":4.3388433},"authorDisplayNameMap":{"kagiura":"CS2113-W12-1 SITT..PARN","vegetablestabber":"CS2113-W12-1 T HA..ARAN","gitHST":"CS2113-W12-1 WILL..STIE","pjahn31":"CS2113-W12-1 PYDI..NAVI","shuu4":"CS2113-W12-1 ZHON.. SHU"}}
