[{"path":"README.md","fileType":"docs","lines":[{"lineNumber":1,"author":{"gitId":"Carlton369"},"content":"# ui.kitchenctrl project template","lastModifiedDate":"2025-03-13","isFullCredit":false},{"lineNumber":2,"author":{"gitId":"-"},"content":"","lastModifiedDate":"2020-05-25","isFullCredit":false},{"lineNumber":3,"author":{"gitId":"-"},"content":"This is a project template for a greenfield Java project. It\u0027s named after the Java mascot _Duke_. Given below are instructions on how to use it.","lastModifiedDate":"2020-05-25","isFullCredit":false},{"lineNumber":4,"author":{"gitId":"-"},"content":"","lastModifiedDate":"2020-05-25","isFullCredit":false},{"lineNumber":5,"author":{"gitId":"-"},"content":"## Setting up in Intellij","lastModifiedDate":"2020-05-25","isFullCredit":false},{"lineNumber":6,"author":{"gitId":"-"},"content":"","lastModifiedDate":"2020-05-25","isFullCredit":false},{"lineNumber":7,"author":{"gitId":"-"},"content":"Prerequisites: JDK 17 (use the exact version), update Intellij to the most recent version.","lastModifiedDate":"2020-05-24","isFullCredit":false},{"lineNumber":8,"author":{"gitId":"-"},"content":"","lastModifiedDate":"2020-05-24","isFullCredit":false},{"lineNumber":9,"author":{"gitId":"-"},"content":"1. **Ensure Intellij JDK 17 is defined as an SDK**, as described [here](https://www.jetbrains.com/help/idea/sdk.html#set-up-jdk) -- this step is not needed if you have used JDK 17 in a previous Intellij project.","lastModifiedDate":"2020-05-24","isFullCredit":false},{"lineNumber":10,"author":{"gitId":"-"},"content":"1. **Import the project _as a Gradle project_**, as described [here](https://se-education.org/guides/tutorials/intellijImportGradleProject.html).","lastModifiedDate":"2020-05-24","isFullCredit":false},{"lineNumber":11,"author":{"gitId":"Carlton369"},"content":"1. **Verify the setup**: After the importing is complete, locate the `src/main/java/ui/kitchenctrl.java` file, right-click it, and choose `Run Duke.main()`. If the setup is correct, you should see something like the below:","lastModifiedDate":"2025-03-13","isFullCredit":false},{"lineNumber":12,"author":{"gitId":"-"},"content":"   ```","lastModifiedDate":"2020-05-25","isFullCredit":false},{"lineNumber":13,"author":{"gitId":"-"},"content":"   \u003e Task :compileJava","lastModifiedDate":"2020-05-24","isFullCredit":false},{"lineNumber":14,"author":{"gitId":"-"},"content":"   \u003e Task :processResources NO-SOURCE","lastModifiedDate":"2020-05-24","isFullCredit":false},{"lineNumber":15,"author":{"gitId":"-"},"content":"   \u003e Task :classes","lastModifiedDate":"2020-05-24","isFullCredit":false},{"lineNumber":16,"author":{"gitId":"-"},"content":"   ","lastModifiedDate":"2020-05-24","isFullCredit":false},{"lineNumber":17,"author":{"gitId":"-"},"content":"   \u003e Task :Duke.main()","lastModifiedDate":"2020-05-24","isFullCredit":false},{"lineNumber":18,"author":{"gitId":"-"},"content":"   Hello from","lastModifiedDate":"2020-05-25","isFullCredit":false},{"lineNumber":19,"author":{"gitId":"-"},"content":"    ____        _        ","lastModifiedDate":"2020-05-25","isFullCredit":false},{"lineNumber":20,"author":{"gitId":"-"},"content":"   |  _ \\ _   _| | _____ ","lastModifiedDate":"2020-05-25","isFullCredit":false},{"lineNumber":21,"author":{"gitId":"-"},"content":"   | | | | | | | |/ / _ \\","lastModifiedDate":"2020-05-25","isFullCredit":false},{"lineNumber":22,"author":{"gitId":"-"},"content":"   | |_| | |_| |   \u003c  __/","lastModifiedDate":"2020-05-25","isFullCredit":false},{"lineNumber":23,"author":{"gitId":"-"},"content":"   |____/ \\__,_|_|\\_\\___|","lastModifiedDate":"2020-05-25","isFullCredit":false},{"lineNumber":24,"author":{"gitId":"-"},"content":"   ","lastModifiedDate":"2020-05-24","isFullCredit":false},{"lineNumber":25,"author":{"gitId":"-"},"content":"   What is your name?","lastModifiedDate":"2020-05-24","isFullCredit":false},{"lineNumber":26,"author":{"gitId":"-"},"content":"   ```","lastModifiedDate":"2020-05-25","isFullCredit":false},{"lineNumber":27,"author":{"gitId":"-"},"content":"   Type some word and press enter to let the execution proceed to the end.","lastModifiedDate":"2020-05-24","isFullCredit":false},{"lineNumber":28,"author":{"gitId":"-"},"content":"","lastModifiedDate":"2025-01-04","isFullCredit":false},{"lineNumber":29,"author":{"gitId":"-"},"content":"**Warning:** Keep the `src\\main\\java` folder as the root folder for Java files (i.e., don\u0027t rename those folders or move Java files to another folder outside of this folder path), as this is the default location some tools (e.g., Gradle) expect to find Java files.","lastModifiedDate":"2025-01-04","isFullCredit":false},{"lineNumber":30,"author":{"gitId":"-"},"content":"","lastModifiedDate":"2020-05-24","isFullCredit":false},{"lineNumber":31,"author":{"gitId":"-"},"content":"## Build automation using Gradle","lastModifiedDate":"2020-05-24","isFullCredit":false},{"lineNumber":32,"author":{"gitId":"-"},"content":"","lastModifiedDate":"2020-05-24","isFullCredit":false},{"lineNumber":33,"author":{"gitId":"-"},"content":"* This project uses Gradle for build automation and dependency management. It includes a basic build script as well (i.e. the `build.gradle` file).","lastModifiedDate":"2020-05-24","isFullCredit":false},{"lineNumber":34,"author":{"gitId":"-"},"content":"* If you are new to Gradle, refer to the [Gradle Tutorial at se-education.org/guides](https://se-education.org/guides/tutorials/gradle.html).","lastModifiedDate":"2020-05-24","isFullCredit":false},{"lineNumber":35,"author":{"gitId":"-"},"content":"","lastModifiedDate":"2020-05-24","isFullCredit":false},{"lineNumber":36,"author":{"gitId":"-"},"content":"## Testing","lastModifiedDate":"2020-05-24","isFullCredit":false},{"lineNumber":37,"author":{"gitId":"-"},"content":"","lastModifiedDate":"2020-05-24","isFullCredit":false},{"lineNumber":38,"author":{"gitId":"-"},"content":"### I/O redirection tests","lastModifiedDate":"2020-05-24","isFullCredit":false},{"lineNumber":39,"author":{"gitId":"-"},"content":"","lastModifiedDate":"2020-05-24","isFullCredit":false},{"lineNumber":40,"author":{"gitId":"-"},"content":"* To run _I/O redirection_ tests (aka _Text UI tests_), navigate to the `text-ui-test` and run the `runtest(.bat/.sh)` script.","lastModifiedDate":"2020-05-24","isFullCredit":false},{"lineNumber":41,"author":{"gitId":"-"},"content":"","lastModifiedDate":"2020-05-24","isFullCredit":false},{"lineNumber":42,"author":{"gitId":"-"},"content":"### JUnit tests","lastModifiedDate":"2020-05-24","isFullCredit":false},{"lineNumber":43,"author":{"gitId":"-"},"content":"","lastModifiedDate":"2020-05-24","isFullCredit":false},{"lineNumber":44,"author":{"gitId":"Carlton369"},"content":"* A skeleton JUnit test (`src/test/java/test/KitchenCTRLTest.java`) is provided with this project template. ","lastModifiedDate":"2025-03-13","isFullCredit":false},{"lineNumber":45,"author":{"gitId":"-"},"content":"* If you are new to JUnit, refer to the [JUnit Tutorial at se-education.org/guides](https://se-education.org/guides/tutorials/junit.html).","lastModifiedDate":"2020-05-24","isFullCredit":false},{"lineNumber":46,"author":{"gitId":"-"},"content":"","lastModifiedDate":"2020-05-24","isFullCredit":false},{"lineNumber":47,"author":{"gitId":"-"},"content":"## Checkstyle","lastModifiedDate":"2020-05-24","isFullCredit":false},{"lineNumber":48,"author":{"gitId":"-"},"content":"","lastModifiedDate":"2020-05-24","isFullCredit":false},{"lineNumber":49,"author":{"gitId":"-"},"content":"* A sample CheckStyle rule configuration is provided in this project.","lastModifiedDate":"2020-05-24","isFullCredit":false},{"lineNumber":50,"author":{"gitId":"-"},"content":"* If you are new to Checkstyle, refer to the [Checkstyle Tutorial at se-education.org/guides](https://se-education.org/guides/tutorials/checkstyle.html).","lastModifiedDate":"2020-05-24","isFullCredit":false},{"lineNumber":51,"author":{"gitId":"-"},"content":"","lastModifiedDate":"2020-05-24","isFullCredit":false},{"lineNumber":52,"author":{"gitId":"-"},"content":"## CI using GitHub Actions","lastModifiedDate":"2020-05-24","isFullCredit":false},{"lineNumber":53,"author":{"gitId":"-"},"content":"","lastModifiedDate":"2020-05-24","isFullCredit":false},{"lineNumber":54,"author":{"gitId":"-"},"content":"The project uses [GitHub actions](https://github.com/features/actions) for CI. When you push a commit to this repo or PR against it, GitHub actions will run automatically to build and verify the code as updated by the commit/PR.","lastModifiedDate":"2020-05-24","isFullCredit":false},{"lineNumber":55,"author":{"gitId":"-"},"content":"","lastModifiedDate":"2020-05-24","isFullCredit":false},{"lineNumber":56,"author":{"gitId":"-"},"content":"## Documentation","lastModifiedDate":"2020-05-24","isFullCredit":false},{"lineNumber":57,"author":{"gitId":"-"},"content":"","lastModifiedDate":"2020-05-24","isFullCredit":false},{"lineNumber":58,"author":{"gitId":"-"},"content":"`/docs` folder contains a skeleton version of the project documentation.","lastModifiedDate":"2020-05-24","isFullCredit":false},{"lineNumber":59,"author":{"gitId":"-"},"content":"","lastModifiedDate":"2020-05-24","isFullCredit":false},{"lineNumber":60,"author":{"gitId":"-"},"content":"Steps for publishing documentation to the public: ","lastModifiedDate":"2020-05-24","isFullCredit":false},{"lineNumber":61,"author":{"gitId":"-"},"content":"1. If you are using this project template for an individual project, go your fork on GitHub.\u003cbr\u003e","lastModifiedDate":"2020-05-24","isFullCredit":false},{"lineNumber":62,"author":{"gitId":"-"},"content":"   If you are using this project template for a team project, go to the team fork on GitHub.","lastModifiedDate":"2020-05-24","isFullCredit":false},{"lineNumber":63,"author":{"gitId":"-"},"content":"1. Click on the `settings` tab.","lastModifiedDate":"2020-05-24","isFullCredit":false},{"lineNumber":64,"author":{"gitId":"-"},"content":"1. Scroll down to the `GitHub Pages` section.","lastModifiedDate":"2020-05-24","isFullCredit":false},{"lineNumber":65,"author":{"gitId":"-"},"content":"1. Set the `source` as `master branch /docs folder`.","lastModifiedDate":"2020-05-24","isFullCredit":false},{"lineNumber":66,"author":{"gitId":"-"},"content":"1. Optionally, use the `choose a theme` button to choose a theme for your documentation.","lastModifiedDate":"2020-05-24","isFullCredit":false}],"authorContributionMap":{"Carlton369":3,"-":63}},{"path":"build.gradle","fileType":"other","lines":[{"lineNumber":1,"author":{"gitId":"-"},"content":"plugins {","lastModifiedDate":"2020-05-25","isFullCredit":false},{"lineNumber":2,"author":{"gitId":"-"},"content":"    id \u0027java\u0027","lastModifiedDate":"2020-05-25","isFullCredit":false},{"lineNumber":3,"author":{"gitId":"-"},"content":"    id \u0027application\u0027","lastModifiedDate":"2020-05-25","isFullCredit":false},{"lineNumber":4,"author":{"gitId":"-"},"content":"    id \u0027checkstyle\u0027","lastModifiedDate":"2020-05-25","isFullCredit":false},{"lineNumber":5,"author":{"gitId":"-"},"content":"    id \u0027com.github.johnrengelman.shadow\u0027 version \u00277.1.2\u0027","lastModifiedDate":"2022-06-17","isFullCredit":false},{"lineNumber":6,"author":{"gitId":"-"},"content":"}","lastModifiedDate":"2020-05-25","isFullCredit":false},{"lineNumber":7,"author":{"gitId":"-"},"content":"","lastModifiedDate":"2020-05-25","isFullCredit":false},{"lineNumber":8,"author":{"gitId":"-"},"content":"repositories {","lastModifiedDate":"2020-05-25","isFullCredit":false},{"lineNumber":9,"author":{"gitId":"-"},"content":"    mavenCentral()","lastModifiedDate":"2020-05-25","isFullCredit":false},{"lineNumber":10,"author":{"gitId":"-"},"content":"}","lastModifiedDate":"2020-05-25","isFullCredit":false},{"lineNumber":11,"author":{"gitId":"-"},"content":"","lastModifiedDate":"2020-05-25","isFullCredit":false},{"lineNumber":12,"author":{"gitId":"-"},"content":"dependencies {","lastModifiedDate":"2020-05-25","isFullCredit":false},{"lineNumber":13,"author":{"gitId":"-"},"content":"    testImplementation group: \u0027org.junit.jupiter\u0027, name: \u0027junit-jupiter-api\u0027, version: \u00275.10.0\u0027","lastModifiedDate":"2023-08-05","isFullCredit":false},{"lineNumber":14,"author":{"gitId":"-"},"content":"    testRuntimeOnly group: \u0027org.junit.jupiter\u0027, name: \u0027junit-jupiter-engine\u0027, version: \u00275.10.0\u0027","lastModifiedDate":"2023-08-05","isFullCredit":false},{"lineNumber":15,"author":{"gitId":"-"},"content":"}","lastModifiedDate":"2020-05-25","isFullCredit":false},{"lineNumber":16,"author":{"gitId":"-"},"content":"","lastModifiedDate":"2020-05-25","isFullCredit":false},{"lineNumber":17,"author":{"gitId":"-"},"content":"test {","lastModifiedDate":"2020-05-25","isFullCredit":false},{"lineNumber":18,"author":{"gitId":"-"},"content":"    useJUnitPlatform()","lastModifiedDate":"2020-05-25","isFullCredit":false},{"lineNumber":19,"author":{"gitId":"-"},"content":"","lastModifiedDate":"2020-05-25","isFullCredit":false},{"lineNumber":20,"author":{"gitId":"-"},"content":"    testLogging {","lastModifiedDate":"2020-05-25","isFullCredit":false},{"lineNumber":21,"author":{"gitId":"-"},"content":"        events \"passed\", \"skipped\", \"failed\"","lastModifiedDate":"2020-05-25","isFullCredit":false},{"lineNumber":22,"author":{"gitId":"-"},"content":"","lastModifiedDate":"2020-05-25","isFullCredit":false},{"lineNumber":23,"author":{"gitId":"-"},"content":"        showExceptions true","lastModifiedDate":"2020-05-25","isFullCredit":false},{"lineNumber":24,"author":{"gitId":"-"},"content":"        exceptionFormat \"full\"","lastModifiedDate":"2020-05-25","isFullCredit":false},{"lineNumber":25,"author":{"gitId":"-"},"content":"        showCauses true","lastModifiedDate":"2020-05-25","isFullCredit":false},{"lineNumber":26,"author":{"gitId":"-"},"content":"        showStackTraces true","lastModifiedDate":"2020-05-25","isFullCredit":false},{"lineNumber":27,"author":{"gitId":"-"},"content":"        showStandardStreams \u003d false","lastModifiedDate":"2020-05-25","isFullCredit":false},{"lineNumber":28,"author":{"gitId":"-"},"content":"    }","lastModifiedDate":"2020-05-25","isFullCredit":false},{"lineNumber":29,"author":{"gitId":"-"},"content":"}","lastModifiedDate":"2020-05-25","isFullCredit":false},{"lineNumber":30,"author":{"gitId":"-"},"content":"","lastModifiedDate":"2020-05-25","isFullCredit":false},{"lineNumber":31,"author":{"gitId":"-"},"content":"application {","lastModifiedDate":"2020-05-25","isFullCredit":false},{"lineNumber":32,"author":{"gitId":"ChingWhee"},"content":"    mainClass.set(\"KitchenCTRL\")","lastModifiedDate":"2025-03-14","isFullCredit":false},{"lineNumber":33,"author":{"gitId":"-"},"content":"}","lastModifiedDate":"2020-05-25","isFullCredit":false},{"lineNumber":34,"author":{"gitId":"-"},"content":"","lastModifiedDate":"2020-05-25","isFullCredit":false},{"lineNumber":35,"author":{"gitId":"-"},"content":"shadowJar {","lastModifiedDate":"2020-05-25","isFullCredit":false},{"lineNumber":36,"author":{"gitId":"ChingWhee"},"content":"    archiveBaseName.set(\"KitchenCTRL\")","lastModifiedDate":"2025-03-14","isFullCredit":false},{"lineNumber":37,"author":{"gitId":"-"},"content":"    archiveClassifier.set(\"\")","lastModifiedDate":"2023-09-24","isFullCredit":false},{"lineNumber":38,"author":{"gitId":"-"},"content":"}","lastModifiedDate":"2020-05-25","isFullCredit":false},{"lineNumber":39,"author":{"gitId":"-"},"content":"","lastModifiedDate":"2020-05-25","isFullCredit":false},{"lineNumber":40,"author":{"gitId":"-"},"content":"checkstyle {","lastModifiedDate":"2020-05-25","isFullCredit":false},{"lineNumber":41,"author":{"gitId":"-"},"content":"    toolVersion \u003d \u002710.2\u0027","lastModifiedDate":"2022-04-29","isFullCredit":false},{"lineNumber":42,"author":{"gitId":"-"},"content":"}","lastModifiedDate":"2020-05-25","isFullCredit":false},{"lineNumber":43,"author":{"gitId":"-"},"content":"","lastModifiedDate":"2020-05-25","isFullCredit":false},{"lineNumber":44,"author":{"gitId":"-"},"content":"run{","lastModifiedDate":"2020-05-25","isFullCredit":false},{"lineNumber":45,"author":{"gitId":"-"},"content":"    standardInput \u003d System.in","lastModifiedDate":"2020-05-25","isFullCredit":false},{"lineNumber":46,"author":{"gitId":"-"},"content":"}","lastModifiedDate":"2020-05-25","isFullCredit":false}],"authorContributionMap":{"ChingWhee":2,"-":44}},{"path":"docs/AboutUs.md","fileType":"docs","lines":[{"lineNumber":1,"author":{"gitId":"-"},"content":"# About us","lastModifiedDate":"2020-05-24","isFullCredit":false},{"lineNumber":2,"author":{"gitId":"-"},"content":"","lastModifiedDate":"2020-05-24","isFullCredit":false},{"lineNumber":3,"author":{"gitId":"-"},"content":"Display |  Name   | Github Profile | Portfolio ","lastModifiedDate":"2020-05-24","isFullCredit":false},{"lineNumber":4,"author":{"gitId":"Carlton369"},"content":"--------|:-------:|:--------------:|:---------:","lastModifiedDate":"2025-03-06","isFullCredit":false},{"lineNumber":5,"author":{"gitId":"Carlton369"},"content":"![](https://via.placeholder.com/100.png?text\u003dPhoto) | Carlton | [Github](https://github.com/Carlton369) | [Portfolio](docs/team/johndoe.md)","lastModifiedDate":"2025-03-06","isFullCredit":false},{"lineNumber":6,"author":{"gitId":"J030104"},"content":"![]() | Chen Yi Yu | [Github](https://github.com/J030104) | [Portfolio]()","lastModifiedDate":"2025-03-06","isFullCredit":false},{"lineNumber":7,"author":{"gitId":"ChingWhee"},"content":"![](https://via.placeholder.com/100.png?text\u003dPhoto) | Ching Whee | [Github](https://github.com/ChingWhee) | [Portfolio](docs/team/johndoe.md)","lastModifiedDate":"2025-03-06","isFullCredit":false},{"lineNumber":8,"author":{"gitId":"chuanhuiw"},"content":"![](https://via.placeholder.com/100.png?text\u003dPhoto) | Chuan Hui | [Github](https://github.com/) | [Portfolio](docs/team/johndoe.md)","lastModifiedDate":"2025-03-06","isFullCredit":false},{"lineNumber":9,"author":{"gitId":"weiliangng"},"content":"![](https://via.placeholder.com/100.png?text\u003dPhoto) | Ng Weiliang | [Github](https://github.com/ChingWhee) | [Portfolio](docs/team/johndoe.md)","lastModifiedDate":"2025-03-06","isFullCredit":false},{"lineNumber":10,"author":{"gitId":"chuanhuiw"},"content":"","lastModifiedDate":"2025-03-06","isFullCredit":false}],"authorContributionMap":{"J030104":1,"Carlton369":2,"chuanhuiw":2,"ChingWhee":1,"weiliangng":1,"-":3}},{"path":"docs/UserGuide.md","fileType":"docs","lines":[{"lineNumber":1,"author":{"gitId":"-"},"content":"# User Guide","lastModifiedDate":"2020-05-24","isFullCredit":false},{"lineNumber":2,"author":{"gitId":"-"},"content":"","lastModifiedDate":"2020-05-24","isFullCredit":false},{"lineNumber":3,"author":{"gitId":"-"},"content":"## Introduction","lastModifiedDate":"2020-05-24","isFullCredit":false},{"lineNumber":4,"author":{"gitId":"-"},"content":"","lastModifiedDate":"2020-05-24","isFullCredit":false},{"lineNumber":5,"author":{"gitId":"-"},"content":"{Give a product intro}","lastModifiedDate":"2020-05-24","isFullCredit":false},{"lineNumber":6,"author":{"gitId":"-"},"content":"","lastModifiedDate":"2020-05-24","isFullCredit":false},{"lineNumber":7,"author":{"gitId":"-"},"content":"## Quick Start","lastModifiedDate":"2020-05-24","isFullCredit":false},{"lineNumber":8,"author":{"gitId":"-"},"content":"","lastModifiedDate":"2020-05-24","isFullCredit":false},{"lineNumber":9,"author":{"gitId":"-"},"content":"{Give steps to get started quickly}","lastModifiedDate":"2020-05-24","isFullCredit":false},{"lineNumber":10,"author":{"gitId":"-"},"content":"","lastModifiedDate":"2020-05-24","isFullCredit":false},{"lineNumber":11,"author":{"gitId":"-"},"content":"1. Ensure that you have Java 17 or above installed.","lastModifiedDate":"2020-05-24","isFullCredit":false},{"lineNumber":12,"author":{"gitId":"-"},"content":"1. Down the latest version of `Duke` from [here](http://link.to/duke).","lastModifiedDate":"2020-05-24","isFullCredit":false},{"lineNumber":13,"author":{"gitId":"-"},"content":"","lastModifiedDate":"2020-05-24","isFullCredit":false},{"lineNumber":14,"author":{"gitId":"-"},"content":"## Features ","lastModifiedDate":"2020-05-24","isFullCredit":false},{"lineNumber":15,"author":{"gitId":"-"},"content":"","lastModifiedDate":"2020-05-24","isFullCredit":false},{"lineNumber":16,"author":{"gitId":"-"},"content":"{Give detailed description of each feature}","lastModifiedDate":"2020-05-24","isFullCredit":false},{"lineNumber":17,"author":{"gitId":"-"},"content":"","lastModifiedDate":"2020-05-24","isFullCredit":false},{"lineNumber":18,"author":{"gitId":"-"},"content":"### Adding a todo: `todo`","lastModifiedDate":"2020-05-24","isFullCredit":false},{"lineNumber":19,"author":{"gitId":"-"},"content":"Adds a new item to the list of todo items.","lastModifiedDate":"2020-05-24","isFullCredit":false},{"lineNumber":20,"author":{"gitId":"-"},"content":"","lastModifiedDate":"2020-05-24","isFullCredit":false},{"lineNumber":21,"author":{"gitId":"-"},"content":"Format: `todo n/TODO_NAME d/DEADLINE`","lastModifiedDate":"2020-05-24","isFullCredit":false},{"lineNumber":22,"author":{"gitId":"-"},"content":"","lastModifiedDate":"2020-05-24","isFullCredit":false},{"lineNumber":23,"author":{"gitId":"-"},"content":"* The `DEADLINE` can be in a natural language format.","lastModifiedDate":"2020-05-24","isFullCredit":false},{"lineNumber":24,"author":{"gitId":"-"},"content":"* The `TODO_NAME` cannot contain punctuation.  ","lastModifiedDate":"2020-05-24","isFullCredit":false},{"lineNumber":25,"author":{"gitId":"-"},"content":"","lastModifiedDate":"2020-05-24","isFullCredit":false},{"lineNumber":26,"author":{"gitId":"-"},"content":"Example of usage: ","lastModifiedDate":"2020-05-24","isFullCredit":false},{"lineNumber":27,"author":{"gitId":"-"},"content":"","lastModifiedDate":"2020-05-24","isFullCredit":false},{"lineNumber":28,"author":{"gitId":"-"},"content":"`todo n/Write the rest of the User Guide d/next week`","lastModifiedDate":"2020-05-24","isFullCredit":false},{"lineNumber":29,"author":{"gitId":"-"},"content":"","lastModifiedDate":"2020-05-24","isFullCredit":false},{"lineNumber":30,"author":{"gitId":"-"},"content":"`todo n/Refactor the User Guide to remove passive voice d/13/04/2020`","lastModifiedDate":"2020-05-24","isFullCredit":false},{"lineNumber":31,"author":{"gitId":"-"},"content":"","lastModifiedDate":"2020-05-24","isFullCredit":false},{"lineNumber":32,"author":{"gitId":"-"},"content":"## FAQ","lastModifiedDate":"2020-05-24","isFullCredit":false},{"lineNumber":33,"author":{"gitId":"-"},"content":"","lastModifiedDate":"2020-05-24","isFullCredit":false},{"lineNumber":34,"author":{"gitId":"-"},"content":"**Q**: How do I transfer my data to another computer? ","lastModifiedDate":"2020-05-24","isFullCredit":false},{"lineNumber":35,"author":{"gitId":"-"},"content":"","lastModifiedDate":"2020-05-24","isFullCredit":false},{"lineNumber":36,"author":{"gitId":"-"},"content":"**A**: {your answer here}","lastModifiedDate":"2020-05-24","isFullCredit":false},{"lineNumber":37,"author":{"gitId":"-"},"content":"","lastModifiedDate":"2020-05-24","isFullCredit":false},{"lineNumber":38,"author":{"gitId":"-"},"content":"## Command Summary","lastModifiedDate":"2020-05-24","isFullCredit":false},{"lineNumber":39,"author":{"gitId":"-"},"content":"","lastModifiedDate":"2020-05-24","isFullCredit":false},{"lineNumber":40,"author":{"gitId":"Carlton369"},"content":"{Give a \u0027cheat sheet\u0027 of ui.commands here}","lastModifiedDate":"2025-03-13","isFullCredit":false},{"lineNumber":41,"author":{"gitId":"-"},"content":"","lastModifiedDate":"2020-05-24","isFullCredit":false},{"lineNumber":42,"author":{"gitId":"-"},"content":"* Add todo `todo n/TODO_NAME d/DEADLINE`","lastModifiedDate":"2020-05-24","isFullCredit":false}],"authorContributionMap":{"Carlton369":1,"-":41}},{"path":"src/main/java/Catalogue/Catalogue.java","fileType":"functional-code","lines":[{"lineNumber":1,"author":{"gitId":"ChingWhee"},"content":"package Catalogue;","lastModifiedDate":"2025-03-13","isFullCredit":false},{"lineNumber":2,"author":{"gitId":"ChingWhee"},"content":"","lastModifiedDate":"2025-03-13","isFullCredit":false},{"lineNumber":3,"author":{"gitId":"ChingWhee"},"content":"import java.util.ArrayList;","lastModifiedDate":"2025-03-13","isFullCredit":false},{"lineNumber":4,"author":{"gitId":"ChingWhee"},"content":"","lastModifiedDate":"2025-03-13","isFullCredit":false},{"lineNumber":5,"author":{"gitId":"ChingWhee"},"content":"/**","lastModifiedDate":"2025-03-13","isFullCredit":false},{"lineNumber":6,"author":{"gitId":"ChingWhee"},"content":" * A generic catalogue of items, providing common methods for managing them.","lastModifiedDate":"2025-03-13","isFullCredit":false},{"lineNumber":7,"author":{"gitId":"ChingWhee"},"content":" *","lastModifiedDate":"2025-03-13","isFullCredit":false},{"lineNumber":8,"author":{"gitId":"ChingWhee"},"content":" * @param \u003cT\u003e The type of item stored in the catalogue.","lastModifiedDate":"2025-03-13","isFullCredit":false},{"lineNumber":9,"author":{"gitId":"ChingWhee"},"content":" */","lastModifiedDate":"2025-03-13","isFullCredit":false},{"lineNumber":10,"author":{"gitId":"ChingWhee"},"content":"public abstract class Catalogue\u003cT\u003e {","lastModifiedDate":"2025-03-13","isFullCredit":false},{"lineNumber":11,"author":{"gitId":"ChingWhee"},"content":"    protected ArrayList\u003cT\u003e items;","lastModifiedDate":"2025-03-13","isFullCredit":false},{"lineNumber":12,"author":{"gitId":"ChingWhee"},"content":"","lastModifiedDate":"2025-03-13","isFullCredit":false},{"lineNumber":13,"author":{"gitId":"ChingWhee"},"content":"    public Catalogue() {","lastModifiedDate":"2025-03-13","isFullCredit":false},{"lineNumber":14,"author":{"gitId":"ChingWhee"},"content":"        this.items \u003d new ArrayList\u003c\u003e();","lastModifiedDate":"2025-03-13","isFullCredit":false},{"lineNumber":15,"author":{"gitId":"ChingWhee"},"content":"    }","lastModifiedDate":"2025-03-13","isFullCredit":false},{"lineNumber":16,"author":{"gitId":"ChingWhee"},"content":"","lastModifiedDate":"2025-03-13","isFullCredit":false},{"lineNumber":17,"author":{"gitId":"ChingWhee"},"content":"    /**","lastModifiedDate":"2025-03-13","isFullCredit":false},{"lineNumber":18,"author":{"gitId":"ChingWhee"},"content":"     * Adds an item to the catalogue.","lastModifiedDate":"2025-03-13","isFullCredit":false},{"lineNumber":19,"author":{"gitId":"ChingWhee"},"content":"     *","lastModifiedDate":"2025-03-13","isFullCredit":false},{"lineNumber":20,"author":{"gitId":"ChingWhee"},"content":"     * @param item The item to be added.","lastModifiedDate":"2025-03-13","isFullCredit":false},{"lineNumber":21,"author":{"gitId":"ChingWhee"},"content":"     */","lastModifiedDate":"2025-03-13","isFullCredit":false},{"lineNumber":22,"author":{"gitId":"ChingWhee"},"content":"    public void addItem(T item) {","lastModifiedDate":"2025-03-13","isFullCredit":false},{"lineNumber":23,"author":{"gitId":"ChingWhee"},"content":"        items.add(item);","lastModifiedDate":"2025-03-13","isFullCredit":false},{"lineNumber":24,"author":{"gitId":"ChingWhee"},"content":"    }","lastModifiedDate":"2025-03-13","isFullCredit":false},{"lineNumber":25,"author":{"gitId":"ChingWhee"},"content":"","lastModifiedDate":"2025-03-13","isFullCredit":false},{"lineNumber":26,"author":{"gitId":"ChingWhee"},"content":"    /**","lastModifiedDate":"2025-03-13","isFullCredit":false},{"lineNumber":27,"author":{"gitId":"ChingWhee"},"content":"     * Deletes an item from the catalogue.","lastModifiedDate":"2025-03-13","isFullCredit":false},{"lineNumber":28,"author":{"gitId":"ChingWhee"},"content":"     *","lastModifiedDate":"2025-03-13","isFullCredit":false},{"lineNumber":29,"author":{"gitId":"ChingWhee"},"content":"     * @param item The item to be removed.","lastModifiedDate":"2025-03-13","isFullCredit":false},{"lineNumber":30,"author":{"gitId":"ChingWhee"},"content":"     */","lastModifiedDate":"2025-03-13","isFullCredit":false},{"lineNumber":31,"author":{"gitId":"ChingWhee"},"content":"    public void deleteItem(T item) {","lastModifiedDate":"2025-03-13","isFullCredit":false},{"lineNumber":32,"author":{"gitId":"ChingWhee"},"content":"        items.remove(item);","lastModifiedDate":"2025-03-13","isFullCredit":false},{"lineNumber":33,"author":{"gitId":"ChingWhee"},"content":"    }","lastModifiedDate":"2025-03-13","isFullCredit":false},{"lineNumber":34,"author":{"gitId":"ChingWhee"},"content":"","lastModifiedDate":"2025-03-13","isFullCredit":false},{"lineNumber":35,"author":{"gitId":"ChingWhee"},"content":"    /**","lastModifiedDate":"2025-03-13","isFullCredit":false},{"lineNumber":36,"author":{"gitId":"ChingWhee"},"content":"     * Updates an existing item by replacing it with a new version.","lastModifiedDate":"2025-03-13","isFullCredit":false},{"lineNumber":37,"author":{"gitId":"ChingWhee"},"content":"     *","lastModifiedDate":"2025-03-13","isFullCredit":false},{"lineNumber":38,"author":{"gitId":"ChingWhee"},"content":"     * @param oldItem The item to be replaced.","lastModifiedDate":"2025-03-13","isFullCredit":false},{"lineNumber":39,"author":{"gitId":"ChingWhee"},"content":"     * @param newItem The updated item.","lastModifiedDate":"2025-03-13","isFullCredit":false},{"lineNumber":40,"author":{"gitId":"ChingWhee"},"content":"     */","lastModifiedDate":"2025-03-13","isFullCredit":false},{"lineNumber":41,"author":{"gitId":"ChingWhee"},"content":"    public void updateItem(T oldItem, T newItem) {","lastModifiedDate":"2025-03-13","isFullCredit":false},{"lineNumber":42,"author":{"gitId":"ChingWhee"},"content":"        int index \u003d items.indexOf(oldItem);","lastModifiedDate":"2025-03-13","isFullCredit":false},{"lineNumber":43,"author":{"gitId":"ChingWhee"},"content":"        if (index !\u003d -1) {","lastModifiedDate":"2025-03-13","isFullCredit":false},{"lineNumber":44,"author":{"gitId":"ChingWhee"},"content":"            items.set(index, newItem);","lastModifiedDate":"2025-03-13","isFullCredit":false},{"lineNumber":45,"author":{"gitId":"ChingWhee"},"content":"        }","lastModifiedDate":"2025-03-13","isFullCredit":false},{"lineNumber":46,"author":{"gitId":"ChingWhee"},"content":"    }","lastModifiedDate":"2025-03-13","isFullCredit":false},{"lineNumber":47,"author":{"gitId":"ChingWhee"},"content":"","lastModifiedDate":"2025-03-13","isFullCredit":false},{"lineNumber":48,"author":{"gitId":"ChingWhee"},"content":"    /**","lastModifiedDate":"2025-03-13","isFullCredit":false},{"lineNumber":49,"author":{"gitId":"ChingWhee"},"content":"     * Retrieves all items in the catalogue.","lastModifiedDate":"2025-03-13","isFullCredit":false},{"lineNumber":50,"author":{"gitId":"ChingWhee"},"content":"     *","lastModifiedDate":"2025-03-13","isFullCredit":false},{"lineNumber":51,"author":{"gitId":"ChingWhee"},"content":"     * @return A list of all stored items.","lastModifiedDate":"2025-03-13","isFullCredit":false},{"lineNumber":52,"author":{"gitId":"ChingWhee"},"content":"     */","lastModifiedDate":"2025-03-13","isFullCredit":false},{"lineNumber":53,"author":{"gitId":"ChingWhee"},"content":"    public ArrayList\u003cT\u003e getItems() {","lastModifiedDate":"2025-03-13","isFullCredit":false},{"lineNumber":54,"author":{"gitId":"ChingWhee"},"content":"        return items;","lastModifiedDate":"2025-03-13","isFullCredit":false},{"lineNumber":55,"author":{"gitId":"ChingWhee"},"content":"    }","lastModifiedDate":"2025-03-13","isFullCredit":false},{"lineNumber":56,"author":{"gitId":"ChingWhee"},"content":"","lastModifiedDate":"2025-03-13","isFullCredit":false},{"lineNumber":57,"author":{"gitId":"ChingWhee"},"content":"    /**","lastModifiedDate":"2025-03-13","isFullCredit":false},{"lineNumber":58,"author":{"gitId":"ChingWhee"},"content":"     * Displays all items in the catalogue.","lastModifiedDate":"2025-03-13","isFullCredit":false},{"lineNumber":59,"author":{"gitId":"ChingWhee"},"content":"     */","lastModifiedDate":"2025-03-13","isFullCredit":false},{"lineNumber":60,"author":{"gitId":"ChingWhee"},"content":"    public void displayItems() {","lastModifiedDate":"2025-03-13","isFullCredit":false},{"lineNumber":61,"author":{"gitId":"ChingWhee"},"content":"        if (items.isEmpty()) {","lastModifiedDate":"2025-03-13","isFullCredit":false},{"lineNumber":62,"author":{"gitId":"ChingWhee"},"content":"            System.out.println(\"No items found.\");","lastModifiedDate":"2025-03-13","isFullCredit":false},{"lineNumber":63,"author":{"gitId":"ChingWhee"},"content":"            return;","lastModifiedDate":"2025-03-13","isFullCredit":false},{"lineNumber":64,"author":{"gitId":"ChingWhee"},"content":"        }","lastModifiedDate":"2025-03-13","isFullCredit":false},{"lineNumber":65,"author":{"gitId":"ChingWhee"},"content":"        for (T item : items) {","lastModifiedDate":"2025-03-13","isFullCredit":false},{"lineNumber":66,"author":{"gitId":"ChingWhee"},"content":"            System.out.println(item);","lastModifiedDate":"2025-03-13","isFullCredit":false},{"lineNumber":67,"author":{"gitId":"ChingWhee"},"content":"        }","lastModifiedDate":"2025-03-13","isFullCredit":false},{"lineNumber":68,"author":{"gitId":"ChingWhee"},"content":"    }","lastModifiedDate":"2025-03-13","isFullCredit":false},{"lineNumber":69,"author":{"gitId":"ChingWhee"},"content":"}","lastModifiedDate":"2025-03-13","isFullCredit":false}],"authorContributionMap":{"ChingWhee":69}},{"path":"src/main/java/Catalogue/InventoryCatalogue.java","fileType":"functional-code","lines":[{"lineNumber":1,"author":{"gitId":"ChingWhee"},"content":"package Catalogue;","lastModifiedDate":"2025-03-14","isFullCredit":false},{"lineNumber":2,"author":{"gitId":"ChingWhee"},"content":"","lastModifiedDate":"2025-03-14","isFullCredit":false},{"lineNumber":3,"author":{"gitId":"ChingWhee"},"content":"import backend.storage.Ingredient;","lastModifiedDate":"2025-03-14","isFullCredit":false},{"lineNumber":4,"author":{"gitId":"ChingWhee"},"content":"","lastModifiedDate":"2025-03-14","isFullCredit":false},{"lineNumber":5,"author":{"gitId":"ChingWhee"},"content":"/**","lastModifiedDate":"2025-03-14","isFullCredit":false},{"lineNumber":6,"author":{"gitId":"ChingWhee"},"content":" * Manages an inventory of food items.","lastModifiedDate":"2025-03-14","isFullCredit":false},{"lineNumber":7,"author":{"gitId":"ChingWhee"},"content":" */","lastModifiedDate":"2025-03-14","isFullCredit":false},{"lineNumber":8,"author":{"gitId":"ChingWhee"},"content":"public class InventoryCatalogue extends Catalogue\u003cIngredient\u003e {","lastModifiedDate":"2025-03-14","isFullCredit":false},{"lineNumber":9,"author":{"gitId":"ChingWhee"},"content":"    public InventoryCatalogue() {","lastModifiedDate":"2025-03-14","isFullCredit":false},{"lineNumber":10,"author":{"gitId":"ChingWhee"},"content":"        super();","lastModifiedDate":"2025-03-14","isFullCredit":false},{"lineNumber":11,"author":{"gitId":"ChingWhee"},"content":"    }","lastModifiedDate":"2025-03-14","isFullCredit":false},{"lineNumber":12,"author":{"gitId":"ChingWhee"},"content":"}","lastModifiedDate":"2025-03-14","isFullCredit":false}],"authorContributionMap":{"ChingWhee":12}},{"path":"src/main/java/Catalogue/RecipeCatalogue.java","fileType":"functional-code","lines":[{"lineNumber":1,"author":{"gitId":"ChingWhee"},"content":"package Catalogue;","lastModifiedDate":"2025-03-14","isFullCredit":false},{"lineNumber":2,"author":{"gitId":"ChingWhee"},"content":"","lastModifiedDate":"2025-03-14","isFullCredit":false},{"lineNumber":3,"author":{"gitId":"ChingWhee"},"content":"import backend.storage.Recipe;","lastModifiedDate":"2025-03-14","isFullCredit":false},{"lineNumber":4,"author":{"gitId":"ChingWhee"},"content":"","lastModifiedDate":"2025-03-14","isFullCredit":false},{"lineNumber":5,"author":{"gitId":"ChingWhee"},"content":"/**","lastModifiedDate":"2025-03-14","isFullCredit":false},{"lineNumber":6,"author":{"gitId":"ChingWhee"},"content":" * Manages the ingredients in a recipe","lastModifiedDate":"2025-03-14","isFullCredit":false},{"lineNumber":7,"author":{"gitId":"ChingWhee"},"content":" */","lastModifiedDate":"2025-03-14","isFullCredit":false},{"lineNumber":8,"author":{"gitId":"ChingWhee"},"content":"public class RecipeCatalogue extends Catalogue\u003cRecipe\u003e {","lastModifiedDate":"2025-03-14","isFullCredit":false},{"lineNumber":9,"author":{"gitId":"ChingWhee"},"content":"    public RecipeCatalogue() {","lastModifiedDate":"2025-03-14","isFullCredit":false},{"lineNumber":10,"author":{"gitId":"ChingWhee"},"content":"        super();","lastModifiedDate":"2025-03-14","isFullCredit":false},{"lineNumber":11,"author":{"gitId":"ChingWhee"},"content":"    }","lastModifiedDate":"2025-03-14","isFullCredit":false},{"lineNumber":12,"author":{"gitId":"ChingWhee"},"content":"}","lastModifiedDate":"2025-03-14","isFullCredit":false}],"authorContributionMap":{"ChingWhee":12}},{"path":"src/main/java/Catalogue/ShoppingCatalogue.java","fileType":"functional-code","lines":[{"lineNumber":1,"author":{"gitId":"ChingWhee"},"content":"package Catalogue;","lastModifiedDate":"2025-03-14","isFullCredit":false},{"lineNumber":2,"author":{"gitId":"ChingWhee"},"content":"","lastModifiedDate":"2025-03-14","isFullCredit":false},{"lineNumber":3,"author":{"gitId":"ChingWhee"},"content":"import backend.storage.Ingredient;","lastModifiedDate":"2025-03-14","isFullCredit":false},{"lineNumber":4,"author":{"gitId":"ChingWhee"},"content":"","lastModifiedDate":"2025-03-14","isFullCredit":false},{"lineNumber":5,"author":{"gitId":"ChingWhee"},"content":"/**","lastModifiedDate":"2025-03-14","isFullCredit":false},{"lineNumber":6,"author":{"gitId":"ChingWhee"},"content":" * Manages the shopping list","lastModifiedDate":"2025-03-14","isFullCredit":false},{"lineNumber":7,"author":{"gitId":"ChingWhee"},"content":" */","lastModifiedDate":"2025-03-14","isFullCredit":false},{"lineNumber":8,"author":{"gitId":"ChingWhee"},"content":"public class ShoppingCatalogue extends Catalogue\u003cIngredient\u003e {","lastModifiedDate":"2025-03-14","isFullCredit":false},{"lineNumber":9,"author":{"gitId":"ChingWhee"},"content":"    public ShoppingCatalogue() {","lastModifiedDate":"2025-03-14","isFullCredit":false},{"lineNumber":10,"author":{"gitId":"ChingWhee"},"content":"        super();","lastModifiedDate":"2025-03-14","isFullCredit":false},{"lineNumber":11,"author":{"gitId":"ChingWhee"},"content":"    }","lastModifiedDate":"2025-03-14","isFullCredit":false},{"lineNumber":12,"author":{"gitId":"ChingWhee"},"content":"}","lastModifiedDate":"2025-03-14","isFullCredit":false}],"authorContributionMap":{"ChingWhee":12}},{"path":"src/main/java/KitchenCTRL.java","fileType":"functional-code","lines":[{"lineNumber":1,"author":{"gitId":"ChingWhee"},"content":"import java.util.Scanner;","lastModifiedDate":"2025-03-13","isFullCredit":false},{"lineNumber":2,"author":{"gitId":"ChingWhee"},"content":"","lastModifiedDate":"2025-03-13","isFullCredit":false},{"lineNumber":3,"author":{"gitId":"ChingWhee"},"content":"public class KitchenCTRL {","lastModifiedDate":"2025-03-13","isFullCredit":false},{"lineNumber":4,"author":{"gitId":"ChingWhee"},"content":"    /**","lastModifiedDate":"2025-03-13","isFullCredit":false},{"lineNumber":5,"author":{"gitId":"ChingWhee"},"content":"     * Main entry-point for the java.duke.Duke application.","lastModifiedDate":"2025-03-13","isFullCredit":false},{"lineNumber":6,"author":{"gitId":"ChingWhee"},"content":"     */","lastModifiedDate":"2025-03-13","isFullCredit":false},{"lineNumber":7,"author":{"gitId":"ChingWhee"},"content":"    public static void main(String[] args) {","lastModifiedDate":"2025-03-13","isFullCredit":false},{"lineNumber":8,"author":{"gitId":"ChingWhee"},"content":"        String logo \u003d \"\"\"","lastModifiedDate":"2025-03-13","isFullCredit":false},{"lineNumber":9,"author":{"gitId":"ChingWhee"},"content":"                   .-.    .-.    .-.    .-.  .-.  .-\"-.  .-.      .--.      .-.  .--.","lastModifiedDate":"2025-03-13","isFullCredit":false},{"lineNumber":10,"author":{"gitId":"ChingWhee"},"content":"                  \u003c   |  \u003c   |  \u003c   |   | |  | |  | | |  | |      |()|     /  |  |  |","lastModifiedDate":"2025-03-13","isFullCredit":false},{"lineNumber":11,"author":{"gitId":"ChingWhee"},"content":"                   )  |   )  |   )  |   | |  | |  | | |  | |      |  |     |  |  |  |","lastModifiedDate":"2025-03-13","isFullCredit":false},{"lineNumber":12,"author":{"gitId":"ChingWhee"},"content":"                   )()|   )()|   )()|   |o|  | |  | | |  | |      |  |     |  |  |()|","lastModifiedDate":"2025-03-13","isFullCredit":false},{"lineNumber":13,"author":{"gitId":"ChingWhee"},"content":"                   )()|   )()|   )()|   |o|  | |  | | |  | |      |  |     |  |  |()|","lastModifiedDate":"2025-03-13","isFullCredit":false},{"lineNumber":14,"author":{"gitId":"ChingWhee"},"content":"                  \u003c___|  \u003c___|  \u003c___|   |\\\\|  | |  | | |  | |      |  |     |  |  |__|","lastModifiedDate":"2025-03-13","isFullCredit":false},{"lineNumber":15,"author":{"gitId":"ChingWhee"},"content":"                   }  |   || |   \u003d  |   | |  | |  `-|-\u0027  | |      |  |     |  |  |   L","lastModifiedDate":"2025-03-13","isFullCredit":false},{"lineNumber":16,"author":{"gitId":"ChingWhee"},"content":"                   }  |   || |   \u003d  |   | |  | |   /A\\\\   | |      |  |     |  |  |   J","lastModifiedDate":"2025-03-13","isFullCredit":false},{"lineNumber":17,"author":{"gitId":"ChingWhee"},"content":"                   }  |   || |   \u003d  |   |/   | |   |H|   | |      |  |     |  |  |    L","lastModifiedDate":"2025-03-13","isFullCredit":false},{"lineNumber":18,"author":{"gitId":"ChingWhee"},"content":"                   }  |   || |   \u003d  |        | |   |H|   | |     _|__|_    |  |  |    J","lastModifiedDate":"2025-03-13","isFullCredit":false},{"lineNumber":19,"author":{"gitId":"ChingWhee"},"content":"                   }  |   || |   \u003d  |        | |   |H|   | |    | |   |    |  |  | A   L","lastModifiedDate":"2025-03-13","isFullCredit":false},{"lineNumber":20,"author":{"gitId":"ChingWhee"},"content":"                   }  |   || |   \u003d  |        | |   \\\\V/   | |    | |   |     \\\\ |  | H   J","lastModifiedDate":"2025-03-13","isFullCredit":false},{"lineNumber":21,"author":{"gitId":"ChingWhee"},"content":"                   }  |   FF |   \u003d  |        | |    \"    | |    | \\\\   |      ,Y  | H A  L","lastModifiedDate":"2025-03-13","isFullCredit":false},{"lineNumber":22,"author":{"gitId":"ChingWhee"},"content":"                   }  |   LL |    \u003d |       _F J_       _F J_   \\\\  `--|       |  | H H  J","lastModifiedDate":"2025-03-13","isFullCredit":false},{"lineNumber":23,"author":{"gitId":"ChingWhee"},"content":"                   }  |   LL |     \\\\|     /       \\\\   /       \\\\  `.___|       |  | H H A L","lastModifiedDate":"2025-03-13","isFullCredit":false},{"lineNumber":24,"author":{"gitId":"ChingWhee"},"content":"                   }  |   \\\\\\\\ |           J         L |  _   _  |              |  | H H U J","lastModifiedDate":"2025-03-13","isFullCredit":false},{"lineNumber":25,"author":{"gitId":"ChingWhee"},"content":"                   }  |    \\\\\\\\|           J         F | | | | | |             /   | U \".-\u0027","lastModifiedDate":"2025-03-13","isFullCredit":false},{"lineNumber":26,"author":{"gitId":"ChingWhee"},"content":"                    } |     \\\\|            \\\\       /  | | | | | |    .-.-.-.-/    |_.-\u0027","lastModifiedDate":"2025-03-13","isFullCredit":false},{"lineNumber":27,"author":{"gitId":"ChingWhee"},"content":"                     \\\\|                    `-._.-\u0027   | | | | | |   ( (-(-(-( )","lastModifiedDate":"2025-03-13","isFullCredit":false},{"lineNumber":28,"author":{"gitId":"ChingWhee"},"content":"                                                     `-\u0027 `-\u0027 `-\u0027    `-`-`-`-\u0027","lastModifiedDate":"2025-03-13","isFullCredit":false},{"lineNumber":29,"author":{"gitId":"ChingWhee"},"content":"                \"\"\";","lastModifiedDate":"2025-03-13","isFullCredit":false},{"lineNumber":30,"author":{"gitId":"ChingWhee"},"content":"        System.out.println(\"Welcome to kitchenCTRL!\");","lastModifiedDate":"2025-03-13","isFullCredit":false},{"lineNumber":31,"author":{"gitId":"ChingWhee"},"content":"        System.out.println(logo);","lastModifiedDate":"2025-03-13","isFullCredit":false},{"lineNumber":32,"author":{"gitId":"ChingWhee"},"content":"","lastModifiedDate":"2025-03-13","isFullCredit":false},{"lineNumber":33,"author":{"gitId":"ChingWhee"},"content":"        Scanner in \u003d new Scanner(System.in);","lastModifiedDate":"2025-03-13","isFullCredit":false},{"lineNumber":34,"author":{"gitId":"ChingWhee"},"content":"        System.out.println(\"Hello \" + in.nextLine());","lastModifiedDate":"2025-03-13","isFullCredit":false},{"lineNumber":35,"author":{"gitId":"ChingWhee"},"content":"    }","lastModifiedDate":"2025-03-13","isFullCredit":false},{"lineNumber":36,"author":{"gitId":"ChingWhee"},"content":"}","lastModifiedDate":"2025-03-13","isFullCredit":false}],"authorContributionMap":{"ChingWhee":36}},{"path":"src/main/java/backend/storage/Ingredient.java","fileType":"functional-code","lines":[{"lineNumber":1,"author":{"gitId":"Carlton369"},"content":"package backend.storage;","lastModifiedDate":"2025-03-13","isFullCredit":false},{"lineNumber":2,"author":{"gitId":"Carlton369"},"content":"","lastModifiedDate":"2025-03-13","isFullCredit":false},{"lineNumber":3,"author":{"gitId":"Carlton369"},"content":"public class Ingredient {","lastModifiedDate":"2025-03-13","isFullCredit":false},{"lineNumber":4,"author":{"gitId":"Carlton369"},"content":"    private String ingredientName;","lastModifiedDate":"2025-03-13","isFullCredit":false},{"lineNumber":5,"author":{"gitId":"Carlton369"},"content":"    private int quantity;","lastModifiedDate":"2025-03-13","isFullCredit":false},{"lineNumber":6,"author":{"gitId":"Carlton369"},"content":"","lastModifiedDate":"2025-03-13","isFullCredit":false},{"lineNumber":7,"author":{"gitId":"Carlton369"},"content":"    public Ingredient(String ingredientName, int quantity) {","lastModifiedDate":"2025-03-13","isFullCredit":false},{"lineNumber":8,"author":{"gitId":"Carlton369"},"content":"        this.ingredientName \u003d ingredientName;","lastModifiedDate":"2025-03-13","isFullCredit":false},{"lineNumber":9,"author":{"gitId":"Carlton369"},"content":"        this.quantity \u003d quantity;","lastModifiedDate":"2025-03-13","isFullCredit":false},{"lineNumber":10,"author":{"gitId":"Carlton369"},"content":"    }","lastModifiedDate":"2025-03-13","isFullCredit":false},{"lineNumber":11,"author":{"gitId":"Carlton369"},"content":"","lastModifiedDate":"2025-03-13","isFullCredit":false},{"lineNumber":12,"author":{"gitId":"Carlton369"},"content":"    public String getIngredientName() {","lastModifiedDate":"2025-03-13","isFullCredit":false},{"lineNumber":13,"author":{"gitId":"Carlton369"},"content":"        return ingredientName;","lastModifiedDate":"2025-03-13","isFullCredit":false},{"lineNumber":14,"author":{"gitId":"Carlton369"},"content":"    }","lastModifiedDate":"2025-03-13","isFullCredit":false},{"lineNumber":15,"author":{"gitId":"Carlton369"},"content":"","lastModifiedDate":"2025-03-13","isFullCredit":false},{"lineNumber":16,"author":{"gitId":"Carlton369"},"content":"    public void setIngredientName(String ingredientName) {","lastModifiedDate":"2025-03-13","isFullCredit":false},{"lineNumber":17,"author":{"gitId":"Carlton369"},"content":"        this.ingredientName \u003d ingredientName;","lastModifiedDate":"2025-03-13","isFullCredit":false},{"lineNumber":18,"author":{"gitId":"Carlton369"},"content":"    }","lastModifiedDate":"2025-03-13","isFullCredit":false},{"lineNumber":19,"author":{"gitId":"Carlton369"},"content":"","lastModifiedDate":"2025-03-13","isFullCredit":false},{"lineNumber":20,"author":{"gitId":"Carlton369"},"content":"    public int getQuantity() {","lastModifiedDate":"2025-03-13","isFullCredit":false},{"lineNumber":21,"author":{"gitId":"Carlton369"},"content":"        return quantity;","lastModifiedDate":"2025-03-13","isFullCredit":false},{"lineNumber":22,"author":{"gitId":"Carlton369"},"content":"    }","lastModifiedDate":"2025-03-13","isFullCredit":false},{"lineNumber":23,"author":{"gitId":"Carlton369"},"content":"","lastModifiedDate":"2025-03-13","isFullCredit":false},{"lineNumber":24,"author":{"gitId":"Carlton369"},"content":"    public void setQuantity(int quantity) {","lastModifiedDate":"2025-03-13","isFullCredit":false},{"lineNumber":25,"author":{"gitId":"Carlton369"},"content":"        this.quantity \u003d quantity;","lastModifiedDate":"2025-03-13","isFullCredit":false},{"lineNumber":26,"author":{"gitId":"Carlton369"},"content":"    }","lastModifiedDate":"2025-03-13","isFullCredit":false},{"lineNumber":27,"author":{"gitId":"Carlton369"},"content":"","lastModifiedDate":"2025-03-13","isFullCredit":false},{"lineNumber":28,"author":{"gitId":"Carlton369"},"content":"}","lastModifiedDate":"2025-03-13","isFullCredit":false}],"authorContributionMap":{"Carlton369":28}},{"path":"src/main/java/backend/storage/Inventory.java","fileType":"functional-code","lines":[{"lineNumber":1,"author":{"gitId":"Carlton369"},"content":"package backend.storage;","lastModifiedDate":"2025-03-13","isFullCredit":false},{"lineNumber":2,"author":{"gitId":"Carlton369"},"content":"","lastModifiedDate":"2025-03-13","isFullCredit":false},{"lineNumber":3,"author":{"gitId":"Carlton369"},"content":"","lastModifiedDate":"2025-03-13","isFullCredit":false},{"lineNumber":4,"author":{"gitId":"Carlton369"},"content":"public class Inventory {","lastModifiedDate":"2025-03-13","isFullCredit":false},{"lineNumber":5,"author":{"gitId":"Carlton369"},"content":"}","lastModifiedDate":"2025-03-13","isFullCredit":false}],"authorContributionMap":{"Carlton369":5}},{"path":"src/main/java/backend/storage/ParentList.java","fileType":"functional-code","lines":[{"lineNumber":1,"author":{"gitId":"Carlton369"},"content":"package backend.storage;","lastModifiedDate":"2025-03-13","isFullCredit":false},{"lineNumber":2,"author":{"gitId":"Carlton369"},"content":"","lastModifiedDate":"2025-03-13","isFullCredit":false},{"lineNumber":3,"author":{"gitId":"Carlton369"},"content":"public class ParentList {","lastModifiedDate":"2025-03-13","isFullCredit":false},{"lineNumber":4,"author":{"gitId":"Carlton369"},"content":"","lastModifiedDate":"2025-03-13","isFullCredit":false},{"lineNumber":5,"author":{"gitId":"Carlton369"},"content":"}","lastModifiedDate":"2025-03-13","isFullCredit":false}],"authorContributionMap":{"Carlton369":5}},{"path":"src/main/java/backend/storage/Recipe.java","fileType":"functional-code","lines":[{"lineNumber":1,"author":{"gitId":"Carlton369"},"content":"package backend.storage;","lastModifiedDate":"2025-03-13","isFullCredit":false},{"lineNumber":2,"author":{"gitId":"Carlton369"},"content":"","lastModifiedDate":"2025-03-13","isFullCredit":false},{"lineNumber":3,"author":{"gitId":"Carlton369"},"content":"public class Recipe {","lastModifiedDate":"2025-03-13","isFullCredit":false},{"lineNumber":4,"author":{"gitId":"Carlton369"},"content":"}","lastModifiedDate":"2025-03-13","isFullCredit":false},{"lineNumber":5,"author":{"gitId":"Carlton369"},"content":"","lastModifiedDate":"2025-03-13","isFullCredit":false},{"lineNumber":6,"author":{"gitId":"Carlton369"},"content":"","lastModifiedDate":"2025-03-13","isFullCredit":false}],"authorContributionMap":{"Carlton369":6}},{"path":"src/main/java/ui/inputparser/InputParser.java","fileType":"functional-code","lines":[{"lineNumber":1,"author":{"gitId":"Carlton369"},"content":"package ui.inputparser;","lastModifiedDate":"2025-03-13","isFullCredit":false},{"lineNumber":2,"author":{"gitId":"Carlton369"},"content":"","lastModifiedDate":"2025-03-13","isFullCredit":false},{"lineNumber":3,"author":{"gitId":"Carlton369"},"content":"public class InputParser {","lastModifiedDate":"2025-03-13","isFullCredit":false},{"lineNumber":4,"author":{"gitId":"Carlton369"},"content":"","lastModifiedDate":"2025-03-13","isFullCredit":false},{"lineNumber":5,"author":{"gitId":"Carlton369"},"content":"}","lastModifiedDate":"2025-03-13","isFullCredit":false}],"authorContributionMap":{"Carlton369":5}},{"path":"src/test/java/kitchenctrl/KitchenCTRLTest.java","fileType":"test-code","lines":[{"lineNumber":1,"author":{"gitId":"Carlton369"},"content":"package kitchenctrl;","lastModifiedDate":"2025-03-13","isFullCredit":false},{"lineNumber":2,"author":{"gitId":"-"},"content":"","lastModifiedDate":"2020-05-24","isFullCredit":false},{"lineNumber":3,"author":{"gitId":"-"},"content":"import static org.junit.jupiter.api.Assertions.assertTrue;","lastModifiedDate":"2020-05-24","isFullCredit":false},{"lineNumber":4,"author":{"gitId":"-"},"content":"","lastModifiedDate":"2020-05-24","isFullCredit":false},{"lineNumber":5,"author":{"gitId":"-"},"content":"import org.junit.jupiter.api.Test;","lastModifiedDate":"2020-05-24","isFullCredit":false},{"lineNumber":6,"author":{"gitId":"-"},"content":"","lastModifiedDate":"2020-05-24","isFullCredit":false},{"lineNumber":7,"author":{"gitId":"Carlton369"},"content":"class KitchenCTRLTest {","lastModifiedDate":"2025-03-13","isFullCredit":false},{"lineNumber":8,"author":{"gitId":"-"},"content":"    @Test","lastModifiedDate":"2020-05-24","isFullCredit":false},{"lineNumber":9,"author":{"gitId":"-"},"content":"    public void sampleTest() {","lastModifiedDate":"2020-05-24","isFullCredit":false},{"lineNumber":10,"author":{"gitId":"-"},"content":"        assertTrue(true);","lastModifiedDate":"2020-05-24","isFullCredit":false},{"lineNumber":11,"author":{"gitId":"-"},"content":"    }","lastModifiedDate":"2020-05-24","isFullCredit":false},{"lineNumber":12,"author":{"gitId":"-"},"content":"}","lastModifiedDate":"2020-05-24","isFullCredit":false}],"authorContributionMap":{"Carlton369":2,"-":10}}]
