{"authorDailyContributionsMap":{"J030104":[{"date":"2025-03-06","commitResults":[{"hash":"4694d5718c617a6fe32d69acc67c3ed4b8273acd","isMergeCommit":false,"messageTitle":"Update my name and github website in AboutUs.md","messageBody":"","fileTypesAndContributionMap":{"docs":{"insertions":1,"deletions":5}}},{"hash":"a1919968331a20d914b84b80cf5e0d60e768dd60","isMergeCommit":false,"messageTitle":"Revert \"Update my name and github website in AboutUs.md\"","messageBody":"This reverts commit 4694d5718c617a6fe32d69acc67c3ed4b8273acd.\n","fileTypesAndContributionMap":{"docs":{"insertions":5,"deletions":1}}},{"hash":"4d8ad8714e1c069bd4c15af56ccff9fe14b89ee5","isMergeCommit":false,"messageTitle":"Update AboutUs","messageBody":"","fileTypesAndContributionMap":{"docs":{"insertions":3,"deletions":7}}}]},{"date":"2025-03-16","commitResults":[{"hash":"fb61268042fe11be4f9a7b1413e7c0a021ad6c4a","isMergeCommit":false,"messageTitle":"Prototype the CatalogContentManager","messageBody":"","fileTypesAndContributionMap":{"functional-code":{"insertions":80,"deletions":9},"docs":{"insertions":1,"deletions":1}}},{"hash":"f1b5430128a2da3c2c0b93b835cab42c142a9375","isMergeCommit":false,"messageTitle":"1. Finish the basic save function (bug exists) 2. Finish the flow of loading raw contents from the file.","messageBody":"","fileTypesAndContributionMap":{"functional-code":{"insertions":73,"deletions":29}}},{"hash":"2de548bb75361a97c12f25ecf58eddc53d163853","isMergeCommit":false,"messageTitle":"Bug fixed in CatalogueContentManager","messageBody":"","fileTypesAndContributionMap":{"functional-code":{"insertions":1,"deletions":1}}},{"hash":"d865eb3b6c8e1aa7e0aade4565e11f381cb06cac","isMergeCommit":false,"messageTitle":"Complete the load part for IngredientCatalogue.","messageBody":"","fileTypesAndContributionMap":{"functional-code":{"insertions":20,"deletions":11}}},{"hash":"c80d416e6adc6ad03c6b6d87bbb5804e34c2994d","isMergeCommit":true,"messageTitle":"Merge branch \u0027master\u0027 into Function.canCook","messageBody":"","fileTypesAndContributionMap":{}},{"hash":"27ed7d0d1db79ce135d36c4d9265558767a33285","isMergeCommit":true,"messageTitle":"Merge pull request #29 from Carlton369/Function.canCook","messageBody":"Function.can cook","fileTypesAndContributionMap":{}},{"hash":"300fe2139dfebf1507d28a41cb0505156eddfad3","isMergeCommit":true,"messageTitle":"Merge branch \u0027master\u0027 into master","messageBody":"","fileTypesAndContributionMap":{}},{"hash":"698f5547c0b32df29e76d1f84cb62ca44c8822a7","isMergeCommit":false,"messageTitle":"Change the behavior of the CatalogueContentManager and resolve issues reported by gradle.","messageBody":"","fileTypesAndContributionMap":{"functional-code":{"insertions":31,"deletions":32},"other":{"insertions":2,"deletions":2}}},{"hash":"8bd2de5456765de8b7a7e3af778cb52949ba5af9","isMergeCommit":false,"messageTitle":"Improve a bit and make some changes to the text-ui-test.","messageBody":"","fileTypesAndContributionMap":{"functional-code":{"insertions":17,"deletions":22},"other":{"insertions":2,"deletions":0}}}]},{"date":"2025-03-20","commitResults":[{"hash":"20ea541496ceaa4f630dd6ebec602c85b47282af","isMergeCommit":true,"messageTitle":"Merge branch \u0027master\u0027 of https://github.com/J030104/tp","messageBody":"# Conflicts:\n#\tsrc/main/java/KitchenCTRL.java\n#\tsrc/main/java/model/catalogue/CatalogueContentManager.java\n#\tsrc/main/java/model/catalogue/IngredientCatalogue.java\n#\ttext-ui-test/EXPECTED.TXT\n#\ttext-ui-test/input.txt\n","fileTypesAndContributionMap":{}},{"hash":"ec23129578ae0dbec1a7c83865a749c1c77104f6","isMergeCommit":false,"messageTitle":"Refactor the code and fix minor bugs.","messageBody":"","fileTypesAndContributionMap":{"functional-code":{"insertions":27,"deletions":46},"other":{"insertions":2,"deletions":2}}},{"hash":"e03786f8a1e60bf83e980aef9baa5a9fac55b939","isMergeCommit":false,"messageTitle":"Improve error handling abilities of CatalogueContentManager.","messageBody":"","fileTypesAndContributionMap":{"functional-code":{"insertions":9,"deletions":5}}},{"hash":"6ab6a004925e17ac0d42a7dc011dd011b47b5215","isMergeCommit":false,"messageTitle":"Comply with the standards.","messageBody":"","fileTypesAndContributionMap":{"functional-code":{"insertions":2,"deletions":2}}},{"hash":"411f694d1a2d9a4e940d4430f629696ea6308fe5","isMergeCommit":false,"messageTitle":"Comment out sudo commands.","messageBody":"","fileTypesAndContributionMap":{"other":{"insertions":2,"deletions":2}}},{"hash":"5f29605119597825f76a1288219fc7a04fc55135","isMergeCommit":false,"messageTitle":"Change CatalogueContentManager","messageBody":"","fileTypesAndContributionMap":{"functional-code":{"insertions":1,"deletions":134},"other":{"insertions":2,"deletions":2}}},{"hash":"74d0f3ad22f3d0cc8c3b52914baad82ede656cc0","isMergeCommit":true,"messageTitle":"Merge branch \u0027master\u0027 into Chen-Yi-Yu-CatalogueManager","messageBody":"","fileTypesAndContributionMap":{}},{"hash":"9a3d771943162175748edfa0bdfedcfdc27b5cab","isMergeCommit":false,"messageTitle":"Change CatalogueContentManager","messageBody":"","fileTypesAndContributionMap":{"functional-code":{"insertions":133,"deletions":0}}},{"hash":"ac3b2ce2584d3b1a20dffd1f73ed8a1116f2cde1","isMergeCommit":true,"messageTitle":"Merge branch \u0027Chen-Yi-Yu-CatalogueManager\u0027 of https://github.com/J030104/tp into Chen-Yi-Yu-CatalogueManager Change CatalogueContentManager","messageBody":"","fileTypesAndContributionMap":{}},{"hash":"3434cbd0edc6e534dedd7c953fbd13e036e21d45","isMergeCommit":false,"messageTitle":"Add assertions to CatalogueContentManager","messageBody":"","fileTypesAndContributionMap":{"functional-code":{"insertions":5,"deletions":1}}},{"hash":"2c2f94a9529a5c043277dd8896a653daf15de9a2","isMergeCommit":false,"messageTitle":"Enable assertion in build.gradle","messageBody":"","fileTypesAndContributionMap":{"other":{"insertions":1,"deletions":0}}},{"hash":"f06f77682fabce14054511fde513b0ee8fcb946d","isMergeCommit":false,"messageTitle":"Add a JUnit test for Ingredient","messageBody":"","fileTypesAndContributionMap":{"test-code":{"insertions":46,"deletions":0}}},{"hash":"4485f8f2d3eb402a3217f5a34b2a3567e519be79","isMergeCommit":false,"messageTitle":"Follow coding standards","messageBody":"","fileTypesAndContributionMap":{"test-code":{"insertions":4,"deletions":1}}}]},{"date":"2025-03-25","commitResults":[{"hash":"6de578a7867065aee611c89657f1e41dce133ad1","isMergeCommit":true,"messageTitle":"Merge pull request #47 from ChingWhee/ChingWhee-Guides","messageBody":"Update documentation ","fileTypesAndContributionMap":{}}]},{"date":"2025-03-28","commitResults":[{"hash":"61a87758aab4f850d5453a55fd6e17c77c76f41d","isMergeCommit":true,"messageTitle":"Merge pull request #52 from chuanhuiw/branch-recipebook","messageBody":"Added RecipeBook.java and test cases for RecipeBookTest.java as well …","fileTypesAndContributionMap":{}},{"hash":"970e92207a94ab94dc5c92f23df45e4642afb82a","isMergeCommit":false,"messageTitle":"Fix the assertion error","messageBody":"","fileTypesAndContributionMap":{"functional-code":{"insertions":17,"deletions":11}}},{"hash":"ef09108e35e8c18ffb777cde70427625218e0183","isMergeCommit":true,"messageTitle":"Merge pull request","messageBody":"","fileTypesAndContributionMap":{}},{"hash":"b7f1b3e052a70aabaaddd1e10d9801b1e6d1faac","isMergeCommit":false,"messageTitle":"Combine similar methods into one: saveToFile","messageBody":"","fileTypesAndContributionMap":{"functional-code":{"insertions":28,"deletions":3}}},{"hash":"fe034491ef3c8540a51dcc79a9a4c75d724a4735","isMergeCommit":false,"messageTitle":"Move the KitchenCTRL to controller package","messageBody":"","fileTypesAndContributionMap":{"other":{"insertions":21,"deletions":10}}}]},{"date":"2025-03-29","commitResults":[{"hash":"4277c87fb53a7f1965e7de42a69d7aeb4b6d83aa","isMergeCommit":false,"messageTitle":"Complete the save to file function","messageBody":"","fileTypesAndContributionMap":{"functional-code":{"insertions":57,"deletions":20}}},{"hash":"8b09c4afa6f7d39cd772a1a844955eed46eb5f7a","isMergeCommit":false,"messageTitle":"Fix Checkstyle violations","messageBody":"","fileTypesAndContributionMap":{"functional-code":{"insertions":6,"deletions":6}}},{"hash":"53a96a999f7b5a217b4b6e539580292719d0467f","isMergeCommit":false,"messageTitle":"Update build.gradle","messageBody":"","fileTypesAndContributionMap":{"other":{"insertions":1,"deletions":1}}}]},{"date":"2025-04-01","commitResults":[{"hash":"ba454568eaf1c85cd15a5dbf8b88a3de91823a6b","isMergeCommit":false,"messageTitle":"Complete update functionality in Recipe","messageBody":"","fileTypesAndContributionMap":{"functional-code":{"insertions":81,"deletions":5}}},{"hash":"2b2a3d20c292d1d92839ad76f4cf62c38f0b58a0","isMergeCommit":false,"messageTitle":"Fix some checkstyle issues","messageBody":"","fileTypesAndContributionMap":{"functional-code":{"insertions":93,"deletions":86}}},{"hash":"e3308caa59c95b0ad8ef8d2304f81a831071a52e","isMergeCommit":false,"messageTitle":"Satisfy checkstyle requirements","messageBody":"","fileTypesAndContributionMap":{"functional-code":{"insertions":42,"deletions":32}}},{"hash":"b908ebf76a2506103454a464f6f0787895f31d5f","isMergeCommit":false,"messageTitle":"Simple fix","messageBody":"","fileTypesAndContributionMap":{"functional-code":{"insertions":4,"deletions":4}}},{"hash":"81a8911bfee7deb49074d339455f493578c1c314","isMergeCommit":false,"messageTitle":"Complete the load and store functionalities for RecipeBook","messageBody":"","fileTypesAndContributionMap":{"functional-code":{"insertions":78,"deletions":17},"docs":{"insertions":2,"deletions":2}}},{"hash":"21eeaeeb8c9441eb0d388f5f1df2c609436a1f77","isMergeCommit":false,"messageTitle":"Clear some gradle issues","messageBody":"","fileTypesAndContributionMap":{"functional-code":{"insertions":4,"deletions":3},"test-code":{"insertions":17,"deletions":8}}},{"hash":"619a167cbd2473583e2a28e2fd03d7c136da3350","isMergeCommit":true,"messageTitle":"Merge branch \u0027master\u0027 of https://github.com/J030104/tp","messageBody":"","fileTypesAndContributionMap":{}},{"hash":"6d60c05d3bc1f85d759972f86b8deff6a9f0c2f2","isMergeCommit":true,"messageTitle":"Merge pull request #59 from Carlton369/master","messageBody":"carlton update dg","fileTypesAndContributionMap":{}},{"hash":"7bd2984b16e9909daf4fdf058e317f9b5d299cfe","isMergeCommit":true,"messageTitle":"Merge branch \u0027master\u0027 of https://github.com/J030104/tp A simple merge","messageBody":"","fileTypesAndContributionMap":{}},{"hash":"9b00d3f1e396146ebbfa5a681b72a224d18a7ce1","isMergeCommit":false,"messageTitle":"Fix gradle and replace \"→\" with \"-\u003e\" for error prevention","messageBody":"","fileTypesAndContributionMap":{"functional-code":{"insertions":28,"deletions":27},"other":{"insertions":1,"deletions":1},"docs":{"insertions":4,"deletions":4},"test-code":{"insertions":20,"deletions":19}}},{"hash":"b78e7c4972cbea40611d92a2377c9e8bba088633","isMergeCommit":false,"messageTitle":"Fix LogicTest","messageBody":"","fileTypesAndContributionMap":{"functional-code":{"insertions":8,"deletions":0},"test-code":{"insertions":2,"deletions":0}}},{"hash":"0ec0e65f0216801c1fe5a08ae57690bbd647764c","isMergeCommit":false,"messageTitle":"Replace more bad symbols","messageBody":"","fileTypesAndContributionMap":{"functional-code":{"insertions":4,"deletions":4},"docs":{"insertions":1,"deletions":1},"test-code":{"insertions":2,"deletions":2}}},{"hash":"0ec4e0bd5c49ba5bb786edf3e79145ccfa1edad7","isMergeCommit":false,"messageTitle":"Fix fix fix","messageBody":"","fileTypesAndContributionMap":{"functional-code":{"insertions":1,"deletions":1},"test-code":{"insertions":3,"deletions":1}}}]},{"date":"2025-04-02","commitResults":[{"hash":"20d34ebcab3a6f41452cde9c2362f2ef87ccf5cf","isMergeCommit":false,"messageTitle":"Add StorageTest","messageBody":"","fileTypesAndContributionMap":{"functional-code":{"insertions":32,"deletions":8},"test-code":{"insertions":101,"deletions":0}}},{"hash":"75ed33d3d06f5b0e1b02df3768a10d81711e024c","isMergeCommit":true,"messageTitle":"Merge pull request #69 from Carlton369/master","messageBody":"implement cookable command","fileTypesAndContributionMap":{}},{"hash":"ce8299ed72a6cb29419aa12cfd2ce13aeccef326","isMergeCommit":false,"messageTitle":"Update StorageTest","messageBody":"","fileTypesAndContributionMap":{"functional-code":{"insertions":2,"deletions":2},"test-code":{"insertions":51,"deletions":2}}},{"hash":"fea15675d46ee428aac4955eef06cbf5d6f80522","isMergeCommit":false,"messageTitle":"Update docs/README.md","messageBody":"","fileTypesAndContributionMap":{"docs":{"insertions":51,"deletions":3}}}]},{"date":"2025-04-03","commitResults":[{"hash":"201ad84acf9950d37156a162afad84465a3ed9dd","isMergeCommit":false,"messageTitle":"Update DeveloperGuide","messageBody":"","fileTypesAndContributionMap":{"docs":{"insertions":115,"deletions":35}}},{"hash":"1eafb3bf7b045de4bb2431c927809e8c38fc3cb2","isMergeCommit":false,"messageTitle":"Add JavaDoc to CatalogueContentManager","messageBody":"","fileTypesAndContributionMap":{"functional-code":{"insertions":50,"deletions":1}}},{"hash":"a352ce6b6618d6698683e82deba758ff0d7ef06f","isMergeCommit":false,"messageTitle":"Delete shopping related stuff","messageBody":"","fileTypesAndContributionMap":{"functional-code":{"insertions":9,"deletions":31},"docs":{"insertions":23,"deletions":41},"test-code":{"insertions":0,"deletions":77}}},{"hash":"464b7e8dbc2d496aa8ab2f7c3867529efd13f892","isMergeCommit":false,"messageTitle":"Add JavaDoc","messageBody":"","fileTypesAndContributionMap":{"functional-code":{"insertions":109,"deletions":4}}},{"hash":"6fa33f79b2a37c93f4844dba6b40ab91fdc0d23a","isMergeCommit":false,"messageTitle":"Add more tests for StorageTest","messageBody":"","fileTypesAndContributionMap":{"test-code":{"insertions":40,"deletions":0}}},{"hash":"47e358bbee95fd8c195bcf015ab7943d21665526","isMergeCommit":false,"messageTitle":"Add my PPP","messageBody":"","fileTypesAndContributionMap":{"docs":{"insertions":30,"deletions":2}}},{"hash":"e8ada909c78c4c6d59eba8256f1b13d3673b951c","isMergeCommit":false,"messageTitle":"Fix a minor style problem","messageBody":"","fileTypesAndContributionMap":{"functional-code":{"insertions":1,"deletions":1}}},{"hash":"0a0c8da69df1555485cd0471d3e9af46aa873783","isMergeCommit":true,"messageTitle":"Merge branch \u0027AY2425S2-CS2113-T13-1:master\u0027 into master","messageBody":"","fileTypesAndContributionMap":{}},{"hash":"994ee7e855b133081839c6877921914ab1f7f250","isMergeCommit":false,"messageTitle":"Fix my name in PPP","messageBody":"","fileTypesAndContributionMap":{"docs":{"insertions":1,"deletions":1}}}]}],"chuanhuiw":[{"date":"2025-03-06","commitResults":[{"hash":"4db9464e21bb3fdcfc988193cc7ef49505e91f68","isMergeCommit":false,"messageTitle":"updated AboutUs.md","messageBody":"","fileTypesAndContributionMap":{"docs":{"insertions":3,"deletions":7}}},{"hash":"732bfc6486eeaa02b76dd48c5efbd928a6eb50fa","isMergeCommit":true,"messageTitle":"Merge branch \u0027master\u0027 into chuanhui-AboutUs","messageBody":"","fileTypesAndContributionMap":{}},{"hash":"e86124f4661f15938f5779b34ef2ddbf03a3754f","isMergeCommit":true,"messageTitle":"Merge pull request #5 from chuanhuiw/chuanhui-AboutUs","messageBody":"updated AboutUs.md","fileTypesAndContributionMap":{}}]},{"date":"2025-03-14","commitResults":[{"hash":"5fb11e7a758127c4043aef6dd0fb9582064b3f3b","isMergeCommit":false,"messageTitle":"added JUnit test","messageBody":"","fileTypesAndContributionMap":{"test-code":{"insertions":7,"deletions":0}}},{"hash":"f320fb0b099bc2168f0f7b8b714a807a7a57c416","isMergeCommit":false,"messageTitle":"amended JUnit test","messageBody":"","fileTypesAndContributionMap":{"test-code":{"insertions":2,"deletions":2}}}]},{"date":"2025-03-15","commitResults":[{"hash":"4e69624faeacafb0bc3f1d3a720f0735564b5d04","isMergeCommit":true,"messageTitle":"Merge pull request #25 from Carlton369/master","messageBody":"canCook function","fileTypesAndContributionMap":{}},{"hash":"64c907d9b496cb86733c9b75a09f3d77b816c0a9","isMergeCommit":false,"messageTitle":"added commands Add, List, Delete and edited canCookRecipe","messageBody":"","fileTypesAndContributionMap":{"functional-code":{"insertions":69,"deletions":20},"test-code":{"insertions":80,"deletions":41}}},{"hash":"6e35fc57c4568e9eea2679dfbd6fb712b22ba7ec","isMergeCommit":true,"messageTitle":"Merge branch-commands\u0027 merged commands","messageBody":"","fileTypesAndContributionMap":{}},{"hash":"dc530e0e7962c076a1f54db7a8a1199e3f605b1b","isMergeCommit":false,"messageTitle":"amended JUnit test","messageBody":"","fileTypesAndContributionMap":{"test-code":{"insertions":2,"deletions":1}}},{"hash":"dbe4715394d97deb7995cede20313bf95f50fd40","isMergeCommit":false,"messageTitle":"amended gradle.yml","messageBody":"","fileTypesAndContributionMap":{"other":{"insertions":3,"deletions":0}}},{"hash":"22fdf28eb10a535d843190e9058ed575d615746a","isMergeCommit":false,"messageTitle":"amended expected.txt","messageBody":"","fileTypesAndContributionMap":{"other":{"insertions":2,"deletions":2}}}]},{"date":"2025-03-17","commitResults":[{"hash":"abd9d31b3969f7fab9130c4374886b4688f0d442","isMergeCommit":true,"messageTitle":"Merge pull request #35 from ChingWhee/master","messageBody":"Refactor codebase","fileTypesAndContributionMap":{}}]},{"date":"2025-03-18","commitResults":[{"hash":"369fe291442dc667994a3870822a1d0c381509b7","isMergeCommit":false,"messageTitle":"Added UserGuide","messageBody":"","fileTypesAndContributionMap":{"docs":{"insertions":87,"deletions":21}}},{"hash":"25b0a74ec128af850367c525bd58f9c255673dae","isMergeCommit":true,"messageTitle":"Merge branch \u0027branch-commands\u0027 UserGuie","messageBody":"","fileTypesAndContributionMap":{}},{"hash":"e4e1d963d46b2d5be98f89439abffaf5b7d6d10d","isMergeCommit":false,"messageTitle":"Amended Command.java","messageBody":"","fileTypesAndContributionMap":{"functional-code":{"insertions":1,"deletions":1}}},{"hash":"6ee7c88bfd761577f08b5baa795e374cb2d3e76c","isMergeCommit":true,"messageTitle":"Merge branch \u0027master\u0027 of https://github.com/chuanhuiw/tp","messageBody":"","fileTypesAndContributionMap":{}}]},{"date":"2025-03-19","commitResults":[{"hash":"d347e29be7a0559c1742de7632945737f7512914","isMergeCommit":false,"messageTitle":"Added JavaDoc","messageBody":"","fileTypesAndContributionMap":{"functional-code":{"insertions":79,"deletions":3}}},{"hash":"628f787397f924ba37b858e992614552dd183ce6","isMergeCommit":false,"messageTitle":"fixed checktyle","messageBody":"","fileTypesAndContributionMap":{"functional-code":{"insertions":3,"deletions":3}}}]},{"date":"2025-03-21","commitResults":[{"hash":"7a7ad139528cabc726b4bda8c85ee614166a464e","isMergeCommit":true,"messageTitle":"Merge pull request #44 from J030104/master","messageBody":"Add assertions to CatalogueContentManager and JUnit test for Ingredients","fileTypesAndContributionMap":{}}]},{"date":"2025-03-24","commitResults":[{"hash":"30f417eb010f588cb03a66bcd1c2256843dd18b1","isMergeCommit":true,"messageTitle":"Merge pull request #45 from ChingWhee/ChingWhee-CatalogueClass","messageBody":"Add recipe, inventory and shopping list parsing logic","fileTypesAndContributionMap":{}}]},{"date":"2025-03-27","commitResults":[{"hash":"c672f50bc26370c118588970ab13f1b18205bf6d","isMergeCommit":true,"messageTitle":"Merge pull request #50 from ChingWhee/ChingWhee-JUnit","messageBody":"Add JUnit tests for UI and Parser","fileTypesAndContributionMap":{}},{"hash":"8287e275d9c8f9cf108bc93c5a29cacad5c74df6","isMergeCommit":false,"messageTitle":"Added RecipeBook.java and test cases for RecipeBookTest.java as well as refactoring","messageBody":"","fileTypesAndContributionMap":{"functional-code":{"insertions":186,"deletions":126},"test-code":{"insertions":97,"deletions":3}}},{"hash":"34695c43d096ba5897a6fdab40ca9129f9195338","isMergeCommit":true,"messageTitle":"Merge branch \u0027master\u0027 into branch-recipebook","messageBody":"","fileTypesAndContributionMap":{}},{"hash":"8eee9b5c411ef7ccc19db9ec0ef780aa1c744d79","isMergeCommit":false,"messageTitle":"Fix checkstyle","messageBody":"","fileTypesAndContributionMap":{"functional-code":{"insertions":5,"deletions":5},"test-code":{"insertions":8,"deletions":8}}}]},{"date":"2025-03-28","commitResults":[{"hash":"b95dfc51d298f4ac574c6ae74e0292848802d550","isMergeCommit":false,"messageTitle":"Fix recipebooktest error","messageBody":"","fileTypesAndContributionMap":{"test-code":{"insertions":0,"deletions":11}}}]},{"date":"2025-04-01","commitResults":[{"hash":"0642b56d05b19fd5c480d1442ec68ad398105fef","isMergeCommit":true,"messageTitle":"Merge pull request #67 from ChingWhee/ChingWhee-PPP","messageBody":"Update developer guide and add self portfolio","fileTypesAndContributionMap":{}},{"hash":"7909c58f7c27f9b9a25b8fa31d73f5ecb6bc4d21","isMergeCommit":false,"messageTitle":"Add DG edits (recipebook and updates)","messageBody":"","fileTypesAndContributionMap":{"docs":{"insertions":94,"deletions":29}}}]},{"date":"2025-04-02","commitResults":[{"hash":"a79d92ad9ac431efed1ac436ead163f8131bfec0","isMergeCommit":false,"messageTitle":"Add Find method for Inventory, Recipe, RecipeBook","messageBody":"","fileTypesAndContributionMap":{"functional-code":{"insertions":183,"deletions":28},"test-code":{"insertions":34,"deletions":1}}},{"hash":"9d2f6bcb147ba3eec72ae4421354ca56e5c7d3f9","isMergeCommit":false,"messageTitle":"Fix checkstyle errors","messageBody":"","fileTypesAndContributionMap":{"functional-code":{"insertions":12,"deletions":2}}},{"hash":"e00a55daade9024f29e22879c3d82c3c9f7bb6f3","isMergeCommit":false,"messageTitle":"Fix checkstyle errors","messageBody":"","fileTypesAndContributionMap":{"functional-code":{"insertions":2,"deletions":2},"test-code":{"insertions":4,"deletions":1}}},{"hash":"9e5fbacc2eecbc1bca462e47d5b64fc78b910744","isMergeCommit":false,"messageTitle":"Fix checkstyle errors","messageBody":"","fileTypesAndContributionMap":{"test-code":{"insertions":2,"deletions":2}}},{"hash":"367d9981241a6401a553e230dfacb7693c386496","isMergeCommit":false,"messageTitle":"Fix checkstyle errors","messageBody":"","fileTypesAndContributionMap":{"test-code":{"insertions":2,"deletions":2}}},{"hash":"90843e8269cc2d9e5e862cf36e46092dbbcecead","isMergeCommit":false,"messageTitle":"Fix checkstyle errors","messageBody":"","fileTypesAndContributionMap":{"functional-code":{"insertions":1,"deletions":1},"test-code":{"insertions":1,"deletions":1}}},{"hash":"6e4bc0bcf2612ebd45cb743cd77c3cf51ca720f8","isMergeCommit":false,"messageTitle":"Add UG and team md","messageBody":"","fileTypesAndContributionMap":{"docs":{"insertions":87,"deletions":13}}},{"hash":"d3f2e8e78f6f1176e694db7d3502f57d4f453b68","isMergeCommit":true,"messageTitle":"Merge pull request #71 from J030104/master","messageBody":"Update docs/README.md and StorageTest","fileTypesAndContributionMap":{}}]},{"date":"2025-04-03","commitResults":[{"hash":"5aa59c0075e1e070d7221b3108d595205c95089e","isMergeCommit":true,"messageTitle":"Merge pull request #77 from ChingWhee/ChingWhee-Bugs","messageBody":"Fix catalogue list bug","fileTypesAndContributionMap":{}}]}],"Carlton369":[{"date":"2025-03-06","commitResults":[{"hash":"69385a9a51857b4f6337c18f376674f6f76f0f7e","isMergeCommit":false,"messageTitle":"updated about us","messageBody":"","fileTypesAndContributionMap":{"docs":{"insertions":3,"deletions":7}}},{"hash":"44a50b108cd3437bda0a989a5fcf010f66bf8000","isMergeCommit":true,"messageTitle":"Merge branch \u0027master\u0027 into Carlton-AboutUs","messageBody":"","fileTypesAndContributionMap":{}},{"hash":"57f33d5d366a4cb9366cc9f2f939943ed685835a","isMergeCommit":true,"messageTitle":"Merge branch \u0027master\u0027 into Chen-Yi-Yu-AboutUs","messageBody":"","fileTypesAndContributionMap":{}},{"hash":"0a735a576c5ef8d8a2dcbb2a4b65a31d603a844a","isMergeCommit":true,"messageTitle":"Merge pull request #4 from J030104/Chen-Yi-Yu-AboutUs","messageBody":"Update AboutUs.md","fileTypesAndContributionMap":{}},{"hash":"e7aad5e96a5d935631277ce086623b8c05f86df0","isMergeCommit":true,"messageTitle":"Merge branch \u0027master\u0027 into Carlton-AboutUs","messageBody":"","fileTypesAndContributionMap":{}},{"hash":"a227d68c629152630ecaf035cc0b48a8cc6f8270","isMergeCommit":true,"messageTitle":"Merge pull request #3 from Carlton369/Carlton-AboutUs","messageBody":"updated about us","fileTypesAndContributionMap":{}}]},{"date":"2025-03-13","commitResults":[{"hash":"28cf7704fc85a950a7928e1079d9e4fb985fd89d","isMergeCommit":false,"messageTitle":"init packages","messageBody":"","fileTypesAndContributionMap":{"functional-code":{"insertions":52,"deletions":0},"other":{"insertions":3,"deletions":3},"docs":{"insertions":2,"deletions":2}}},{"hash":"a4aab159142bb9a5e64f9c342ae9ac95371dce61","isMergeCommit":false,"messageTitle":"implemented ingredient class","messageBody":"","fileTypesAndContributionMap":{"functional-code":{"insertions":1,"deletions":0}}},{"hash":"9031a0cc94f883238d369ad72bfe26bf9d21b72a","isMergeCommit":false,"messageTitle":"relocated main file","messageBody":"","fileTypesAndContributionMap":{"other":{"insertions":2,"deletions":2},"docs":{"insertions":2,"deletions":2}}},{"hash":"0a7fe0085247f1d89794178cf482482f307a6fa9","isMergeCommit":false,"messageTitle":"fix gradle wrapper","messageBody":"","fileTypesAndContributionMap":{"other":{"insertions":1,"deletions":1},"docs":{"insertions":2,"deletions":2}}}]},{"date":"2025-03-14","commitResults":[{"hash":"ceec05f7d7ae918e5327b5e8e118dc6cec3e702e","isMergeCommit":true,"messageTitle":"Merge pull request #19 from ChingWhee/ChingWhee-CatalogueClass","messageBody":"Parent catalogue class","fileTypesAndContributionMap":{}},{"hash":"91bfa8bc948f4ee8ae1aab84a307a44d0430adfa","isMergeCommit":true,"messageTitle":"Merge pull request #20 from ChingWhee/ChingWhee-InventoryCatalogue","messageBody":"Add catalogue classes","fileTypesAndContributionMap":{}},{"hash":"6754b2a13b1ca0b84e4726425807864eebf74543","isMergeCommit":false,"messageTitle":"JUnit Test for Ingredient Class","messageBody":"","fileTypesAndContributionMap":{"functional-code":{"insertions":5,"deletions":11},"other":{"insertions":4,"deletions":4},"test-code":{"insertions":19,"deletions":0}}},{"hash":"a3fe09dd7f75cefca8900e33ef0198b41a324b58","isMergeCommit":false,"messageTitle":"cleaned code in compliance to gradle","messageBody":"","fileTypesAndContributionMap":{"test-code":{"insertions":0,"deletions":1}}},{"hash":"04ae32dba948115549b97c4e2373b1ff8deabaeb","isMergeCommit":true,"messageTitle":"Merge pull request #23 from chuanhuiw/master","messageBody":"amended JUnit test","fileTypesAndContributionMap":{}},{"hash":"94fac3f2bc557bc4a59d08597c69aa789bb5b78d","isMergeCommit":true,"messageTitle":"Merge pull request #24 from ChingWhee/ChingWhee-JUnit","messageBody":"","fileTypesAndContributionMap":{}}]},{"date":"2025-03-15","commitResults":[{"hash":"580effb02376a4839ecde33d569358a4b134ae7b","isMergeCommit":false,"messageTitle":"implemented can cook function","messageBody":"","fileTypesAndContributionMap":{"functional-code":{"insertions":38,"deletions":1}}},{"hash":"303496b8772dc058a691747d26eb5aacc8a9851f","isMergeCommit":false,"messageTitle":"JUnit Test for canCook function","messageBody":"","fileTypesAndContributionMap":{"test-code":{"insertions":41,"deletions":0}}},{"hash":"086f2b49e411dfa6a86428f16d559c93b2ba0198","isMergeCommit":true,"messageTitle":"Merge branch \u0027Function.canCook\u0027","messageBody":"","fileTypesAndContributionMap":{}},{"hash":"2d4b0999bca1b8adb5a3b193ecdd313586132d94","isMergeCommit":false,"messageTitle":"fixed for gradle","messageBody":"","fileTypesAndContributionMap":{"functional-code":{"insertions":4,"deletions":7}}},{"hash":"09ac787f7e12e7ff411b125db3e90f15c2b6dbab","isMergeCommit":true,"messageTitle":"Merge branch \u0027Function.canCook\u0027","messageBody":"","fileTypesAndContributionMap":{}},{"hash":"89dd27c860b012f4610981c80cd847503f93d732","isMergeCommit":true,"messageTitle":"Merge pull request #27 from ChingWhee/ChingWhee-CatalogueClass","messageBody":"Ching whee catalogue class","fileTypesAndContributionMap":{}},{"hash":"3f2a74f7178ea523b8cef3f13d88332121718ff0","isMergeCommit":false,"messageTitle":"modified to comply with Address3 directory","messageBody":"","fileTypesAndContributionMap":{"functional-code":{"insertions":73,"deletions":74},"other":{"insertions":8,"deletions":8},"test-code":{"insertions":55,"deletions":68}}},{"hash":"4b8e9e84af2c536509baa713694388463de7998b","isMergeCommit":false,"messageTitle":"fix for gradle","messageBody":"","fileTypesAndContributionMap":{"functional-code":{"insertions":1,"deletions":1},"test-code":{"insertions":23,"deletions":22}}},{"hash":"eef647c7da65b3985d02252c13f7c1287b4be7bb","isMergeCommit":false,"messageTitle":"fixed for gradle again","messageBody":"","fileTypesAndContributionMap":{"test-code":{"insertions":0,"deletions":18}}}]},{"date":"2025-03-16","commitResults":[{"hash":"57e1179a115bd802aa66ce0117af8481ae7a57cc","isMergeCommit":false,"messageTitle":"updated canCook function to get arraylist of missing ingredients","messageBody":"","fileTypesAndContributionMap":{"functional-code":{"insertions":31,"deletions":2},"test-code":{"insertions":19,"deletions":2}}},{"hash":"a72b5d877a18505e37a5bba56c7f8ef761548480","isMergeCommit":true,"messageTitle":"Merge branch \u0027master\u0027 into Function.canCook","messageBody":"","fileTypesAndContributionMap":{}},{"hash":"65312d55207249cf320ce8dc70d06540217ed712","isMergeCommit":false,"messageTitle":"updated main","messageBody":"","fileTypesAndContributionMap":{"functional-code":{"insertions":1,"deletions":1}}},{"hash":"2f60297a361769d01f1168703a338961d8918665","isMergeCommit":false,"messageTitle":"fixed for gradle","messageBody":"","fileTypesAndContributionMap":{"test-code":{"insertions":3,"deletions":1}}},{"hash":"4e985e3f08dae8615b055d06bf4773dfe535848f","isMergeCommit":true,"messageTitle":"Merge branch \u0027Function.canCook\u0027","messageBody":"","fileTypesAndContributionMap":{}},{"hash":"7dd5e2ca5f668d5e2d170d881323bae74b0e9f59","isMergeCommit":false,"messageTitle":"implemented cook function","messageBody":"","fileTypesAndContributionMap":{"functional-code":{"insertions":23,"deletions":7},"test-code":{"insertions":32,"deletions":4}}},{"hash":"128c7826e3a79067c58e7f4a72c09d7c053f03d3","isMergeCommit":false,"messageTitle":"fixed for gradle","messageBody":"","fileTypesAndContributionMap":{"functional-code":{"insertions":1,"deletions":2},"test-code":{"insertions":2,"deletions":1}}},{"hash":"61260ebd3a392b1d6ed2623d93dc753a611bcb11","isMergeCommit":true,"messageTitle":"Merge pull request #31 from weiliangng/master","messageBody":"Added Parser, User Interface and Abstract Command class","fileTypesAndContributionMap":{}},{"hash":"fe000b61735061992235c4f0d2423dec67d46211","isMergeCommit":true,"messageTitle":"Merge branch \u0027master\u0027 into Function.canCook","messageBody":"","fileTypesAndContributionMap":{}},{"hash":"75a96fd7a357aaf276ddd9bedfd3af689f44035b","isMergeCommit":true,"messageTitle":"Merge pull request #30 from J030104/master","messageBody":"will fix after merge","fileTypesAndContributionMap":{}},{"hash":"2659fad2f07edb2709a6abea41c24762259673b6","isMergeCommit":true,"messageTitle":"Merge branch \u0027master\u0027 of https://github.com/Carlton369/tp","messageBody":"","fileTypesAndContributionMap":{}}]},{"date":"2025-03-18","commitResults":[{"hash":"e8d04117fc54c230d9c04e7aaf00d75baae10eea","isMergeCommit":true,"messageTitle":"Merge pull request #36 from chuanhuiw/branch-commands","messageBody":"Added UserGuide","fileTypesAndContributionMap":{}}]},{"date":"2025-03-27","commitResults":[{"hash":"25b6c4e228b5dad6856698ea68362740473fd693","isMergeCommit":true,"messageTitle":"Merge branch \u0027master\u0027 of https://github.com/Carlton369/tp","messageBody":"","fileTypesAndContributionMap":{}}]},{"date":"2025-03-30","commitResults":[{"hash":"342527447ef38fe6068a634f2f7eae219c6ed180","isMergeCommit":true,"messageTitle":"Merge branch \u0027master\u0027 of https://github.com/Carlton369/tp","messageBody":"","fileTypesAndContributionMap":{}},{"hash":"074d63cf048412a1c7943bdf1ea8a742428b13e0","isMergeCommit":false,"messageTitle":"fixed merge conflicts","messageBody":"","fileTypesAndContributionMap":{"functional-code":{"insertions":87,"deletions":94},"test-code":{"insertions":216,"deletions":0}}},{"hash":"fd29a0993c9296585c9ddcbb4124e80e7f45d382","isMergeCommit":false,"messageTitle":"merge conflicts","messageBody":"","fileTypesAndContributionMap":{"test-code":{"insertions":1,"deletions":217}}},{"hash":"0bf58c9ed1743bf2eb5bcf63c2062aa36a6d8a4f","isMergeCommit":false,"messageTitle":"refactored cook command","messageBody":"","fileTypesAndContributionMap":{"functional-code":{"insertions":149,"deletions":87},"test-code":{"insertions":47,"deletions":44}}},{"hash":"68446fa34fc5c0f089bd0dd57d3444a74af30fab","isMergeCommit":false,"messageTitle":"GRADLE","messageBody":"","fileTypesAndContributionMap":{"functional-code":{"insertions":5,"deletions":9},"other":{"insertions":2,"deletions":4},"test-code":{"insertions":7,"deletions":7}}},{"hash":"1ba0b1c0bb7dedb55f5e41873c35e9af2005833b","isMergeCommit":false,"messageTitle":"GRADELAONJOFNWA","messageBody":"","fileTypesAndContributionMap":{"functional-code":{"insertions":8,"deletions":1}}},{"hash":"adaea7e69ee7d74e0205afa6864f98c526386d63","isMergeCommit":false,"messageTitle":"gradlaedkqpd","messageBody":"","fileTypesAndContributionMap":{"test-code":{"insertions":1,"deletions":0}}},{"hash":"b943ced873eac69b3f1949063b2eb1646efa7daf","isMergeCommit":false,"messageTitle":"merged inventorycatalogue and ingredientcatalogue into 1 inventory class for clarity, removed shopping","messageBody":"","fileTypesAndContributionMap":{"functional-code":{"insertions":30,"deletions":119},"other":{"insertions":2,"deletions":2},"test-code":{"insertions":5,"deletions":5}}},{"hash":"b6e3fa4bc33982c9e32eaadbf6ea64b583d7443d","isMergeCommit":false,"messageTitle":"bug fixing, extracted catalogue init in main to help with testing","messageBody":"","fileTypesAndContributionMap":{"functional-code":{"insertions":15,"deletions":9},"test-code":{"insertions":6,"deletions":2}}},{"hash":"34b5eabb51548b37ea7004ebfabd8339771352b9","isMergeCommit":false,"messageTitle":"fixed bug in saving function","messageBody":"","fileTypesAndContributionMap":{"functional-code":{"insertions":14,"deletions":6}}}]},{"date":"2025-03-31","commitResults":[{"hash":"68aa9dfecb6bbad3746510b0731ee3d28562df26","isMergeCommit":true,"messageTitle":"Merge pull request #57 from weiliangng/master","messageBody":"Add support for recipe editing","fileTypesAndContributionMap":{}}]},{"date":"2025-04-01","commitResults":[{"hash":"5372225b4c8cbdb9ff16b5d7e34469cb92b478e5","isMergeCommit":true,"messageTitle":"Merge pull request #58 from J030104/master","messageBody":"Complete update functionality in Recipe","fileTypesAndContributionMap":{}},{"hash":"76829eb7091f46cf90c7beefbfb0f75e50addc65","isMergeCommit":false,"messageTitle":"update DG","messageBody":"","fileTypesAndContributionMap":{"functional-code":{"insertions":1,"deletions":1},"docs":{"insertions":21,"deletions":1}}},{"hash":"55c134bc4b5cd61f245e9f8ce5cf16e1d38d0bad","isMergeCommit":true,"messageTitle":"Merge branch \u0027master\u0027 of https://github.com/Carlton369/tp","messageBody":"","fileTypesAndContributionMap":{}},{"hash":"31bb481c66b8c8301ae7058ce97b29319b7eeff8","isMergeCommit":true,"messageTitle":"Merge pull request #60 from J030104/master","messageBody":"Fix problems","fileTypesAndContributionMap":{}}]},{"date":"2025-04-02","commitResults":[{"hash":"d88fe82389c3ce0ae849c020812cac830e801637","isMergeCommit":true,"messageTitle":"Merge pull request #68 from chuanhuiw/branch-DG","messageBody":"Add DG edits (recipebook and updates)","fileTypesAndContributionMap":{}},{"hash":"7de85ab0f8d4da53cbac97ed04c38f91036ab281","isMergeCommit":false,"messageTitle":"implement cookable command","messageBody":"","fileTypesAndContributionMap":{"functional-code":{"insertions":130,"deletions":3},"test-code":{"insertions":106,"deletions":0}}},{"hash":"9607b91354861b62d276224b82251c0466e447ed","isMergeCommit":false,"messageTitle":"gradle","messageBody":"","fileTypesAndContributionMap":{"functional-code":{"insertions":11,"deletions":7}}},{"hash":"c5e20c6427664aeeddc167179dca75e6b1f94dab","isMergeCommit":false,"messageTitle":"GRADLEAKADE","messageBody":"","fileTypesAndContributionMap":{"test-code":{"insertions":3,"deletions":1}}},{"hash":"6cf035a036cd98cb40266376841848278bc99c4d","isMergeCommit":true,"messageTitle":"Merge pull request #70 from J030104/master","messageBody":"Add StorageTest","fileTypesAndContributionMap":{}},{"hash":"460f1db41076b7d4cc62b7d42d4d910fb5872a54","isMergeCommit":true,"messageTitle":"Merge pull request #72 from chuanhuiw/branch-DG","messageBody":"Add UG and team md","fileTypesAndContributionMap":{}}]},{"date":"2025-04-03","commitResults":[{"hash":"996cbecc3e3c45123e1de4fe0204c11b960998d0","isMergeCommit":true,"messageTitle":"Merge pull request #73 from J030104/master","messageBody":"Update DeveloperGuide","fileTypesAndContributionMap":{}},{"hash":"c792e504a16155b7459866cf98b3db7fa0a450f7","isMergeCommit":false,"messageTitle":"fix cookable bug","messageBody":"","fileTypesAndContributionMap":{"functional-code":{"insertions":7,"deletions":6}}},{"hash":"38d4cbbd2398aecbf0faf753b98e14e8da79c0bf","isMergeCommit":false,"messageTitle":"fixed test for cookable","messageBody":"","fileTypesAndContributionMap":{"functional-code":{"insertions":6,"deletions":6},"test-code":{"insertions":12,"deletions":15}}},{"hash":"28cb4734c5e4275201e1877d8a2470eff934e530","isMergeCommit":false,"messageTitle":"fixed delete command bug","messageBody":"","fileTypesAndContributionMap":{"functional-code":{"insertions":9,"deletions":0}}},{"hash":"b8b9279b375766ae95f2e59f0250e756929abde4","isMergeCommit":false,"messageTitle":"Carlton PPP","messageBody":"","fileTypesAndContributionMap":{"docs":{"insertions":62,"deletions":0}}},{"hash":"5459b52b9dfdbfc2313483b5238f13877e5253ac","isMergeCommit":true,"messageTitle":"Merge pull request #78 from J030104/master","messageBody":"Add JavaDoc and my PPP","fileTypesAndContributionMap":{}}]}],"ChingWhee":[{"date":"2025-03-06","commitResults":[{"hash":"f8a157fc7898181b527918bc7c854035357c862d","isMergeCommit":false,"messageTitle":"Update AboutUs.md","messageBody":"","fileTypesAndContributionMap":{"docs":{"insertions":4,"deletions":7}}},{"hash":"65fb2ac17dbaa5858896af3e6937ec99a9515179","isMergeCommit":true,"messageTitle":"Merge pull request #2 from ChingWhee/Ching_Whee-AboutUs","messageBody":"Update AboutUs.md","fileTypesAndContributionMap":{}}]},{"date":"2025-03-13","commitResults":[{"hash":"c4652780a0c914b2addf1b0de1508b36364ec705","isMergeCommit":true,"messageTitle":"Merge pull request #18 from Carlton369/master","messageBody":"fix seedu","fileTypesAndContributionMap":{}},{"hash":"59b332370114ccbd35d833d8778185e09bc18d5a","isMergeCommit":false,"messageTitle":"Refactor main class","messageBody":"Place KitchenCTRL class at main/java and added ascii art when starting program\n","fileTypesAndContributionMap":{"functional-code":{"insertions":36,"deletions":21}}},{"hash":"b2ffde153ea04f4314025ac8e38a1512952437b9","isMergeCommit":false,"messageTitle":"Create Catalogue.java","messageBody":"Base class for inventory, shopping and recipe list\n","fileTypesAndContributionMap":{"functional-code":{"insertions":70,"deletions":0}}}]},{"date":"2025-03-14","commitResults":[{"hash":"46dbb96179299ce9caa0623e449e58c0c49e9e03","isMergeCommit":false,"messageTitle":"Update build.gradle","messageBody":"","fileTypesAndContributionMap":{"other":{"insertions":2,"deletions":2}}},{"hash":"75de9a10719a1326fe38135a3a4ec826bf5d7816","isMergeCommit":false,"messageTitle":"Add ShoppingCatalogue, InventoryCatalogue, and RecipeCatalogue","messageBody":"","fileTypesAndContributionMap":{"functional-code":{"insertions":36,"deletions":4}}},{"hash":"3a223164937dfd51a4ba491578f7e4cd5478594c","isMergeCommit":false,"messageTitle":"Add newline in class","messageBody":"","fileTypesAndContributionMap":{"functional-code":{"insertions":1,"deletions":2}}},{"hash":"334b25a4bd734bb837509876fd3f877fcd2647eb","isMergeCommit":true,"messageTitle":"Merge pull request #21 from Carlton369/master","messageBody":"JUnit Test for Ingredient Class","fileTypesAndContributionMap":{}},{"hash":"775636b1413226b8d05711c2962491b1f94b7c39","isMergeCommit":false,"messageTitle":"Add JUnit test for catalogue","messageBody":"","fileTypesAndContributionMap":{"test-code":{"insertions":26,"deletions":0}}},{"hash":"8cd51fd259c2a3842faee5504ca22ace7e53671d","isMergeCommit":false,"messageTitle":"Remove wildcard import","messageBody":"","fileTypesAndContributionMap":{"test-code":{"insertions":3,"deletions":2}}},{"hash":"ead7257f54a44504b538e576f7bb73f934cfc4c4","isMergeCommit":false,"messageTitle":"Update gradle files","messageBody":"","fileTypesAndContributionMap":{"other":{"insertions":0,"deletions":1}}},{"hash":"9a573c1e0b38c479252dbbd7bd13f3cbe8c9bc7c","isMergeCommit":true,"messageTitle":"Merge branch \u0027AY2425S2-CS2113-T13-1:master\u0027 into ChingWhee-JUnit","messageBody":"","fileTypesAndContributionMap":{}}]},{"date":"2025-03-15","commitResults":[{"hash":"3066a40a4229929cc99494ed2272c74597203621","isMergeCommit":false,"messageTitle":"Override equals, toString and quantity methods for ingredient and recipe","messageBody":"","fileTypesAndContributionMap":{"functional-code":{"insertions":34,"deletions":0}}},{"hash":"b2bf630e9cb9024fdc6649f3614134393b12e994","isMergeCommit":false,"messageTitle":"Update implementation and JavaDoc of Catalogue class","messageBody":"","fileTypesAndContributionMap":{"functional-code":{"insertions":15,"deletions":12}}},{"hash":"707751df4fd598ee018fb5dfe23fdddafb93b909","isMergeCommit":false,"messageTitle":"Add functions to add and delete from inventory","messageBody":"Add the following features:\n1. Search for similar items\n2. Add items\n3. Delete items\n4. Ask user for input\n","fileTypesAndContributionMap":{"functional-code":{"insertions":174,"deletions":0}}},{"hash":"f0041591cea126e3b7f26beab960e35b97a0f443","isMergeCommit":false,"messageTitle":"Rename InventoryCatalogue to IngredientCatalogue and add JavaDoc","messageBody":"","fileTypesAndContributionMap":{"functional-code":{"insertions":175,"deletions":119}}},{"hash":"c0fbd8e5e5bc945dbd55317ad31bf9528bc270d1","isMergeCommit":false,"messageTitle":"Add JavaDoc for InputParser and delete ShoppingCatalogue","messageBody":"","fileTypesAndContributionMap":{"functional-code":{"insertions":26,"deletions":12},"test-code":{"insertions":2,"deletions":5}}},{"hash":"85cb2c8320030e58035432694985b46e55ff3161","isMergeCommit":false,"messageTitle":"Reformat IngredientCatalogue","messageBody":"Change name for input parser to distinguish between ingredient and recipe method\n\nFix delete to use decreaseQuantity\n","fileTypesAndContributionMap":{"functional-code":{"insertions":89,"deletions":36}}},{"hash":"ce4e89269bb0cefa8a431a7ecf40c0195aa1e745","isMergeCommit":false,"messageTitle":"Write test code in main function and fix print statements","messageBody":"","fileTypesAndContributionMap":{"functional-code":{"insertions":25,"deletions":10}}},{"hash":"db4a64ec138a2a1acf54af243dc83207d3527c27","isMergeCommit":false,"messageTitle":"Add print statements when changing ingredient quantity","messageBody":"","fileTypesAndContributionMap":{"functional-code":{"insertions":20,"deletions":0}}},{"hash":"67db219fea1ceaf4ec03ba8c4fa265b893901fa0","isMergeCommit":false,"messageTitle":"Add recipe catalogue methods","messageBody":"","fileTypesAndContributionMap":{"functional-code":{"insertions":92,"deletions":0}}},{"hash":"1c2311d4210b484d0f8b87e0735f20dd2131b8ce","isMergeCommit":true,"messageTitle":"Merge branch \u0027master\u0027 into ChingWhee-CatalogueClass","messageBody":"","fileTypesAndContributionMap":{}},{"hash":"9de0e8c1326e1426eb45c3708a74634ba9eafed5","isMergeCommit":false,"messageTitle":"Remove duplicate equals function","messageBody":"","fileTypesAndContributionMap":{"functional-code":{"insertions":5,"deletions":14}}},{"hash":"6cc09bf14f7bc845755f5fdd5cb9805e88f947ca","isMergeCommit":false,"messageTitle":"Add newline to fix formatting problems","messageBody":"","fileTypesAndContributionMap":{"functional-code":{"insertions":6,"deletions":4}}},{"hash":"bd463af81a562129d7f48e66df97f437e26faefb","isMergeCommit":false,"messageTitle":"reformat placement of curly braces","messageBody":"","fileTypesAndContributionMap":{"functional-code":{"insertions":27,"deletions":9}}},{"hash":"b61de4ba7e843c3fe7f9248c444c62c433f8c7ee","isMergeCommit":false,"messageTitle":"Remove unused inputs","messageBody":"","fileTypesAndContributionMap":{"functional-code":{"insertions":0,"deletions":4},"other":{"insertions":3,"deletions":0}}},{"hash":"0740ea9baaca8ec24cc1b25d7bc0f06592284c08","isMergeCommit":false,"messageTitle":"Change main back to original","messageBody":"","fileTypesAndContributionMap":{"functional-code":{"insertions":5,"deletions":1}}},{"hash":"44d3789565de0af01cca5d30421a0a9f494a54b3","isMergeCommit":false,"messageTitle":"remove dos2unix install","messageBody":"","fileTypesAndContributionMap":{"other":{"insertions":0,"deletions":3}}},{"hash":"9bf76893e6ddec96a0f396fda30f8b4cce1f2959","isMergeCommit":true,"messageTitle":"Merge pull request #26 from chuanhuiw/master","messageBody":"Added Commands (Add,Delete,List,), edited cancookrecipe()","fileTypesAndContributionMap":{}}]},{"date":"2025-03-17","commitResults":[{"hash":"67ad4b1b2504a47cfdcf2d98d60487d059fb8d8f","isMergeCommit":false,"messageTitle":"Refactor ui and add delete command","messageBody":"","fileTypesAndContributionMap":{"functional-code":{"insertions":82,"deletions":5}}},{"hash":"32ea0c7d141c46aeb2e1958aab829dcc6cf3a86a","isMergeCommit":false,"messageTitle":"Abstract out storage functionality","messageBody":"","fileTypesAndContributionMap":{"functional-code":{"insertions":14,"deletions":39}}},{"hash":"a2b6f8c24ff3cabf8c97238b44550c1609bbcf72","isMergeCommit":false,"messageTitle":"Move content manager","messageBody":"","fileTypesAndContributionMap":{"functional-code":{"insertions":149,"deletions":68}}},{"hash":"2fae6e559860c505f583a340de520e0a7fadc11b","isMergeCommit":false,"messageTitle":"Refactor main function","messageBody":"","fileTypesAndContributionMap":{"functional-code":{"insertions":44,"deletions":52}}},{"hash":"a391b9e145d0bceb50923cc1a5affbce81eff710","isMergeCommit":false,"messageTitle":"Add list command","messageBody":"","fileTypesAndContributionMap":{"functional-code":{"insertions":27,"deletions":2}}},{"hash":"05ca9ee5fd677b7a5b030b0c2278762982b28f04","isMergeCommit":false,"messageTitle":"Modify all catalogue functions to return CommandResult","messageBody":"","fileTypesAndContributionMap":{"functional-code":{"insertions":55,"deletions":56}}},{"hash":"1be992382df7df7be91ea6cd45c627d0bd3e5964","isMergeCommit":false,"messageTitle":"Fix file storage code and automated tests","messageBody":"","fileTypesAndContributionMap":{"functional-code":{"insertions":15,"deletions":11}}},{"hash":"9306d904994015944be9b6f9950f89cf0beab117","isMergeCommit":false,"messageTitle":"Fix style","messageBody":"","fileTypesAndContributionMap":{"functional-code":{"insertions":16,"deletions":20}}},{"hash":"c2ea25e86180450fdf4645ff5318324f0e5b7baa","isMergeCommit":false,"messageTitle":"Fix style errors","messageBody":"","fileTypesAndContributionMap":{"functional-code":{"insertions":1,"deletions":2},"test-code":{"insertions":1,"deletions":1}}}]},{"date":"2025-03-19","commitResults":[{"hash":"db1d74fe46b554ef5e2fb6ddcc31eac6eabba237","isMergeCommit":true,"messageTitle":"Merge pull request #39 from chuanhuiw/master","messageBody":"Added JavaDoc","tags":["v1.0"],"fileTypesAndContributionMap":{}}]},{"date":"2025-03-20","commitResults":[{"hash":"efb368901cf39fc63734ac81d4ce413a1e19877c","isMergeCommit":true,"messageTitle":"Merge pull request #40 from J030104/master","messageBody":"Improve a bit on CatalogueContentManager","fileTypesAndContributionMap":{}},{"hash":"3d0ee7e5541c40f5b8cb4ee99d6c986af5efd2ef","isMergeCommit":true,"messageTitle":"Merge pull request #42 from J030104/Chen-Yi-Yu-CatalogueManager","messageBody":"Change CatalogueContentManager","fileTypesAndContributionMap":{}},{"hash":"52d40ea59f52a1381da9f9c637fae1a5d140b312","isMergeCommit":true,"messageTitle":"Merge pull request #43 from J030104/Chen-Yi-Yu-CatalogueManager","messageBody":"Change CatalogueContentManager","fileTypesAndContributionMap":{}}]},{"date":"2025-03-23","commitResults":[{"hash":"fb40b4e472edc99cf1812c4ee4644fb7a2d48562","isMergeCommit":false,"messageTitle":"Add InventoryCatalogue and ShoppingCatalogue","messageBody":"","fileTypesAndContributionMap":{"functional-code":{"insertions":51,"deletions":7}}},{"hash":"5fb7b20b3f0f06303e7aa6ceb490dc116f7191fa","isMergeCommit":true,"messageTitle":"Merge branch \u0027master\u0027 of https://github.com/ChingWhee/tp","messageBody":"","fileTypesAndContributionMap":{}},{"hash":"3247c234e36f90e49c2a7165ed45e534854c9fd2","isMergeCommit":false,"messageTitle":"Modify command class","messageBody":"","fileTypesAndContributionMap":{"functional-code":{"insertions":75,"deletions":10},"other":{"insertions":13,"deletions":5}}},{"hash":"35b67c7dac3cb1ad52fd85647fb789c055686c40","isMergeCommit":false,"messageTitle":"Catalogue class formatting","messageBody":"","fileTypesAndContributionMap":{"functional-code":{"insertions":12,"deletions":4}}},{"hash":"eae2296a0c8ddf64b9055cf3358980361586e378","isMergeCommit":false,"messageTitle":"Modify parsing logic","messageBody":"","fileTypesAndContributionMap":{"functional-code":{"insertions":269,"deletions":64}}},{"hash":"7022ad32ff102f136f5778ef2792e5ad274e4a87","isMergeCommit":false,"messageTitle":"Add feature for commands to handle different catalogue","messageBody":"","fileTypesAndContributionMap":{"functional-code":{"insertions":112,"deletions":62}}},{"hash":"135d281d0bafce816ac09ee12132b75e5d9014c7","isMergeCommit":false,"messageTitle":"Fix style problems","messageBody":"","fileTypesAndContributionMap":{"functional-code":{"insertions":73,"deletions":34}}},{"hash":"305db1589120b3f059c727a86aa587f27532252d","isMergeCommit":false,"messageTitle":"Stop Gradle from running unit tests","messageBody":"","fileTypesAndContributionMap":{"functional-code":{"insertions":0,"deletions":7},"other":{"insertions":1,"deletions":1}}},{"hash":"c4386a9adb2fdba87f799aecc9bb8fab60f54385","isMergeCommit":false,"messageTitle":"Modify ui-ux test","messageBody":"","fileTypesAndContributionMap":{"functional-code":{"insertions":42,"deletions":9},"other":{"insertions":1,"deletions":1}}}]},{"date":"2025-03-24","commitResults":[{"hash":"52b65f92b95c15d3bc3cae8c9d9173a761015961","isMergeCommit":false,"messageTitle":"Rename test folder","messageBody":"","fileTypesAndContributionMap":{"functional-code":{"insertions":71,"deletions":10},"other":{"insertions":1,"deletions":1}}},{"hash":"0e9fcd6104628ac40cd0cdb8851d8b508b794062","isMergeCommit":false,"messageTitle":"Remove wildcard imports","messageBody":"","fileTypesAndContributionMap":{"functional-code":{"insertions":74,"deletions":20}}},{"hash":"9c6f2553174bd895072cf1df1c44261370a25bae","isMergeCommit":false,"messageTitle":"Remove unused imports","messageBody":"","fileTypesAndContributionMap":{"functional-code":{"insertions":2,"deletions":3}}},{"hash":"23b070fccc49102768990a464e021d68cfa170cb","isMergeCommit":false,"messageTitle":"Add indentation and newline","messageBody":"","fileTypesAndContributionMap":{"functional-code":{"insertions":4,"deletions":3}}},{"hash":"2f3d872c1ef7bf100331398c5a5a55a71c23174b","isMergeCommit":false,"messageTitle":"Update UserGuide.md","messageBody":"","fileTypesAndContributionMap":{"docs":{"insertions":182,"deletions":54}}},{"hash":"a71132fa56b376cec11a91e27769db038ad9099f","isMergeCommit":false,"messageTitle":"Add command summary to user guide","messageBody":"","fileTypesAndContributionMap":{"docs":{"insertions":18,"deletions":0}}},{"hash":"2a1962b35f86ebf139e80ac3d6cf33af340aca4f","isMergeCommit":false,"messageTitle":"Add ui component in dveeloper guide","messageBody":"","fileTypesAndContributionMap":{"docs":{"insertions":173,"deletions":2}}},{"hash":"436434d48bc459f3904d2b4357d2f6effe551cf7","isMergeCommit":false,"messageTitle":"rename notest to test","messageBody":"","fileTypesAndContributionMap":{"other":{"insertions":0,"deletions":0}}}]},{"date":"2025-03-27","commitResults":[{"hash":"b4c8a5e74cf2748f30a92707f53a487474db7ed8","isMergeCommit":false,"messageTitle":"remove access from shopping catalogue","messageBody":"","fileTypesAndContributionMap":{"functional-code":{"insertions":3,"deletions":3}}},{"hash":"64c15f46e67547b197fcaa8209f26f9aee754e1e","isMergeCommit":false,"messageTitle":"Add UI Junit test","messageBody":"","fileTypesAndContributionMap":{"functional-code":{"insertions":15,"deletions":8},"other":{"insertions":1,"deletions":1},"test-code":{"insertions":156,"deletions":17}}},{"hash":"381ae3e6df6e5861a15da56f620e503b29547a52","isMergeCommit":false,"messageTitle":"Add JUnit test for Parser","messageBody":"","fileTypesAndContributionMap":{"functional-code":{"insertions":10,"deletions":10},"test-code":{"insertions":212,"deletions":30}}},{"hash":"c3a3fb0d70d59c6204230384ad275abceb31d172","isMergeCommit":false,"messageTitle":"Remove wildcard import and fix indentation","messageBody":"","fileTypesAndContributionMap":{"functional-code":{"insertions":4,"deletions":0},"test-code":{"insertions":68,"deletions":65}}},{"hash":"bf436cb25772186e7d86f025ee77a835feeecf4a","isMergeCommit":false,"messageTitle":"Comment out unused function","messageBody":"","fileTypesAndContributionMap":{"functional-code":{"insertions":9,"deletions":9}}}]},{"date":"2025-03-29","commitResults":[{"hash":"7019a82d268b01f3e3475a0c4800a37f3f762447","isMergeCommit":true,"messageTitle":"Merge pull request #53 from J030104/master","messageBody":"Fix the file exist assertion issue and get ready to save data in ByeCommand constructor","fileTypesAndContributionMap":{}}]},{"date":"2025-03-30","commitResults":[{"hash":"4e87ee06d6563545c600078a89b9d1b23596945f","isMergeCommit":true,"messageTitle":"Merge pull request #54 from Carlton369/master","messageBody":"refactor cancook recipe","fileTypesAndContributionMap":{}},{"hash":"e6d4c106944bf291c2a39f25ab8126b45ef96f29","isMergeCommit":true,"messageTitle":"Merge pull request #55 from Carlton369/master","messageBody":"merged inventorycatalogue and ingredientcatalogue into 1 inventory cl…","fileTypesAndContributionMap":{}}]},{"date":"2025-04-01","commitResults":[{"hash":"1ac5d28cde286d3dc7a5a251958f3e99ceaa3d56","isMergeCommit":false,"messageTitle":"Create chingwhee.md","messageBody":"","fileTypesAndContributionMap":{"docs":{"insertions":54,"deletions":0}}},{"hash":"71a7a67ed96f682a9a3ce43f423e79b0a6d33ab5","isMergeCommit":true,"messageTitle":"Merge branch \u0027AY2425S2-CS2113-T13-1:master\u0027 into ChingWhee-PPP","messageBody":"","fileTypesAndContributionMap":{}},{"hash":"38c14b3450f767eac4d3838b33875bc21524e264","isMergeCommit":false,"messageTitle":"Update DeveloperGuide.md","messageBody":"","fileTypesAndContributionMap":{"docs":{"insertions":22,"deletions":6}}}]},{"date":"2025-04-03","commitResults":[{"hash":"01c97de5891d1d3aab2cbbd107be055cbafa69ce","isMergeCommit":true,"messageTitle":"Merge pull request #75 from J030104/master","messageBody":"Add JavaDoc and clean unused things","fileTypesAndContributionMap":{}},{"hash":"bb17fc0123ede1ab7b1915b0d60f282718d8f2d3","isMergeCommit":true,"messageTitle":"Merge pull request #76 from Carlton369/master","messageBody":"fix cookable bug","fileTypesAndContributionMap":{}},{"hash":"a279a3bad94227afecb550aa81d2ea60a48f976a","isMergeCommit":false,"messageTitle":"Fix catalogue list bug","messageBody":"","fileTypesAndContributionMap":{"functional-code":{"insertions":28,"deletions":2}}},{"hash":"3d54d85214f0d0a39019e3780f6460165294e83d","isMergeCommit":true,"messageTitle":"Merge pull request #79 from Carlton369/master","messageBody":"Carlton PPP","fileTypesAndContributionMap":{}}]}],"weiliangng":[{"date":"2025-03-06","commitResults":[{"hash":"eab2468f5373ff7ca439b27c0b674b906703e4a3","isMergeCommit":false,"messageTitle":"update aboutus.md","messageBody":"","fileTypesAndContributionMap":{"docs":{"insertions":6,"deletions":5}}},{"hash":"ba016dafd8f6defb20a6862923682e663fc6c13c","isMergeCommit":true,"messageTitle":"Merge branch \u0027master\u0027 into Ng-Weiliang-AboutUs","messageBody":"","fileTypesAndContributionMap":{}},{"hash":"8ff9d838142ddc7e3ad0ff133af05885c8312dec","isMergeCommit":true,"messageTitle":"Merge pull request #6 from weiliangng/Ng-Weiliang-AboutUs","messageBody":"update aboutus.md","fileTypesAndContributionMap":{}}]},{"date":"2025-03-15","commitResults":[{"hash":"93b59ff6bca6200dcbecf5e103d18733af1acbcd","isMergeCommit":true,"messageTitle":"Merge pull request #28 from Carlton369/master","messageBody":"modified to comply with Address3 directory","fileTypesAndContributionMap":{}}]},{"date":"2025-03-16","commitResults":[{"hash":"6820c56fc65613998945a9afae52b85a51dc8978","isMergeCommit":false,"messageTitle":"Added Parser, User Interface and Abstract Command class","messageBody":"","fileTypesAndContributionMap":{"functional-code":{"insertions":134,"deletions":0}}},{"hash":"d1b38b6314c25776977d4bc0bb4691bf2e9af5dd","isMergeCommit":false,"messageTitle":"Added Bye Command and corresponding IO Redirection tests","messageBody":"","fileTypesAndContributionMap":{"functional-code":{"insertions":43,"deletions":15}}},{"hash":"19fc5ba5ae119736737d300e594a3c3cf1ad1fd8","isMergeCommit":true,"messageTitle":"Merge pull request #32 from weiliangng/master","messageBody":"Added Bye Command and corresponding IO Redirection tests","fileTypesAndContributionMap":{}},{"hash":"eed1f646af3df5ca09557c17eb4f41379c69f8a9","isMergeCommit":false,"messageTitle":"Added Junit Tests","messageBody":"","fileTypesAndContributionMap":{"functional-code":{"insertions":3,"deletions":0},"test-code":{"insertions":107,"deletions":0}}},{"hash":"772384c817c61f63a6d9e9a1ac143bc64207f515","isMergeCommit":false,"messageTitle":"Modified Junit Tests for style","messageBody":"","fileTypesAndContributionMap":{"test-code":{"insertions":6,"deletions":3}}},{"hash":"4d908676e645daa76a300fb125740b5cdf647f59","isMergeCommit":false,"messageTitle":"Added Assertions","messageBody":"","fileTypesAndContributionMap":{"functional-code":{"insertions":5,"deletions":0}}},{"hash":"326409a712554375036b4fe59838160515b859de","isMergeCommit":false,"messageTitle":"Modified test cases to expect assertion errors","messageBody":"","fileTypesAndContributionMap":{"test-code":{"insertions":6,"deletions":14}}},{"hash":"a51f26b338f3b95137cbecc8850806d63a39734b","isMergeCommit":false,"messageTitle":"Reduced line length","messageBody":"","fileTypesAndContributionMap":{"test-code":{"insertions":1,"deletions":1}}},{"hash":"1ad59d5ef656bbdd4830851b8579039d7339e2e2","isMergeCommit":true,"messageTitle":"Merge pull request #33 from weiliangng/Junit","messageBody":"Added Junit Tests","fileTypesAndContributionMap":{}}]},{"date":"2025-03-30","commitResults":[{"hash":"768796990214b1bbc4dcb69707a221a730ccaece","isMergeCommit":true,"messageTitle":"Merge pull request #56 from Carlton369/master","messageBody":"fixed bug in saving function","fileTypesAndContributionMap":{}}]},{"date":"2025-03-31","commitResults":[{"hash":"3ba26e307462f8c5c0a230fa88b7b5ca81bd3487","isMergeCommit":false,"messageTitle":"Refactored ScreenState","messageBody":"","fileTypesAndContributionMap":{"functional-code":{"insertions":164,"deletions":91},"other":{"insertions":3,"deletions":2},"test-code":{"insertions":33,"deletions":33}}},{"hash":"3b55b3322d405258ca181952bb67b0002072de0c","isMergeCommit":false,"messageTitle":"Refactored AddCommand and DeleteCommand","messageBody":"","fileTypesAndContributionMap":{"functional-code":{"insertions":82,"deletions":36}}},{"hash":"234e068b41f6a9d73cc5a9483a85ee2fea7a28a5","isMergeCommit":false,"messageTitle":"Added Feature to work on individual recipes","messageBody":"","fileTypesAndContributionMap":{"functional-code":{"insertions":94,"deletions":20}}}]}]},"authorFileTypeContributionMap":{"J030104":{"docs":183,"functional-code":569,"test-code":271,"other":4},"chuanhuiw":{"docs":189,"functional-code":394,"test-code":143,"other":3},"Carlton369":{"docs":87,"functional-code":400,"test-code":212},"ChingWhee":{"docs":389,"functional-code":1076,"test-code":272,"other":1},"weiliangng":{"docs":1,"functional-code":389,"test-code":86}},"authorContributionVariance":{"J030104":22364.14,"chuanhuiw":8918.694,"Carlton369":38559.273,"ChingWhee":58041.418,"weiliangng":9670.049},"authorDisplayNameMap":{"J030104":"CS2113-T13-1 CHEN..I YU","chuanhuiw":"CS2113-T13-1 WONG.. HUI","Carlton369":"CS2113-T13-1 YEE ..LTON","ChingWhee":"CS2113-T13-1 WONG..WHEE","weiliangng":"CS2113-T13-1 NG W..IANG"}}
