{"authorDailyContributionsMap":{"Lukapeng77":[{"date":"2025-03-07","commitResults":[{"hash":"4c2b1b84b87965ebc8923223d426fa3e9c17bb93","isMergeCommit":false,"messageTitle":"Modified the first line of AboutUS.md","messageBody":"","fileTypesAndContributionMap":{"docs":{"insertions":3,"deletions":7}}},{"hash":"1648591847239328cf75413f12ed3deafdf52f77","isMergeCommit":false,"messageTitle":"Revert \"Modified the first line of AboutUS.md\"","messageBody":"This reverts commit 4c2b1b84b87965ebc8923223d426fa3e9c17bb93.\n","fileTypesAndContributionMap":{"docs":{"insertions":7,"deletions":3}}},{"hash":"71a5e1ff48c174cc47454e7b5561cf18b0652a38","isMergeCommit":false,"messageTitle":"Modified the first line of the AboutUs.md","messageBody":"","fileTypesAndContributionMap":{"docs":{"insertions":4,"deletions":7}}},{"hash":"5945e9bd2e95e877bb9789bc1ce2c81e0b12f70b","isMergeCommit":true,"messageTitle":"Merge branch \u0027master\u0027 into Ziyi-AboutUs","messageBody":"","fileTypesAndContributionMap":{}},{"hash":"fbd87086bed4d5c6d971c7ced7989fa20b9db7e1","isMergeCommit":true,"messageTitle":"Merge pull request #5 from yangyi-zhu/ZhuYangyi-AboutUs","messageBody":"Added user Zhu Yangyi to About Us","fileTypesAndContributionMap":{}}]},{"date":"2025-03-08","commitResults":[{"hash":"49f12c44aee89630223e628bd2b6ee47d4f8ddc4","isMergeCommit":true,"messageTitle":"Merge pull request #9 from HalFentise/data_structure","messageBody":"Data structure ","fileTypesAndContributionMap":{}}]},{"date":"2025-03-20","commitResults":[{"hash":"220d42c4d061b2cf6779f485d76b3fbd405ba919","isMergeCommit":false,"messageTitle":"Implemented the Set Budget and Notify functionalities","messageBody":"","fileTypesAndContributionMap":{"functional-code":{"insertions":440,"deletions":4}}},{"hash":"ff996d89fec5e2b81459ba70988a37f165a6daa4","isMergeCommit":true,"messageTitle":"Merge pull request #26 from HalFentise/user_stories_zixi","messageBody":"add label and tick transactions","fileTypesAndContributionMap":{}},{"hash":"78ba3f5cfbe2d87a911e78956cab7de15e4fa25d","isMergeCommit":false,"messageTitle":"Delete some redundant parts","messageBody":"","fileTypesAndContributionMap":{"functional-code":{"insertions":1,"deletions":22}}},{"hash":"efdab2c0492d8cf7015da82acd617ccf9f481bac","isMergeCommit":true,"messageTitle":"Merge branch \u0027Ziyi-tp-part\u0027 of https://github.com/Lukapeng77/tp into Ziyi-tp-part","messageBody":"","fileTypesAndContributionMap":{}},{"hash":"0ef49525ad69e69f9b655a707089edbcb42ec314","isMergeCommit":false,"messageTitle":"Implemented Delete and adjust Parser command","messageBody":"","fileTypesAndContributionMap":{"functional-code":{"insertions":107,"deletions":18}}},{"hash":"b39278e5403edf2d2432293379e80f10ec58ed93","isMergeCommit":true,"messageTitle":"Merge pull request #31 from Lukapeng77/Ziyi-tp","messageBody":"Implemented Delete and adjust Parser command","fileTypesAndContributionMap":{}}]},{"date":"2025-03-21","commitResults":[{"hash":"ab3593e7f0b0f62ecaf196a87a56213ce0740138","isMergeCommit":true,"messageTitle":"Merge pull request #33 from HalFentise/parser_implement2.0","messageBody":"fix bug for user interface","fileTypesAndContributionMap":{}},{"hash":"5ef4713c787ec191280165e33e70abfddd125d72","isMergeCommit":false,"messageTitle":"Modified for Command","messageBody":"","fileTypesAndContributionMap":{"functional-code":{"insertions":42,"deletions":9}}},{"hash":"a263b98c6a7ff91685525661761179a8afeb5597","isMergeCommit":true,"messageTitle":"Merge pull request #37 from yangyi-zhu/search-transactions","messageBody":"Restructured method to search for transactions based on id or desc","fileTypesAndContributionMap":{}},{"hash":"0cb2f233ba46684f50929db4d344f8fe8fb46a08","isMergeCommit":true,"messageTitle":"Merge pull request #38 from yangyi-zhu/recurring-transactions-patch","messageBody":"Recurring transactions patch","tags":["v1.1"],"fileTypesAndContributionMap":{}}]}],"yangyi-zhu":[{"date":"2025-03-07","commitResults":[{"hash":"cea231c13a319975b1c4edd5c4b1bb1791761b36","isMergeCommit":false,"messageTitle":"Added user Zhu Yangyi to About Us","messageBody":"","fileTypesAndContributionMap":{"docs":{"insertions":3,"deletions":7}}},{"hash":"5f2e75ef66b03afc7e9275b92c119158a62ec975","isMergeCommit":true,"messageTitle":"Merge branch \u0027master\u0027 into ZhuYangyi-AboutUs","messageBody":"","fileTypesAndContributionMap":{}},{"hash":"c23f9699de6e8e067276ec590d584143b9e4628b","isMergeCommit":false,"messageTitle":"Update AboutUs.md","messageBody":"Set link of portfolio for yangyi-zhu","fileTypesAndContributionMap":{"docs":{"insertions":1,"deletions":1}}}]},{"date":"2025-03-20","commitResults":[{"hash":"0bd99a02fba54a65b5fc9a5c5bb45d307c76fee5","isMergeCommit":false,"messageTitle":"Added base support for recurring transactions","messageBody":"","fileTypesAndContributionMap":{"functional-code":{"insertions":39,"deletions":1}}},{"hash":"20fed9a9e5ee279b61168100a676ec7de7d15c5d","isMergeCommit":true,"messageTitle":"Merge branch \u0027master\u0027 into recurring-transactions","messageBody":"","fileTypesAndContributionMap":{}}]},{"date":"2025-03-21","commitResults":[{"hash":"0f7297b5e78374fb5b1f820a01ab1d61ef71be16","isMergeCommit":false,"messageTitle":"Restructured method to search for transactions based on id or description Added divider to some print statements for clarity to the user","messageBody":"","fileTypesAndContributionMap":{"functional-code":{"insertions":27,"deletions":10}}},{"hash":"c7957cce42d52a2d0c0963be5b8ff295f9a83f88","isMergeCommit":false,"messageTitle":"Integrated ability to set a transaction to recur Reformatted output to consider recurring transactions","messageBody":"","fileTypesAndContributionMap":{"functional-code":{"insertions":45,"deletions":6}}}]}],"gu0y1":[{"date":"2025-02-21","commitResults":[{"hash":"020c76e6b52b7d6db75b3d942bcf11c9fe97c5b5","isMergeCommit":false,"messageTitle":"Enable GitHub Pages","messageBody":"Just enabled~","fileTypesAndContributionMap":{"docs":{"insertions":2,"deletions":65}}}]}],"AnotherSACE":[{"date":"2025-03-20","commitResults":[{"hash":"f68b9a18fab4896a09d75ecf7860c26ad7778119","isMergeCommit":false,"messageTitle":"Creates Financial Goals","messageBody":"","fileTypesAndContributionMap":{"functional-code":{"insertions":129,"deletions":0},"docs":{"insertions":6,"deletions":5}}},{"hash":"0ac92209070e1bf9db5208f0db17656714a1d172","isMergeCommit":true,"messageTitle":"Merge branch \u0027Financial-goals\u0027","messageBody":"","fileTypesAndContributionMap":{}}]}],"HalFentise":[{"date":"2025-03-07","commitResults":[{"hash":"57597f6fed458e20af414f981076b3afd15a17a2","isMergeCommit":false,"messageTitle":"update about us.md","messageBody":"","fileTypesAndContributionMap":{"docs":{"insertions":3,"deletions":7}}},{"hash":"09bec8017d0434ece9304b36b16349d927594dc8","isMergeCommit":true,"messageTitle":"Merge pull request #2 from HalFentise/Zixi-AboutUs","messageBody":"zixi update AboutUs.md","fileTypesAndContributionMap":{}},{"hash":"1e503d542d40156c2e45095c81e505982a1573d4","isMergeCommit":true,"messageTitle":"Merge pull request #3 from Lukapeng77/Ziyi-AboutUs","messageBody":"Ziyi about us","fileTypesAndContributionMap":{}},{"hash":"0738457b582d5b92ce93b52ce3bc9ab570d31639","isMergeCommit":false,"messageTitle":"implement transaction data structure","messageBody":"","fileTypesAndContributionMap":{"functional-code":{"insertions":140,"deletions":0}}}]},{"date":"2025-03-08","commitResults":[{"hash":"077120fe8a09e40709ec2846a1804ebe711597b3","isMergeCommit":false,"messageTitle":"add exceptions and transaction manager","messageBody":"","fileTypesAndContributionMap":{"functional-code":{"insertions":74,"deletions":0}}},{"hash":"058190c7ba65b542d95d018520ba77b35504a7b2","isMergeCommit":false,"messageTitle":"fix deployed bug","messageBody":"","fileTypesAndContributionMap":{"functional-code":{"insertions":1,"deletions":0}}},{"hash":"e4827638977540e9684be3068d51d032dae3d6af","isMergeCommit":false,"messageTitle":"try fix pr bugs","messageBody":"","fileTypesAndContributionMap":{"other":{"insertions":13,"deletions":3}}},{"hash":"1c5eddb072ee46c50c7eb831df7f1f4dce7b1983","isMergeCommit":false,"messageTitle":"try fix PR check bug","messageBody":"","fileTypesAndContributionMap":{"functional-code":{"insertions":7,"deletions":6},"other":{"insertions":1,"deletions":1}}}]},{"date":"2025-03-20","commitResults":[{"hash":"40dd992b595b3731e4ee2ced14accaa9bf0409df","isMergeCommit":false,"messageTitle":"add two user stories","messageBody":"","fileTypesAndContributionMap":{"functional-code":{"insertions":155,"deletions":15}}},{"hash":"64d1e1a6ab5edc7c2957e47e51554f904487350b","isMergeCommit":true,"messageTitle":"Merge pull request #25 from AnotherSACE/master","messageBody":"Financial goals","fileTypesAndContributionMap":{}},{"hash":"a91f83827a93fc5a13f177dc2b85aa521eb7f463","isMergeCommit":true,"messageTitle":"Merge branch \u0027master\u0027 into Ziyi-tp-part","messageBody":"","fileTypesAndContributionMap":{}},{"hash":"60514bab46229fffe9a2bdcadea0ca5b5d172eac","isMergeCommit":true,"messageTitle":"Merge pull request #27 from Lukapeng77/Ziyi-tp-part","messageBody":"Implemented the Set Budget and Notify functionalities","fileTypesAndContributionMap":{}},{"hash":"a87fe033ebbd00eea1e267241d0d67c0c8427eb4","isMergeCommit":true,"messageTitle":"Merge pull request #28 from yangyi-zhu/recurring-transactions","messageBody":"Added base support for recurring transactions","fileTypesAndContributionMap":{}},{"hash":"a29a20cdd31d0716409cf8d675dd9240778d1b53","isMergeCommit":false,"messageTitle":"integration 1.0","messageBody":"","fileTypesAndContributionMap":{"functional-code":{"insertions":34,"deletions":48},"other":{"insertions":5,"deletions":30}}},{"hash":"e0dac1ca43cd3b4b66770fa3b345dfd50cb885ef","isMergeCommit":true,"messageTitle":"Merge pull request #29 from Lukapeng77/Ziyi-tp-part","messageBody":"Delete redudant parts of Parser","fileTypesAndContributionMap":{}},{"hash":"0b1a475fa3b9f1191da97f6203796b83c13e324f","isMergeCommit":false,"messageTitle":"fix conflict","messageBody":"","fileTypesAndContributionMap":{"functional-code":{"insertions":2,"deletions":2},"other":{"insertions":2,"deletions":2}}},{"hash":"5437c40fd698fae1e6e04c0271b157e21fdf05d3","isMergeCommit":true,"messageTitle":"Merge pull request #30 from HalFentise/fix_bug","messageBody":"Integration 1.0, add parser, implement main function","fileTypesAndContributionMap":{}},{"hash":"3a8016371911cc3fcc3d165bb44757841c585968","isMergeCommit":false,"messageTitle":"add function implement","messageBody":"","fileTypesAndContributionMap":{"functional-code":{"insertions":62,"deletions":24},"other":{"insertions":3,"deletions":3}}},{"hash":"5453f248ca367af3c4fd11480501ded79f98f8be","isMergeCommit":false,"messageTitle":"parser implement","messageBody":"","fileTypesAndContributionMap":{"functional-code":{"insertions":19,"deletions":2}}},{"hash":"4a5852f18b878308ca9bf644462b3cee1ad05ec3","isMergeCommit":false,"messageTitle":"add parser of list and search","messageBody":"","fileTypesAndContributionMap":{"functional-code":{"insertions":46,"deletions":4}}},{"hash":"bcb5fe9711f2a51b6cde22c94d89955ec66c2439","isMergeCommit":true,"messageTitle":"Merge branch \u0027master\u0027 into parser_implement","messageBody":"","fileTypesAndContributionMap":{}},{"hash":"41caa8249d63e1f006f252b01adf20d200f727be","isMergeCommit":true,"messageTitle":"Merge pull request #32 from HalFentise/parser_implement","messageBody":"Parser implement","fileTypesAndContributionMap":{}}]},{"date":"2025-03-21","commitResults":[{"hash":"19d2dd860932ed37eee1ebb52ec43c92b8a24394","isMergeCommit":false,"messageTitle":"fix bug for user interface","messageBody":"","fileTypesAndContributionMap":{"functional-code":{"insertions":56,"deletions":54}}},{"hash":"a328f9cc0babe96432afa7823f06b207501bf63d","isMergeCommit":false,"messageTitle":"fix exception bug and add exit function","messageBody":"","fileTypesAndContributionMap":{"functional-code":{"insertions":12,"deletions":2}}},{"hash":"1648f382f5db3ec6ac25d785726006fdb31c24a9","isMergeCommit":false,"messageTitle":"fix cl check","messageBody":"","fileTypesAndContributionMap":{"functional-code":{"insertions":13,"deletions":9}}},{"hash":"cd3eb0804d54f2f5bb54c67390238d1914598db1","isMergeCommit":true,"messageTitle":"Merge pull request #34 from HalFentise/exit","messageBody":"fix exception bug and add exit function","fileTypesAndContributionMap":{}},{"hash":"134386444739beb0f2ce8de46405ddc3732d0f95","isMergeCommit":true,"messageTitle":"Merge pull request #35 from Lukapeng77/tp-v1.0","messageBody":"Modified for Command","fileTypesAndContributionMap":{}}]}]},"authorFileTypeContributionMap":{"Lukapeng77":{"docs":1,"functional-code":466,"test-code":0},"yangyi-zhu":{"docs":1,"functional-code":87,"test-code":0},"gu0y1":{"docs":2,"functional-code":0,"test-code":0},"AnotherSACE":{"docs":2,"functional-code":129,"test-code":0},"HalFentise":{"docs":1,"functional-code":515,"test-code":0}},"authorContributionVariance":{"Lukapeng77":11667.631,"yangyi-zhu":303.86685,"gu0y1":149.45558,"AnotherSACE":652.55646,"HalFentise":8252.157},"authorDisplayNameMap":{"Lukapeng77":"CS2113-F14-1 PENG..ZIYI","yangyi-zhu":"CS2113-F14-1 ZHU ..NGYI","gu0y1":"CS2113-F14-1 CHEN..UOYI","AnotherSACE":"CS2113-F14-1 AKRA..HMED","HalFentise":"CS2113-F14-1 PANG..ZIXI"}}
