{"authorDailyContributionsMap":{"Roycecodes":[{"date":"2025-03-06","commitResults":[{"hash":"1a48685ec50e7b9c0e435c6e406da263f93a6491","isMergeCommit":false,"messageTitle":"About us","messageBody":"","fileTypesAndContributionMap":{"functional-code":{"insertions":444,"deletions":93},"docs":{"insertions":4,"deletions":7}}},{"hash":"3695d8752364556f5efdb73a137e0ab410624cf3","isMergeCommit":true,"messageTitle":"Merge pull request #9 from Roycecodes/Royce-AboutUs","messageBody":"About us","fileTypesAndContributionMap":{}},{"hash":"7689dc6cc2b9b42c07830abbe0299042800f5e23","isMergeCommit":false,"messageTitle":"Add basic parser, Dish collection, Dish object and Command Packages","messageBody":"Previously parsing and command execution was done within same class\nSeparated for readbility\n\nAdded Dish object and Dish collection that allows user to add dish,\ndelete dish and display list of dish collection.\n\nAddtionally added barebones UI for testing\nthat will be changed in the future\n","fileTypesAndContributionMap":{"functional-code":{"insertions":105,"deletions":219},"other":{"insertions":27,"deletions":11}}}]}],"whalesyong":[{"date":"2025-03-06","commitResults":[{"hash":"75cb9411b41494feaf5f3a086d53242525120fc1","isMergeCommit":false,"messageTitle":"Update docs/AboutUs.md with wei yong\u0027s portfolio","messageBody":"","fileTypesAndContributionMap":{"docs":{"insertions":3,"deletions":7}}},{"hash":"b1949814e56dba849596a8ad038126902215eba1","isMergeCommit":true,"messageTitle":"Merge branch \u0027master\u0027 into weiyong-AboutUs","messageBody":"","fileTypesAndContributionMap":{}},{"hash":"42db64d1c5d96b764b3ff3ff6ec3be58fd99b2c3","isMergeCommit":true,"messageTitle":"Merge pull request #10 from whalesyong/weiyong-AboutUs","messageBody":"Update docs/AboutUs.md with wei yong\u0027s portfolio","fileTypesAndContributionMap":{}}]},{"date":"2025-03-12","commitResults":[{"hash":"6e85b579cf5c1ab8979df0d9b8d21bd51c8c4fd1","isMergeCommit":false,"messageTitle":"Add write to json for dish","messageBody":"","fileTypesAndContributionMap":{"functional-code":{"insertions":58,"deletions":6},"other":{"insertions":2,"deletions":0}}},{"hash":"05b8adcebf971fb5aaadaa390dd38d37682cd59f","isMergeCommit":true,"messageTitle":"Merge branch \u0027AY2425S2-CS2113-T11b-1:master\u0027 into master","messageBody":"","fileTypesAndContributionMap":{}},{"hash":"5110c678a6acd2abca3c81d174f860ee50cd86ec","isMergeCommit":false,"messageTitle":"add read from json","messageBody":"","fileTypesAndContributionMap":{"functional-code":{"insertions":66,"deletions":20}}},{"hash":"495698336fd3fe51760e4705ffa5ced6ef44db3e","isMergeCommit":true,"messageTitle":"Pushed while merging from upstream","messageBody":"Merge branch \u0027master\u0027 of https://github.com/whalesyong/tp\n","fileTypesAndContributionMap":{}},{"hash":"25edfa3c7708c88c081e18a7147d767efa54a1a3","isMergeCommit":false,"messageTitle":"Add read/write for recipe, ingredients. Refector UI code and display helpful messages. Ensure null safety","messageBody":"","fileTypesAndContributionMap":{"functional-code":{"insertions":217,"deletions":145}}},{"hash":"0149ff8af983986b91dd5f954528385c962ba232","isMergeCommit":true,"messageTitle":"Merge pull request #17 from whalesyong/master","messageBody":"Add Storage, UI elements, refactor code base","fileTypesAndContributionMap":{}}]}],"Roma637":[{"date":"2025-03-06","commitResults":[{"hash":"a601ec38bd6d5d58aeb573fb838de442624b91e0","isMergeCommit":false,"messageTitle":"update AboutUs.md","messageBody":"","fileTypesAndContributionMap":{"docs":{"insertions":1,"deletions":5}}},{"hash":"993719a44bcdb89b9ac9bf74abd52e93dac37156","isMergeCommit":true,"messageTitle":"Merge branch \u0027master\u0027 into Roma-AboutUs","messageBody":"","fileTypesAndContributionMap":{}},{"hash":"51ca811052db2cd9a8e332b22cfa14e35943ce7c","isMergeCommit":true,"messageTitle":"Merge pull request #8 from Roma637/Roma-AboutUs","messageBody":"update AboutUs.md","fileTypesAndContributionMap":{}}]},{"date":"2025-03-08","commitResults":[{"hash":"29399e4ef422ced29320056c2e18c8a989d36307","isMergeCommit":false,"messageTitle":"added recipe and recipeBank objects","messageBody":"","fileTypesAndContributionMap":{"functional-code":{"insertions":223,"deletions":13}}},{"hash":"79cc54fdbcad6c7fd115e7136eee4c4f18a8cb0d","isMergeCommit":false,"messageTitle":"update Help commant","messageBody":"","fileTypesAndContributionMap":{"functional-code":{"insertions":14,"deletions":0}}},{"hash":"bdb3bd6d47487e3f085007c9527ccdf018a2b7ed","isMergeCommit":true,"messageTitle":"git pull merge","messageBody":"","fileTypesAndContributionMap":{}}]},{"date":"2025-03-12","commitResults":[{"hash":"8d77a72bc9c9b26d6e71a4192331202063f67327","isMergeCommit":true,"messageTitle":"Merge pull request #16 from Roma637/master","messageBody":"Recipe and RecipeBank objects, Help command","fileTypesAndContributionMap":{}}]}],"jxromy":[{"date":"2025-02-26","commitResults":[{"hash":"f34fc01af937856754f50d31bec7fb7d35f040c9","isMergeCommit":false,"messageTitle":"Implemented hashmap for food items Simple testing of getter setter methods in main class Minor refactoring of gradle build file Temporarily commented out code in JUnit test class","messageBody":"","fileTypesAndContributionMap":{"functional-code":{"insertions":87,"deletions":21},"other":{"insertions":2,"deletions":2},"test-code":{"insertions":12,"deletions":12}}},{"hash":"6b1e0cb87c1a91dec8f7c2574c6b1a1a0af41b80","isMergeCommit":false,"messageTitle":"Added parser for user input commands Imported Food class methods into main class","messageBody":"","fileTypesAndContributionMap":{"functional-code":{"insertions":59,"deletions":7}}},{"hash":"f4d279971e1110b7461d7ba400f285def0386b92","isMergeCommit":true,"messageTitle":"Merge pull request #6 from jxromy/master","messageBody":"Resolved #5","fileTypesAndContributionMap":{}}]},{"date":"2025-03-06","commitResults":[{"hash":"e9894c53931f47c4efb3c548a1af14dbe6567f07","isMergeCommit":false,"messageTitle":"Updated AboutUs.md","messageBody":"","fileTypesAndContributionMap":{"docs":{"insertions":6,"deletions":5}}},{"hash":"f3add679de2352b4d341d559e56f3e6128efa9ab","isMergeCommit":true,"messageTitle":"Merge pull request #12 from jxromy/master","messageBody":"Updated AboutUs.md","fileTypesAndContributionMap":{}}]},{"date":"2025-03-15","commitResults":[{"hash":"5c2ff4ea5592711004394d4e77205a88e9838dca","isMergeCommit":false,"messageTitle":"Implemented generic delete command","messageBody":"","fileTypesAndContributionMap":{"functional-code":{"insertions":228,"deletions":34}}},{"hash":"32f73b73a786d6ba4fdc0efaa3daa12cbc6b1adb","isMergeCommit":true,"messageTitle":"Implemented generic delete command","messageBody":"","fileTypesAndContributionMap":{}},{"hash":"0b3f6fee3c8d3bf890e72dd9389e69b8a6b564dc","isMergeCommit":true,"messageTitle":"Merge pull request #21 from jxromy/master","messageBody":"Resolved #20","fileTypesAndContributionMap":{}}]}],"nictzl":[{"date":"2025-03-06","commitResults":[{"hash":"331f1dfbac35dc1f123438b1d8ca79e3787028ff","isMergeCommit":false,"messageTitle":"Updated About us","messageBody":"","fileTypesAndContributionMap":{"docs":{"insertions":0,"deletions":8}}},{"hash":"3e23da0a7548ebde3604762a27795cb31a0129e7","isMergeCommit":true,"messageTitle":"Merge branch \u0027master\u0027 into Nicholas-AboutUs","messageBody":"","fileTypesAndContributionMap":{}},{"hash":"0c7c08f60261fd83afc13437a49e87ae64c22ddc","isMergeCommit":true,"messageTitle":"Merge pull request #11 from nictzl/Nicholas-AboutUs","messageBody":"Updated About us","fileTypesAndContributionMap":{}}]},{"date":"2025-03-07","commitResults":[{"hash":"7116645ba802d789f639d5b70be6ac05ff28073d","isMergeCommit":true,"messageTitle":"Merge pull request #14 from Roycecodes/DishMethods","messageBody":"Add basic parser, Dish collection, Dish object and Command Packages","fileTypesAndContributionMap":{}}]},{"date":"2025-03-08","commitResults":[{"hash":"fdeeb60a0bbc0f902e81bf669cb1a8f087d7530d","isMergeCommit":false,"messageTitle":"Created Ingredient class, expiry date class, ingredient storage class, added in commands for parsing addingredients","messageBody":"","fileTypesAndContributionMap":{"functional-code":{"insertions":165,"deletions":0}}},{"hash":"d3e5073f3d66c702fa03bbd6c5b44e4ac27cc91d","isMergeCommit":true,"messageTitle":"Merge pull request #15 from nictzl/Ingredients","messageBody":"Created Ingredient class, expiry date class, ingredient storage class…","fileTypesAndContributionMap":{}}]},{"date":"2025-03-12","commitResults":[{"hash":"67d35aab0ff527c3110cf0a8647e328d67d05209","isMergeCommit":false,"messageTitle":"Added display ingredient, adjusted ingredient list code","messageBody":"","fileTypesAndContributionMap":{"functional-code":{"insertions":58,"deletions":30}}},{"hash":"16fdfac848aee0b6d05a1b4d07cb578b26e1923a","isMergeCommit":true,"messageTitle":"Merge branch \u0027master\u0027 into Ingredients-v2","messageBody":"","fileTypesAndContributionMap":{}},{"hash":"ceb8cc7b3bf7eb4194a3de54331fc698a3aad91b","isMergeCommit":true,"messageTitle":"Merge pull request #18 from nictzl/Ingredients-v2","messageBody":"Added display ingredient, adjusted ingredient list code","fileTypesAndContributionMap":{}},{"hash":"fdab965f8fdeebe9c94b0a028504d0828551891b","isMergeCommit":false,"messageTitle":"Integrated updated Ingredient code into code base. Now add and display ingredients are available","messageBody":"","fileTypesAndContributionMap":{"functional-code":{"insertions":11,"deletions":13}}},{"hash":"738e4b10e780235b52cd99ba762a9c872b807677","isMergeCommit":true,"messageTitle":"Merge pull request #19 from nictzl/master","messageBody":"Integrated updated Ingredient code into code base. Now add and displa…","fileTypesAndContributionMap":{}}]}]},"authorFileTypeContributionMap":{"Roycecodes":{"docs":1,"functional-code":281,"test-code":0},"whalesyong":{"docs":1,"functional-code":280,"test-code":0,"other":2},"Roma637":{"docs":1,"functional-code":161,"test-code":0},"jxromy":{"docs":2,"functional-code":270,"test-code":12,"other":2},"nictzl":{"docs":1,"functional-code":146,"test-code":0}},"authorContributionVariance":{"Roycecodes":34438.957,"whalesyong":10972.084,"Roma637":2595.07,"jxromy":4337.3564,"nictzl":1578.3251},"authorDisplayNameMap":{"Roycecodes":"CS2113-T11b-1 ROYC..RONG","whalesyong":"CS2113-T11b-1 TAN ..YONG","Roma637":"CS2113-T11b-1 ROMA..OSHI","jxromy":"CS2113-T11b-1 TAN ..ROMY","nictzl":"CS2113-T11b-1 NICH..ONG)"}}
