{"authorDailyContributionsMap":{"manavm12":[{"date":"2025-03-06","commitResults":[{"hash":"92d8f2eeff04146ff06bbc245a25c4ec8e031d1f","isMergeCommit":false,"messageTitle":"Add Name to About Us","messageBody":"","fileTypesAndContributionMap":{"docs":{"insertions":3,"deletions":7}}},{"hash":"be7748b559ebcb3bca18a3225afa04d7702eeefc","isMergeCommit":true,"messageTitle":"Merge pull request #1 from ae-24/ZheHui-AboutUs","messageBody":"Update about us details","fileTypesAndContributionMap":{}},{"hash":"a302da46dabfd743ae004f5f3f7b3a87c0b98c1d","isMergeCommit":true,"messageTitle":"Merge branch \u0027master\u0027 into Manav-AboutUs","messageBody":"","fileTypesAndContributionMap":{}},{"hash":"ce3eaaa6ab1f2f7a9e7e70dd57d73640f1c6236e","isMergeCommit":true,"messageTitle":"Merge pull request #2 from manavm12/Manav-AboutUs","messageBody":"Add Name to About Us","fileTypesAndContributionMap":{}}]},{"date":"2025-03-18","commitResults":[{"hash":"592cf559492a8cec47f1919f63229c0a9bb12121","isMergeCommit":false,"messageTitle":"Add view expenses functionality","messageBody":"","fileTypesAndContributionMap":{"functional-code":{"insertions":29,"deletions":3}}},{"hash":"8c6927a142f96346225131a9de5aaf3ed4ee5488","isMergeCommit":true,"messageTitle":"Merge pull request #17 from manavm12/View-Expenses-Branch","messageBody":"Add view expenses functionality","fileTypesAndContributionMap":{}},{"hash":"5201599d44f69f8984dea84ef62ad20fc8f3f833","isMergeCommit":false,"messageTitle":"Add delete expense functionality","messageBody":"","fileTypesAndContributionMap":{"functional-code":{"insertions":27,"deletions":1}}},{"hash":"02ac1ae70571b6ebe36863c20a2fb40e9d2ea075","isMergeCommit":true,"messageTitle":"Merge pull request #18 from manavm12/Delete-Expenses-Branch","messageBody":"Add delete expense functionality","fileTypesAndContributionMap":{}}]},{"date":"2025-03-19","commitResults":[{"hash":"313fbe05045a3d46630f69a3efcddb2259d1187a","isMergeCommit":false,"messageTitle":"Create Parser Class and fix set-budget","messageBody":"","fileTypesAndContributionMap":{"functional-code":{"insertions":90,"deletions":45}}},{"hash":"121c5c97d0ab2c37a0ff7aee12dab059f006a736","isMergeCommit":false,"messageTitle":"Add parse alert command function","messageBody":"","fileTypesAndContributionMap":{"functional-code":{"insertions":9,"deletions":6}}},{"hash":"e324c37ccb4f4a0d3f3e5598bb8f00b5035b4668","isMergeCommit":false,"messageTitle":"Fix set-budget J-Tests and add parser function to process delete commands","messageBody":"","fileTypesAndContributionMap":{"functional-code":{"insertions":9,"deletions":5},"test-code":{"insertions":7,"deletions":24}}},{"hash":"8fb038a14d5207d464e807647b744261d71bb087","isMergeCommit":false,"messageTitle":"Fix Errors in TUI Tests","messageBody":"","fileTypesAndContributionMap":{"functional-code":{"insertions":4,"deletions":7},"other":{"insertions":0,"deletions":1},"test-code":{"insertions":0,"deletions":1}}},{"hash":"5cab17a1a005d7ce0d8a2d193566152d51651b1d","isMergeCommit":true,"messageTitle":"Merge pull request #25 from manavm12/Parser-Class-Branch","messageBody":"Parser class branch","fileTypesAndContributionMap":{}},{"hash":"2512a84c830d2f1e26e7685e31bad171e2bae2f7","isMergeCommit":false,"messageTitle":"Fix add expense to budget function.","messageBody":"","fileTypesAndContributionMap":{"functional-code":{"insertions":12,"deletions":8}}},{"hash":"3c64a1a7b2e6428fca92d6c98d3d446e0ee450a1","isMergeCommit":false,"messageTitle":"Fix list expenses function","messageBody":"","fileTypesAndContributionMap":{"functional-code":{"insertions":4,"deletions":8}}},{"hash":"c3a1c0854455e24f2279d63162efacf4a8aa5e18","isMergeCommit":false,"messageTitle":"Fix get-total-expenses function","messageBody":"","fileTypesAndContributionMap":{"functional-code":{"insertions":3,"deletions":2}}},{"hash":"9f180c4e0355a30c5c62d8ce06f58e1ba0a7a0a5","isMergeCommit":false,"messageTitle":"Add Delete Expense JUNIT Tests","messageBody":"","fileTypesAndContributionMap":{"test-code":{"insertions":29,"deletions":1}}},{"hash":"d3bb302f5bc62cfd2830e57d2077f4d63b56e43b","isMergeCommit":false,"messageTitle":"Add Add-Expense JUNIT Tests","messageBody":"","fileTypesAndContributionMap":{"test-code":{"insertions":35,"deletions":4}}},{"hash":"0116dce7c35d4d7a0cd42585726c95d07da4bfb3","isMergeCommit":false,"messageTitle":"Add missing Javadoc comments","messageBody":"","fileTypesAndContributionMap":{"functional-code":{"insertions":48,"deletions":7}}},{"hash":"b942f442ce6c6d53f7eb9ea07cd72299957b3c2c","isMergeCommit":false,"messageTitle":"Add Assert statements","messageBody":"","fileTypesAndContributionMap":{"functional-code":{"insertions":6,"deletions":0}}},{"hash":"84fb9c2397e01ae11498db5696cccc79bc343904","isMergeCommit":false,"messageTitle":"Add check-budget functionality","messageBody":"","fileTypesAndContributionMap":{"functional-code":{"insertions":69,"deletions":1}}},{"hash":"06228867c844cae37c7db77839df9b63209acdb6","isMergeCommit":false,"messageTitle":"Update JavaDoc Comments","messageBody":"","fileTypesAndContributionMap":{"functional-code":{"insertions":1,"deletions":1}}},{"hash":"9ffb0263ddaca98eb97ac1b5cec66b00d258ac8e","isMergeCommit":false,"messageTitle":"Fix CheckStyle issues","messageBody":"","fileTypesAndContributionMap":{"functional-code":{"insertions":7,"deletions":7}}},{"hash":"ac2f9f19b7e8a4b739ebb4cd6262548f23dd6007","isMergeCommit":false,"messageTitle":"Fix TUI Test Issues","messageBody":"","fileTypesAndContributionMap":{"test-code":{"insertions":40,"deletions":9}}},{"hash":"dcc0fb66cc52b3f165497e888fd9b0c42efa13fe","isMergeCommit":true,"messageTitle":"Merge pull request #26 from manavm12/Fix-V1.0-Bugs-Branch","messageBody":"Fix v1.0 bugs branch","tags":["v1.0"],"fileTypesAndContributionMap":{}}]},{"date":"2025-03-27","commitResults":[{"hash":"9f163ca855c168ca1f24676478addff1a3f038a3","isMergeCommit":false,"messageTitle":"Add findExpense function in BudgetManager","messageBody":"","fileTypesAndContributionMap":{"functional-code":{"insertions":33,"deletions":0}}},{"hash":"af16baaeaade2fd52401f842a8e87128fc3c8bc6","isMergeCommit":false,"messageTitle":"Add findExpenseCommand to Parser Class","messageBody":"","fileTypesAndContributionMap":{"functional-code":{"insertions":8,"deletions":0}}},{"hash":"bd2c66bd7dcdf74e97c94441319944ec97605bed","isMergeCommit":false,"messageTitle":"Create Find Expense Command Class","messageBody":"","fileTypesAndContributionMap":{"functional-code":{"insertions":44,"deletions":0}}},{"hash":"42d0250693401793a2f2705ad8b87ac4a6f31923","isMergeCommit":false,"messageTitle":"Add Find Keyword to Input Parser","messageBody":"","fileTypesAndContributionMap":{"functional-code":{"insertions":2,"deletions":0}}},{"hash":"8172b11d4e1dd93ba1c7ea3020019750e08a89aa","isMergeCommit":true,"messageTitle":"Merge pull request #43 from manavm12/Find-Expense-Branch","messageBody":"Find expense branch","fileTypesAndContributionMap":{}},{"hash":"6cda2fa78560ac67709dbadad1356638ccc3a856","isMergeCommit":false,"messageTitle":"Fix set-budget function","messageBody":"","fileTypesAndContributionMap":{"functional-code":{"insertions":8,"deletions":5}}},{"hash":"03fc672953426d3a9336e3a3fc401d7b34af1c32","isMergeCommit":false,"messageTitle":"Fix Delete Expense Function","messageBody":"","fileTypesAndContributionMap":{"functional-code":{"insertions":35,"deletions":7}}},{"hash":"396809148b1026931965a13bcd194435c6fa5ede","isMergeCommit":true,"messageTitle":"Merge pull request #44 from manavm12/Fix-Delete-SetBudget-Branch","messageBody":"Fix delete set budget branch","fileTypesAndContributionMap":{}}]}],"juneja999":[{"date":"2025-03-06","commitResults":[{"hash":"5bf5f5427def22935bbe46e389bf4467368cc9e3","isMergeCommit":false,"messageTitle":"Change the AboutUS Doc","messageBody":"","fileTypesAndContributionMap":{"docs":{"insertions":1,"deletions":5}}},{"hash":"549392a9295aa8c6016269c027067b16e6f1202c","isMergeCommit":true,"messageTitle":"Merge branch \u0027master\u0027 into JunejaAkshat-AboutUS","messageBody":"","fileTypesAndContributionMap":{}},{"hash":"0aace7e64b8454a57212376c3d3435f4e0020d91","isMergeCommit":true,"messageTitle":"Merge pull request #3 from juneja999/JunejaAkshat-AboutUS","messageBody":"Change the AboutUS Doc to include Akshat\u0027s profile","fileTypesAndContributionMap":{}}]},{"date":"2025-03-18","commitResults":[{"hash":"80ad0593218ed85c8c447720fdd30b8e51e6a996","isMergeCommit":false,"messageTitle":"Create BudgetSummary class","messageBody":"","fileTypesAndContributionMap":{"functional-code":{"insertions":33,"deletions":2}}},{"hash":"e75ddd9031976c8776c022c68dc2d6d1b2c70371","isMergeCommit":false,"messageTitle":"Update BudgetSummary class","messageBody":"","fileTypesAndContributionMap":{"functional-code":{"insertions":11,"deletions":3}}},{"hash":"3cf773749f2cfa08b07ab64f12087e20b0489a08","isMergeCommit":true,"messageTitle":"Merge branch \u0027branch-SpendingSummary\u0027","messageBody":"","fileTypesAndContributionMap":{}},{"hash":"1d5304b33705ec048863c7810141bacb9b8e4ac8","isMergeCommit":false,"messageTitle":"Refactor BudgetSummary class","messageBody":"","fileTypesAndContributionMap":{"functional-code":{"insertions":18,"deletions":16}}},{"hash":"f509c686995932a08afeb60c99fb027efed5559e","isMergeCommit":true,"messageTitle":"Merge pull request #16 from juneja999/master","messageBody":"Budget summarising capabilities","fileTypesAndContributionMap":{}}]},{"date":"2025-03-19","commitResults":[{"hash":"f9c15d57824e9c4e906a5798da519fcf67872901","isMergeCommit":false,"messageTitle":"Create test for BudgetSummary","messageBody":"","fileTypesAndContributionMap":{"test-code":{"insertions":57,"deletions":0}}},{"hash":"898597a56600013418582cd2352aefa012d478a2","isMergeCommit":true,"messageTitle":"Merge branch \u0027branch-SpendingSummaryTest\u0027","messageBody":"","fileTypesAndContributionMap":{}},{"hash":"e409e67155db805b9abce1784472675cb5b6b9a0","isMergeCommit":true,"messageTitle":"Merge pull request #24 from juneja999/master","messageBody":"Test for BudgetSummary","fileTypesAndContributionMap":{}}]}],"TayGuangSheng":[{"date":"2025-03-06","commitResults":[{"hash":"d09cb082e7f7ab6eb366d604a137af6e01f9d1f0","isMergeCommit":false,"messageTitle":"Update AboutUs - TayGuangSheng","messageBody":"","fileTypesAndContributionMap":{"docs":{"insertions":3,"deletions":7}}},{"hash":"51da2f4935709094dca916b6f19ca7dab382e44e","isMergeCommit":true,"messageTitle":"Merge branch \u0027master\u0027 into TayGuangSheng-AboutUs","messageBody":"","fileTypesAndContributionMap":{}},{"hash":"c05d8951a48c531b7ae9b20b021ff0fed08460b4","isMergeCommit":true,"messageTitle":"Merge pull request #4 from TayGuangSheng/TayGuangSheng-AboutUs","messageBody":"Update AboutUs - TayGuangSheng","fileTypesAndContributionMap":{}}]},{"date":"2025-03-14","commitResults":[{"hash":"1397929051dcc4f932f1f2f92d707770a45f8bef","isMergeCommit":false,"messageTitle":"Implement set-budget features","messageBody":"","fileTypesAndContributionMap":{"functional-code":{"insertions":68,"deletions":12},"test-code":{"insertions":58,"deletions":0}}},{"hash":"b0a4d06aa67ffe08661376bcb87a59b933ddbd16","isMergeCommit":true,"messageTitle":"Merge pull request #15 from TayGuangSheng/TayGuangSheng-AddBudgetTask","messageBody":"Implement set budget features","fileTypesAndContributionMap":{}}]},{"date":"2025-03-20","commitResults":[{"hash":"751f44f76c28d3114d3ce011f70f2db2ebed069a","isMergeCommit":false,"messageTitle":"Add assertions to BudgetManager","messageBody":"","fileTypesAndContributionMap":{"functional-code":{"insertions":5,"deletions":1}}},{"hash":"5a632a49cc8c6026a9fe738d7ee2e77d45c5a7b3","isMergeCommit":false,"messageTitle":"Add assertions to Alert","messageBody":"","fileTypesAndContributionMap":{"functional-code":{"insertions":1,"deletions":0}}},{"hash":"8442bd3d4a91297a9b44013daa3076cf0c4ed204","isMergeCommit":false,"messageTitle":"Add logging to BudgetManager","messageBody":"","fileTypesAndContributionMap":{"functional-code":{"insertions":11,"deletions":0}}},{"hash":"c43534488cf543677afde4b9d7c2ee8678556f29","isMergeCommit":false,"messageTitle":"Remove unused import from BudgetManager","messageBody":"","fileTypesAndContributionMap":{"functional-code":{"insertions":0,"deletions":1}}},{"hash":"f03f591b04b1f5ca8a5298f267249305e34fab5c","isMergeCommit":true,"messageTitle":"Merge pull request #27 from TayGuangSheng/TayGuangSheng-AddAssertion","messageBody":"Add assertions and logging to BudgetManager ","fileTypesAndContributionMap":{}}]},{"date":"2025-03-26","commitResults":[{"hash":"a860dfc4b86393733d59349976b422960d0c845c","isMergeCommit":false,"messageTitle":"Rename package name","messageBody":"","fileTypesAndContributionMap":{"functional-code":{"insertions":28,"deletions":0},"other":{"insertions":154,"deletions":154}}},{"hash":"fab893059d16e4ec621c77e5783bd21748651dcf","isMergeCommit":true,"messageTitle":"Merge pull request #39 from TayGuangSheng/TayGuangSheng-AddUIClass","messageBody":"Rename package name","fileTypesAndContributionMap":{}}]},{"date":"2025-03-27","commitResults":[{"hash":"2a1a3a5ebb3544bf85eba1b7bd8aea1de183f78d","isMergeCommit":false,"messageTitle":"Create model, parser, storage package","messageBody":"","fileTypesAndContributionMap":{"functional-code":{"insertions":23,"deletions":19},"other":{"insertions":18,"deletions":11},"test-code":{"insertions":16,"deletions":10}}},{"hash":"6bae51b3b6cda5d77fbd9a4efec582773eb61dd0","isMergeCommit":false,"messageTitle":"Fix checkstyle warnings","messageBody":"","fileTypesAndContributionMap":{"functional-code":{"insertions":4,"deletions":2}}},{"hash":"268ab21f0e6865d2cd52028ee26d59a85f171505","isMergeCommit":false,"messageTitle":"Add help command and ui output","messageBody":"","fileTypesAndContributionMap":{"functional-code":{"insertions":250,"deletions":50}}},{"hash":"42f60d9a86ea9702c2f7cea940135baa67cf3560","isMergeCommit":false,"messageTitle":"Update EXPECTED.TXT with new welcome message","messageBody":"","fileTypesAndContributionMap":{"functional-code":{"insertions":1,"deletions":1},"other":{"insertions":0,"deletions":1}}},{"hash":"1b19ea619147d278342d334cc39a7ad8aa436a87","isMergeCommit":true,"messageTitle":"Resolve merge conflicts","messageBody":"","fileTypesAndContributionMap":{}},{"hash":"5ecf0ffbb8f86506f54ef46363a3b28232f4d262","isMergeCommit":false,"messageTitle":"Fix import statements","messageBody":"","fileTypesAndContributionMap":{"functional-code":{"insertions":4,"deletions":35},"test-code":{"insertions":3,"deletions":3}}},{"hash":"82157c4e5828864c883962f5569f113b24546bff","isMergeCommit":false,"messageTitle":"Fix import statements for AlertCommandTest","messageBody":"","fileTypesAndContributionMap":{"test-code":{"insertions":2,"deletions":2}}},{"hash":"00e4d33d3a5eb5a81202225306488e4dbfe220d3","isMergeCommit":false,"messageTitle":"Change welcome message","messageBody":"","fileTypesAndContributionMap":{"functional-code":{"insertions":1,"deletions":1}}},{"hash":"cb45f2221cf96f62f3c7c6424b40c2fbea1d4bfb","isMergeCommit":true,"messageTitle":"Merge pull request #42 from TayGuangSheng/TayGuangSheng-CreatePackages","messageBody":"Create packages","fileTypesAndContributionMap":{}}]},{"date":"2025-03-28","commitResults":[{"hash":"86084302ed2c52f0545c4ff13a7bfc6f98d7fedd","isMergeCommit":false,"messageTitle":"Add user stories in developer guide","messageBody":"","fileTypesAndContributionMap":{"docs":{"insertions":41,"deletions":12}}},{"hash":"3069bf6b5221effab164ec95b56d430e0097b415","isMergeCommit":true,"messageTitle":"Merge pull request #46 from TayGuangSheng/TayGuangSheng-DG","messageBody":"Add user stories in developer guide","fileTypesAndContributionMap":{}}]}],"ae-24":[{"date":"2025-03-06","commitResults":[{"hash":"99423f2e371c5fd45f848c67f7ffee09d03d2b85","isMergeCommit":false,"messageTitle":"Update about us details","messageBody":"","fileTypesAndContributionMap":{"docs":{"insertions":3,"deletions":7}}}]},{"date":"2025-03-12","commitResults":[{"hash":"899e185fda9c2ce9d8ab0d9ec42014148b1acc27","isMergeCommit":false,"messageTitle":"Implement Expense, Budget, BudgetManager, and InputManager classes","messageBody":"This commit introduces the Expense, Budget, BudgetManager, and\nInputManager classes for managing budgets and expenses.\n\n- Expense: Tracks expenses with description, and amount.\n- Budget: Creates budgets with categories and optional limits, and\n  tracks expenses.\n- BudgetManager: Manages multiple budgets and assigns expenses to\n  specific categories.\n- InputManager: Handles user input, validates commands, and interacts\n  with BudgetManager.\n\nError handling and Javadoc documentation have been added. Basic test\ncases for Expense class are included.\n","fileTypesAndContributionMap":{"functional-code":{"insertions":211,"deletions":3},"test-code":{"insertions":61,"deletions":0}}},{"hash":"f074e31a66ad052da358beee3b445d02f0d17d89","isMergeCommit":false,"messageTitle":"Fix Checkstyle violations and improve code compliance","messageBody":"","fileTypesAndContributionMap":{"functional-code":{"insertions":6,"deletions":6},"other":{"insertions":1,"deletions":1},"test-code":{"insertions":6,"deletions":3}}},{"hash":"ff036ccb140ea3d2d5a4591cdd609a24349d70c6","isMergeCommit":true,"messageTitle":"Merge pull request #6 from ae-24/ZheHui-AddingExpenses","messageBody":"Implement Expense, Budget, BudgetManager, and InputManager classes","fileTypesAndContributionMap":{}}]},{"date":"2025-03-13","commitResults":[{"hash":"8255455f588e3502d8589856e774b9ab096783ea","isMergeCommit":false,"messageTitle":"Enhance JUnit tests and add Javadoc for Expense class","messageBody":"","fileTypesAndContributionMap":{"functional-code":{"insertions":17,"deletions":1},"test-code":{"insertions":6,"deletions":10}}},{"hash":"835c1c4fd175fda6b011b054687d4a2832f59c1a","isMergeCommit":true,"messageTitle":"Merge pull request #7 from ae-24/ZheHui-FixUnitTest","messageBody":"Enhance JUnit tests and add Javadoc for Expense class","fileTypesAndContributionMap":{}}]},{"date":"2025-03-19","commitResults":[{"hash":"8678059846bb1a679ae5cd0c70762824eba38cef","isMergeCommit":false,"messageTitle":"Add assertions to Expense, InputManager, and BudgetManager classes and fix Checkstyle issues","messageBody":"","fileTypesAndContributionMap":{"functional-code":{"insertions":18,"deletions":6}}},{"hash":"dc8c98147c1d4f404714c98a30b26e416b048aa5","isMergeCommit":false,"messageTitle":"Fix checkstyle violations and improve error handling in input processing","messageBody":"","fileTypesAndContributionMap":{"functional-code":{"insertions":11,"deletions":5}}},{"hash":"51ded7ebef47631395923cf0d0f6d37ecbb03d14","isMergeCommit":false,"messageTitle":"Remove unnecessary import","messageBody":"","fileTypesAndContributionMap":{"functional-code":{"insertions":1,"deletions":2}}},{"hash":"ffef171b79f47663e89366a0e65c75875a8d9c8c","isMergeCommit":true,"messageTitle":"Merge branch \u0027master\u0027 into AddAssertions","messageBody":"","fileTypesAndContributionMap":{}},{"hash":"4e0973c3f56064eb7ec6d6e518b4fa8c45fc9c08","isMergeCommit":false,"messageTitle":"Update test for toString() to match new format with amount and description","messageBody":"","fileTypesAndContributionMap":{"test-code":{"insertions":3,"deletions":5}}},{"hash":"eca214aa0f537af3746768daaf5cd407fad23cab","isMergeCommit":false,"messageTitle":"Remove unused imports","messageBody":"","fileTypesAndContributionMap":{"test-code":{"insertions":0,"deletions":3}}},{"hash":"49096fe1ce20d3246d3ada9baabf2c43b39d501f","isMergeCommit":false,"messageTitle":"Fix checkstyle errors and update expected output text","messageBody":"","fileTypesAndContributionMap":{"functional-code":{"insertions":7,"deletions":7}}},{"hash":"a3298052f433da3fde9d76da588c4edc07ca0611","isMergeCommit":true,"messageTitle":"Merge pull request #22 from ae-24/AddAssertions","messageBody":"Add assertions to Expense, InputManager, and BudgetManager classes an…","fileTypesAndContributionMap":{}}]},{"date":"2025-03-24","commitResults":[{"hash":"fdb465f4db611b7076f9435ecf787c856ecb2063","isMergeCommit":false,"messageTitle":"Implement Command class and subclasses with JavaDocs, add InputParser, and improve exception handling for adding expenses and budgets","messageBody":"","fileTypesAndContributionMap":{"functional-code":{"insertions":541,"deletions":72},"test-code":{"insertions":176,"deletions":0}}},{"hash":"08602af99d1fe4e35cda993c9bd62014a1b4fc39","isMergeCommit":false,"messageTitle":"Fix Gradle checkstyle errors and resolve code formatting issues","messageBody":"","fileTypesAndContributionMap":{"functional-code":{"insertions":27,"deletions":13},"test-code":{"insertions":25,"deletions":11}}},{"hash":"45f011cdde58bb297e8d884a20cb561fbfd0362f","isMergeCommit":true,"messageTitle":"Merge pull request #38 from ae-24/AddCommandClass","messageBody":"Implement Command class and subclasses, and add InputParser","fileTypesAndContributionMap":{}}]},{"date":"2025-03-28","commitResults":[{"hash":"fe35f6870a0ede2c5c368f847d61fcd9f6451207","isMergeCommit":false,"messageTitle":"Update Developer Guide","messageBody":"","fileTypesAndContributionMap":{"docs":{"insertions":9,"deletions":5}}},{"hash":"b75094330136943a888dd98b3f9d03c1c57629ce","isMergeCommit":true,"messageTitle":"Merge pull request #45 from ae-24/UpdateDeveloperGuide","messageBody":"Update Developer Guide","fileTypesAndContributionMap":{}}]}],"tejaskumar0":[{"date":"2025-03-06","commitResults":[{"hash":"a72b5ff4c33c3892438076c28402143bdbdd54dc","isMergeCommit":false,"messageTitle":"Tejas AboutUs","messageBody":"","fileTypesAndContributionMap":{"docs":{"insertions":3,"deletions":7}}},{"hash":"9360c4f59bb1e52957d82ecda687eecbd77f56a0","isMergeCommit":true,"messageTitle":"Merge branch \u0027master\u0027 into Tejas-AboutUs","messageBody":"","fileTypesAndContributionMap":{}},{"hash":"614e5bc0f486f249da3a22d2ad4508ed4854e0f4","isMergeCommit":true,"messageTitle":"Merge pull request #5 from tejaskumar0/Tejas-AboutUs","messageBody":"Tejas AboutUs","fileTypesAndContributionMap":{}}]},{"date":"2025-03-18","commitResults":[{"hash":"bd42c0a0ac292d26b8c7f94d76b850f9889ce448","isMergeCommit":false,"messageTitle":"Added Alert Feature","messageBody":"","fileTypesAndContributionMap":{"functional-code":{"insertions":114,"deletions":4}}},{"hash":"c31772121b885822e2554b1ed6417657efbed636","isMergeCommit":true,"messageTitle":"Merge branch \u0027master\u0027 into Tejas-AboutUs","messageBody":"","fileTypesAndContributionMap":{}},{"hash":"a10643be3c8b0412504f35a2b5ea6f5e7d59b969","isMergeCommit":true,"messageTitle":"Merge pull request #19 from tejaskumar0/Tejas-AboutUs","messageBody":"Added Alert Feature","fileTypesAndContributionMap":{}}]},{"date":"2025-03-19","commitResults":[{"hash":"a04d8604c02c23363def8be50a30e830d1e60244","isMergeCommit":false,"messageTitle":"Fixed Budget Alert system","messageBody":"","fileTypesAndContributionMap":{"functional-code":{"insertions":19,"deletions":57}}},{"hash":"e8a8fcdded78dcfa3b74f45bc414586b106ced45","isMergeCommit":false,"messageTitle":"Fixed the alerts","messageBody":"","fileTypesAndContributionMap":{"functional-code":{"insertions":1,"deletions":1}}},{"hash":"3ed40e50a65d1e699383bff784299ab1018948e3","isMergeCommit":false,"messageTitle":"Fixed the alert","messageBody":"","fileTypesAndContributionMap":{"functional-code":{"insertions":1,"deletions":1}}},{"hash":"057d594fc03173ef43c3a4cceedf78a381e87c32","isMergeCommit":true,"messageTitle":"Merge pull request #21 from tejaskumar0/Tejas-AboutUs","messageBody":"fixing alerts","fileTypesAndContributionMap":{}},{"hash":"3689acfdb0215a7e8faa8712bf21fcb2e2c1d9fb","isMergeCommit":false,"messageTitle":"added set budget","messageBody":"","fileTypesAndContributionMap":{"functional-code":{"insertions":39,"deletions":1}}},{"hash":"e36697358a62e62ee2618c50d716513467440e46","isMergeCommit":true,"messageTitle":"Merge pull request #23 from tejaskumar0/Tejas-AboutUs","messageBody":"added set budget","fileTypesAndContributionMap":{}}]},{"date":"2025-03-20","commitResults":[{"hash":"f16ca230f1dfa79d8f67e4d7ee420b62f61636c8","isMergeCommit":true,"messageTitle":"Merge branch \u0027master\u0027 into Tejas-AboutUs","messageBody":"","fileTypesAndContributionMap":{}},{"hash":"2193d7249d06567b7e6ac8ce3adfc758635b74bd","isMergeCommit":true,"messageTitle":"Merge branch \u0027Tejas-AboutUs\u0027","messageBody":"","fileTypesAndContributionMap":{}}]},{"date":"2025-03-25","commitResults":[{"hash":"8ce0365e0c3cb8fc3be5be027fbd16ba50e0b894","isMergeCommit":true,"messageTitle":"Merge branch \u0027master\u0027 of https://github.com/tejaskumar0/tp","messageBody":"","fileTypesAndContributionMap":{}}]},{"date":"2025-03-26","commitResults":[{"hash":"8e440ee546c20789024488ab6cee846bd670e983","isMergeCommit":false,"messageTitle":"Add storage feature to StorageManager","messageBody":"","fileTypesAndContributionMap":{"functional-code":{"insertions":4,"deletions":0}}},{"hash":"14f509e7e59034bb598dc9555aea55261a1d43e4","isMergeCommit":false,"messageTitle":"Add local storage feature before merging","messageBody":"","fileTypesAndContributionMap":{"functional-code":{"insertions":154,"deletions":2}}},{"hash":"59f78b91ff263e84506ec984c09c62eb6cd4fefe","isMergeCommit":true,"messageTitle":"Storage feature","messageBody":"","fileTypesAndContributionMap":{}},{"hash":"729e60ab99275ceaa3d95e5387986afc54e7b3f1","isMergeCommit":false,"messageTitle":"Save progress before switching to master","messageBody":"","fileTypesAndContributionMap":{"functional-code":{"insertions":14,"deletions":7},"test-code":{"insertions":1,"deletions":1}}},{"hash":"ff9fc3bd4164cf3be406535b14b63b80ee73dea3","isMergeCommit":true,"messageTitle":"Merge pull request #41 from tejaskumar0/master","messageBody":"Added storage","fileTypesAndContributionMap":{}}]}]},"authorFileTypeContributionMap":{"manavm12":{"docs":1,"functional-code":358,"test-code":101},"juneja999":{"docs":2,"functional-code":27,"test-code":53},"TayGuangSheng":{"docs":41,"functional-code":396,"test-code":69,"other":2},"ae-24":{"docs":1,"functional-code":661,"test-code":217},"tejaskumar0":{"docs":1,"functional-code":227,"test-code":0}},"authorContributionVariance":{"manavm12":7485.662,"juneja999":266.16348,"TayGuangSheng":8765.397,"ae-24":22137.549,"tejaskumar0":1576.4714},"authorDisplayNameMap":{"manavm12":"CS2113-T12-4 MANA..EHTA","juneja999":"CS2113-T12-4 JUNE..SHAT","TayGuangSheng":"CS2113-T12-4 TAY ..HENG","ae-24":"CS2113-T12-4 TAN .. HUI","tejaskumar0":"CS2113-T12-4 TEJA..UMAR"}}
