{"authorDailyContributionsMap":{"manavm12":[{"date":"2025-03-06","commitResults":[{"hash":"92d8f2eeff04146ff06bbc245a25c4ec8e031d1f","isMergeCommit":false,"messageTitle":"Add Name to About Us","messageBody":"","fileTypesAndContributionMap":{"docs":{"insertions":3,"deletions":7}}},{"hash":"be7748b559ebcb3bca18a3225afa04d7702eeefc","isMergeCommit":true,"messageTitle":"Merge pull request #1 from ae-24/ZheHui-AboutUs","messageBody":"Update about us details","fileTypesAndContributionMap":{}},{"hash":"a302da46dabfd743ae004f5f3f7b3a87c0b98c1d","isMergeCommit":true,"messageTitle":"Merge branch \u0027master\u0027 into Manav-AboutUs","messageBody":"","fileTypesAndContributionMap":{}},{"hash":"ce3eaaa6ab1f2f7a9e7e70dd57d73640f1c6236e","isMergeCommit":true,"messageTitle":"Merge pull request #2 from manavm12/Manav-AboutUs","messageBody":"Add Name to About Us","fileTypesAndContributionMap":{}}]},{"date":"2025-03-18","commitResults":[{"hash":"592cf559492a8cec47f1919f63229c0a9bb12121","isMergeCommit":false,"messageTitle":"Add view expenses functionality","messageBody":"","fileTypesAndContributionMap":{"functional-code":{"insertions":29,"deletions":3}}},{"hash":"8c6927a142f96346225131a9de5aaf3ed4ee5488","isMergeCommit":true,"messageTitle":"Merge pull request #17 from manavm12/View-Expenses-Branch","messageBody":"Add view expenses functionality","fileTypesAndContributionMap":{}},{"hash":"5201599d44f69f8984dea84ef62ad20fc8f3f833","isMergeCommit":false,"messageTitle":"Add delete expense functionality","messageBody":"","fileTypesAndContributionMap":{"functional-code":{"insertions":27,"deletions":1}}},{"hash":"02ac1ae70571b6ebe36863c20a2fb40e9d2ea075","isMergeCommit":true,"messageTitle":"Merge pull request #18 from manavm12/Delete-Expenses-Branch","messageBody":"Add delete expense functionality","fileTypesAndContributionMap":{}}]},{"date":"2025-03-19","commitResults":[{"hash":"313fbe05045a3d46630f69a3efcddb2259d1187a","isMergeCommit":false,"messageTitle":"Create Parser Class and fix set-budget","messageBody":"","fileTypesAndContributionMap":{"functional-code":{"insertions":90,"deletions":45}}},{"hash":"121c5c97d0ab2c37a0ff7aee12dab059f006a736","isMergeCommit":false,"messageTitle":"Add parse alert command function","messageBody":"","fileTypesAndContributionMap":{"functional-code":{"insertions":9,"deletions":6}}},{"hash":"e324c37ccb4f4a0d3f3e5598bb8f00b5035b4668","isMergeCommit":false,"messageTitle":"Fix set-budget J-Tests and add parser function to process delete commands","messageBody":"","fileTypesAndContributionMap":{"functional-code":{"insertions":9,"deletions":5},"test-code":{"insertions":7,"deletions":24}}},{"hash":"8fb038a14d5207d464e807647b744261d71bb087","isMergeCommit":false,"messageTitle":"Fix Errors in TUI Tests","messageBody":"","fileTypesAndContributionMap":{"functional-code":{"insertions":4,"deletions":7},"other":{"insertions":0,"deletions":1},"test-code":{"insertions":0,"deletions":1}}},{"hash":"5cab17a1a005d7ce0d8a2d193566152d51651b1d","isMergeCommit":true,"messageTitle":"Merge pull request #25 from manavm12/Parser-Class-Branch","messageBody":"Parser class branch","fileTypesAndContributionMap":{}},{"hash":"2512a84c830d2f1e26e7685e31bad171e2bae2f7","isMergeCommit":false,"messageTitle":"Fix add expense to budget function.","messageBody":"","fileTypesAndContributionMap":{"functional-code":{"insertions":12,"deletions":8}}},{"hash":"3c64a1a7b2e6428fca92d6c98d3d446e0ee450a1","isMergeCommit":false,"messageTitle":"Fix list expenses function","messageBody":"","fileTypesAndContributionMap":{"functional-code":{"insertions":4,"deletions":8}}},{"hash":"c3a1c0854455e24f2279d63162efacf4a8aa5e18","isMergeCommit":false,"messageTitle":"Fix get-total-expenses function","messageBody":"","fileTypesAndContributionMap":{"functional-code":{"insertions":3,"deletions":2}}},{"hash":"9f180c4e0355a30c5c62d8ce06f58e1ba0a7a0a5","isMergeCommit":false,"messageTitle":"Add Delete Expense JUNIT Tests","messageBody":"","fileTypesAndContributionMap":{"test-code":{"insertions":29,"deletions":1}}},{"hash":"d3bb302f5bc62cfd2830e57d2077f4d63b56e43b","isMergeCommit":false,"messageTitle":"Add Add-Expense JUNIT Tests","messageBody":"","fileTypesAndContributionMap":{"test-code":{"insertions":35,"deletions":4}}},{"hash":"0116dce7c35d4d7a0cd42585726c95d07da4bfb3","isMergeCommit":false,"messageTitle":"Add missing Javadoc comments","messageBody":"","fileTypesAndContributionMap":{"functional-code":{"insertions":48,"deletions":7}}},{"hash":"b942f442ce6c6d53f7eb9ea07cd72299957b3c2c","isMergeCommit":false,"messageTitle":"Add Assert statements","messageBody":"","fileTypesAndContributionMap":{"functional-code":{"insertions":6,"deletions":0}}},{"hash":"84fb9c2397e01ae11498db5696cccc79bc343904","isMergeCommit":false,"messageTitle":"Add check-budget functionality","messageBody":"","fileTypesAndContributionMap":{"functional-code":{"insertions":69,"deletions":1}}},{"hash":"06228867c844cae37c7db77839df9b63209acdb6","isMergeCommit":false,"messageTitle":"Update JavaDoc Comments","messageBody":"","fileTypesAndContributionMap":{"functional-code":{"insertions":1,"deletions":1}}},{"hash":"9ffb0263ddaca98eb97ac1b5cec66b00d258ac8e","isMergeCommit":false,"messageTitle":"Fix CheckStyle issues","messageBody":"","fileTypesAndContributionMap":{"functional-code":{"insertions":7,"deletions":7}}},{"hash":"ac2f9f19b7e8a4b739ebb4cd6262548f23dd6007","isMergeCommit":false,"messageTitle":"Fix TUI Test Issues","messageBody":"","fileTypesAndContributionMap":{"test-code":{"insertions":40,"deletions":9}}},{"hash":"dcc0fb66cc52b3f165497e888fd9b0c42efa13fe","isMergeCommit":true,"messageTitle":"Merge pull request #26 from manavm12/Fix-V1.0-Bugs-Branch","messageBody":"Fix v1.0 bugs branch","tags":["v1.0"],"fileTypesAndContributionMap":{}}]},{"date":"2025-03-27","commitResults":[{"hash":"9f163ca855c168ca1f24676478addff1a3f038a3","isMergeCommit":false,"messageTitle":"Add findExpense function in BudgetManager","messageBody":"","fileTypesAndContributionMap":{"functional-code":{"insertions":33,"deletions":0}}},{"hash":"af16baaeaade2fd52401f842a8e87128fc3c8bc6","isMergeCommit":false,"messageTitle":"Add findExpenseCommand to Parser Class","messageBody":"","fileTypesAndContributionMap":{"functional-code":{"insertions":8,"deletions":0}}},{"hash":"bd2c66bd7dcdf74e97c94441319944ec97605bed","isMergeCommit":false,"messageTitle":"Create Find Expense Command Class","messageBody":"","fileTypesAndContributionMap":{"functional-code":{"insertions":44,"deletions":0}}},{"hash":"42d0250693401793a2f2705ad8b87ac4a6f31923","isMergeCommit":false,"messageTitle":"Add Find Keyword to Input Parser","messageBody":"","fileTypesAndContributionMap":{"functional-code":{"insertions":2,"deletions":0}}},{"hash":"8172b11d4e1dd93ba1c7ea3020019750e08a89aa","isMergeCommit":true,"messageTitle":"Merge pull request #43 from manavm12/Find-Expense-Branch","messageBody":"Find expense branch","fileTypesAndContributionMap":{}},{"hash":"6cda2fa78560ac67709dbadad1356638ccc3a856","isMergeCommit":false,"messageTitle":"Fix set-budget function","messageBody":"","fileTypesAndContributionMap":{"functional-code":{"insertions":8,"deletions":5}}},{"hash":"03fc672953426d3a9336e3a3fc401d7b34af1c32","isMergeCommit":false,"messageTitle":"Fix Delete Expense Function","messageBody":"","fileTypesAndContributionMap":{"functional-code":{"insertions":35,"deletions":7}}},{"hash":"396809148b1026931965a13bcd194435c6fa5ede","isMergeCommit":true,"messageTitle":"Merge pull request #44 from manavm12/Fix-Delete-SetBudget-Branch","messageBody":"Fix delete set budget branch","fileTypesAndContributionMap":{}}]},{"date":"2025-03-30","commitResults":[{"hash":"fe875668cdae9af0a7d12ea247caf4545b4651a5","isMergeCommit":false,"messageTitle":"Add EditBudget Function","messageBody":"","fileTypesAndContributionMap":{"functional-code":{"insertions":55,"deletions":1}}},{"hash":"11a1baab6688486f967bf323c88642e56d0a60bf","isMergeCommit":false,"messageTitle":"Create ParseEditBudget Functioin","messageBody":"","fileTypesAndContributionMap":{"functional-code":{"insertions":66,"deletions":0}}},{"hash":"1efd90a3180bcaf8f92983f9fdb6974127d691e6","isMergeCommit":false,"messageTitle":"Add EditBudgetCommand class","messageBody":"","fileTypesAndContributionMap":{"functional-code":{"insertions":56,"deletions":15}}},{"hash":"dc11c684d9e0eddc91aaa84f1d5f16a6a604a04e","isMergeCommit":false,"messageTitle":"Fix Checkstyle Issues","messageBody":"","fileTypesAndContributionMap":{"functional-code":{"insertions":15,"deletions":6}}},{"hash":"91cc697768a5527ba8be95b02f67da6af696df79","isMergeCommit":true,"messageTitle":"Merge pull request #50 from manavm12/Edit-Budget-Branch","messageBody":"Edit budget branch","fileTypesAndContributionMap":{}},{"hash":"1813a674a7bd75fd64be3c68dfb30c95117494f2","isMergeCommit":false,"messageTitle":"Refactor Parser Class into smaller sub-classes","messageBody":"","fileTypesAndContributionMap":{"functional-code":{"insertions":342,"deletions":359}}},{"hash":"14fc27882d60593debbe18711d59f870f0841077","isMergeCommit":false,"messageTitle":"FIx Checkstyle Issue","messageBody":"","fileTypesAndContributionMap":{"functional-code":{"insertions":21,"deletions":19},"test-code":{"insertions":4,"deletions":13}}},{"hash":"92e0170ef98076725a7ee3eb0dc38d336acb1080","isMergeCommit":true,"messageTitle":"Merge pull request #51 from manavm12/Refactor-Parser-Branch","messageBody":"Refactor parser branch","fileTypesAndContributionMap":{}}]},{"date":"2025-04-02","commitResults":[{"hash":"41cbda33bdd8588a9a1324ca5ab62f70c3eece81","isMergeCommit":true,"messageTitle":"Merge pull request #55 from TayGuangSheng/TayGuangSheng-PPP","messageBody":"Add PPP for tayguangsheng","fileTypesAndContributionMap":{}},{"hash":"f716f77bdfe4e4de7b137f009df06ccdac46c9b1","isMergeCommit":false,"messageTitle":"Add Manav PPP","messageBody":"","fileTypesAndContributionMap":{"docs":{"insertions":34,"deletions":0}}},{"hash":"54c44f81fb14672b21188deaa42dc4892163e249","isMergeCommit":false,"messageTitle":"Edit UI for Delete Expense","messageBody":"","fileTypesAndContributionMap":{"functional-code":{"insertions":7,"deletions":7}}},{"hash":"350c2a16ad19cfc8d0fa0a4e98876ca5de384b3a","isMergeCommit":false,"messageTitle":"Update User Guide","messageBody":"","fileTypesAndContributionMap":{"docs":{"insertions":107,"deletions":0}}},{"hash":"95fb7b981e39558e1f0c96b0a3872241553bc329","isMergeCommit":false,"messageTitle":"Fix delete budget function","messageBody":"","fileTypesAndContributionMap":{"functional-code":{"insertions":1,"deletions":0}}},{"hash":"2d4ec1f339170df28c75f2569feb7c7cbbafb85e","isMergeCommit":false,"messageTitle":"Add DG for Parser Class","messageBody":"","fileTypesAndContributionMap":{"docs":{"insertions":24,"deletions":0}}},{"hash":"17de96ad727aeda5ce8bb440232cb6d4e4bc2a7e","isMergeCommit":false,"messageTitle":"Update DG","messageBody":"","fileTypesAndContributionMap":{"docs":{"insertions":0,"deletions":3}}}]},{"date":"2025-04-03","commitResults":[{"hash":"8654c4e107202a9b52071bbb3829c03f7d6ad26d","isMergeCommit":false,"messageTitle":"Change Parser Clas Diagram","messageBody":"","fileTypesAndContributionMap":{"docs":{"insertions":59,"deletions":1}}}]},{"date":"2025-04-06","commitResults":[{"hash":"cb7977d636bd862c5a7cca3ff553bbbcb47c906b","isMergeCommit":false,"messageTitle":"Update DG Format and Add Sequence and Class Diagrams","messageBody":"","fileTypesAndContributionMap":{"docs":{"insertions":413,"deletions":45}}}]}],"juneja999":[{"date":"2025-03-06","commitResults":[{"hash":"5bf5f5427def22935bbe46e389bf4467368cc9e3","isMergeCommit":false,"messageTitle":"Change the AboutUS Doc","messageBody":"","fileTypesAndContributionMap":{"docs":{"insertions":1,"deletions":5}}},{"hash":"549392a9295aa8c6016269c027067b16e6f1202c","isMergeCommit":true,"messageTitle":"Merge branch \u0027master\u0027 into JunejaAkshat-AboutUS","messageBody":"","fileTypesAndContributionMap":{}},{"hash":"0aace7e64b8454a57212376c3d3435f4e0020d91","isMergeCommit":true,"messageTitle":"Merge pull request #3 from juneja999/JunejaAkshat-AboutUS","messageBody":"Change the AboutUS Doc to include Akshat\u0027s profile","fileTypesAndContributionMap":{}}]},{"date":"2025-03-18","commitResults":[{"hash":"80ad0593218ed85c8c447720fdd30b8e51e6a996","isMergeCommit":false,"messageTitle":"Create BudgetSummary class","messageBody":"","fileTypesAndContributionMap":{"functional-code":{"insertions":33,"deletions":2}}},{"hash":"e75ddd9031976c8776c022c68dc2d6d1b2c70371","isMergeCommit":false,"messageTitle":"Update BudgetSummary class","messageBody":"","fileTypesAndContributionMap":{"functional-code":{"insertions":11,"deletions":3}}},{"hash":"3cf773749f2cfa08b07ab64f12087e20b0489a08","isMergeCommit":true,"messageTitle":"Merge branch \u0027branch-SpendingSummary\u0027","messageBody":"","fileTypesAndContributionMap":{}},{"hash":"1d5304b33705ec048863c7810141bacb9b8e4ac8","isMergeCommit":false,"messageTitle":"Refactor BudgetSummary class","messageBody":"","fileTypesAndContributionMap":{"functional-code":{"insertions":18,"deletions":16}}},{"hash":"f509c686995932a08afeb60c99fb027efed5559e","isMergeCommit":true,"messageTitle":"Merge pull request #16 from juneja999/master","messageBody":"Budget summarising capabilities","fileTypesAndContributionMap":{}}]},{"date":"2025-03-19","commitResults":[{"hash":"f9c15d57824e9c4e906a5798da519fcf67872901","isMergeCommit":false,"messageTitle":"Create test for BudgetSummary","messageBody":"","fileTypesAndContributionMap":{"test-code":{"insertions":57,"deletions":0}}},{"hash":"898597a56600013418582cd2352aefa012d478a2","isMergeCommit":true,"messageTitle":"Merge branch \u0027branch-SpendingSummaryTest\u0027","messageBody":"","fileTypesAndContributionMap":{}},{"hash":"e409e67155db805b9abce1784472675cb5b6b9a0","isMergeCommit":true,"messageTitle":"Merge pull request #24 from juneja999/master","messageBody":"Test for BudgetSummary","fileTypesAndContributionMap":{}}]},{"date":"2025-03-28","commitResults":[{"hash":"a505462f02f46d4c58ee6a5393b23d5ae020cedf","isMergeCommit":false,"messageTitle":"Create DateTimeParser and augment Expense model","messageBody":"Implement these changes in help, BudgetManager and AddExpense\n","fileTypesAndContributionMap":{"functional-code":{"insertions":130,"deletions":7}}},{"hash":"b0e8eda72eba7a25427adbd6b405f410dbf8e390","isMergeCommit":false,"messageTitle":"Update Parser for ParserAddCommand to accommodate date and time","messageBody":"","fileTypesAndContributionMap":{"functional-code":{"insertions":29,"deletions":7}}},{"hash":"95a1edd9275af554e19176105b78d1e77ead7850","isMergeCommit":false,"messageTitle":"Update BudgetManager for expense Date and Time","messageBody":"","fileTypesAndContributionMap":{"functional-code":{"insertions":18,"deletions":10}}},{"hash":"280562cbdcb976e31ab342d723e8757bc883f5fc","isMergeCommit":false,"messageTitle":"Improve list to accomodate Expense dateTime","messageBody":"","fileTypesAndContributionMap":{"functional-code":{"insertions":13,"deletions":7}}},{"hash":"73535ee673b0c10df41c8bcabadf10e411dfc02e","isMergeCommit":false,"messageTitle":"Update DateTimeParser to load from txt file","messageBody":"","fileTypesAndContributionMap":{"functional-code":{"insertions":38,"deletions":6}}},{"hash":"c6220f1a0e4a4bf3dc1de89c6c3ff17e63f5014e","isMergeCommit":false,"messageTitle":"Update the date time format","messageBody":"","fileTypesAndContributionMap":{"functional-code":{"insertions":26,"deletions":16}}},{"hash":"330f5ea74fa23a4c42606614d8194a6dbb5e6b27","isMergeCommit":false,"messageTitle":"Update help message for dateTime utility","messageBody":"","fileTypesAndContributionMap":{"functional-code":{"insertions":4,"deletions":2}}},{"hash":"cc135e4d2847b08903a044b4213afed0572b5805","isMergeCommit":false,"messageTitle":"Refactor DateTimeParser","messageBody":"","fileTypesAndContributionMap":{"functional-code":{"insertions":12,"deletions":13}}},{"hash":"874364bd62a9d115d57c6c27555db31aae897a23","isMergeCommit":false,"messageTitle":"Update BudgetManagerTest to accommodate dateTime","messageBody":"","fileTypesAndContributionMap":{"test-code":{"insertions":16,"deletions":14}}},{"hash":"6c3404590b0068db403c7f2a26d6e88a2eace001","isMergeCommit":false,"messageTitle":"Update test cases","messageBody":"","fileTypesAndContributionMap":{"test-code":{"insertions":12,"deletions":13}}},{"hash":"c62ee7976ad7059c00a6aaf7eadc30f58ab2fb51","isMergeCommit":false,"messageTitle":"Update tests v2.0","messageBody":"","fileTypesAndContributionMap":{"test-code":{"insertions":13,"deletions":13}}},{"hash":"8e19ff0e02a1e7027c919e6ed9013333e21dcfa2","isMergeCommit":true,"messageTitle":"Merge pull request #47 from juneja999/branch-AddExpenseEnhancement","messageBody":"Branch add expense enhancement","fileTypesAndContributionMap":{}}]},{"date":"2025-03-29","commitResults":[{"hash":"f5dbc8b9ab34a9dc7dcaa743acd66cfcbf359ca3","isMergeCommit":false,"messageTitle":"Improve value proposition in Developers Guide","messageBody":"","fileTypesAndContributionMap":{"docs":{"insertions":7,"deletions":1}}},{"hash":"5a2ac5abfa380772aa2e9b289f75f9d54d627103","isMergeCommit":true,"messageTitle":"Merge pull request #48 from juneja999/branch-DevelopersGuide","messageBody":"Improve value proposition in Developers Guide","fileTypesAndContributionMap":{}}]},{"date":"2025-04-02","commitResults":[{"hash":"c7a5db231bbfe21e8f46f53e7995b81281c841ea","isMergeCommit":true,"messageTitle":"Merge pull request #57 from manavm12/Manav-PPP-UG","messageBody":"Manav PPP UG","fileTypesAndContributionMap":{}},{"hash":"6a1f9113fbc95b031fd57743190b82f15037fe98","isMergeCommit":true,"messageTitle":"Merge pull request #56 from tejaskumar0/master","messageBody":"Add StorageManager UML diagram and update Developer Guide","fileTypesAndContributionMap":{}},{"hash":"72ad15dd8d8b37fd53b36a6bbbbe4fc2329c7ec7","isMergeCommit":false,"messageTitle":"Add Command Class under implementation in DG","messageBody":"","fileTypesAndContributionMap":{"docs":{"insertions":28,"deletions":0}}},{"hash":"c90d561108810aadbadaf49e0ecfa2209c5f4b09","isMergeCommit":false,"messageTitle":"Add diagram for abstract command class","messageBody":"","fileTypesAndContributionMap":{"docs":{"insertions":40,"deletions":0}}},{"hash":"f05bea8ebf9f38086f5cc2d4f633503420dfa89b","isMergeCommit":false,"messageTitle":"Update Summary method in UG","messageBody":"","fileTypesAndContributionMap":{"docs":{"insertions":13,"deletions":0}}}]},{"date":"2025-04-03","commitResults":[{"hash":"572219b6b377d32280a2b3a1bed36d6eea0c1b16","isMergeCommit":false,"messageTitle":"Add date and time implementation for listing","messageBody":"","fileTypesAndContributionMap":{"functional-code":{"insertions":154,"deletions":1}}},{"hash":"41178c33b03e7249e67f21cb871051a09a09d1a6","isMergeCommit":false,"messageTitle":"Add condition for same dates and time","messageBody":"","fileTypesAndContributionMap":{"functional-code":{"insertions":22,"deletions":37}}},{"hash":"c2490c47e24875ea03341edab33c2b234c003371","isMergeCommit":false,"messageTitle":"Update list command in help","messageBody":"","fileTypesAndContributionMap":{"functional-code":{"insertions":2,"deletions":1}}},{"hash":"d3834f7f11b419234626f65504b56551f968ee7c","isMergeCommit":true,"messageTitle":"Merge branch \u0027AY2425S2-CS2113-T12-4:master\u0027 into branch-UpdateDGandUG","messageBody":"","fileTypesAndContributionMap":{}},{"hash":"0d0b26e840bdeee05fef8d27c652810e1207a201","isMergeCommit":false,"messageTitle":"Add PPP for Akshat v1","messageBody":"","fileTypesAndContributionMap":{"docs":{"insertions":29,"deletions":0}}},{"hash":"8ffc30288cf9ce2f2df95dc9a9ce0b0fa93e37e5","isMergeCommit":true,"messageTitle":"Merge pull request #60 from TayGuangSheng/AddUML","messageBody":"Add UI class diagram in DG","fileTypesAndContributionMap":{}},{"hash":"bfff47c70d8d06f6fedb643f1625fa141c9c9f41","isMergeCommit":true,"messageTitle":"Merge pull request #67 from TayGuangSheng/UG-Features","messageBody":"Add UG features","fileTypesAndContributionMap":{}},{"hash":"5a8373567ac4b3f911801d69e3b3772a078fa718","isMergeCommit":true,"messageTitle":"Merge pull request #69 from ae-24/UpdateDG","messageBody":"Update dg","tags":["v2.0"],"fileTypesAndContributionMap":{}}]},{"date":"2025-04-06","commitResults":[{"hash":"80ce9cb7fbfbe239879319ae113b607e4e4cca11","isMergeCommit":false,"messageTitle":"Add parser for AddRecurringCommand","messageBody":"","fileTypesAndContributionMap":{"functional-code":{"insertions":145,"deletions":15}}},{"hash":"728b99b606775287821cf647a1d2dc95cd9b6ec3","isMergeCommit":false,"messageTitle":"Write logic for recurring expenditures","messageBody":"Handle edge cases and wrong inputs\n","fileTypesAndContributionMap":{"functional-code":{"insertions":61,"deletions":2}}},{"hash":"55303665f3a2903b5731a2e7413de6b30ba033a3","isMergeCommit":false,"messageTitle":"Update help and UG","messageBody":"","fileTypesAndContributionMap":{"functional-code":{"insertions":58,"deletions":0},"docs":{"insertions":62,"deletions":0}}},{"hash":"4651b21843465c3b87e155c4df891cbf135b4667","isMergeCommit":false,"messageTitle":"Add test cases for AddRecurringExpenseCommand","messageBody":"","fileTypesAndContributionMap":{"test-code":{"insertions":98,"deletions":0}}},{"hash":"88170e000553f8d19cd1f0b03fc4d37b5f17080d","isMergeCommit":false,"messageTitle":"Update code styling","messageBody":"","fileTypesAndContributionMap":{"functional-code":{"insertions":2,"deletions":1}}},{"hash":"6cdb86b98304eb5cdbbdac45250c8953963a951b","isMergeCommit":false,"messageTitle":"Comply with CheckStyle","messageBody":"","fileTypesAndContributionMap":{"functional-code":{"insertions":17,"deletions":1}}}]}],"TayGuangSheng":[{"date":"2025-03-06","commitResults":[{"hash":"d09cb082e7f7ab6eb366d604a137af6e01f9d1f0","isMergeCommit":false,"messageTitle":"Update AboutUs - TayGuangSheng","messageBody":"","fileTypesAndContributionMap":{"docs":{"insertions":3,"deletions":7}}},{"hash":"51da2f4935709094dca916b6f19ca7dab382e44e","isMergeCommit":true,"messageTitle":"Merge branch \u0027master\u0027 into TayGuangSheng-AboutUs","messageBody":"","fileTypesAndContributionMap":{}},{"hash":"c05d8951a48c531b7ae9b20b021ff0fed08460b4","isMergeCommit":true,"messageTitle":"Merge pull request #4 from TayGuangSheng/TayGuangSheng-AboutUs","messageBody":"Update AboutUs - TayGuangSheng","fileTypesAndContributionMap":{}}]},{"date":"2025-03-14","commitResults":[{"hash":"1397929051dcc4f932f1f2f92d707770a45f8bef","isMergeCommit":false,"messageTitle":"Implement set-budget features","messageBody":"","fileTypesAndContributionMap":{"functional-code":{"insertions":68,"deletions":12},"test-code":{"insertions":58,"deletions":0}}},{"hash":"b0a4d06aa67ffe08661376bcb87a59b933ddbd16","isMergeCommit":true,"messageTitle":"Merge pull request #15 from TayGuangSheng/TayGuangSheng-AddBudgetTask","messageBody":"Implement set budget features","fileTypesAndContributionMap":{}}]},{"date":"2025-03-20","commitResults":[{"hash":"751f44f76c28d3114d3ce011f70f2db2ebed069a","isMergeCommit":false,"messageTitle":"Add assertions to BudgetManager","messageBody":"","fileTypesAndContributionMap":{"functional-code":{"insertions":5,"deletions":1}}},{"hash":"5a632a49cc8c6026a9fe738d7ee2e77d45c5a7b3","isMergeCommit":false,"messageTitle":"Add assertions to Alert","messageBody":"","fileTypesAndContributionMap":{"functional-code":{"insertions":1,"deletions":0}}},{"hash":"8442bd3d4a91297a9b44013daa3076cf0c4ed204","isMergeCommit":false,"messageTitle":"Add logging to BudgetManager","messageBody":"","fileTypesAndContributionMap":{"functional-code":{"insertions":11,"deletions":0}}},{"hash":"c43534488cf543677afde4b9d7c2ee8678556f29","isMergeCommit":false,"messageTitle":"Remove unused import from BudgetManager","messageBody":"","fileTypesAndContributionMap":{"functional-code":{"insertions":0,"deletions":1}}},{"hash":"f03f591b04b1f5ca8a5298f267249305e34fab5c","isMergeCommit":true,"messageTitle":"Merge pull request #27 from TayGuangSheng/TayGuangSheng-AddAssertion","messageBody":"Add assertions and logging to BudgetManager ","fileTypesAndContributionMap":{}}]},{"date":"2025-03-26","commitResults":[{"hash":"a860dfc4b86393733d59349976b422960d0c845c","isMergeCommit":false,"messageTitle":"Rename package name","messageBody":"","fileTypesAndContributionMap":{"functional-code":{"insertions":28,"deletions":0},"other":{"insertions":154,"deletions":154}}},{"hash":"fab893059d16e4ec621c77e5783bd21748651dcf","isMergeCommit":true,"messageTitle":"Merge pull request #39 from TayGuangSheng/TayGuangSheng-AddUIClass","messageBody":"Rename package name","fileTypesAndContributionMap":{}}]},{"date":"2025-03-27","commitResults":[{"hash":"2a1a3a5ebb3544bf85eba1b7bd8aea1de183f78d","isMergeCommit":false,"messageTitle":"Create model, parser, storage package","messageBody":"","fileTypesAndContributionMap":{"functional-code":{"insertions":23,"deletions":19},"other":{"insertions":18,"deletions":11},"test-code":{"insertions":16,"deletions":10}}},{"hash":"6bae51b3b6cda5d77fbd9a4efec582773eb61dd0","isMergeCommit":false,"messageTitle":"Fix checkstyle warnings","messageBody":"","fileTypesAndContributionMap":{"functional-code":{"insertions":4,"deletions":2}}},{"hash":"268ab21f0e6865d2cd52028ee26d59a85f171505","isMergeCommit":false,"messageTitle":"Add help command and ui output","messageBody":"","fileTypesAndContributionMap":{"functional-code":{"insertions":250,"deletions":50}}},{"hash":"42f60d9a86ea9702c2f7cea940135baa67cf3560","isMergeCommit":false,"messageTitle":"Update EXPECTED.TXT with new welcome message","messageBody":"","fileTypesAndContributionMap":{"functional-code":{"insertions":1,"deletions":1},"other":{"insertions":0,"deletions":1}}},{"hash":"1b19ea619147d278342d334cc39a7ad8aa436a87","isMergeCommit":true,"messageTitle":"Resolve merge conflicts","messageBody":"","fileTypesAndContributionMap":{}},{"hash":"5ecf0ffbb8f86506f54ef46363a3b28232f4d262","isMergeCommit":false,"messageTitle":"Fix import statements","messageBody":"","fileTypesAndContributionMap":{"functional-code":{"insertions":4,"deletions":35},"test-code":{"insertions":3,"deletions":3}}},{"hash":"82157c4e5828864c883962f5569f113b24546bff","isMergeCommit":false,"messageTitle":"Fix import statements for AlertCommandTest","messageBody":"","fileTypesAndContributionMap":{"test-code":{"insertions":2,"deletions":2}}},{"hash":"00e4d33d3a5eb5a81202225306488e4dbfe220d3","isMergeCommit":false,"messageTitle":"Change welcome message","messageBody":"","fileTypesAndContributionMap":{"functional-code":{"insertions":1,"deletions":1}}},{"hash":"cb45f2221cf96f62f3c7c6424b40c2fbea1d4bfb","isMergeCommit":true,"messageTitle":"Merge pull request #42 from TayGuangSheng/TayGuangSheng-CreatePackages","messageBody":"Create packages","fileTypesAndContributionMap":{}}]},{"date":"2025-03-28","commitResults":[{"hash":"86084302ed2c52f0545c4ff13a7bfc6f98d7fedd","isMergeCommit":false,"messageTitle":"Add user stories in developer guide","messageBody":"","fileTypesAndContributionMap":{"docs":{"insertions":41,"deletions":12}}},{"hash":"3069bf6b5221effab164ec95b56d430e0097b415","isMergeCommit":true,"messageTitle":"Merge pull request #46 from TayGuangSheng/TayGuangSheng-DG","messageBody":"Add user stories in developer guide","fileTypesAndContributionMap":{}}]},{"date":"2025-03-30","commitResults":[{"hash":"b569d67c4a589efd18c0630be07cd7cac8eedcb1","isMergeCommit":true,"messageTitle":"Merge pull request #52 from ae-24/ImproveErrorHandling","messageBody":"Improve error handling for Edit Expense function, add JavaDocs, and u…","fileTypesAndContributionMap":{}}]},{"date":"2025-04-02","commitResults":[{"hash":"1632917ff8417bbbeaf87dcfa9624b488b8276ad","isMergeCommit":false,"messageTitle":"Add summary and help to UG feature","messageBody":"","fileTypesAndContributionMap":{"docs":{"insertions":19,"deletions":4}}},{"hash":"276f292da53e9bb1cf73a9b84aeb058994eec5e8","isMergeCommit":false,"messageTitle":"Add alert feature in user guide","messageBody":"","fileTypesAndContributionMap":{"docs":{"insertions":11,"deletions":2}}},{"hash":"995bf5748752a8c3689a88c9a133f2f3af8c35ce","isMergeCommit":false,"messageTitle":"Add PPP for tayguangsheng","messageBody":"","fileTypesAndContributionMap":{"docs":{"insertions":32,"deletions":6}}}]},{"date":"2025-04-03","commitResults":[{"hash":"4f8aa1fb3986f32ad1da01e09d81b080dce252af","isMergeCommit":true,"messageTitle":"Merge pull request #59 from juneja999/branch-UpdateDGandUG","messageBody":"Branch update DG and UG","fileTypesAndContributionMap":{}},{"hash":"60d34ef058e420638a0e1049cbd8645bcd8ac2fe","isMergeCommit":false,"messageTitle":"Add UI class diagram in DG","messageBody":"","fileTypesAndContributionMap":{"docs":{"insertions":45,"deletions":1}}},{"hash":"25f564826079dc0873296ccc3340ae17e5d2a079","isMergeCommit":false,"messageTitle":"Remove circle for UI class diagram","messageBody":"","fileTypesAndContributionMap":{"docs":{"insertions":4,"deletions":3}}},{"hash":"9c68b8d15fc60278802dbd6a4c7935f3a0b9d0d3","isMergeCommit":true,"messageTitle":"Merge pull request #65 from manavm12/Parser-Class-Diagram-DG","messageBody":"Change Parser Class Diagram","fileTypesAndContributionMap":{}},{"hash":"fe1e3719e96a437a9637935f7fb962b27d82fda7","isMergeCommit":true,"messageTitle":"Merge pull request #66 from juneja999/branch-JunejaAkshatPPP","messageBody":"Add PPP for Akshat v1","fileTypesAndContributionMap":{}},{"hash":"26a17366ea426ff5e7f58c4352d4f4681b22a3de","isMergeCommit":false,"messageTitle":"Add find feature in UG","messageBody":"","fileTypesAndContributionMap":{"docs":{"insertions":44,"deletions":17}}},{"hash":"8e63b2a084c6a0c34bd9003683a51eea040c4b33","isMergeCommit":false,"messageTitle":"Add command summary in UG","messageBody":"","fileTypesAndContributionMap":{"docs":{"insertions":28,"deletions":7}}},{"hash":"c75c599a0a27dea44b6b56f0ba21f375afa65ada","isMergeCommit":false,"messageTitle":"Add examples for alert feature in UG","messageBody":"","fileTypesAndContributionMap":{"docs":{"insertions":85,"deletions":2}}}]},{"date":"2025-04-04","commitResults":[{"hash":"cdc881ff1daeeae0540a2ae1c673fabac01b91c4","isMergeCommit":false,"messageTitle":"Add getRemainingBudget","messageBody":"","fileTypesAndContributionMap":{"functional-code":{"insertions":21,"deletions":1}}},{"hash":"4312713e8796a1a564ad15fe2a4543e3b619336d","isMergeCommit":false,"messageTitle":"Add content page to UG","messageBody":"","fileTypesAndContributionMap":{"docs":{"insertions":26,"deletions":8}}},{"hash":"e86cef6487e7f9fccfde01fc0ce724f360dad6e2","isMergeCommit":false,"messageTitle":"Add questions in FAQ","messageBody":"","fileTypesAndContributionMap":{"docs":{"insertions":125,"deletions":74}}},{"hash":"59b7aea34e69992dd7efe5fc8e833ece8b727492","isMergeCommit":false,"messageTitle":"Add bye feature in UG","messageBody":"","fileTypesAndContributionMap":{"docs":{"insertions":30,"deletions":13}}},{"hash":"eeeaf68ef8d90528618a3761c76e6f03855ca4b2","isMergeCommit":false,"messageTitle":"Fix getRemainingBudget","messageBody":"","fileTypesAndContributionMap":{"functional-code":{"insertions":1,"deletions":1}}}]},{"date":"2025-04-05","commitResults":[{"hash":"e3343befe56a446b0d16efa4c9278c1fdd617a7f","isMergeCommit":false,"messageTitle":"Add deletealert command","messageBody":"","fileTypesAndContributionMap":{"functional-code":{"insertions":101,"deletions":14}}},{"hash":"84449377fc90708fda6ba624e48b917f5a3b0f85","isMergeCommit":false,"messageTitle":"Add deletealert feature in UG","messageBody":"","fileTypesAndContributionMap":{"docs":{"insertions":18,"deletions":0}}},{"hash":"f98490fcd0afdecce670450bf9e0a260051fbba9","isMergeCommit":false,"messageTitle":"Standardise format for check-budget","messageBody":"","fileTypesAndContributionMap":{"functional-code":{"insertions":78,"deletions":29},"docs":{"insertions":34,"deletions":11}}},{"hash":"b2b0110b1857008d0e336652c86b2dc0065a9c7f","isMergeCommit":false,"messageTitle":"Add new functions to Ui class","messageBody":"","fileTypesAndContributionMap":{"functional-code":{"insertions":88,"deletions":19}}},{"hash":"6e8fd5db1b9d793d9829b8950e39fa1125e2b09b","isMergeCommit":false,"messageTitle":"Fix bug in add parser","messageBody":"","fileTypesAndContributionMap":{"functional-code":{"insertions":35,"deletions":14}}},{"hash":"6aa14887550489f18dc9fb785ec09be314ca3694","isMergeCommit":false,"messageTitle":"Fix exception handling for summary","messageBody":"","fileTypesAndContributionMap":{"functional-code":{"insertions":82,"deletions":32}}},{"hash":"94766def557682ac58ff2e481db72f99bfd0800c","isMergeCommit":false,"messageTitle":"Fix list time range error message","messageBody":"","fileTypesAndContributionMap":{"functional-code":{"insertions":49,"deletions":41}}},{"hash":"8662c050d7e727942121d29c2b9d6a0f599f4ba4","isMergeCommit":false,"messageTitle":"Update separator","messageBody":"","fileTypesAndContributionMap":{"functional-code":{"insertions":1,"deletions":1}}},{"hash":"23ab2839574219e68b9f4f5a9496fced77a0aa1f","isMergeCommit":false,"messageTitle":"Remove line separator","messageBody":"","fileTypesAndContributionMap":{"functional-code":{"insertions":0,"deletions":1}}},{"hash":"3e59e558d05d02224ccd3f6881effd6602dffc3d","isMergeCommit":false,"messageTitle":"Modify line separator in UI","messageBody":"","fileTypesAndContributionMap":{"functional-code":{"insertions":1,"deletions":0}}},{"hash":"b6744141e371c310362cb435d29e462218734496","isMergeCommit":false,"messageTitle":"Modify line separator","messageBody":"","fileTypesAndContributionMap":{"functional-code":{"insertions":1,"deletions":1}}}]},{"date":"2025-04-06","commitResults":[{"hash":"b84795293134e8a62c58133d803971200cd7af5d","isMergeCommit":true,"messageTitle":"Merge pull request #127 from manavm12/Update-DG","messageBody":"Update DG Format and Add Sequence and Class Diagrams","fileTypesAndContributionMap":{}}]}],"ae-24":[{"date":"2025-03-06","commitResults":[{"hash":"99423f2e371c5fd45f848c67f7ffee09d03d2b85","isMergeCommit":false,"messageTitle":"Update about us details","messageBody":"","fileTypesAndContributionMap":{"docs":{"insertions":3,"deletions":7}}}]},{"date":"2025-03-12","commitResults":[{"hash":"899e185fda9c2ce9d8ab0d9ec42014148b1acc27","isMergeCommit":false,"messageTitle":"Implement Expense, Budget, BudgetManager, and InputManager classes","messageBody":"This commit introduces the Expense, Budget, BudgetManager, and\nInputManager classes for managing budgets and expenses.\n\n- Expense: Tracks expenses with description, and amount.\n- Budget: Creates budgets with categories and optional limits, and\n  tracks expenses.\n- BudgetManager: Manages multiple budgets and assigns expenses to\n  specific categories.\n- InputManager: Handles user input, validates commands, and interacts\n  with BudgetManager.\n\nError handling and Javadoc documentation have been added. Basic test\ncases for Expense class are included.\n","fileTypesAndContributionMap":{"functional-code":{"insertions":211,"deletions":3},"test-code":{"insertions":61,"deletions":0}}},{"hash":"f074e31a66ad052da358beee3b445d02f0d17d89","isMergeCommit":false,"messageTitle":"Fix Checkstyle violations and improve code compliance","messageBody":"","fileTypesAndContributionMap":{"functional-code":{"insertions":6,"deletions":6},"other":{"insertions":1,"deletions":1},"test-code":{"insertions":6,"deletions":3}}},{"hash":"ff036ccb140ea3d2d5a4591cdd609a24349d70c6","isMergeCommit":true,"messageTitle":"Merge pull request #6 from ae-24/ZheHui-AddingExpenses","messageBody":"Implement Expense, Budget, BudgetManager, and InputManager classes","fileTypesAndContributionMap":{}}]},{"date":"2025-03-13","commitResults":[{"hash":"8255455f588e3502d8589856e774b9ab096783ea","isMergeCommit":false,"messageTitle":"Enhance JUnit tests and add Javadoc for Expense class","messageBody":"","fileTypesAndContributionMap":{"functional-code":{"insertions":17,"deletions":1},"test-code":{"insertions":6,"deletions":10}}},{"hash":"835c1c4fd175fda6b011b054687d4a2832f59c1a","isMergeCommit":true,"messageTitle":"Merge pull request #7 from ae-24/ZheHui-FixUnitTest","messageBody":"Enhance JUnit tests and add Javadoc for Expense class","fileTypesAndContributionMap":{}}]},{"date":"2025-03-19","commitResults":[{"hash":"8678059846bb1a679ae5cd0c70762824eba38cef","isMergeCommit":false,"messageTitle":"Add assertions to Expense, InputManager, and BudgetManager classes and fix Checkstyle issues","messageBody":"","fileTypesAndContributionMap":{"functional-code":{"insertions":18,"deletions":6}}},{"hash":"dc8c98147c1d4f404714c98a30b26e416b048aa5","isMergeCommit":false,"messageTitle":"Fix checkstyle violations and improve error handling in input processing","messageBody":"","fileTypesAndContributionMap":{"functional-code":{"insertions":11,"deletions":5}}},{"hash":"51ded7ebef47631395923cf0d0f6d37ecbb03d14","isMergeCommit":false,"messageTitle":"Remove unnecessary import","messageBody":"","fileTypesAndContributionMap":{"functional-code":{"insertions":1,"deletions":2}}},{"hash":"ffef171b79f47663e89366a0e65c75875a8d9c8c","isMergeCommit":true,"messageTitle":"Merge branch \u0027master\u0027 into AddAssertions","messageBody":"","fileTypesAndContributionMap":{}},{"hash":"4e0973c3f56064eb7ec6d6e518b4fa8c45fc9c08","isMergeCommit":false,"messageTitle":"Update test for toString() to match new format with amount and description","messageBody":"","fileTypesAndContributionMap":{"test-code":{"insertions":3,"deletions":5}}},{"hash":"eca214aa0f537af3746768daaf5cd407fad23cab","isMergeCommit":false,"messageTitle":"Remove unused imports","messageBody":"","fileTypesAndContributionMap":{"test-code":{"insertions":0,"deletions":3}}},{"hash":"49096fe1ce20d3246d3ada9baabf2c43b39d501f","isMergeCommit":false,"messageTitle":"Fix checkstyle errors and update expected output text","messageBody":"","fileTypesAndContributionMap":{"functional-code":{"insertions":7,"deletions":7}}},{"hash":"a3298052f433da3fde9d76da588c4edc07ca0611","isMergeCommit":true,"messageTitle":"Merge pull request #22 from ae-24/AddAssertions","messageBody":"Add assertions to Expense, InputManager, and BudgetManager classes an…","fileTypesAndContributionMap":{}}]},{"date":"2025-03-24","commitResults":[{"hash":"fdb465f4db611b7076f9435ecf787c856ecb2063","isMergeCommit":false,"messageTitle":"Implement Command class and subclasses with JavaDocs, add InputParser, and improve exception handling for adding expenses and budgets","messageBody":"","fileTypesAndContributionMap":{"functional-code":{"insertions":541,"deletions":72},"test-code":{"insertions":176,"deletions":0}}},{"hash":"08602af99d1fe4e35cda993c9bd62014a1b4fc39","isMergeCommit":false,"messageTitle":"Fix Gradle checkstyle errors and resolve code formatting issues","messageBody":"","fileTypesAndContributionMap":{"functional-code":{"insertions":27,"deletions":13},"test-code":{"insertions":25,"deletions":11}}},{"hash":"45f011cdde58bb297e8d884a20cb561fbfd0362f","isMergeCommit":true,"messageTitle":"Merge pull request #38 from ae-24/AddCommandClass","messageBody":"Implement Command class and subclasses, and add InputParser","fileTypesAndContributionMap":{}}]},{"date":"2025-03-28","commitResults":[{"hash":"fe35f6870a0ede2c5c368f847d61fcd9f6451207","isMergeCommit":false,"messageTitle":"Update Developer Guide","messageBody":"","fileTypesAndContributionMap":{"docs":{"insertions":9,"deletions":5}}},{"hash":"b75094330136943a888dd98b3f9d03c1c57629ce","isMergeCommit":true,"messageTitle":"Merge pull request #45 from ae-24/UpdateDeveloperGuide","messageBody":"Update Developer Guide","fileTypesAndContributionMap":{}}]},{"date":"2025-03-29","commitResults":[{"hash":"19ead3718970866762e218f78771615487f6baae","isMergeCommit":false,"messageTitle":"Add Edit Expense functionality and rename \u0027Monthly\u0027 budget to \u0027Overall\u0027 budget.","messageBody":"","fileTypesAndContributionMap":{"functional-code":{"insertions":191,"deletions":63},"test-code":{"insertions":25,"deletions":25}}},{"hash":"7652d920913e08ca8e33225884845c629c11a8e8","isMergeCommit":true,"messageTitle":"Merge pull request #49 from ae-24/AddEditExpense","messageBody":"Add Edit Expense functionality and rename \u0027Monthly\u0027 budget to \u0027Overal…","fileTypesAndContributionMap":{}}]},{"date":"2025-03-30","commitResults":[{"hash":"d02300455ecdbb66c632c394001c39563ab6957c","isMergeCommit":false,"messageTitle":"Improve error handling for Edit Expense function, add JavaDocs, and update Developer Guide, User Guide, and Personal Portfolio Page.","messageBody":"","fileTypesAndContributionMap":{"functional-code":{"insertions":61,"deletions":9},"docs":{"insertions":67,"deletions":19}}},{"hash":"7b92634dffbafcc1c3722b2e762493fcb9b3154a","isMergeCommit":false,"messageTitle":"Update text-ui-test to ensure consistent output formatting","messageBody":"","fileTypesAndContributionMap":{"other":{"insertions":6,"deletions":2}}},{"hash":"0f8661ad32c1cc897b0f5fd54d884f43904b2ecc","isMergeCommit":false,"messageTitle":"Update runtest.bat","messageBody":"","fileTypesAndContributionMap":{"other":{"insertions":8,"deletions":1}}}]},{"date":"2025-04-01","commitResults":[{"hash":"eb98ef15b81d9538abcc2ad955311a4fd6706593","isMergeCommit":false,"messageTitle":"Update User Guide and Developer Guide","messageBody":"","fileTypesAndContributionMap":{"docs":{"insertions":133,"deletions":1}}},{"hash":"b970eb2f30fab13ffb0d49fc190dfe79af44c1d1","isMergeCommit":true,"messageTitle":"Merge pull request #53 from ae-24/UpdateDG","messageBody":"Update User Guide and Developer Guide","fileTypesAndContributionMap":{}}]},{"date":"2025-04-02","commitResults":[{"hash":"ba105497194f27f5a93c5ca080c586751b497b9f","isMergeCommit":true,"messageTitle":"Merge pull request #54 from TayGuangSheng/TayGuangSheng-UG","messageBody":"Add features to Userguide","fileTypesAndContributionMap":{}}]},{"date":"2025-04-03","commitResults":[{"hash":"50563e2b8df69d3c9861a03a8b1666a5cb8f2d88","isMergeCommit":false,"messageTitle":"Update DG, UG, PPP and add Ui function for printing add expense message","messageBody":"","fileTypesAndContributionMap":{"docs":{"insertions":38,"deletions":0}}},{"hash":"2468cf42d43c2e13181282a9d90c89e75963b857","isMergeCommit":false,"messageTitle":"Add diagrams for DG","messageBody":"","fileTypesAndContributionMap":{"functional-code":{"insertions":18,"deletions":1},"docs":{"insertions":210,"deletions":49}}},{"hash":"0951af8c4584555e75e9db06ce86ef7dae47d6c8","isMergeCommit":true,"messageTitle":"Merge branch \u0027master\u0027 into UpdateDG","messageBody":"# Conflicts:\n#\tdocs/UserGuide.md\n","fileTypesAndContributionMap":{}},{"hash":"9baa6104a5b33a922894c07415be2430ddd8f861","isMergeCommit":false,"messageTitle":"Update UG","messageBody":"","fileTypesAndContributionMap":{"docs":{"insertions":14,"deletions":4}}}]},{"date":"2025-04-05","commitResults":[{"hash":"c26bff14d8e3fec2be5c4a245f9979e415393bea","isMergeCommit":true,"messageTitle":"Merge pull request #120 from TayGuangSheng/ImproveCommand","messageBody":"Improve command \u0026 UG","fileTypesAndContributionMap":{}}]},{"date":"2025-04-06","commitResults":[{"hash":"9c504dee2d9f199be3c90f5cbb09800fdbbc143b","isMergeCommit":true,"messageTitle":"Merge pull request #126 from juneja999/branch-AddRecurring","messageBody":"Branch add recurring","fileTypesAndContributionMap":{}}]}],"tejaskumar0":[{"date":"2025-03-06","commitResults":[{"hash":"a72b5ff4c33c3892438076c28402143bdbdd54dc","isMergeCommit":false,"messageTitle":"Tejas AboutUs","messageBody":"","fileTypesAndContributionMap":{"docs":{"insertions":3,"deletions":7}}},{"hash":"9360c4f59bb1e52957d82ecda687eecbd77f56a0","isMergeCommit":true,"messageTitle":"Merge branch \u0027master\u0027 into Tejas-AboutUs","messageBody":"","fileTypesAndContributionMap":{}},{"hash":"614e5bc0f486f249da3a22d2ad4508ed4854e0f4","isMergeCommit":true,"messageTitle":"Merge pull request #5 from tejaskumar0/Tejas-AboutUs","messageBody":"Tejas AboutUs","fileTypesAndContributionMap":{}}]},{"date":"2025-03-18","commitResults":[{"hash":"bd42c0a0ac292d26b8c7f94d76b850f9889ce448","isMergeCommit":false,"messageTitle":"Added Alert Feature","messageBody":"","fileTypesAndContributionMap":{"functional-code":{"insertions":114,"deletions":4}}},{"hash":"c31772121b885822e2554b1ed6417657efbed636","isMergeCommit":true,"messageTitle":"Merge branch \u0027master\u0027 into Tejas-AboutUs","messageBody":"","fileTypesAndContributionMap":{}},{"hash":"a10643be3c8b0412504f35a2b5ea6f5e7d59b969","isMergeCommit":true,"messageTitle":"Merge pull request #19 from tejaskumar0/Tejas-AboutUs","messageBody":"Added Alert Feature","fileTypesAndContributionMap":{}}]},{"date":"2025-03-19","commitResults":[{"hash":"a04d8604c02c23363def8be50a30e830d1e60244","isMergeCommit":false,"messageTitle":"Fixed Budget Alert system","messageBody":"","fileTypesAndContributionMap":{"functional-code":{"insertions":19,"deletions":57}}},{"hash":"e8a8fcdded78dcfa3b74f45bc414586b106ced45","isMergeCommit":false,"messageTitle":"Fixed the alerts","messageBody":"","fileTypesAndContributionMap":{"functional-code":{"insertions":1,"deletions":1}}},{"hash":"3ed40e50a65d1e699383bff784299ab1018948e3","isMergeCommit":false,"messageTitle":"Fixed the alert","messageBody":"","fileTypesAndContributionMap":{"functional-code":{"insertions":1,"deletions":1}}},{"hash":"057d594fc03173ef43c3a4cceedf78a381e87c32","isMergeCommit":true,"messageTitle":"Merge pull request #21 from tejaskumar0/Tejas-AboutUs","messageBody":"fixing alerts","fileTypesAndContributionMap":{}},{"hash":"3689acfdb0215a7e8faa8712bf21fcb2e2c1d9fb","isMergeCommit":false,"messageTitle":"added set budget","messageBody":"","fileTypesAndContributionMap":{"functional-code":{"insertions":39,"deletions":1}}},{"hash":"e36697358a62e62ee2618c50d716513467440e46","isMergeCommit":true,"messageTitle":"Merge pull request #23 from tejaskumar0/Tejas-AboutUs","messageBody":"added set budget","fileTypesAndContributionMap":{}}]},{"date":"2025-03-20","commitResults":[{"hash":"f16ca230f1dfa79d8f67e4d7ee420b62f61636c8","isMergeCommit":true,"messageTitle":"Merge branch \u0027master\u0027 into Tejas-AboutUs","messageBody":"","fileTypesAndContributionMap":{}},{"hash":"2193d7249d06567b7e6ac8ce3adfc758635b74bd","isMergeCommit":true,"messageTitle":"Merge branch \u0027Tejas-AboutUs\u0027","messageBody":"","fileTypesAndContributionMap":{}}]},{"date":"2025-03-25","commitResults":[{"hash":"8ce0365e0c3cb8fc3be5be027fbd16ba50e0b894","isMergeCommit":true,"messageTitle":"Merge branch \u0027master\u0027 of https://github.com/tejaskumar0/tp","messageBody":"","fileTypesAndContributionMap":{}}]},{"date":"2025-03-26","commitResults":[{"hash":"8e440ee546c20789024488ab6cee846bd670e983","isMergeCommit":false,"messageTitle":"Add storage feature to StorageManager","messageBody":"","fileTypesAndContributionMap":{"functional-code":{"insertions":4,"deletions":0}}},{"hash":"14f509e7e59034bb598dc9555aea55261a1d43e4","isMergeCommit":false,"messageTitle":"Add local storage feature before merging","messageBody":"","fileTypesAndContributionMap":{"functional-code":{"insertions":154,"deletions":2}}},{"hash":"59f78b91ff263e84506ec984c09c62eb6cd4fefe","isMergeCommit":true,"messageTitle":"Storage feature","messageBody":"","fileTypesAndContributionMap":{}},{"hash":"729e60ab99275ceaa3d95e5387986afc54e7b3f1","isMergeCommit":false,"messageTitle":"Save progress before switching to master","messageBody":"","fileTypesAndContributionMap":{"functional-code":{"insertions":14,"deletions":7},"test-code":{"insertions":1,"deletions":1}}},{"hash":"ff9fc3bd4164cf3be406535b14b63b80ee73dea3","isMergeCommit":true,"messageTitle":"Merge pull request #41 from tejaskumar0/master","messageBody":"Added storage","fileTypesAndContributionMap":{}}]},{"date":"2025-04-02","commitResults":[{"hash":"4a5d25c3324b542ec5b84fde60b1566687ff29e8","isMergeCommit":false,"messageTitle":"Add UML diagram for StorageManager","messageBody":"","fileTypesAndContributionMap":{"docs":{"insertions":11,"deletions":0}}},{"hash":"03ba4418f1017bdbec519ba727ba9fdf2b4eef0e","isMergeCommit":true,"messageTitle":"Merge branch \u0027AY2425S2-CS2113-T12-4:master\u0027 into master","messageBody":"","fileTypesAndContributionMap":{}},{"hash":"77cf8f41847fad18bb03cee9bdd75856bb009cc0","isMergeCommit":false,"messageTitle":"Update DeveloperGuide and add StorageManager .puml diagram","messageBody":"","fileTypesAndContributionMap":{"docs":{"insertions":51,"deletions":7}}},{"hash":"0d7a9a1f6b3475157d9b4a067eeb6dd5d4bd05ed","isMergeCommit":false,"messageTitle":"Add PPP for Tejas","messageBody":"","fileTypesAndContributionMap":{"docs":{"insertions":30,"deletions":0}}},{"hash":"0cd2cf94a147609c6607afca116ba0c2bd16c5bb","isMergeCommit":true,"messageTitle":"Merge pull request #58 from tejaskumar0/master","messageBody":"Add PPP for Tejas","fileTypesAndContributionMap":{}}]},{"date":"2025-04-03","commitResults":[{"hash":"3674b51adba28b12ec091dd1f36bcbb02b524394","isMergeCommit":false,"messageTitle":"Add EditAlertCommand class","messageBody":"","fileTypesAndContributionMap":{"functional-code":{"insertions":41,"deletions":0}}},{"hash":"170b64ade5bf2eb608ad5eecf9d9c932c1a7512d","isMergeCommit":true,"messageTitle":"Merge pull request #68 from tejaskumar0/master","messageBody":"Add EditAlertCommand class","fileTypesAndContributionMap":{}}]},{"date":"2025-04-05","commitResults":[{"hash":"39e7772536ffb9f85af014707545ce1642f18d50","isMergeCommit":true,"messageTitle":"Merge pull request #121 from TayGuangSheng/DeleteAlertCommand","messageBody":"Delete alert command","fileTypesAndContributionMap":{}},{"hash":"a65acbf2dc8db4d3f318cbb81eb7f5c4e2b776f0","isMergeCommit":true,"messageTitle":"Merge pull request #122 from TayGuangSheng/FixBug","messageBody":"Fix add expense and list bug","fileTypesAndContributionMap":{}}]},{"date":"2025-04-06","commitResults":[{"hash":"fbae36e0414232a611c84db936b2d84de0320c24","isMergeCommit":false,"messageTitle":"Added Hit Alert","messageBody":"","fileTypesAndContributionMap":{"functional-code":{"insertions":17,"deletions":2},"docs":{"insertions":5,"deletions":0},"test-code":{"insertions":41,"deletions":2}}},{"hash":"3ec987aa19206ddad8ea1c29826cf8d06ed46c9f","isMergeCommit":false,"messageTitle":"Fixed Hit Alert","messageBody":"","fileTypesAndContributionMap":{"test-code":{"insertions":0,"deletions":3}}},{"hash":"fd871c991ac557fa19aae9fcc5ab974bdc5f698c","isMergeCommit":false,"messageTitle":"fixed Hit Alert","messageBody":"","fileTypesAndContributionMap":{"functional-code":{"insertions":1,"deletions":0}}},{"hash":"54169252d209535956a3fa2ecb99ee1bdb8ad7bd","isMergeCommit":true,"messageTitle":"Merge pull request #125 from tejaskumar0/master","messageBody":"Fixed Hit Alert","fileTypesAndContributionMap":{}}]}]},"authorFileTypeContributionMap":{"manavm12":{"docs":597,"functional-code":585,"test-code":76},"juneja999":{"docs":166,"functional-code":603,"test-code":159},"TayGuangSheng":{"docs":443,"functional-code":769,"test-code":63,"other":2},"ae-24":{"docs":374,"functional-code":762,"test-code":230,"other":14},"tejaskumar0":{"docs":89,"functional-code":269,"test-code":38}},"authorContributionVariance":{"manavm12":29958.527,"juneja999":9446.597,"TayGuangSheng":17869.316,"ae-24":21867.916,"tejaskumar0":1539.4845},"authorDisplayNameMap":{"manavm12":"CS2113-T12-4 MANA..EHTA","juneja999":"CS2113-T12-4 JUNE..SHAT","TayGuangSheng":"CS2113-T12-4 TAY ..HENG","ae-24":"CS2113-T12-4 TAN .. HUI","tejaskumar0":"CS2113-T12-4 TEJA..UMAR"}}
