{"authorDailyContributionsMap":{"rodi-314":[{"date":"2025-03-07","commitResults":[{"hash":"4f247813c7337525fc3e13e677f76a35a34102ab","isMergeCommit":false,"messageTitle":"Update AboutUs.md","messageBody":"","fileTypesAndContributionMap":{"other":{"insertions":68,"deletions":0},"docs":{"insertions":1,"deletions":5}}},{"hash":"878e31af2212bada5adfa357bb62421277089975","isMergeCommit":true,"messageTitle":"Merge pull request #1 from rodi-314/roderick-AboutUs","messageBody":"Update AboutUs.md","fileTypesAndContributionMap":{}},{"hash":"e2da6cd1b3d35ea6a4efddb5287b62ade6f52ba0","isMergeCommit":false,"messageTitle":"Add teams/rodi-314.md file","messageBody":"","fileTypesAndContributionMap":{"docs":{"insertions":0,"deletions":0}}},{"hash":"a01a1ab11c18509b665bd5555c77517e85ceedc4","isMergeCommit":true,"messageTitle":"Merge pull request #4 from rodi-314/roderick-AboutUs","messageBody":"Add teams/rodi-314.md file","fileTypesAndContributionMap":{}}]},{"date":"2025-03-14","commitResults":[{"hash":"19e83e04b164967ba089245385694a3fc15c88ec","isMergeCommit":false,"messageTitle":"Add typing speed feature","messageBody":"","fileTypesAndContributionMap":{"functional-code":{"insertions":4,"deletions":0}}},{"hash":"8cabbb39e7b06fd6de154a26f32ec5758ff67be9","isMergeCommit":false,"messageTitle":"Add missing files","messageBody":"","fileTypesAndContributionMap":{"functional-code":{"insertions":23,"deletions":3}}},{"hash":"07247e8e20ea31c1a22d1c2585addb4b8abbf421","isMergeCommit":true,"messageTitle":"Merge pull request #19 from rodi-314/feature-Typing-Speed","messageBody":"Feature typing speed","fileTypesAndContributionMap":{}}]},{"date":"2025-03-20","commitResults":[{"hash":"f590bc4c94b3080d5ba7cc4b712ca671268f8baf","isMergeCommit":false,"messageTitle":"Add CPM typing speed, JUnit tests, assertions, and logging","messageBody":"","fileTypesAndContributionMap":{"functional-code":{"insertions":39,"deletions":25},"other":{"insertions":5,"deletions":7},"test-code":{"insertions":41,"deletions":0}}},{"hash":"a4b2b6e22f78f899d4b2bd8b91a92f71efc3a036","isMergeCommit":false,"messageTitle":"Refactor typing accuracy printed lines into Ui class, check if timer is stopped after it is started","messageBody":"","fileTypesAndContributionMap":{"functional-code":{"insertions":12,"deletions":4},"other":{"insertions":2,"deletions":2},"test-code":{"insertions":11,"deletions":1}}},{"hash":"74bdd29700f42b1957194a26804ab8d74b232153","isMergeCommit":true,"messageTitle":"Merge branch \u0027master\u0027 of https://github.com/AY2425S2-CS2113-F13-2/tp into feature-Typing-Speed","messageBody":"","fileTypesAndContributionMap":{}}]},{"date":"2025-03-21","commitResults":[{"hash":"5bef0775f0d78b12aadb53dc9df9829459dd3b8d","isMergeCommit":false,"messageTitle":"Update text-ui-text","messageBody":"","fileTypesAndContributionMap":{"functional-code":{"insertions":5,"deletions":1}}},{"hash":"e4d196fd90dc1d9218888dc4c88f9fc59b9921ec","isMergeCommit":true,"messageTitle":"Merge pull request #32 from rodi-314/feature-Typing-Speed","messageBody":"Refactor typing accuracy printed lines into Ui class, check if timer is stopped after it is started","fileTypesAndContributionMap":{}}]},{"date":"2025-03-27","commitResults":[{"hash":"6eef374ead47501e01f7197fc73f49d2297efa26","isMergeCommit":true,"messageTitle":"Merge pull request #47 from ravi-viswa105/Zen_Mode","messageBody":"Fix bug with Zen Mode crashing after completion","fileTypesAndContributionMap":{}},{"hash":"469d389259847bc923ef890d960c702f97dbdd61","isMergeCommit":false,"messageTitle":"Add TypingTarget classes","messageBody":"","fileTypesAndContributionMap":{"functional-code":{"insertions":171,"deletions":111}}},{"hash":"1a2f6f630f69ff8735861aa433f66eeaab16b34a","isMergeCommit":true,"messageTitle":"Resolve merge conflicts","messageBody":"","fileTypesAndContributionMap":{}},{"hash":"b22ad4fe00720d8c1467e47f1c1378d07156db08","isMergeCommit":false,"messageTitle":"Add interface to add typing targets","messageBody":"","fileTypesAndContributionMap":{"functional-code":{"insertions":63,"deletions":27},"other":{"insertions":16,"deletions":16}}}]},{"date":"2025-03-28","commitResults":[{"hash":"11be46bd49514f00370e0e9faaeb2d2656e926e7","isMergeCommit":false,"messageTitle":"Add functionality to show when targets are hit, improve formatting of various ui statements","messageBody":"","fileTypesAndContributionMap":{"functional-code":{"insertions":88,"deletions":23}}},{"hash":"7ddbf3681bdcec786c69ad9a5d6118dc09500afc","isMergeCommit":false,"messageTitle":"Update DG with user stories","messageBody":"","fileTypesAndContributionMap":{"functional-code":{"insertions":6,"deletions":4},"docs":{"insertions":22,"deletions":9}}},{"hash":"bd4ec077527c776c6cba81fb24b9cb4587e96919","isMergeCommit":false,"messageTitle":"Update DG with Typing Targets feature","messageBody":"","fileTypesAndContributionMap":{"docs":{"insertions":10,"deletions":0}}},{"hash":"f23f72a5d99a4c24ee52b28e04d53506cfbef809","isMergeCommit":false,"messageTitle":"Resolve indentation issue","messageBody":"","fileTypesAndContributionMap":{"functional-code":{"insertions":134,"deletions":134}}},{"hash":"633de19d11748378ed834517003b89d56b785384","isMergeCommit":false,"messageTitle":"Resolve indentation error final","messageBody":"","fileTypesAndContributionMap":{"functional-code":{"insertions":135,"deletions":135}}},{"hash":"7b438130720ab28b1c1a04a252cc085f0f86ce9c","isMergeCommit":true,"messageTitle":"Merge pull request #49 from shanicetanhui/tp-AutoAdjustDifficulty","messageBody":"Added AutoAdjust and Milestones.","fileTypesAndContributionMap":{}}]},{"date":"2025-03-31","commitResults":[{"hash":"63d5f7eadd2018ddc1757b17500b4691adf96b65","isMergeCommit":true,"messageTitle":"Merge pull request #52 from ravi-viswa105/Zen_Mode","messageBody":"","fileTypesAndContributionMap":{}}]},{"date":"2025-04-01","commitResults":[{"hash":"c344c8366353cf63f6f6b9601c2ba46c8493841d","isMergeCommit":false,"messageTitle":"Update UG","messageBody":"","fileTypesAndContributionMap":{"docs":{"insertions":42,"deletions":2}}},{"hash":"efb4fc83db84764f7088992608ed4ad40d218642","isMergeCommit":false,"messageTitle":"Update PPP","messageBody":"","fileTypesAndContributionMap":{"docs":{"insertions":0,"deletions":7}}},{"hash":"0c04ff61ef3132d4e1fa9b5a57df3eba9e2e5bae","isMergeCommit":false,"messageTitle":"Update DG","messageBody":"","fileTypesAndContributionMap":{"docs":{"insertions":2,"deletions":0}}},{"hash":"5f869538068ff9677ce9367ae2a36071e602b82a","isMergeCommit":false,"messageTitle":"Add JavaDoc comments","messageBody":"","fileTypesAndContributionMap":{"functional-code":{"insertions":64,"deletions":2}}},{"hash":"af6c2ab20cbaea2d1fb227d5a098c7c2fbeed664","isMergeCommit":false,"messageTitle":"Add saving feature for targets","messageBody":"","fileTypesAndContributionMap":{"functional-code":{"insertions":285,"deletions":72}}},{"hash":"20e06b50938fd618ca2037884172e5bc87c008fa","isMergeCommit":true,"messageTitle":"Merge branch \u0027master\u0027 of https://github.com/AY2425S2-CS2113-F13-2/tp into feature-Save-Typing-Target","messageBody":"","fileTypesAndContributionMap":{}},{"hash":"3f9760eb945e9ad4045aec744500b526136c6738","isMergeCommit":false,"messageTitle":"Update UG","messageBody":"","fileTypesAndContributionMap":{"functional-code":{"insertions":1,"deletions":1},"docs":{"insertions":9,"deletions":5}}},{"hash":"36b4ab4a786bd7ac1355364602a0655a40009166","isMergeCommit":false,"messageTitle":"Resolve errors in Gradle","messageBody":"","fileTypesAndContributionMap":{"functional-code":{"insertions":42,"deletions":28}}}]},{"date":"2025-04-02","commitResults":[{"hash":"67e953520af68b0348eef0115661dd8507478b1f","isMergeCommit":true,"messageTitle":"Resolve merge conflicts","messageBody":"","fileTypesAndContributionMap":{}},{"hash":"90d227162f672c39781804fccdccfcf925415833","isMergeCommit":false,"messageTitle":"Remove unused imports","messageBody":"","fileTypesAndContributionMap":{"functional-code":{"insertions":0,"deletions":7}}}]}],"shanicetanhui":[{"date":"2025-03-07","commitResults":[{"hash":"c3ce05a5318fe9efcee0979aad8405a82e716009","isMergeCommit":false,"messageTitle":"Updated \"About Us\"","messageBody":"","fileTypesAndContributionMap":{"docs":{"insertions":1,"deletions":7}}},{"hash":"1b7c2d2ae0bdba7f19e1ecbd04e287b65392c0d4","isMergeCommit":true,"messageTitle":"Merge branch \u0027master\u0027 of https://github.com/AY2425S2-CS2113-F13-2/tp into Shanice-AboutUs","messageBody":"* \u0027master\u0027 of https://github.com/AY2425S2-CS2113-F13-2/tp:\n  Update AboutUs to include member information\n  Edit AboutUs to include member information\n  Add teams/rodi-314.md file\n  Update AboutUs.md\n\n# Conflicts:\n#\tdocs/AboutUs.md\n","fileTypesAndContributionMap":{}},{"hash":"be9444504a62131cbfef5be0177bc4c5d4100c83","isMergeCommit":true,"messageTitle":"Merge pull request #2 from shanicetanhui/Shanice-AboutUs","messageBody":"Updated \"About Us\"","fileTypesAndContributionMap":{}},{"hash":"12dd8269849ea1042352550e5f5ff0323a468f82","isMergeCommit":false,"messageTitle":"Update AboutUs.md","messageBody":"","fileTypesAndContributionMap":{"docs":{"insertions":1,"deletions":1}}}]},{"date":"2025-03-13","commitResults":[{"hash":"3f9ad0d885e336988fe235cb30eec6410347ae28","isMergeCommit":false,"messageTitle":"Add Basic Ui (BoboType.java, Parser.java, Ui.java)","messageBody":"","fileTypesAndContributionMap":{"functional-code":{"insertions":133,"deletions":0}}},{"hash":"46a765f4e26a1abe34a6c4fd84040d30716a54f7","isMergeCommit":true,"messageTitle":"Merge pull request #13 from shanicetanhui/tP-BasicUi","messageBody":"Add Basic Ui (BoboType.java, Parser.java, Ui.java)","fileTypesAndContributionMap":{}}]},{"date":"2025-03-20","commitResults":[{"hash":"63b78a27d25408d3e909038baf01016cf41fc0df","isMergeCommit":false,"messageTitle":"Added JUnit Tests: UiTest","messageBody":"","fileTypesAndContributionMap":{"functional-code":{"insertions":3,"deletions":2},"test-code":{"insertions":39,"deletions":0}}},{"hash":"774d22c0abaf6fb328976b7fad5daefd600188e7","isMergeCommit":true,"messageTitle":"Merge branch \u0027master\u0027 into tP-BasicUi","messageBody":"","fileTypesAndContributionMap":{}},{"hash":"f45b2dffe8258f6cb0db4c942ec1c9eb256b2de3","isMergeCommit":true,"messageTitle":"Merge pull request #31 from shanicetanhui/master","messageBody":"Added UiTest","fileTypesAndContributionMap":{}}]},{"date":"2025-03-25","commitResults":[{"hash":"d80d8a84ec78e4b2a76f3efab48af6e88af045bb","isMergeCommit":true,"messageTitle":"Merge pull request #43 from hyunjinkim1112/Hyunjin-v2.0","messageBody":"Hyunjin v2.0: added timeLimit mode (2nd try) ","fileTypesAndContributionMap":{}}]},{"date":"2025-03-27","commitResults":[{"hash":"3777f87ce866da0e7f2660e1f5907a47e65e1f64","isMergeCommit":true,"messageTitle":"Merge pull request #46 from ravi-viswa105/Zen_Mode","messageBody":"Zen mode","fileTypesAndContributionMap":{}},{"hash":"86713d93e8058b92c5083fcf6415c25594558d11","isMergeCommit":true,"messageTitle":"Merge pull request #45 from Sean2110/SeanPoon-Record","messageBody":"Add highScoreList","fileTypesAndContributionMap":{}}]},{"date":"2025-03-28","commitResults":[{"hash":"b03c0d4df732727c4d795ebebd6870244272458b","isMergeCommit":false,"messageTitle":"Added AutoAdjust and Milestones to automatically adjust the difficulty based on user progress.","messageBody":"","fileTypesAndContributionMap":{"functional-code":{"insertions":216,"deletions":6}}},{"hash":"4c7f96964e5d5738ab2be734a9da8e84ba4ef02e","isMergeCommit":false,"messageTitle":"Fixed formatting","messageBody":"","fileTypesAndContributionMap":{"functional-code":{"insertions":10,"deletions":8}}},{"hash":"9d78b364b17b64cdcb16bea2011aa328b256093e","isMergeCommit":true,"messageTitle":"Merge pull request #48 from rodi-314/feature-Typing-Target","messageBody":"Close #38 Feature typing target","fileTypesAndContributionMap":{}},{"hash":"c5e52ad3dcd204a0b0a4a0ac75a3dbeb73a9810a","isMergeCommit":true,"messageTitle":"Merge branch \u0027master\u0027 into tp-AutoAdjustDifficulty","messageBody":"","fileTypesAndContributionMap":{}},{"hash":"5ea766931e22ee5928111dbab655922b31f52296","isMergeCommit":false,"messageTitle":"Fix merge conflicts","messageBody":"","fileTypesAndContributionMap":{"functional-code":{"insertions":1,"deletions":1}}}]},{"date":"2025-03-31","commitResults":[{"hash":"87112981989eced77215bd0fa929fff7f56ea6b9","isMergeCommit":false,"messageTitle":"Fixed Gradle Build Failures","messageBody":"","fileTypesAndContributionMap":{"functional-code":{"insertions":36,"deletions":20}}},{"hash":"d8ca65f29848b27c76ff66372eabdd10292574de","isMergeCommit":true,"messageTitle":"Merged upstream","messageBody":"","fileTypesAndContributionMap":{}},{"hash":"ad88c49f1b69cb7f7f930a3b867df0719717c9cd","isMergeCommit":false,"messageTitle":"Updated DG with Target User Profile and Value Proposition","messageBody":"","fileTypesAndContributionMap":{"docs":{"insertions":36,"deletions":4}}},{"hash":"8a0c946edaeecf6f2bd4066d24ee785a0e81f27b","isMergeCommit":false,"messageTitle":"Updated DG with Milestones feature","messageBody":"","fileTypesAndContributionMap":{"docs":{"insertions":26,"deletions":1}}},{"hash":"61ef90518187a2419bd53967931070f8d1c6694e","isMergeCommit":false,"messageTitle":"Adjusted logic of AutoAdjust to be based on highScore.","messageBody":"","fileTypesAndContributionMap":{"functional-code":{"insertions":12,"deletions":9}}},{"hash":"e149b203a20052e81461fbe3ce1811a0c9f8ee79","isMergeCommit":true,"messageTitle":"Merge branch \u0027master\u0027 into tp-AutoAdjustDifficulty","messageBody":"","fileTypesAndContributionMap":{}}]},{"date":"2025-04-01","commitResults":[{"hash":"9dbee4cd7dab66c0d8109423a5b46e7fef77e751","isMergeCommit":true,"messageTitle":"Merge pull request #56 from ravi-viswa105/Parser","messageBody":"Add Parser and Command class","fileTypesAndContributionMap":{}},{"hash":"d3378ec8898982193f7d9203d626b835254d2432","isMergeCommit":false,"messageTitle":"Updated DG with Progress Report Feature.","messageBody":"","fileTypesAndContributionMap":{"docs":{"insertions":20,"deletions":0}}},{"hash":"dcb5aacb3101360ffeb9097ae9e791dd474ae80c","isMergeCommit":false,"messageTitle":"Updated DG with Project Scope","messageBody":"","fileTypesAndContributionMap":{"docs":{"insertions":133,"deletions":4}}},{"hash":"94f3b8318c383120c6eba287437a1d82c92b9a82","isMergeCommit":true,"messageTitle":"Merge pull request #63 from ravi-viswa105/Documentation","messageBody":"Update DG and PPP","fileTypesAndContributionMap":{}}]},{"date":"2025-04-02","commitResults":[{"hash":"cde9daae61da20cbe256a437abe7ee94552e1509","isMergeCommit":true,"messageTitle":"Merge pull request #65 from ravi-viswa105/Documentation","messageBody":"Remove unused headers from DG","fileTypesAndContributionMap":{}}]}],"Sean2110":[{"date":"2025-03-07","commitResults":[{"hash":"8dd5532f8ab2059a530c451ef5ab15c40413a77f","isMergeCommit":false,"messageTitle":"update docs/AboutUs.md page","messageBody":"","fileTypesAndContributionMap":{"docs":{"insertions":4,"deletions":7}}},{"hash":"0179fa7eceee13072de97dfe4444dd4c7f907f0a","isMergeCommit":true,"messageTitle":"update docs/AboutUs.md page","messageBody":"","fileTypesAndContributionMap":{}},{"hash":"017b9be77f164ff410a9b5d83deded2d52346d03","isMergeCommit":true,"messageTitle":"update docs/AboutUs.md page","messageBody":"","fileTypesAndContributionMap":{}},{"hash":"faec67776c01be78c5c77babf9a3fcf03ed79936","isMergeCommit":true,"messageTitle":"Merge pull request #3 from Sean2110/SeanPoon-AboutUs","messageBody":"update docs/AboutUs.md page","fileTypesAndContributionMap":{}}]},{"date":"2025-03-19","commitResults":[{"hash":"de5b99024e8e0c8a88a0a24b62854785dd044595","isMergeCommit":false,"messageTitle":"Use state to access storage","messageBody":"","fileTypesAndContributionMap":{"functional-code":{"insertions":67,"deletions":0}}},{"hash":"a40c1238c47ee59b3db60beaaf8a460998e00c17","isMergeCommit":true,"messageTitle":"Merge pull request #27 from Sean2110/SeanPoon-Record","messageBody":"Use state to access storage","fileTypesAndContributionMap":{}},{"hash":"0f26e07270a94d67627fd4fe567058d6944ea706","isMergeCommit":false,"messageTitle":"Changed State according to comments","messageBody":"","fileTypesAndContributionMap":{"functional-code":{"insertions":4,"deletions":2}}}]},{"date":"2025-03-20","commitResults":[{"hash":"f3712d89a12cf0eb2d7a7da6abaea98fe04fe599","isMergeCommit":false,"messageTitle":"Add junit test, assertions and logging for StorageTest and StateTest","messageBody":"","fileTypesAndContributionMap":{"test-code":{"insertions":114,"deletions":0}}},{"hash":"80cccd0575b9e0d0aa8f16618555d8f0c715a357","isMergeCommit":false,"messageTitle":"fix junit test, assertions and logging for StorageTest and StateTest","messageBody":"","fileTypesAndContributionMap":{"functional-code":{"insertions":5,"deletions":6},"test-code":{"insertions":11,"deletions":1}}},{"hash":"a3bfd06bd5de1fa773a72a16d396417b3f50de2d","isMergeCommit":true,"messageTitle":"Merge branch \u0027master\u0027 into SeanPoon-Record","messageBody":"","fileTypesAndContributionMap":{}},{"hash":"56e39b0e19cd145ea0971932257773de098fed38","isMergeCommit":false,"messageTitle":"resolve merge conflict","messageBody":"","fileTypesAndContributionMap":{"functional-code":{"insertions":0,"deletions":10}}},{"hash":"6e45d70de7a49b33dbf4b2ed831e01e17f7b0b7c","isMergeCommit":false,"messageTitle":"fix stateTest checkstyle","messageBody":"","fileTypesAndContributionMap":{"test-code":{"insertions":4,"deletions":3}}},{"hash":"a907d5d2d7f210d53c554780da97a9546b35f886","isMergeCommit":false,"messageTitle":"add assert to State","messageBody":"","fileTypesAndContributionMap":{"functional-code":{"insertions":1,"deletions":0},"other":{"insertions":0,"deletions":1}}},{"hash":"be2422afd83d9155a1e7dc4e79107ea97fde08ca","isMergeCommit":true,"messageTitle":"Merge pull request #28 from Sean2110/SeanPoon-Record","messageBody":"Fix junit test, assertions and logging for StorageTest and StateTest","fileTypesAndContributionMap":{}},{"hash":"bc4a9ad4a34c147b4b83e1c3d2594ecca3dcc1f8","isMergeCommit":false,"messageTitle":"fix storage and modify highscore in ui","messageBody":"","fileTypesAndContributionMap":{"functional-code":{"insertions":15,"deletions":3}}}]},{"date":"2025-03-21","commitResults":[{"hash":"9874dfaa302ab056b4c6f606b00aa730987b6d7e","isMergeCommit":true,"messageTitle":"Merge branch \u0027master\u0027 into SeanPoon-Record","messageBody":"","fileTypesAndContributionMap":{}},{"hash":"db265215dbc3e132f1b385835092f820dde5afff","isMergeCommit":false,"messageTitle":"Add SampleTextReader and fix data path","messageBody":"","fileTypesAndContributionMap":{"functional-code":{"insertions":63,"deletions":4}}},{"hash":"90edf897e176f943afb62609107d288c09df178e","isMergeCommit":true,"messageTitle":"Merge branch \u0027SeanPoon-Record\u0027 of github.com:Sean2110/tp into SeanPoon-Record","messageBody":"","fileTypesAndContributionMap":{}},{"hash":"84ac08e26ad12e2a776d3bd311cf416fa2991d5e","isMergeCommit":true,"messageTitle":"Merge remote-tracking branch \u0027upstream/master\u0027 into SeanPoon-Record","messageBody":"","fileTypesAndContributionMap":{}},{"hash":"d53669fd8335bc117e4fef6331261d6d2def37e6","isMergeCommit":false,"messageTitle":"Fix checkstyle and UiTest","messageBody":"","fileTypesAndContributionMap":{"functional-code":{"insertions":90,"deletions":25},"test-code":{"insertions":22,"deletions":2}}},{"hash":"be97cf81b3eeb5c1842fa48e7a51926fa242b6f7","isMergeCommit":false,"messageTitle":"Remove file exception throwing checks","messageBody":"","fileTypesAndContributionMap":{"test-code":{"insertions":0,"deletions":6}}},{"hash":"3a9adcb9cb5561af9c1e39467b54a045bee01075","isMergeCommit":false,"messageTitle":"Remove file exception throwing checks in TextSelector","messageBody":"","fileTypesAndContributionMap":{"functional-code":{"insertions":0,"deletions":1}}},{"hash":"70eaa31f142f1790d89c69c1986713b0b5416a27","isMergeCommit":false,"messageTitle":"Fix warning in TextSelector","messageBody":"","fileTypesAndContributionMap":{"functional-code":{"insertions":1,"deletions":6}}},{"hash":"ea241438427a574b0eeef3e6996faeb1c5981999","isMergeCommit":false,"messageTitle":"Fix SampleTextReader","messageBody":"","fileTypesAndContributionMap":{"functional-code":{"insertions":5,"deletions":1}}},{"hash":"e70e1e17220c1a43fd317b84005eb654385e1725","isMergeCommit":false,"messageTitle":"Fix SampleTextReader","messageBody":"","fileTypesAndContributionMap":{"functional-code":{"insertions":9,"deletions":7},"test-code":{"insertions":1,"deletions":1}}},{"hash":"7dd4b6ccb67e320358404dd5836207ab734f04cb","isMergeCommit":true,"messageTitle":"Merge pull request #34 from Sean2110/SeanPoon-Record","messageBody":"Remove file exception throwing checks in TextSelector","fileTypesAndContributionMap":{}},{"hash":"49cf3115a38515ea59457a14749e95ece5dbfa4c","isMergeCommit":false,"messageTitle":"Fix highScore","messageBody":"","fileTypesAndContributionMap":{"functional-code":{"insertions":5,"deletions":1},"test-code":{"insertions":3,"deletions":3}}},{"hash":"8d77e3c90ba21cfb292d45f6d2d04c882beda48e","isMergeCommit":true,"messageTitle":"Merge pull request #35 from Sean2110/SeanPoon-Record","messageBody":"Fix highScore","tags":["v1.1"],"fileTypesAndContributionMap":{}}]},{"date":"2025-03-26","commitResults":[{"hash":"242a7ee0f4a2ef36287b8978f87019acd7c58485","isMergeCommit":false,"messageTitle":"Add highScoreList","messageBody":"","fileTypesAndContributionMap":{"functional-code":{"insertions":164,"deletions":100},"test-code":{"insertions":5,"deletions":5}}}]},{"date":"2025-03-27","commitResults":[{"hash":"9724b7884403416913427c107f57ee66b59de408","isMergeCommit":false,"messageTitle":"Fix Storage and State and add more test in StorageTest and StateTest","messageBody":"","fileTypesAndContributionMap":{"functional-code":{"insertions":126,"deletions":147},"test-code":{"insertions":71,"deletions":21}}},{"hash":"ff16ea1989d8307c9efc95de91a61b1d9f8eac84","isMergeCommit":false,"messageTitle":"Fix StorageTest","messageBody":"","fileTypesAndContributionMap":{"test-code":{"insertions":0,"deletions":16}}},{"hash":"02cff9e1d0173e9da95d03045ffcca4a5c27ec7d","isMergeCommit":true,"messageTitle":"Merge branch \u0027master\u0027 into SeanPoon-Record","messageBody":"","fileTypesAndContributionMap":{}},{"hash":"d795e9163559aaaf6655f9b9b7321098c8cd1e81","isMergeCommit":false,"messageTitle":"Fix BoboType","messageBody":"","fileTypesAndContributionMap":{"functional-code":{"insertions":1,"deletions":1}}}]},{"date":"2025-03-28","commitResults":[{"hash":"084102268cf8d695fa7f0285c7083bbbeb67c9f6","isMergeCommit":false,"messageTitle":"Add user guide","messageBody":"","fileTypesAndContributionMap":{"docs":{"insertions":119,"deletions":17}}},{"hash":"50aa96ccac2a023014d6d48440242d190108a492","isMergeCommit":true,"messageTitle":"Merge branch \u0027master\u0027 into SeanPoon-Record","messageBody":"","fileTypesAndContributionMap":{}}]},{"date":"2025-03-31","commitResults":[{"hash":"26021acd3e83577abfc860e7c43822b46eb8d6de","isMergeCommit":true,"messageTitle":"Merge pull request #53 from hyunjinkim1112/Hyunjin-v2.0","messageBody":"added timeLimitMode test ","fileTypesAndContributionMap":{}}]},{"date":"2025-04-01","commitResults":[{"hash":"d835d294753e3ec5fe6888e97b23cdd1fa061552","isMergeCommit":false,"messageTitle":"Add InputUserText","messageBody":"","fileTypesAndContributionMap":{"functional-code":{"insertions":45,"deletions":2}}},{"hash":"02503b5cea63436ea58ea7c3f2427f8602724b4f","isMergeCommit":true,"messageTitle":"Merge master","messageBody":"","fileTypesAndContributionMap":{}},{"hash":"e4eccdf6108f571dbd6af6dd6769f49625c0edb0","isMergeCommit":false,"messageTitle":"Add highscore and highscore list into DG","messageBody":"","fileTypesAndContributionMap":{"functional-code":{"insertions":70,"deletions":49},"docs":{"insertions":62,"deletions":13}}},{"hash":"e87bc2b233792214134ef9e20dcdd36d8c7cce0a","isMergeCommit":true,"messageTitle":"Merge remote-tracking branch \u0027upstream/master\u0027 into SeanPoon-Record","messageBody":"","fileTypesAndContributionMap":{}},{"hash":"80ed05ad420168c2f567e9f68781a108dd7abf02","isMergeCommit":false,"messageTitle":"change final int NUM_OF_TEXTS to private static final int NUM_OF_TEXTS","messageBody":"","fileTypesAndContributionMap":{"functional-code":{"insertions":4,"deletions":10}}},{"hash":"3f29008f0b0034c9ad049a87b86f1a2499e114e2","isMergeCommit":false,"messageTitle":"Add custom mode to dg","messageBody":"","fileTypesAndContributionMap":{"docs":{"insertions":25,"deletions":0}}}]}],"hyunjinkim1112":[{"date":"2025-03-07","commitResults":[{"hash":"8f6f960490d66f0070c9ceb9e81c842636c58240","isMergeCommit":false,"messageTitle":"added hyunjin\u0027s profile to AboutUs.md","messageBody":"","fileTypesAndContributionMap":{"docs":{"insertions":6,"deletions":5}}},{"hash":"c7718b7499b7955b44138fd6b21f6dc5b7160701","isMergeCommit":true,"messageTitle":"Merge remote-tracking branch \u0027upstream/master\u0027 into Hyunjin-AboutUs","messageBody":"# Conflicts:\n#\tdocs/AboutUs.md\n","fileTypesAndContributionMap":{}},{"hash":"9d7bf0e4b4b7794f2a11f69c2cbcb7b60fb02de0","isMergeCommit":true,"messageTitle":"Merge pull request #7 from hyunjinkim1112/Hyunjin-AboutUs","messageBody":"added hyunjin\u0027s profile to AboutUs.md","fileTypesAndContributionMap":{}}]},{"date":"2025-03-13","commitResults":[{"hash":"06e83069a8593a442ae0e065c5623d7cc28a1228","isMergeCommit":false,"messageTitle":"added FileReader, TextSelector, WordCounter and sample texts","messageBody":"","fileTypesAndContributionMap":{"functional-code":{"insertions":89,"deletions":9}}},{"hash":"33be45e8400f53417228273ef9a76a3c7448b936","isMergeCommit":false,"messageTitle":"changed the file location","messageBody":"","fileTypesAndContributionMap":{"functional-code":{"insertions":10,"deletions":11},"other":{"insertions":0,"deletions":5}}},{"hash":"ebfc15ae6224b18afc7efabe6622af58af68971e","isMergeCommit":true,"messageTitle":"Merge branch \u0027master\u0027 into Hyunjin-v1.0","messageBody":"","fileTypesAndContributionMap":{}},{"hash":"612a6040e09f2ae333d402761528eeffea6a9348","isMergeCommit":false,"messageTitle":"Added text selector and word counter and incorporated with the previous version","messageBody":"","fileTypesAndContributionMap":{"functional-code":{"insertions":38,"deletions":32}}},{"hash":"453fd42fdd9d602caf4b8eb9f668f200db92e9b1","isMergeCommit":false,"messageTitle":"made changes to fix the error shown up in the git","messageBody":"","fileTypesAndContributionMap":{"functional-code":{"insertions":5,"deletions":8}}},{"hash":"645c5b1937b988fbc05504ce1631d877f8d8ea7f","isMergeCommit":false,"messageTitle":"edited BoboType.java to avoid errors produced in the testing","messageBody":"","fileTypesAndContributionMap":{"functional-code":{"insertions":2,"deletions":1}}},{"hash":"9b1b41ef4cde4c8e0e462f1f6d71befcce972b54","isMergeCommit":true,"messageTitle":"Merge pull request #15 from hyunjinkim1112/Hyunjin-v1.0","messageBody":"Hyunjin v1.0 added word counter, text selector, and sample texts / edited the errors shown in the testing ","fileTypesAndContributionMap":{}}]},{"date":"2025-03-14","commitResults":[{"hash":"3ffab566bf23a0ab44a7d2570e7fd23d382735d2","isMergeCommit":false,"messageTitle":"Added error handling logic for choosing \"difficulty level\"","messageBody":"","fileTypesAndContributionMap":{"functional-code":{"insertions":36,"deletions":4}}},{"hash":"22ce21c5f52bf44e028bbebb45b58a35802f8cec","isMergeCommit":false,"messageTitle":"made small change on TextSelector to fix the error provided from Github","messageBody":"","fileTypesAndContributionMap":{"functional-code":{"insertions":2,"deletions":1}}},{"hash":"167d159651db6ecde3eec6543cffed158963d7b2","isMergeCommit":true,"messageTitle":"Merge pull request #18 from hyunjinkim1112/Hyunjin-v1.0","messageBody":"Error handling for invalid \"difficulty level\" input","fileTypesAndContributionMap":{}},{"hash":"3c06eced60f8250d1dc315e17a60b41931f77d18","isMergeCommit":false,"messageTitle":"added textSelectorTest (JUnit) test and FileProcessingException","messageBody":"","fileTypesAndContributionMap":{"functional-code":{"insertions":12,"deletions":6},"test-code":{"insertions":47,"deletions":0}}},{"hash":"bdea7cc5dce7a9c8be202ded82ffcdc979b2d99f","isMergeCommit":true,"messageTitle":"Merge remote-tracking branch \u0027upstream/master\u0027 into Hyunjin-v1.0","messageBody":"","fileTypesAndContributionMap":{}},{"hash":"94ce65c3069c0eac466ca3646867fbf8598d4912","isMergeCommit":false,"messageTitle":"edited TextSelector and TextSelectorText to fix the error given by the Github","messageBody":"","fileTypesAndContributionMap":{"functional-code":{"insertions":0,"deletions":1},"test-code":{"insertions":3,"deletions":3}}},{"hash":"bc6313335ed88e598ce13682c73eb3503ab4ae46","isMergeCommit":false,"messageTitle":"fixed small issues in TextSelectorTest","messageBody":"","fileTypesAndContributionMap":{"test-code":{"insertions":3,"deletions":4}}},{"hash":"550789e65c4ead000c39ba7fa6f9eadd19cfc690","isMergeCommit":false,"messageTitle":"changed to assertThrows (TextSelectorTest)","messageBody":"","fileTypesAndContributionMap":{"test-code":{"insertions":6,"deletions":13}}},{"hash":"bd13fef182a8c58e3b1c21ce54074ebc750c1d74","isMergeCommit":false,"messageTitle":"edited TextSelector","messageBody":"","fileTypesAndContributionMap":{"test-code":{"insertions":1,"deletions":1}}},{"hash":"526e36e5464004cd96035579d91b03ec04402221","isMergeCommit":true,"messageTitle":"Merge pull request #23 from hyunjinkim1112/Hyunjin-v1.0","messageBody":"added JUnit test case for TextSelector","fileTypesAndContributionMap":{}}]},{"date":"2025-03-18","commitResults":[{"hash":"ae75ac3b9449115a1fe6cf0aa4c1d6eafa15685f","isMergeCommit":true,"messageTitle":"Merge pull request #24 from ravi-viswa105/Typing-AccuracyUpdate","messageBody":"Add assertions and logging to TypeAccuracy","fileTypesAndContributionMap":{}},{"hash":"8cdae628bcbcb45d1e74fe659c12a1b43b9bbde7","isMergeCommit":false,"messageTitle":"added logs and assertions to my TextSelector","messageBody":"","fileTypesAndContributionMap":{"functional-code":{"insertions":13,"deletions":0}}},{"hash":"b4d3b82e9abbab7fef1347166f66529347936877","isMergeCommit":false,"messageTitle":"edited to fix the gihub flagged error","messageBody":"","fileTypesAndContributionMap":{"functional-code":{"insertions":5,"deletions":2}}},{"hash":"f02cafc34855f4c8962ff723c100ae4a050f61be","isMergeCommit":false,"messageTitle":"edited assertions for textselector / edited variable name for ui","messageBody":"","fileTypesAndContributionMap":{"functional-code":{"insertions":7,"deletions":8}}},{"hash":"4d192707de9a401243f8cd58bf8f2f1b650169ca","isMergeCommit":true,"messageTitle":"Merge pull request #26 from hyunjinkim1112/Hyunjin-v1.0","messageBody":" added logs and assertions to my TextSelector (2nd attempt)","fileTypesAndContributionMap":{}}]},{"date":"2025-03-22","commitResults":[{"hash":"968ad9a6669885f20783fdb1060f40e3f38e8779","isMergeCommit":false,"messageTitle":"changed TextSelector to read from the txt file, created resources dir which contains all the txt files","messageBody":"","fileTypesAndContributionMap":{"functional-code":{"insertions":26,"deletions":19},"other":{"insertions":0,"deletions":1},"test-code":{"insertions":25,"deletions":2}}},{"hash":"49905c04402613b58e8cacc0f7241d452e253389","isMergeCommit":true,"messageTitle":"Merge remote-tracking branch \u0027upstream/master\u0027 into Hyunjin-v1.0","messageBody":"","fileTypesAndContributionMap":{}}]},{"date":"2025-03-24","commitResults":[{"hash":"1405419ab956f574d4e3370adf854285f3e2fb81","isMergeCommit":false,"messageTitle":"added selecting different length feature , added text files for different lengths","messageBody":"","fileTypesAndContributionMap":{"functional-code":{"insertions":20,"deletions":4},"test-code":{"insertions":13,"deletions":28}}},{"hash":"332d1b9fbfb463d269f87e5feaf51354b0602849","isMergeCommit":true,"messageTitle":"Merge pull request #41 from ravi-viswa105/Zen_Mode","messageBody":"Add ZenMode","fileTypesAndContributionMap":{}},{"hash":"824ec5a136329c18d1262f4711f3ef4d0bb54bc8","isMergeCommit":false,"messageTitle":"added timelimit mode","messageBody":"","fileTypesAndContributionMap":{"functional-code":{"insertions":100,"deletions":0}}},{"hash":"75e41ba37e25d88661193dbb84fcf7026a97a528","isMergeCommit":true,"messageTitle":"Merge remote-tracking branch \u0027upstream/master\u0027 into Hyunjin-v2.0","messageBody":"","fileTypesAndContributionMap":{}},{"hash":"dc980d60012b15b0b4d734a25a9fd7c70cebf856","isMergeCommit":false,"messageTitle":"added TimeLimitMode, included choose mode to Bobotype","messageBody":"","fileTypesAndContributionMap":{"functional-code":{"insertions":210,"deletions":154}}}]},{"date":"2025-03-25","commitResults":[{"hash":"554db5ed3fcdaa07eb55acce8ff8518d8b81d295","isMergeCommit":false,"messageTitle":"deleted unused import","messageBody":"","fileTypesAndContributionMap":{"functional-code":{"insertions":0,"deletions":1}}},{"hash":"59ba9a178f833c6b0ca8348787716a4f8e10ee1c","isMergeCommit":false,"messageTitle":"edited BoboType to clear the input before continuing","messageBody":"","fileTypesAndContributionMap":{"functional-code":{"insertions":4,"deletions":10}}}]},{"date":"2025-03-26","commitResults":[{"hash":"5064d812576faa2af4cb930a1bc1ef97320a9152","isMergeCommit":false,"messageTitle":"added logic to ignore the input typed in the first 2 seconds for each line in timeLimit mode (to prevent the program to recognize the input from the previous line as the input for the current line)","messageBody":"","fileTypesAndContributionMap":{"functional-code":{"insertions":7,"deletions":1}}}]},{"date":"2025-03-28","commitResults":[{"hash":"e44566225a200e2f9e150e0e6b9fa25c9fcf9783","isMergeCommit":true,"messageTitle":"Merge remote-tracking branch \u0027upstream/master\u0027 into Hyunjin-v2.0","messageBody":"","fileTypesAndContributionMap":{}}]},{"date":"2025-03-31","commitResults":[{"hash":"1b2849d618f24d2232e453d2c6bbf23c0df1bd0b","isMergeCommit":true,"messageTitle":"Merge pull request #50 from Sean2110/SeanPoon-Record","messageBody":"Add user guide","fileTypesAndContributionMap":{}},{"hash":"adc5c56ada26cf1d43b50d5441a42b28b71771c7","isMergeCommit":true,"messageTitle":"Merge pull request #51 from shanicetanhui/tp-AutoAdjustDifficulty","messageBody":"Fixed gradle build failures","fileTypesAndContributionMap":{}},{"hash":"d83cbb5d8f536be05c4e1c0742d61f27388e2352","isMergeCommit":false,"messageTitle":"edited TimeLimitMode and added TimeLimitModeTest","messageBody":"","fileTypesAndContributionMap":{"functional-code":{"insertions":51,"deletions":51},"test-code":{"insertions":59,"deletions":0}}},{"hash":"75e95f23a3b642098e3f3d771d2b18ec256caaee","isMergeCommit":true,"messageTitle":"Merge remote-tracking branch \u0027upstream/master\u0027 into Hyunjin-v2.0","messageBody":"","fileTypesAndContributionMap":{}},{"hash":"41b443efd548ac1619e1b790c2d9a170c7066442","isMergeCommit":false,"messageTitle":"edited to fix github errors","messageBody":"","fileTypesAndContributionMap":{"functional-code":{"insertions":3,"deletions":3},"test-code":{"insertions":1,"deletions":1}}},{"hash":"fe4d55e2f26b45eabcc4cbbe749330378cba4ca6","isMergeCommit":true,"messageTitle":"Merge pull request #54 from shanicetanhui/tp-AutoAdjustDifficulty","messageBody":"Adjusted logic of AutoAdjust to be based on highScore.","fileTypesAndContributionMap":{}},{"hash":"0106a52d804beffc7045b91afe885a6bebb64293","isMergeCommit":false,"messageTitle":"refactored TimeLimitMode class","messageBody":"","fileTypesAndContributionMap":{"functional-code":{"insertions":26,"deletions":13},"test-code":{"insertions":8,"deletions":1}}}]},{"date":"2025-04-01","commitResults":[{"hash":"9c1620b6cbe79433cbf07c58ce51064fada0dc27","isMergeCommit":false,"messageTitle":"- created NormalMode - updated BoboType - added DifficultyLevel / TextLength enum - updated TextSelector - updated tests for TextSelector, NomalMode, TimeLimitMode","messageBody":"","fileTypesAndContributionMap":{"functional-code":{"insertions":12,"deletions":0},"test-code":{"insertions":4,"deletions":0}}},{"hash":"5a52b68a0ca492f0c046a4b411b2a29aa56fd9d2","isMergeCommit":false,"messageTitle":"added normal mode / introduced enum","messageBody":"","fileTypesAndContributionMap":{"functional-code":{"insertions":173,"deletions":122},"test-code":{"insertions":135,"deletions":29}}},{"hash":"846194774b3e77530898835b211f012f965e4c8d","isMergeCommit":true,"messageTitle":"Merge pull request #59 from Sean2110/SeanPoon-Record","messageBody":"Add highscore and highscore list into DG","fileTypesAndContributionMap":{}},{"hash":"ea3bf2b5a98d990ed950384443ebc880338af2c6","isMergeCommit":true,"messageTitle":"Merge remote-tracking branch \u0027upstream/master\u0027 into Hyunjin-v2.0","messageBody":"# Conflicts:\n#\tsrc/main/java/BoboType.java\n#\tsrc/main/java/modes/TimeLimitMode.java\n#\tsrc/main/java/typing/TextSelector.java\n#\tsrc/test/java/modes/TimeLimitModeTest.java\n#\tsrc/test/java/typing/TextSelectorTest.java\n","fileTypesAndContributionMap":{}},{"hash":"1fb731814f7003cfdde0ee1fc702f26564e9ad0e","isMergeCommit":false,"messageTitle":"deleted NormalModeTest and edited TextSelectorTest","messageBody":"","fileTypesAndContributionMap":{"test-code":{"insertions":7,"deletions":81}}},{"hash":"0db78f609b91cd5ba22e307c1df87387ead526e9","isMergeCommit":false,"messageTitle":"small fixes for github check","messageBody":"","fileTypesAndContributionMap":{"functional-code":{"insertions":5,"deletions":4},"test-code":{"insertions":10,"deletions":8}}},{"hash":"3679fb1c5dc121005af4cddc0dbdd1324c6e79ed","isMergeCommit":false,"messageTitle":"edited userguide","messageBody":"","fileTypesAndContributionMap":{"docs":{"insertions":68,"deletions":10}}},{"hash":"eb562ba58ba4854e1a9198b24b8c15f2ff461fea","isMergeCommit":true,"messageTitle":"Merge pull request #61 from shanicetanhui/tp-DeveloperGuide","messageBody":"Updated DG with Progress Report Feature.","fileTypesAndContributionMap":{}},{"hash":"ecc01363323be97e79d632d029daaf5610a0e6e2","isMergeCommit":false,"messageTitle":"added sequnce diagrams and explanations","messageBody":"","fileTypesAndContributionMap":{"docs":{"insertions":211,"deletions":0}}},{"hash":"77e4decda576597752fc0e4e1579b6f037ae8e63","isMergeCommit":false,"messageTitle":"erased \"Proposed\" for the features that are alr implemented","messageBody":"","fileTypesAndContributionMap":{"docs":{"insertions":4,"deletions":4}}},{"hash":"437cd3d95a5576c57292b26592c2148d5d7c897b","isMergeCommit":true,"messageTitle":"Merge pull request #64 from shanicetanhui/tp-DeveloperGuide","messageBody":"Updated DG with Project Scope","fileTypesAndContributionMap":{}},{"hash":"18de79e274eae30e8266c15430ea5731b2734e24","isMergeCommit":true,"messageTitle":"Merge pull request #62 from hyunjinkim1112/Hyunjin-v2.0","messageBody":"added sequnce diagrams and explanations","fileTypesAndContributionMap":{}}]}],"ravi-viswa105":[{"date":"2025-02-21","commitResults":[{"hash":"2d867df650a17f14e84fb5b5da854b4fed376982","isMergeCommit":false,"messageTitle":"Update README.md from duke to bobotype","messageBody":"","fileTypesAndContributionMap":{"docs":{"insertions":4,"deletions":2}}}]},{"date":"2025-03-02","commitResults":[{"hash":"c320bb5d38594539d5f36bd084fae948391f033c","isMergeCommit":false,"messageTitle":"Update README.md","messageBody":"","fileTypesAndContributionMap":{"docs":{"insertions":2,"deletions":2}}}]},{"date":"2025-03-07","commitResults":[{"hash":"79be8969eb34cd2b5660f8c5b132b32060950ba8","isMergeCommit":false,"messageTitle":"Edit AboutUs to include member information","messageBody":"","fileTypesAndContributionMap":{"docs":{"insertions":0,"deletions":6}}},{"hash":"af23557251f18d2d38c7777f862fc434f79c6f40","isMergeCommit":false,"messageTitle":"Update AboutUs to include member information","messageBody":"","fileTypesAndContributionMap":{"docs":{"insertions":4,"deletions":7}}},{"hash":"bf003d3f84948fd844ee29dc43de68df268df9dd","isMergeCommit":true,"messageTitle":"Merge branch \u0027master\u0027 of https://github.com/AY2425S2-CS2113-F13-2/tp into ViswanathanRavisankar-AboutUs","messageBody":"# Conflicts:\n#\tdocs/AboutUs.md\n#\tdocs/team/rodi-314.md\n","fileTypesAndContributionMap":{}},{"hash":"884999783f7ac5ce5e79e1784653d5747a6eea96","isMergeCommit":true,"messageTitle":"Merge pull request #5 from ravi-viswa105/ViswanathanRavisankar-AboutUs","messageBody":"Add About Us information for Viswanathan Ravisankar","fileTypesAndContributionMap":{}}]},{"date":"2025-03-14","commitResults":[{"hash":"75639b0fb5a49e347bb6edf0d0a026ef01dccf13","isMergeCommit":false,"messageTitle":"Add TypeAccuracy class to measure typing accuracy of type tests","messageBody":"","fileTypesAndContributionMap":{"functional-code":{"insertions":64,"deletions":8},"test-code":{"insertions":74,"deletions":0}}},{"hash":"147aae06d6afa81b2ba6332de66a3a8fbab5fb7d","isMergeCommit":false,"messageTitle":"Fix coding practices in TypeAccuracyTest","messageBody":"","fileTypesAndContributionMap":{"test-code":{"insertions":2,"deletions":3}}},{"hash":"6d638cab89820fd96572e3cc1215cf0730964f80","isMergeCommit":false,"messageTitle":"Change wild card import to import assertEquals","messageBody":"","fileTypesAndContributionMap":{"test-code":{"insertions":1,"deletions":1}}},{"hash":"645ecc67bae42be4071c74014a6e455f269391a3","isMergeCommit":true,"messageTitle":"Merge pull request #16 from ravi-viswa105/Typing-Accuracy","messageBody":"Implement Typing accuracy measurement","fileTypesAndContributionMap":{}}]},{"date":"2025-03-18","commitResults":[{"hash":"6f3f678b4db0b6a37a69f320f5b0c74a7fa32d2c","isMergeCommit":false,"messageTitle":"Add assertions and logging to TypeAccuracy","messageBody":"","fileTypesAndContributionMap":{"functional-code":{"insertions":22,"deletions":10},"other":{"insertions":5,"deletions":0}}}]},{"date":"2025-03-20","commitResults":[{"hash":"6685e052a5765cd7a2c511c61e568e723484f4fd","isMergeCommit":true,"messageTitle":"Merge pull request #29 from rodi-314/feature-Typing-Speed","messageBody":"Add CPM typing speed, JUnit tests, assertions, and logging","tags":["v1.0"],"fileTypesAndContributionMap":{}}]},{"date":"2025-03-21","commitResults":[{"hash":"44f8a0b2c5787db8086207dce93d28cd92df4b4b","isMergeCommit":true,"messageTitle":"Merge pull request #33 from Sean2110/SeanPoon-Record","messageBody":"fix storage and modify highscore in ui","fileTypesAndContributionMap":{}}]},{"date":"2025-03-23","commitResults":[{"hash":"e9c97bf9e83d70ef9bb35800490026bfd746e329","isMergeCommit":true,"messageTitle":"Merge pull request #36 from hyunjinkim1112/Hyunjin-v1.0","messageBody":"changed TextSelector to read from the txt file, created resources dir ","fileTypesAndContributionMap":{}}]},{"date":"2025-03-24","commitResults":[{"hash":"073c74730acce0c2ac32b46a269c08a719202e7a","isMergeCommit":true,"messageTitle":"Merge pull request #40 from hyunjinkim1112/Hyunjin-v1.0","messageBody":"added selecting different length feature","fileTypesAndContributionMap":{}},{"hash":"dba5e986c09589c9515eb23c212adfd9649be34e","isMergeCommit":false,"messageTitle":"Add ZenMode","messageBody":"","fileTypesAndContributionMap":{"functional-code":{"insertions":149,"deletions":26},"test-code":{"insertions":11,"deletions":0}}},{"hash":"f43c13fa9a09f8f204d7ab2c6415e535d4572ae5","isMergeCommit":true,"messageTitle":"Merge branch \u0027master\u0027 of https://github.com/AY2425S2-CS2113-F13-2/tp into Zen_Mode","messageBody":"# Conflicts:\n#\tsrc/main/java/TextSelector.java\n","fileTypesAndContributionMap":{}},{"hash":"817cdc4a50087c428b68a3df6972bc958893c345","isMergeCommit":false,"messageTitle":"Remove ZenModeTest","messageBody":"","fileTypesAndContributionMap":{"test-code":{"insertions":0,"deletions":11}}},{"hash":"1794931b8b0c894ebdb127286171ce7030b463bd","isMergeCommit":false,"messageTitle":"Update Indentation","messageBody":"","fileTypesAndContributionMap":{"functional-code":{"insertions":6,"deletions":3}}}]},{"date":"2025-03-27","commitResults":[{"hash":"037d8f23fb573c3a309755e846f44962daa760d6","isMergeCommit":false,"messageTitle":"Add ZenModeTest and rename Timer to TypingTimer","messageBody":"","fileTypesAndContributionMap":{"other":{"insertions":0,"deletions":0}}},{"hash":"5725c43e433cadd0d72626bac2dba81300474303","isMergeCommit":false,"messageTitle":"Rename Timer to TypingTimer and add ZenModeTest","messageBody":"","fileTypesAndContributionMap":{"functional-code":{"insertions":46,"deletions":22},"docs":{"insertions":18,"deletions":0},"test-code":{"insertions":69,"deletions":21}}},{"hash":"79ea95f814ca035d27ee8730a61261383f835254","isMergeCommit":true,"messageTitle":"Merge branch \u0027master\u0027 of https://github.com/AY2425S2-CS2113-F13-2/tp into Zen_Mode","messageBody":"# Conflicts:\n#\tsrc/main/java/BoboType.java\n","fileTypesAndContributionMap":{}},{"hash":"de4f49c22e6c7e8ded4ec4c2cd1a7cce62d22b50","isMergeCommit":false,"messageTitle":"Add test to ZenModeTest and update ZenMode assertion","messageBody":"","fileTypesAndContributionMap":{"functional-code":{"insertions":2,"deletions":2},"test-code":{"insertions":15,"deletions":1}}},{"hash":"853bf72647855dc4fee99d8679867d8cee07b424","isMergeCommit":false,"messageTitle":"Fix bug with Zen Mode crashing after completion","messageBody":"","fileTypesAndContributionMap":{"functional-code":{"insertions":32,"deletions":27}}}]},{"date":"2025-03-28","commitResults":[{"hash":"861fa00a3ce24cea2e69bfdbd3bc5706303e224c","isMergeCommit":false,"messageTitle":"Update Zen Mode test start condition","messageBody":"","fileTypesAndContributionMap":{"functional-code":{"insertions":9,"deletions":2}}}]},{"date":"2025-03-31","commitResults":[{"hash":"f0b6723ae0b9a1b7dd3c8d5339cfd55886b731a2","isMergeCommit":true,"messageTitle":"Merge branch \u0027master\u0027 of https://github.com/AY2425S2-CS2113-F13-2/tp into Zen_Mode","messageBody":"# Conflicts:\n#\tdata/testBoboType.txt\n","fileTypesAndContributionMap":{}},{"hash":"74eb81622ee9956202d499671cbd58bf1e83161e","isMergeCommit":true,"messageTitle":"Merge branch \u0027master\u0027 of https://github.com/AY2425S2-CS2113-F13-2/tp into Zen_Mode","messageBody":"# Conflicts:\n#\tsrc/main/java/Ui.java\n","fileTypesAndContributionMap":{}},{"hash":"9e895e64b328a7421da15fcb8281d2b01cc2083b","isMergeCommit":false,"messageTitle":"Update packages","messageBody":"","fileTypesAndContributionMap":{"functional-code":{"insertions":0,"deletions":21},"other":{"insertions":52,"deletions":4},"test-code":{"insertions":0,"deletions":12}}},{"hash":"0f702d5454668802984802ab3a1c711e53ac63fd","isMergeCommit":false,"messageTitle":"Update packages","messageBody":"","fileTypesAndContributionMap":{"functional-code":{"insertions":54,"deletions":8},"docs":{"insertions":10,"deletions":0},"test-code":{"insertions":14,"deletions":9}}},{"hash":"88e7d73932f0f603f23a0c8db773207f09c357c4","isMergeCommit":false,"messageTitle":"Update FileReader imports","messageBody":"","fileTypesAndContributionMap":{"functional-code":{"insertions":1,"deletions":0}}},{"hash":"998ac64fb5090dd2e849b125713d81ec7b8ac0c4","isMergeCommit":true,"messageTitle":"Merge branch \u0027master\u0027 of https://github.com/AY2425S2-CS2113-F13-2/tp into Zen_Mode","messageBody":"# Conflicts:\n#\tdata/BoboType.txt\n#\tsrc/main/java/modes/TimeLimitMode.java\n","fileTypesAndContributionMap":{}},{"hash":"a8e02331b0fb0cf783ac77970f8511d6f085d4e5","isMergeCommit":false,"messageTitle":"Remove unused imports","messageBody":"","fileTypesAndContributionMap":{"functional-code":{"insertions":6,"deletions":2}}},{"hash":"a9de9acfffd936b966ee7538dc1eebefcdfae4ef","isMergeCommit":false,"messageTitle":"Update UG for Zen Mode and typing accuracy","messageBody":"","fileTypesAndContributionMap":{"docs":{"insertions":26,"deletions":7}}},{"hash":"a87a55aee3a32c9b7da5bb5b1f89d6040b6d5290","isMergeCommit":false,"messageTitle":"Add Parser","messageBody":"","fileTypesAndContributionMap":{"functional-code":{"insertions":213,"deletions":171}}}]},{"date":"2025-04-01","commitResults":[{"hash":"a9a7508360b72b5c2d1708b25d54799fd8c9fe96","isMergeCommit":false,"messageTitle":"Add Parser","messageBody":"","fileTypesAndContributionMap":{"functional-code":{"insertions":388,"deletions":190}}},{"hash":"00685b8b204b800c48ec200a8750af1653eeb155","isMergeCommit":false,"messageTitle":"Update code to follow coding standards","messageBody":"","fileTypesAndContributionMap":{"functional-code":{"insertions":47,"deletions":48}}},{"hash":"b9211f153b994ab41acbf10a0df15436c735773f","isMergeCommit":false,"messageTitle":"Refactor switch statements","messageBody":"","fileTypesAndContributionMap":{"functional-code":{"insertions":25,"deletions":11}}},{"hash":"e6e0fd2a8270b81585de05fece1f683e64b90a64","isMergeCommit":true,"messageTitle":"Merge pull request #57 from rodi-314/update-UG-DG","messageBody":"Update UG, DG, and PPP","fileTypesAndContributionMap":{}},{"hash":"ddbd1b3838a54e6031e2958d621bf6601cbaec06","isMergeCommit":true,"messageTitle":"Merge pull request #60 from hyunjinkim1112/Hyunjin-v2.0","messageBody":"added normalMode / added enums","fileTypesAndContributionMap":{}},{"hash":"902ef37c365d6ca1bcd102dd4bd45158e194fcb7","isMergeCommit":false,"messageTitle":"Update Developer Guide and PPP","messageBody":"","fileTypesAndContributionMap":{"docs":{"insertions":0,"deletions":0}}},{"hash":"a3bcc944a93e4c4342d160246a8e47dd0e3019ea","isMergeCommit":false,"messageTitle":"Update Developer Guide and PPP","messageBody":"","fileTypesAndContributionMap":{"functional-code":{"insertions":6,"deletions":1},"docs":{"insertions":132,"deletions":7}}},{"hash":"db287ee105d5325477ea3c0422d0d2ae0eede9af","isMergeCommit":false,"messageTitle":"Add Alternatives for TypingAccuracy in DG","messageBody":"","fileTypesAndContributionMap":{"docs":{"insertions":9,"deletions":0}}},{"hash":"7241ddd85b840ee263502e7e63f9e1bdfc356f6f","isMergeCommit":true,"messageTitle":"Merge branch \u0027master\u0027 of https://github.com/AY2425S2-CS2113-F13-2/tp into Documentation","messageBody":"# Conflicts:\n#\tdocs/DeveloperGuide.md\n","fileTypesAndContributionMap":{}},{"hash":"e3c60912c89772a75a2f005bec416fa39d9795d1","isMergeCommit":false,"messageTitle":"Remove unused headers from DG","messageBody":"","fileTypesAndContributionMap":{"docs":{"insertions":0,"deletions":9}}}]},{"date":"2025-04-02","commitResults":[{"hash":"53767ee5d6f5fb77f272999932a4d4456b000aff","isMergeCommit":true,"messageTitle":"Merge pull request #58 from rodi-314/feature-Save-Typing-Target","messageBody":"Add saving functionality for typing targets","fileTypesAndContributionMap":{}}]}]},"authorFileTypeContributionMap":{"rodi-314":{"docs":75,"functional-code":546,"test-code":37,"other":68},"shanicetanhui":{"docs":203,"functional-code":277,"test-code":37},"Sean2110":{"docs":182,"functional-code":312,"test-code":181},"hyunjinkim1112":{"docs":279,"functional-code":456,"test-code":165},"ravi-viswa105":{"docs":201,"functional-code":548,"test-code":172,"other":4}},"authorContributionVariance":{"rodi-314":22114.205,"shanicetanhui":2699.4255,"Sean2110":8743.768,"hyunjinkim1112":26213.746,"ravi-viswa105":28094.316},"authorDisplayNameMap":{"rodi-314":"CS2113-F13-2 RODE..HANG","shanicetanhui":"CS2113-F13-2 SHAN.. HUI","Sean2110":"CS2113-F13-2 SEAN..POON","hyunjinkim1112":"CS2113-F13-2 KIM ..NJIN","ravi-viswa105":"CS2113-F13-2 VISW..NKAR"}}
