[{"path":"README.md","fileType":"docs","lines":[{"lineNumber":1,"author":{"gitId":"b1inmeister"},"content":"# BusynessManager project template","lastModifiedDate":"2025-03-09","isFullCredit":false},{"lineNumber":2,"author":{"gitId":"-"},"content":"","lastModifiedDate":"2020-05-25","isFullCredit":false},{"lineNumber":3,"author":{"gitId":"-"},"content":"This is a project template for a greenfield Java project. It\u0027s named after the Java mascot _Duke_. Given below are instructions on how to use it.","lastModifiedDate":"2020-05-25","isFullCredit":false},{"lineNumber":4,"author":{"gitId":"-"},"content":"","lastModifiedDate":"2020-05-25","isFullCredit":false},{"lineNumber":5,"author":{"gitId":"-"},"content":"## Setting up in Intellij","lastModifiedDate":"2020-05-25","isFullCredit":false},{"lineNumber":6,"author":{"gitId":"-"},"content":"","lastModifiedDate":"2020-05-25","isFullCredit":false},{"lineNumber":7,"author":{"gitId":"-"},"content":"Prerequisites: JDK 17 (use the exact version), update Intellij to the most recent version.","lastModifiedDate":"2020-05-24","isFullCredit":false},{"lineNumber":8,"author":{"gitId":"-"},"content":"","lastModifiedDate":"2020-05-24","isFullCredit":false},{"lineNumber":9,"author":{"gitId":"-"},"content":"1. **Ensure Intellij JDK 17 is defined as an SDK**, as described [here](https://www.jetbrains.com/help/idea/sdk.html#set-up-jdk) -- this step is not needed if you have used JDK 17 in a previous Intellij project.","lastModifiedDate":"2020-05-24","isFullCredit":false},{"lineNumber":10,"author":{"gitId":"-"},"content":"1. **Import the project _as a Gradle project_**, as described [here](https://se-education.org/guides/tutorials/intellijImportGradleProject.html).","lastModifiedDate":"2020-05-24","isFullCredit":false},{"lineNumber":11,"author":{"gitId":"-"},"content":"1. **Verify the setup**: After the importing is complete, locate the `src/main/java/seedu/duke/Duke.java` file, right-click it, and choose `Run Duke.main()`. If the setup is correct, you should see something like the below:","lastModifiedDate":"2020-05-24","isFullCredit":false},{"lineNumber":12,"author":{"gitId":"-"},"content":"   ```","lastModifiedDate":"2020-05-25","isFullCredit":false},{"lineNumber":13,"author":{"gitId":"-"},"content":"   \u003e Task :compileJava","lastModifiedDate":"2020-05-24","isFullCredit":false},{"lineNumber":14,"author":{"gitId":"-"},"content":"   \u003e Task :processResources NO-SOURCE","lastModifiedDate":"2020-05-24","isFullCredit":false},{"lineNumber":15,"author":{"gitId":"-"},"content":"   \u003e Task :classes","lastModifiedDate":"2020-05-24","isFullCredit":false},{"lineNumber":16,"author":{"gitId":"-"},"content":"   ","lastModifiedDate":"2020-05-24","isFullCredit":false},{"lineNumber":17,"author":{"gitId":"-"},"content":"   \u003e Task :Duke.main()","lastModifiedDate":"2020-05-24","isFullCredit":false},{"lineNumber":18,"author":{"gitId":"-"},"content":"   Hello from","lastModifiedDate":"2020-05-25","isFullCredit":false},{"lineNumber":19,"author":{"gitId":"-"},"content":"    ____        _        ","lastModifiedDate":"2020-05-25","isFullCredit":false},{"lineNumber":20,"author":{"gitId":"-"},"content":"   |  _ \\ _   _| | _____ ","lastModifiedDate":"2020-05-25","isFullCredit":false},{"lineNumber":21,"author":{"gitId":"-"},"content":"   | | | | | | | |/ / _ \\","lastModifiedDate":"2020-05-25","isFullCredit":false},{"lineNumber":22,"author":{"gitId":"-"},"content":"   | |_| | |_| |   \u003c  __/","lastModifiedDate":"2020-05-25","isFullCredit":false},{"lineNumber":23,"author":{"gitId":"-"},"content":"   |____/ \\__,_|_|\\_\\___|","lastModifiedDate":"2020-05-25","isFullCredit":false},{"lineNumber":24,"author":{"gitId":"-"},"content":"   ","lastModifiedDate":"2020-05-24","isFullCredit":false},{"lineNumber":25,"author":{"gitId":"-"},"content":"   What is your name?","lastModifiedDate":"2020-05-24","isFullCredit":false},{"lineNumber":26,"author":{"gitId":"-"},"content":"   ```","lastModifiedDate":"2020-05-25","isFullCredit":false},{"lineNumber":27,"author":{"gitId":"-"},"content":"   Type some word and press enter to let the execution proceed to the end.","lastModifiedDate":"2020-05-24","isFullCredit":false},{"lineNumber":28,"author":{"gitId":"-"},"content":"","lastModifiedDate":"2025-01-04","isFullCredit":false},{"lineNumber":29,"author":{"gitId":"-"},"content":"**Warning:** Keep the `src\\main\\java` folder as the root folder for Java files (i.e., don\u0027t rename those folders or move Java files to another folder outside of this folder path), as this is the default location some tools (e.g., Gradle) expect to find Java files.","lastModifiedDate":"2025-01-04","isFullCredit":false},{"lineNumber":30,"author":{"gitId":"-"},"content":"","lastModifiedDate":"2020-05-24","isFullCredit":false},{"lineNumber":31,"author":{"gitId":"-"},"content":"## Build automation using Gradle","lastModifiedDate":"2020-05-24","isFullCredit":false},{"lineNumber":32,"author":{"gitId":"-"},"content":"","lastModifiedDate":"2020-05-24","isFullCredit":false},{"lineNumber":33,"author":{"gitId":"-"},"content":"* This project uses Gradle for build automation and dependency management. It includes a basic build script as well (i.e. the `build.gradle` file).","lastModifiedDate":"2020-05-24","isFullCredit":false},{"lineNumber":34,"author":{"gitId":"-"},"content":"* If you are new to Gradle, refer to the [Gradle Tutorial at se-education.org/guides](https://se-education.org/guides/tutorials/gradle.html).","lastModifiedDate":"2020-05-24","isFullCredit":false},{"lineNumber":35,"author":{"gitId":"-"},"content":"","lastModifiedDate":"2020-05-24","isFullCredit":false},{"lineNumber":36,"author":{"gitId":"-"},"content":"## Testing","lastModifiedDate":"2020-05-24","isFullCredit":false},{"lineNumber":37,"author":{"gitId":"-"},"content":"","lastModifiedDate":"2020-05-24","isFullCredit":false},{"lineNumber":38,"author":{"gitId":"-"},"content":"### I/O redirection tests","lastModifiedDate":"2020-05-24","isFullCredit":false},{"lineNumber":39,"author":{"gitId":"-"},"content":"","lastModifiedDate":"2020-05-24","isFullCredit":false},{"lineNumber":40,"author":{"gitId":"-"},"content":"* To run _I/O redirection_ tests (aka _Text UI tests_), navigate to the `text-ui-test` and run the `runtest(.bat/.sh)` script.","lastModifiedDate":"2020-05-24","isFullCredit":false},{"lineNumber":41,"author":{"gitId":"-"},"content":"","lastModifiedDate":"2020-05-24","isFullCredit":false},{"lineNumber":42,"author":{"gitId":"-"},"content":"### JUnit tests","lastModifiedDate":"2020-05-24","isFullCredit":false},{"lineNumber":43,"author":{"gitId":"-"},"content":"","lastModifiedDate":"2020-05-24","isFullCredit":false},{"lineNumber":44,"author":{"gitId":"-"},"content":"* A skeleton JUnit test (`src/test/java/seedu/duke/DukeTest.java`) is provided with this project template. ","lastModifiedDate":"2020-05-24","isFullCredit":false},{"lineNumber":45,"author":{"gitId":"-"},"content":"* If you are new to JUnit, refer to the [JUnit Tutorial at se-education.org/guides](https://se-education.org/guides/tutorials/junit.html).","lastModifiedDate":"2020-05-24","isFullCredit":false},{"lineNumber":46,"author":{"gitId":"-"},"content":"","lastModifiedDate":"2020-05-24","isFullCredit":false},{"lineNumber":47,"author":{"gitId":"-"},"content":"## Checkstyle","lastModifiedDate":"2020-05-24","isFullCredit":false},{"lineNumber":48,"author":{"gitId":"-"},"content":"","lastModifiedDate":"2020-05-24","isFullCredit":false},{"lineNumber":49,"author":{"gitId":"-"},"content":"* A sample CheckStyle rule configuration is provided in this project.","lastModifiedDate":"2020-05-24","isFullCredit":false},{"lineNumber":50,"author":{"gitId":"-"},"content":"* If you are new to Checkstyle, refer to the [Checkstyle Tutorial at se-education.org/guides](https://se-education.org/guides/tutorials/checkstyle.html).","lastModifiedDate":"2020-05-24","isFullCredit":false},{"lineNumber":51,"author":{"gitId":"-"},"content":"","lastModifiedDate":"2020-05-24","isFullCredit":false},{"lineNumber":52,"author":{"gitId":"-"},"content":"## CI using GitHub Actions","lastModifiedDate":"2020-05-24","isFullCredit":false},{"lineNumber":53,"author":{"gitId":"-"},"content":"","lastModifiedDate":"2020-05-24","isFullCredit":false},{"lineNumber":54,"author":{"gitId":"-"},"content":"The project uses [GitHub actions](https://github.com/features/actions) for CI. When you push a commit to this repo or PR against it, GitHub actions will run automatically to build and verify the code as updated by the commit/PR.","lastModifiedDate":"2020-05-24","isFullCredit":false},{"lineNumber":55,"author":{"gitId":"-"},"content":"","lastModifiedDate":"2020-05-24","isFullCredit":false},{"lineNumber":56,"author":{"gitId":"-"},"content":"## Documentation","lastModifiedDate":"2020-05-24","isFullCredit":false},{"lineNumber":57,"author":{"gitId":"-"},"content":"","lastModifiedDate":"2020-05-24","isFullCredit":false},{"lineNumber":58,"author":{"gitId":"-"},"content":"`/docs` folder contains a skeleton version of the project documentation.","lastModifiedDate":"2020-05-24","isFullCredit":false},{"lineNumber":59,"author":{"gitId":"-"},"content":"","lastModifiedDate":"2020-05-24","isFullCredit":false},{"lineNumber":60,"author":{"gitId":"-"},"content":"Steps for publishing documentation to the public: ","lastModifiedDate":"2020-05-24","isFullCredit":false},{"lineNumber":61,"author":{"gitId":"-"},"content":"1. If you are using this project template for an individual project, go your fork on GitHub.\u003cbr\u003e","lastModifiedDate":"2020-05-24","isFullCredit":false},{"lineNumber":62,"author":{"gitId":"-"},"content":"   If you are using this project template for a team project, go to the team fork on GitHub.","lastModifiedDate":"2020-05-24","isFullCredit":false},{"lineNumber":63,"author":{"gitId":"-"},"content":"1. Click on the `settings` tab.","lastModifiedDate":"2020-05-24","isFullCredit":false},{"lineNumber":64,"author":{"gitId":"-"},"content":"1. Scroll down to the `GitHub Pages` section.","lastModifiedDate":"2020-05-24","isFullCredit":false},{"lineNumber":65,"author":{"gitId":"-"},"content":"1. Set the `source` as `master branch /docs folder`.","lastModifiedDate":"2020-05-24","isFullCredit":false},{"lineNumber":66,"author":{"gitId":"-"},"content":"1. Optionally, use the `choose a theme` button to choose a theme for your documentation.","lastModifiedDate":"2020-05-24","isFullCredit":false}],"authorContributionMap":{"b1inmeister":1,"-":65}},{"path":"build.gradle","fileType":"other","lines":[{"lineNumber":1,"author":{"gitId":"-"},"content":"plugins {","lastModifiedDate":"2020-05-25","isFullCredit":false},{"lineNumber":2,"author":{"gitId":"-"},"content":"    id \u0027java\u0027","lastModifiedDate":"2020-05-25","isFullCredit":false},{"lineNumber":3,"author":{"gitId":"-"},"content":"    id \u0027application\u0027","lastModifiedDate":"2020-05-25","isFullCredit":false},{"lineNumber":4,"author":{"gitId":"-"},"content":"    id \u0027checkstyle\u0027","lastModifiedDate":"2020-05-25","isFullCredit":false},{"lineNumber":5,"author":{"gitId":"-"},"content":"    id \u0027com.github.johnrengelman.shadow\u0027 version \u00277.1.2\u0027","lastModifiedDate":"2022-06-17","isFullCredit":false},{"lineNumber":6,"author":{"gitId":"-"},"content":"}","lastModifiedDate":"2020-05-25","isFullCredit":false},{"lineNumber":7,"author":{"gitId":"-"},"content":"","lastModifiedDate":"2020-05-25","isFullCredit":false},{"lineNumber":8,"author":{"gitId":"-"},"content":"repositories {","lastModifiedDate":"2020-05-25","isFullCredit":false},{"lineNumber":9,"author":{"gitId":"-"},"content":"    mavenCentral()","lastModifiedDate":"2020-05-25","isFullCredit":false},{"lineNumber":10,"author":{"gitId":"-"},"content":"}","lastModifiedDate":"2020-05-25","isFullCredit":false},{"lineNumber":11,"author":{"gitId":"-"},"content":"","lastModifiedDate":"2020-05-25","isFullCredit":false},{"lineNumber":12,"author":{"gitId":"-"},"content":"dependencies {","lastModifiedDate":"2020-05-25","isFullCredit":false},{"lineNumber":13,"author":{"gitId":"-"},"content":"    testImplementation group: \u0027org.junit.jupiter\u0027, name: \u0027junit-jupiter-api\u0027, version: \u00275.10.0\u0027","lastModifiedDate":"2023-08-05","isFullCredit":false},{"lineNumber":14,"author":{"gitId":"-"},"content":"    testRuntimeOnly group: \u0027org.junit.jupiter\u0027, name: \u0027junit-jupiter-engine\u0027, version: \u00275.10.0\u0027","lastModifiedDate":"2023-08-05","isFullCredit":false},{"lineNumber":15,"author":{"gitId":"-"},"content":"}","lastModifiedDate":"2020-05-25","isFullCredit":false},{"lineNumber":16,"author":{"gitId":"-"},"content":"","lastModifiedDate":"2020-05-25","isFullCredit":false},{"lineNumber":17,"author":{"gitId":"-"},"content":"test {","lastModifiedDate":"2020-05-25","isFullCredit":false},{"lineNumber":18,"author":{"gitId":"-"},"content":"    useJUnitPlatform()","lastModifiedDate":"2020-05-25","isFullCredit":false},{"lineNumber":19,"author":{"gitId":"-"},"content":"","lastModifiedDate":"2020-05-25","isFullCredit":false},{"lineNumber":20,"author":{"gitId":"-"},"content":"    testLogging {","lastModifiedDate":"2020-05-25","isFullCredit":false},{"lineNumber":21,"author":{"gitId":"-"},"content":"        events \"passed\", \"skipped\", \"failed\"","lastModifiedDate":"2020-05-25","isFullCredit":false},{"lineNumber":22,"author":{"gitId":"-"},"content":"","lastModifiedDate":"2020-05-25","isFullCredit":false},{"lineNumber":23,"author":{"gitId":"-"},"content":"        showExceptions true","lastModifiedDate":"2020-05-25","isFullCredit":false},{"lineNumber":24,"author":{"gitId":"-"},"content":"        exceptionFormat \"full\"","lastModifiedDate":"2020-05-25","isFullCredit":false},{"lineNumber":25,"author":{"gitId":"-"},"content":"        showCauses true","lastModifiedDate":"2020-05-25","isFullCredit":false},{"lineNumber":26,"author":{"gitId":"-"},"content":"        showStackTraces true","lastModifiedDate":"2020-05-25","isFullCredit":false},{"lineNumber":27,"author":{"gitId":"-"},"content":"        showStandardStreams \u003d false","lastModifiedDate":"2020-05-25","isFullCredit":false},{"lineNumber":28,"author":{"gitId":"-"},"content":"    }","lastModifiedDate":"2020-05-25","isFullCredit":false},{"lineNumber":29,"author":{"gitId":"-"},"content":"}","lastModifiedDate":"2020-05-25","isFullCredit":false},{"lineNumber":30,"author":{"gitId":"-"},"content":"","lastModifiedDate":"2020-05-25","isFullCredit":false},{"lineNumber":31,"author":{"gitId":"-"},"content":"application {","lastModifiedDate":"2020-05-25","isFullCredit":false},{"lineNumber":32,"author":{"gitId":"b1inmeister"},"content":"    mainClass.set(\"busynessmanager.BusynessManager\")","lastModifiedDate":"2025-03-09","isFullCredit":false},{"lineNumber":33,"author":{"gitId":"-"},"content":"}","lastModifiedDate":"2020-05-25","isFullCredit":false},{"lineNumber":34,"author":{"gitId":"-"},"content":"","lastModifiedDate":"2020-05-25","isFullCredit":false},{"lineNumber":35,"author":{"gitId":"-"},"content":"shadowJar {","lastModifiedDate":"2020-05-25","isFullCredit":false},{"lineNumber":36,"author":{"gitId":"-"},"content":"    archiveBaseName.set(\"duke\")","lastModifiedDate":"2023-09-24","isFullCredit":false},{"lineNumber":37,"author":{"gitId":"-"},"content":"    archiveClassifier.set(\"\")","lastModifiedDate":"2023-09-24","isFullCredit":false},{"lineNumber":38,"author":{"gitId":"-"},"content":"}","lastModifiedDate":"2020-05-25","isFullCredit":false},{"lineNumber":39,"author":{"gitId":"-"},"content":"","lastModifiedDate":"2020-05-25","isFullCredit":false},{"lineNumber":40,"author":{"gitId":"-"},"content":"checkstyle {","lastModifiedDate":"2020-05-25","isFullCredit":false},{"lineNumber":41,"author":{"gitId":"-"},"content":"    toolVersion \u003d \u002710.2\u0027","lastModifiedDate":"2022-04-29","isFullCredit":false},{"lineNumber":42,"author":{"gitId":"-"},"content":"}","lastModifiedDate":"2020-05-25","isFullCredit":false},{"lineNumber":43,"author":{"gitId":"-"},"content":"","lastModifiedDate":"2020-05-25","isFullCredit":false},{"lineNumber":44,"author":{"gitId":"-"},"content":"run{","lastModifiedDate":"2020-05-25","isFullCredit":false},{"lineNumber":45,"author":{"gitId":"-"},"content":"    standardInput \u003d System.in","lastModifiedDate":"2020-05-25","isFullCredit":false},{"lineNumber":46,"author":{"gitId":"-"},"content":"}","lastModifiedDate":"2020-05-25","isFullCredit":false}],"authorContributionMap":{"b1inmeister":1,"-":45}},{"path":"docs/AboutUs.md","fileType":"docs","lines":[{"lineNumber":1,"author":{"gitId":"-"},"content":"# About us","lastModifiedDate":"2020-05-24","isFullCredit":false},{"lineNumber":2,"author":{"gitId":"-"},"content":"","lastModifiedDate":"2020-05-24","isFullCredit":false},{"lineNumber":3,"author":{"gitId":"-"},"content":"Display |        Name         |               Github Profile               | Portfolio ","lastModifiedDate":"2020-05-24","isFullCredit":false},{"lineNumber":4,"author":{"gitId":"b1inmeister"},"content":"--------|:-------------------:|:------------------------------------------:|:---------:","lastModifiedDate":"2025-03-07","isFullCredit":false},{"lineNumber":5,"author":{"gitId":"b1inmeister"},"content":"![](pics/joshua.JPG) | Lee Ming Kai Joshua |  [Github](https://github.com/b1inmeister)  | [Portfolio](team/b1inmeister.md)","lastModifiedDate":"2025-03-07","isFullCredit":false},{"lineNumber":6,"author":{"gitId":"b1inmeister"},"content":"![](pics/sy.png) | Lee Seung Yoon |    [Github](https://github.com/LEESY02)    | [Portfolio](team/LEESY02.md)","lastModifiedDate":"2025-03-07","isFullCredit":false},{"lineNumber":7,"author":{"gitId":"b1inmeister"},"content":"![](pics/himeth.jpg) | Himeth Thewmika |  [Github](https://github.com/himethcodes)  | [Portfolio](team/himethcodes.md)","lastModifiedDate":"2025-03-07","isFullCredit":false},{"lineNumber":8,"author":{"gitId":"b1inmeister"},"content":"![](pics/amir.jpg) | Amir Husaini Bin Musa | [Github](https://github.com/amirhusaini06) | [Portfolio](team/amirhusaini06.md)","lastModifiedDate":"2025-03-07","isFullCredit":false},{"lineNumber":9,"author":{"gitId":"b1inmeister"},"content":"![]() | Rozalie Smit | [Github](https://github.com/rozaliesmit) | [Portfolio](team/rozaliesmit.md)","lastModifiedDate":"2025-03-09","isFullCredit":false}],"authorContributionMap":{"b1inmeister":6,"-":3}},{"path":"docs/team/LEESY02.md","fileType":"docs","lines":[{"lineNumber":1,"author":{"gitId":"b1inmeister"},"content":"# Lee Seung Yoon - Project Portfolio Page","lastModifiedDate":"2025-03-07","isFullCredit":false},{"lineNumber":2,"author":{"gitId":"-"},"content":"","lastModifiedDate":"2020-05-24","isFullCredit":false},{"lineNumber":3,"author":{"gitId":"-"},"content":"## Overview","lastModifiedDate":"2020-05-24","isFullCredit":false},{"lineNumber":4,"author":{"gitId":"-"},"content":"","lastModifiedDate":"2020-05-24","isFullCredit":false},{"lineNumber":5,"author":{"gitId":"-"},"content":"","lastModifiedDate":"2020-05-24","isFullCredit":false},{"lineNumber":6,"author":{"gitId":"-"},"content":"### Summary of Contributions","lastModifiedDate":"2020-05-24","isFullCredit":false}],"authorContributionMap":{"b1inmeister":1,"-":5}},{"path":"docs/team/amirhusaini06.md","fileType":"docs","lines":[{"lineNumber":1,"author":{"gitId":"b1inmeister"},"content":"# Amir Husaini Bin Musa - Project Portfolio Page","lastModifiedDate":"2025-03-07","isFullCredit":false},{"lineNumber":2,"author":{"gitId":"b1inmeister"},"content":"","lastModifiedDate":"2025-03-07","isFullCredit":false},{"lineNumber":3,"author":{"gitId":"b1inmeister"},"content":"## Overview","lastModifiedDate":"2025-03-07","isFullCredit":false},{"lineNumber":4,"author":{"gitId":"b1inmeister"},"content":"","lastModifiedDate":"2025-03-07","isFullCredit":false},{"lineNumber":5,"author":{"gitId":"b1inmeister"},"content":"","lastModifiedDate":"2025-03-07","isFullCredit":false},{"lineNumber":6,"author":{"gitId":"b1inmeister"},"content":"### Summary of Contributions","lastModifiedDate":"2025-03-07","isFullCredit":false}],"authorContributionMap":{"b1inmeister":6}},{"path":"docs/team/b1inmeister.md","fileType":"docs","lines":[{"lineNumber":1,"author":{"gitId":"b1inmeister"},"content":"# Lee Ming Kai Joshua - Project Portfolio Page","lastModifiedDate":"2025-03-07","isFullCredit":false},{"lineNumber":2,"author":{"gitId":"b1inmeister"},"content":"","lastModifiedDate":"2025-03-07","isFullCredit":false},{"lineNumber":3,"author":{"gitId":"b1inmeister"},"content":"## Overview","lastModifiedDate":"2025-03-07","isFullCredit":false},{"lineNumber":4,"author":{"gitId":"b1inmeister"},"content":"","lastModifiedDate":"2025-03-07","isFullCredit":false},{"lineNumber":5,"author":{"gitId":"b1inmeister"},"content":"","lastModifiedDate":"2025-03-07","isFullCredit":false},{"lineNumber":6,"author":{"gitId":"b1inmeister"},"content":"### Summary of Contributions","lastModifiedDate":"2025-03-07","isFullCredit":false}],"authorContributionMap":{"b1inmeister":6}},{"path":"docs/team/himethcodes.md","fileType":"docs","lines":[{"lineNumber":1,"author":{"gitId":"b1inmeister"},"content":"# Himeth Thewmika - Project Portfolio Page","lastModifiedDate":"2025-03-07","isFullCredit":false},{"lineNumber":2,"author":{"gitId":"-"},"content":"","lastModifiedDate":"2020-05-24","isFullCredit":false},{"lineNumber":3,"author":{"gitId":"-"},"content":"## Overview","lastModifiedDate":"2020-05-24","isFullCredit":false},{"lineNumber":4,"author":{"gitId":"-"},"content":"","lastModifiedDate":"2020-05-24","isFullCredit":false},{"lineNumber":5,"author":{"gitId":"-"},"content":"","lastModifiedDate":"2020-05-24","isFullCredit":false},{"lineNumber":6,"author":{"gitId":"-"},"content":"### Summary of Contributions","lastModifiedDate":"2020-05-24","isFullCredit":false}],"authorContributionMap":{"b1inmeister":1,"-":5}},{"path":"docs/team/rozaliesmit.md","fileType":"docs","lines":[{"lineNumber":1,"author":{"gitId":"b1inmeister"},"content":"# Rozalie Smit - Project Portfolio Page","lastModifiedDate":"2025-03-09","isFullCredit":false},{"lineNumber":2,"author":{"gitId":"b1inmeister"},"content":"","lastModifiedDate":"2025-03-09","isFullCredit":false},{"lineNumber":3,"author":{"gitId":"b1inmeister"},"content":"## Overview","lastModifiedDate":"2025-03-09","isFullCredit":false},{"lineNumber":4,"author":{"gitId":"b1inmeister"},"content":"","lastModifiedDate":"2025-03-09","isFullCredit":false},{"lineNumber":5,"author":{"gitId":"b1inmeister"},"content":"","lastModifiedDate":"2025-03-09","isFullCredit":false},{"lineNumber":6,"author":{"gitId":"b1inmeister"},"content":"### Summary of Contributions","lastModifiedDate":"2025-03-09","isFullCredit":false}],"authorContributionMap":{"b1inmeister":6}},{"path":"src/main/java/busynessmanager/BusynessManager.java","fileType":"functional-code","lines":[{"lineNumber":1,"author":{"gitId":"b1inmeister"},"content":"package busynessmanager;","lastModifiedDate":"2025-03-09","isFullCredit":false},{"lineNumber":2,"author":{"gitId":"-"},"content":"","lastModifiedDate":"2020-05-24","isFullCredit":false},{"lineNumber":3,"author":{"gitId":"-"},"content":"import java.util.Scanner;","lastModifiedDate":"2020-05-24","isFullCredit":false},{"lineNumber":4,"author":{"gitId":"-"},"content":"","lastModifiedDate":"2020-05-24","isFullCredit":false},{"lineNumber":5,"author":{"gitId":"b1inmeister"},"content":"public class BusynessManager {","lastModifiedDate":"2025-03-09","isFullCredit":false},{"lineNumber":6,"author":{"gitId":"-"},"content":"    /**","lastModifiedDate":"2020-05-24","isFullCredit":false},{"lineNumber":7,"author":{"gitId":"-"},"content":"     * Main entry-point for the java.duke.Duke application.","lastModifiedDate":"2020-05-24","isFullCredit":false},{"lineNumber":8,"author":{"gitId":"-"},"content":"     */","lastModifiedDate":"2020-05-24","isFullCredit":false},{"lineNumber":9,"author":{"gitId":"-"},"content":"    public static void main(String[] args) {","lastModifiedDate":"2019-07-29","isFullCredit":false},{"lineNumber":10,"author":{"gitId":"-"},"content":"        String logo \u003d \" ____        _        \\n\"","lastModifiedDate":"2019-07-29","isFullCredit":false},{"lineNumber":11,"author":{"gitId":"-"},"content":"                + \"|  _ \\\\ _   _| | _____ \\n\"","lastModifiedDate":"2019-07-29","isFullCredit":false},{"lineNumber":12,"author":{"gitId":"-"},"content":"                + \"| | | | | | | |/ / _ \\\\\\n\"","lastModifiedDate":"2019-07-29","isFullCredit":false},{"lineNumber":13,"author":{"gitId":"-"},"content":"                + \"| |_| | |_| |   \u003c  __/\\n\"","lastModifiedDate":"2019-07-29","isFullCredit":false},{"lineNumber":14,"author":{"gitId":"-"},"content":"                + \"|____/ \\\\__,_|_|\\\\_\\\\___|\\n\";","lastModifiedDate":"2019-07-29","isFullCredit":false},{"lineNumber":15,"author":{"gitId":"-"},"content":"        System.out.println(\"Hello from\\n\" + logo);","lastModifiedDate":"2019-07-29","isFullCredit":false},{"lineNumber":16,"author":{"gitId":"-"},"content":"        System.out.println(\"What is your name?\");","lastModifiedDate":"2020-05-24","isFullCredit":false},{"lineNumber":17,"author":{"gitId":"-"},"content":"","lastModifiedDate":"2020-05-24","isFullCredit":false},{"lineNumber":18,"author":{"gitId":"-"},"content":"        Scanner in \u003d new Scanner(System.in);","lastModifiedDate":"2020-05-24","isFullCredit":false},{"lineNumber":19,"author":{"gitId":"-"},"content":"        System.out.println(\"Hello \" + in.nextLine());","lastModifiedDate":"2020-05-24","isFullCredit":false},{"lineNumber":20,"author":{"gitId":"-"},"content":"    }","lastModifiedDate":"2019-07-29","isFullCredit":false},{"lineNumber":21,"author":{"gitId":"-"},"content":"}","lastModifiedDate":"2019-07-29","isFullCredit":false}],"authorContributionMap":{"b1inmeister":2,"-":19}},{"path":"src/test/java/busynessmanager/BusynessManagerTest.java","fileType":"test-code","lines":[{"lineNumber":1,"author":{"gitId":"b1inmeister"},"content":"package busynessmanager;","lastModifiedDate":"2025-03-09","isFullCredit":false},{"lineNumber":2,"author":{"gitId":"-"},"content":"","lastModifiedDate":"2020-05-24","isFullCredit":false},{"lineNumber":3,"author":{"gitId":"-"},"content":"import static org.junit.jupiter.api.Assertions.assertTrue;","lastModifiedDate":"2020-05-24","isFullCredit":false},{"lineNumber":4,"author":{"gitId":"-"},"content":"","lastModifiedDate":"2020-05-24","isFullCredit":false},{"lineNumber":5,"author":{"gitId":"-"},"content":"import org.junit.jupiter.api.Test;","lastModifiedDate":"2020-05-24","isFullCredit":false},{"lineNumber":6,"author":{"gitId":"-"},"content":"","lastModifiedDate":"2020-05-24","isFullCredit":false},{"lineNumber":7,"author":{"gitId":"b1inmeister"},"content":"class BusynessManagerTest {","lastModifiedDate":"2025-03-09","isFullCredit":false},{"lineNumber":8,"author":{"gitId":"-"},"content":"    @Test","lastModifiedDate":"2020-05-24","isFullCredit":false},{"lineNumber":9,"author":{"gitId":"-"},"content":"    public void sampleTest() {","lastModifiedDate":"2020-05-24","isFullCredit":false},{"lineNumber":10,"author":{"gitId":"-"},"content":"        assertTrue(true);","lastModifiedDate":"2020-05-24","isFullCredit":false},{"lineNumber":11,"author":{"gitId":"-"},"content":"    }","lastModifiedDate":"2020-05-24","isFullCredit":false},{"lineNumber":12,"author":{"gitId":"-"},"content":"}","lastModifiedDate":"2020-05-24","isFullCredit":false}],"authorContributionMap":{"b1inmeister":2,"-":10}}]
