{"authorDailyContributionsMap":{"amirhusaini06":[{"date":"2025-03-07","commitResults":[{"hash":"f3d256e2db01b27731b689a741d8fd3aca61448b","isMergeCommit":false,"messageTitle":"Update AboutUs.md","messageBody":"","fileTypesAndContributionMap":{"docs":{"insertions":4,"deletions":7}}},{"hash":"89bb59671702d259a69fcf3d9472eb5085e16199","isMergeCommit":false,"messageTitle":"Update AboutUs.md too","messageBody":"","fileTypesAndContributionMap":{"docs":{"insertions":1,"deletions":0}}},{"hash":"8e3379951a99f195c4554884f93c02c8e016d61d","isMergeCommit":false,"messageTitle":"Revert \"Update AboutUs.md too\"","messageBody":"This reverts commit 89bb59671702d259a69fcf3d9472eb5085e16199.\n","fileTypesAndContributionMap":{"docs":{"insertions":0,"deletions":1}}},{"hash":"303ea10e1ad48035b55b16d2160c4886898297fc","isMergeCommit":false,"messageTitle":"Update AboutUs.md for amir","messageBody":"","fileTypesAndContributionMap":{"docs":{"insertions":1,"deletions":1}}},{"hash":"7b68d01bd43100885162a4490d2c6299f0768ef6","isMergeCommit":true,"messageTitle":"Merge branch \u0027master\u0027 of https://github.com/AY2425S2-CS2113-F11-1/tp","messageBody":"# Conflicts:\n#\tdocs/AboutUs.md\n","fileTypesAndContributionMap":{}},{"hash":"07bf8591109c3b89450356fb6c8f5076f4b53359","isMergeCommit":true,"messageTitle":"Merge branch \u0027master\u0027 into amirhusaini06-Update-AboutUs","messageBody":"# Conflicts:\n#\tdocs/AboutUs.md\n","fileTypesAndContributionMap":{}},{"hash":"4f2c044f15303c1e8672366605084561435b4979","isMergeCommit":true,"messageTitle":"Merge branch \u0027master\u0027 of https://github.com/AY2425S2-CS2113-F11-1/tp","messageBody":"# Conflicts:\n#\tdocs/AboutUs.md\n","fileTypesAndContributionMap":{}},{"hash":"18be38244fe9f5351711af4096fe4ea020df0d5e","isMergeCommit":true,"messageTitle":"Merge branch \u0027master\u0027 into amirhusaini06-Update-AboutUs","messageBody":"# Conflicts:\n#\tdocs/AboutUs.md\n","fileTypesAndContributionMap":{}}]}],"b1inmeister":[{"date":"2025-02-21","commitResults":[{"hash":"19f151f545961a3c993ada4f176ece4beb7d46df","isMergeCommit":false,"messageTitle":"Update README.md","messageBody":"","fileTypesAndContributionMap":{"docs":{"insertions":1,"deletions":1}}}]},{"date":"2025-03-07","commitResults":[{"hash":"21cb26a399e10fe72f5ebb5253e482f305556f60","isMergeCommit":false,"messageTitle":"Add personal particulars to project","messageBody":"Add name and GitHub ID to AboutUs.md\n","fileTypesAndContributionMap":{"docs":{"insertions":3,"deletions":7}}},{"hash":"daba6a67fbc84b7d28cad7171b7a284747868e1a","isMergeCommit":false,"messageTitle":"Modify particulars in AboutUs.md","messageBody":"Rename name portion to full name\n","fileTypesAndContributionMap":{"docs":{"insertions":3,"deletions":3}}},{"hash":"eec6ecb4596c4bdb18f59da539f3f8705a793666","isMergeCommit":true,"messageTitle":"Merge pull request #2 from b1inmeister/b1inmeister---AboutUs","messageBody":"Add personal particulars to project","fileTypesAndContributionMap":{}},{"hash":"3b8c50f732ed7c9119a3595227d778194e6576a8","isMergeCommit":true,"messageTitle":"Merge pull request #4 from LEESY02/LEESY02-AboutUs","messageBody":"Added Seung Yoon","fileTypesAndContributionMap":{}},{"hash":"d4e6c6b40391b6e4b26bc9edabca6e5d74328ed3","isMergeCommit":true,"messageTitle":"Merge pull request #6 from himethcodes/himethcodes-AboutUs","messageBody":"Updated AboutUs.md - Added my details","fileTypesAndContributionMap":{}},{"hash":"97acb993ffca9d8867e0e2efeb446bcf0e299c7a","isMergeCommit":true,"messageTitle":"Merge pull request #7 from amirhusaini06/amirhusaini06-Update-AboutUs","messageBody":"Amirhusaini06 update about us","fileTypesAndContributionMap":{}},{"hash":"7d0f61c4a0d977e9b307846d1bd7bb2b806f385f","isMergeCommit":false,"messageTitle":"Edit AboutUs.md","messageBody":"Fix missing links\nAdd pictures of members\nAdd portfolio .md files\n","fileTypesAndContributionMap":{"docs":{"insertions":24,"deletions":6}}},{"hash":"f90da9348e179777baaf46798e49b8bf01e3a68f","isMergeCommit":true,"messageTitle":"Merge pull request #8 from b1inmeister/AboutUsEdits","messageBody":"Edit AboutUs.md","fileTypesAndContributionMap":{}},{"hash":"5759f4442af8f2bbe9ccb7443db54b7d1239f8a9","isMergeCommit":false,"messageTitle":"Edit AboutUs.md","messageBody":"Fix pictures of members\nFix paths for portfolio files\n","fileTypesAndContributionMap":{"docs":{"insertions":4,"deletions":4}}},{"hash":"754f7c000f135ee582dc1297a4bbfc8419359ca4","isMergeCommit":true,"messageTitle":"Merge pull request #9 from b1inmeister/AboutUsEdits","messageBody":"Edit AboutUs.md","fileTypesAndContributionMap":{}}]},{"date":"2025-03-09","commitResults":[{"hash":"e0df10c3302c8de64c69ef9d9bc40fc5dd16a805","isMergeCommit":true,"messageTitle":"Merge pull request #5 from rozaliesmit/rozaliesmit-AboutUs","messageBody":"rozaliesmit AboutUs","fileTypesAndContributionMap":{}},{"hash":"c0cce12cc21cfb7c0ec1e24263a84867e0def7e5","isMergeCommit":false,"messageTitle":"Rename files and bug fixes","messageBody":"Rename main class to BusynessManager\nRename root package to BusynessManager\nCorrect README.md and AboutUs.md\n","fileTypesAndContributionMap":{"other":{"insertions":3,"deletions":3},"docs":{"insertions":8,"deletions":2}}},{"hash":"d421b7e598cb6084adc73be48f1e331f3e49e3f6","isMergeCommit":false,"messageTitle":"Rename DukeTest to BusynessManagerTest","messageBody":"","fileTypesAndContributionMap":{"other":{"insertions":1,"deletions":1}}},{"hash":"b37c23199dd94eafffe7e07b232c5bcb520fcc7c","isMergeCommit":false,"messageTitle":"Edit build.gradle to updated package and class name","messageBody":"","fileTypesAndContributionMap":{"other":{"insertions":1,"deletions":1}}},{"hash":"adc5f5b9dcfc3455bc6aa90d7b1aa7fec06508fc","isMergeCommit":true,"messageTitle":"Merge pull request #22 from b1inmeister/File-Renaming","messageBody":"Rename files and bug fixes","fileTypesAndContributionMap":{}}]}],"rozaliesmit":[{"date":"2025-03-07","commitResults":[{"hash":"242310f6518c587605ebd7ec2c01559713186cc0","isMergeCommit":false,"messageTitle":"Update README.md","messageBody":"","fileTypesAndContributionMap":{"docs":{"insertions":1,"deletions":1}}},{"hash":"38e14d683b411f83b6d951035b5cf40d25812d8b","isMergeCommit":false,"messageTitle":"Revert \"Update README.md\"","messageBody":"This reverts commit 242310f6518c587605ebd7ec2c01559713186cc0.\n","fileTypesAndContributionMap":{"docs":{"insertions":1,"deletions":1}}},{"hash":"160554793213a8bb661bbb23a8f41f9034730b3d","isMergeCommit":false,"messageTitle":"Updating AboutUs","messageBody":"","fileTypesAndContributionMap":{"docs":{"insertions":7,"deletions":7}}},{"hash":"e12f44573154285729c8e96d9b0c203b2c276766","isMergeCommit":false,"messageTitle":"Updating AboutUs","messageBody":"","fileTypesAndContributionMap":{"docs":{"insertions":0,"deletions":4}}},{"hash":"0867f537b6e6c6a7e51817c1da712292ca1e6bcc","isMergeCommit":true,"messageTitle":"Merge remote-tracking branch \u0027upstream/master\u0027 into rozaliesmit-AboutUs # Please enter a commit message to explain why this merge is necessary, # especially if it merges an updated upstream into a topic branch. # # Lines starting with \u0027#\u0027 will be ignored, and an empty message aborts # the commit.","messageBody":"Merge master\n","fileTypesAndContributionMap":{}}]},{"date":"2025-03-09","commitResults":[{"hash":"e5c24138a9ceeb403f6af9fccabe3b2b3c2e1623","isMergeCommit":true,"messageTitle":"Merge branch \u0027master\u0027 of https://github.com/AY2425S2-CS2113-F11-1/tp","messageBody":"# Conflicts:\n#\tdocs/AboutUs.md\n","fileTypesAndContributionMap":{}},{"hash":"185ab982f6197b7149a9042430f0dc36e3bd304b","isMergeCommit":true,"messageTitle":"Merge branch \u0027master\u0027 into rozaliesmit-AboutUs","messageBody":"","fileTypesAndContributionMap":{}}]}],"himethcodes":[{"date":"2025-03-07","commitResults":[{"hash":"60e5425112ab914c3831d7bf9d90d3c3b4716b35","isMergeCommit":false,"messageTitle":"Updated AboutUs.md - Added my details","messageBody":"","fileTypesAndContributionMap":{"docs":{"insertions":3,"deletions":7}}},{"hash":"fc2ea33b56f1314e9ce929210aa1406e7af9a52d","isMergeCommit":true,"messageTitle":"Merge branch \u0027master\u0027 into himethcodes-AboutUs","messageBody":"","fileTypesAndContributionMap":{}}]}],"LEESY02":[{"date":"2025-03-07","commitResults":[{"hash":"8d679eec8dc33fdd070d98bec925770a7fc16739","isMergeCommit":false,"messageTitle":"Added Seung Yoon","messageBody":"","fileTypesAndContributionMap":{"docs":{"insertions":1,"deletions":7}}},{"hash":"0d0e2d95a46cf238b8373658ec6f4c85f8a6f50f","isMergeCommit":true,"messageTitle":"merged me and Joshua","messageBody":"","fileTypesAndContributionMap":{}}]}]},"authorFileTypeContributionMap":{"amirhusaini06":{"docs":0,"functional-code":0,"test-code":0},"b1inmeister":{"docs":27,"functional-code":2,"test-code":2,"other":1},"rozaliesmit":{"docs":0,"functional-code":0,"test-code":0},"himethcodes":{"docs":0,"functional-code":0,"test-code":0},"LEESY02":{"docs":0,"functional-code":0,"test-code":0}},"authorContributionVariance":{"amirhusaini06":12.456748,"b1inmeister":175.30795,"rozaliesmit":26.79585,"himethcodes":5.536333,"LEESY02":3.543253},"authorDisplayNameMap":{"amirhusaini06":"CS2113-F11-1 AMIR..MUSA","b1inmeister":"CS2113-F11-1 LEE ..SHUA","rozaliesmit":"CS2113-F11-1 SMIT..ISEN","himethcodes":"CS2113-F11-1 KANK..MIKA","LEESY02":"CS2113-F11-1 LEE ..YOON"}}
