{"authorDailyContributionsMap":{"QuyDatNguyen":[{"date":"2025-03-06","commitResults":[{"hash":"503a0035345b1f17e4e9bab6cc09892132ccbfe3","isMergeCommit":false,"messageTitle":"Update About us with Dat","messageBody":"","fileTypesAndContributionMap":{"docs":{"insertions":15,"deletions":7}}},{"hash":"e5ba24f39752269baf3a8f5fc29a8ce7b50aa6c7","isMergeCommit":false,"messageTitle":"Del comments","messageBody":"","fileTypesAndContributionMap":{"docs":{"insertions":0,"deletions":15}}},{"hash":"ea341a2635fe47b3715ac64d6a545574b4d05883","isMergeCommit":true,"messageTitle":"Merge pull request #5 from QuyDatNguyen/Dat-AboutUs","messageBody":"Update About us with Dat","fileTypesAndContributionMap":{}},{"hash":"6b8e0eeefc451e8958d831d77aef3da8e6f98d0e","isMergeCommit":false,"messageTitle":"Update name in doc","messageBody":"","fileTypesAndContributionMap":{"docs":{"insertions":3,"deletions":3}}},{"hash":"d7a9468c1225ea59b48d362decfdcb088e92eefd","isMergeCommit":true,"messageTitle":"Merge branch \u0027master\u0027 into Dat-AboutUs","messageBody":"","fileTypesAndContributionMap":{}},{"hash":"303daeeb7c87a56d58f1bca907a484e5d14ada84","isMergeCommit":true,"messageTitle":"Merge pull request #11 from QuyDatNguyen/Dat-AboutUs","messageBody":"Update name in doc","fileTypesAndContributionMap":{}}]},{"date":"2025-03-12","commitResults":[{"hash":"74c772c88188fac759069e54336f2b2aefa9c3c2","isMergeCommit":false,"messageTitle":"add new ExpenseList class","messageBody":"","fileTypesAndContributionMap":{"functional-code":{"insertions":2,"deletions":0}}}]},{"date":"2025-03-13","commitResults":[{"hash":"7c5f8747a1934f96ab388dfc24619f5647c8423e","isMergeCommit":false,"messageTitle":"Override toString for Expense. Add viewAllExpenses and findExpense methods. Replace old expenses list with expenseList","messageBody":"","fileTypesAndContributionMap":{"functional-code":{"insertions":49,"deletions":6}}},{"hash":"749baabf9892008dc4cd39b6b4fa3812585c77ef","isMergeCommit":false,"messageTitle":"Add new ExpenseList class","messageBody":"","fileTypesAndContributionMap":{"functional-code":{"insertions":92,"deletions":0}}},{"hash":"089596043baa89226a085b5555937434bfefcfa1","isMergeCommit":false,"messageTitle":"Add tests for viewAllExpenses","messageBody":"","fileTypesAndContributionMap":{"functional-code":{"insertions":8,"deletions":2},"test-code":{"insertions":64,"deletions":0}}},{"hash":"1e6de33e2b5307d0acf36996583b667b462323e5","isMergeCommit":false,"messageTitle":"Removes comments of old codes. Shorten line length for EMPTY_EXPESE_LIST_MESSAGE","messageBody":"","fileTypesAndContributionMap":{"functional-code":{"insertions":2,"deletions":3},"test-code":{"insertions":4,"deletions":2}}},{"hash":"765a0a84514aa9c36499b38e232f4e9e8830879a","isMergeCommit":false,"messageTitle":"add tests for findExpenses","messageBody":"","fileTypesAndContributionMap":{"functional-code":{"insertions":1,"deletions":1},"test-code":{"insertions":104,"deletions":4}}},{"hash":"8849a2e7a26561c9a7374c3052260bfba0d33ec0","isMergeCommit":true,"messageTitle":"Merge branch \u0027master\u0027 into branch_expenseList","messageBody":"","fileTypesAndContributionMap":{}},{"hash":"de638ecf9673bd905266992ed05c7ca0db9ae22d","isMergeCommit":false,"messageTitle":"Add comments sign post merge /**","messageBody":"","fileTypesAndContributionMap":{"functional-code":{"insertions":1,"deletions":1}}},{"hash":"61fac1e6cb0cdc9573b09c9634ab26c8b38f5c1b","isMergeCommit":false,"messageTitle":"fix viewAllExpenses calling condition","messageBody":"","fileTypesAndContributionMap":{"functional-code":{"insertions":1,"deletions":1}}},{"hash":"15c28a802f7607f846f1b367f7a29428faa2164e","isMergeCommit":true,"messageTitle":"Merge pull request #14 from QuyDatNguyen/branch_expenseList","messageBody":"Add ExpenseList class; viewAllExpenses and findExpense","fileTypesAndContributionMap":{}}]},{"date":"2025-03-14","commitResults":[{"hash":"65f01dadc3be2da8beee865c0a91b656227733d0","isMergeCommit":true,"messageTitle":"Merge pull request #15 from thienkimtranhoang/master","messageBody":"Fix add income and expense limit\nAlso may need to test out to check the merge","fileTypesAndContributionMap":{}}]},{"date":"2025-03-16","commitResults":[{"hash":"038a9b2857e2ab5ec24054f601ae4d47ff870ea7","isMergeCommit":false,"messageTitle":"Update toString with information of category, update junit tests for view and find expenses to reflect category","messageBody":"","fileTypesAndContributionMap":{"functional-code":{"insertions":10,"deletions":5},"test-code":{"insertions":12,"deletions":18}}}]},{"date":"2025-03-18","commitResults":[{"hash":"94ba0345e4fdfcd879b793c77ac11a507835e35d","isMergeCommit":true,"messageTitle":"Merge pull request #24 from IgoyAI/master","messageBody":"Update refactor, junit test, and ui-test","fileTypesAndContributionMap":{}},{"hash":"0a56e06bffe9f9853de91ee7311339a99944b66d","isMergeCommit":false,"messageTitle":"Grouping expenses, incomes into packages. Add UI","messageBody":"","fileTypesAndContributionMap":{"functional-code":{"insertions":6,"deletions":3},"other":{"insertions":3,"deletions":3},"test-code":{"insertions":2,"deletions":0}}},{"hash":"c6c493f388213faebfa3870993b0ddf28cb2500f","isMergeCommit":false,"messageTitle":"Add UI class","messageBody":"","fileTypesAndContributionMap":{"functional-code":{"insertions":40,"deletions":0}}}]},{"date":"2025-03-19","commitResults":[{"hash":"e998270031ba6378452dcd4eba679c8c79b56124","isMergeCommit":false,"messageTitle":"Add Parser and AddIncomeCommand","messageBody":"","fileTypesAndContributionMap":{"functional-code":{"insertions":354,"deletions":0}}},{"hash":"e59b1d56f80181f4c635528224c8d7dd97a3deb3","isMergeCommit":false,"messageTitle":"Add logExpenseCommand","messageBody":"","fileTypesAndContributionMap":{"functional-code":{"insertions":123,"deletions":75}}},{"hash":"bc58ec139d9c9ce9ad046bccb6b03576eeffd239","isMergeCommit":false,"messageTitle":"add DeleteIncomeCommand","messageBody":"","fileTypesAndContributionMap":{"functional-code":{"insertions":50,"deletions":25}}},{"hash":"f5c878528dfaab76db3b32460aa6d767c3d02faa","isMergeCommit":false,"messageTitle":"Add DeleteExpenseCommand","messageBody":"","fileTypesAndContributionMap":{"functional-code":{"insertions":43,"deletions":25}}},{"hash":"aaa5b28e0e5209f2cb494f4ef72c862de38c3cec","isMergeCommit":false,"messageTitle":"Add ExitCommand, FindExpenseCommand, ListIncomeCommand, ViewAllExpensesCommand","messageBody":"","fileTypesAndContributionMap":{"functional-code":{"insertions":131,"deletions":72}}},{"hash":"3a6ef2fbfa58969855bf6b4eb77a2a8be07316ed","isMergeCommit":false,"messageTitle":"Adding outputMessage for every commands","messageBody":"","fileTypesAndContributionMap":{"functional-code":{"insertions":31,"deletions":27}}},{"hash":"c1a4038bd289b6e47dd83349c1faf35922ae98a0","isMergeCommit":false,"messageTitle":"- Add command type for commands - Modify the FinanceTracker to work with UI, Storage and Parser - Modify Main Tracker working with only FinanceTracker object","messageBody":"","fileTypesAndContributionMap":{"functional-code":{"insertions":114,"deletions":280}}},{"hash":"08e9d937786716c0c3cb1de6a83d724827d38c12","isMergeCommit":false,"messageTitle":"Removing magic literals and set string members to private","messageBody":"","fileTypesAndContributionMap":{"functional-code":{"insertions":28,"deletions":50}}},{"hash":"06609b34996a10987ae31402c278062e1e804c42","isMergeCommit":false,"messageTitle":"Refactoring junit tests","messageBody":"","fileTypesAndContributionMap":{"functional-code":{"insertions":3,"deletions":3},"test-code":{"insertions":490,"deletions":311}}},{"hash":"d4fc1a7b6cdffc2ad9ddd4cab32d7834cfd460b0","isMergeCommit":true,"messageTitle":"Merge branch \u0027master\u0027 of https://github.com/AY2425S2-CS2113-T11a-1/tp into branch-commands","messageBody":"# Conflicts:\n#\tdata/budgetflow.txt\n#\tsrc/main/java/budgetflow/FinanceTracker.java\n#\tsrc/test/java/budgetflow/FinanceTrackerTest.java\n\nAdding assertions and logging\n","fileTypesAndContributionMap":{}},{"hash":"f885fb5062684237bbf4e3134867d40f249f2cb3","isMergeCommit":false,"messageTitle":"Add new MissingExpenseException, MissingIncomeException","messageBody":"","fileTypesAndContributionMap":{"functional-code":{"insertions":21,"deletions":6}}},{"hash":"60552c3f629b667c045a2b33af8b251b19972446","isMergeCommit":true,"messageTitle":"Merge branch \u0027master\u0027 of https://github.com/AY2425S2-CS2113-T11a-1/tp","messageBody":"","fileTypesAndContributionMap":{}},{"hash":"f22df6512a3a08ee447a856c788d60236e2efae8","isMergeCommit":false,"messageTitle":"Removing comments and refactoring codes to avoid checkStyle errors","messageBody":"","fileTypesAndContributionMap":{"functional-code":{"insertions":29,"deletions":222},"test-code":{"insertions":23,"deletions":553}}},{"hash":"a52e865d7af47b530794f653964ebea7bf4b45f9","isMergeCommit":false,"messageTitle":"Fix checkstyle errors for orders and line length","messageBody":"","fileTypesAndContributionMap":{"functional-code":{"insertions":9,"deletions":9},"test-code":{"insertions":12,"deletions":6}}},{"hash":"8b4ced321663eafe22d91332a11fda2d82376205","isMergeCommit":false,"messageTitle":"Update Expected.txt and Exit command","messageBody":"","fileTypesAndContributionMap":{"functional-code":{"insertions":1,"deletions":1}}},{"hash":"e997469ef4d9bdb23d7dd130f264caa245c338f7","isMergeCommit":false,"messageTitle":"adding some string constants","messageBody":"","fileTypesAndContributionMap":{"functional-code":{"insertions":7,"deletions":4}}},{"hash":"4892bca85570a0295dbe33be9aa2f182bee2dc38","isMergeCommit":true,"messageTitle":"Merge pull request #37 from QuyDatNguyen/branch-junit-refactoring","messageBody":"Junit and Code refactoring","fileTypesAndContributionMap":{}},{"hash":"90e7db45e2523aff336aee012c4d68e04f645013","isMergeCommit":true,"messageTitle":"Merge branch \u0027master\u0027 of https://github.com/AY2425S2-CS2113-T11a-1/tp","messageBody":"","fileTypesAndContributionMap":{}},{"hash":"5de355d622d68eb03d9124b24cb149bd5dc9eb16","isMergeCommit":true,"messageTitle":"Merge branch \u0027master\u0027 of https://github.com/AY2425S2-CS2113-T11a-1/tp","messageBody":"","fileTypesAndContributionMap":{}},{"hash":"e7e4b7348d274a541063cb1056494531432f5a47","isMergeCommit":false,"messageTitle":"dummy test","messageBody":"","fileTypesAndContributionMap":{"functional-code":{"insertions":1,"deletions":1}}},{"hash":"a85c6793f71bb20dc9a28898d72e8cbd841d15e4","isMergeCommit":false,"messageTitle":"rename jar file to tp","messageBody":"","fileTypesAndContributionMap":{"other":{"insertions":1,"deletions":1}}},{"hash":"640fbf9b7569aed3837490c36756d1645c673251","isMergeCommit":true,"messageTitle":"Merge pull request #45 from QuyDatNguyen/branch-rename-jar-file","messageBody":"rename jar file in building","fileTypesAndContributionMap":{}}]},{"date":"2025-03-21","commitResults":[{"hash":"ced189d83053155bcdc1e5b7f16a36d989eeff35","isMergeCommit":false,"messageTitle":"Update javadoc to exceptions, viewAllExpenses, findExpense, Parser, UI Adding author: QuyDatNguyen to UI, viewAllExpenses, findExpense","messageBody":"","fileTypesAndContributionMap":{"functional-code":{"insertions":69,"deletions":0},"test-code":{"insertions":2,"deletions":0}}},{"hash":"3bace74896dcd4ba284edd80ebe515786c4d1021","isMergeCommit":true,"messageTitle":"Merge branch \u0027master\u0027 into branch-javadoc","messageBody":"","fileTypesAndContributionMap":{}},{"hash":"f46e88c616191f52cd4ec64fb59082bd14a11b16","isMergeCommit":false,"messageTitle":"Remove : in javadoc","messageBody":"","fileTypesAndContributionMap":{"functional-code":{"insertions":2,"deletions":2}}},{"hash":"7773437dc7c3ed1f8e48a706313120f2e9e54e8f","isMergeCommit":true,"messageTitle":"Merge branch \u0027master\u0027 of https://github.com/AY2425S2-CS2113-T11a-1/tp into branch-javadoc","messageBody":"# Conflicts:\n#\tMETA-INF/MANIFEST.MF\n#\tsrc/main/java/budgetflow/command/FindExpenseCommand.java\n#\tsrc/main/java/budgetflow/command/ViewAllExpensesCommand.java\n","fileTypesAndContributionMap":{}},{"hash":"b4351d41ded08d1b1823f58a0162227b741f32ac","isMergeCommit":false,"messageTitle":"Remove assert false from tutorial in MainTracker","messageBody":"","fileTypesAndContributionMap":{"functional-code":{"insertions":0,"deletions":2}}},{"hash":"cb79d9a57f27d605ba6c7a3acabaaa9f03a27dae","isMergeCommit":true,"messageTitle":"Merge branch \u0027branch-javadoc\u0027 of https://github.com/QuyDatNguyen/tp into branch-javadoc","messageBody":"","fileTypesAndContributionMap":{}},{"hash":"6142af0b2442e19e8b5c8df2fbc0f5359aa73011","isMergeCommit":true,"messageTitle":"Merge pull request #50 from QuyDatNguyen/branch-javadoc","messageBody":"Update javadoc to exceptions, viewAllExpenses, findExpense, Parser, UI","fileTypesAndContributionMap":{}}]},{"date":"2025-03-25","commitResults":[{"hash":"a52e8ed0dc7ab93acdeb7c9f53f284a92cb5fb86","isMergeCommit":false,"messageTitle":"Fix parenthess missing in ExpenseList, update EXPECTED.TXT","messageBody":"","fileTypesAndContributionMap":{"functional-code":{"insertions":5,"deletions":1}}},{"hash":"45d6d596afa123d73e704183d75221e50e24900d","isMergeCommit":false,"messageTitle":"add stupid comments","messageBody":"","fileTypesAndContributionMap":{"test-code":{"insertions":2,"deletions":1}}}]},{"date":"2025-03-26","commitResults":[{"hash":"e7659be8646d2c87fcb7683c96a5c786454ed279","isMergeCommit":false,"messageTitle":"Add query expense based on description, category, amount, date","messageBody":"","fileTypesAndContributionMap":{"functional-code":{"insertions":176,"deletions":13},"test-code":{"insertions":4,"deletions":4}}},{"hash":"9156cf484875cdb2d9593d907443a45f6a5b4b84","isMergeCommit":false,"messageTitle":"remove static for updateExpense","messageBody":"","fileTypesAndContributionMap":{"functional-code":{"insertions":4,"deletions":4}}},{"hash":"18952aa713bcffd56b0fd5b041c9b8e836fdf6cf","isMergeCommit":false,"messageTitle":"add constants","messageBody":"","fileTypesAndContributionMap":{"functional-code":{"insertions":20,"deletions":10}}},{"hash":"f690aa51b481cefd3659939d93bd27d2b7631fff","isMergeCommit":false,"messageTitle":"add junit tests for finding expense","messageBody":"","fileTypesAndContributionMap":{"functional-code":{"insertions":3,"deletions":3},"test-code":{"insertions":103,"deletions":4}}},{"hash":"db6df66cca926cca6be4f08c3aba894c75633627","isMergeCommit":false,"messageTitle":"remove redundant import","messageBody":"","fileTypesAndContributionMap":{"functional-code":{"insertions":0,"deletions":1}}},{"hash":"b5a42c8f7f5396935f0c414daeee754aa1a1c536","isMergeCommit":false,"messageTitle":"remove another redundant import","messageBody":"","fileTypesAndContributionMap":{"functional-code":{"insertions":1,"deletions":2}}},{"hash":"ec4189be63cfa0223f09f718e0d377dbbc9ce0e6","isMergeCommit":true,"messageTitle":"Merge pull request #81 from QuyDatNguyen/branch-debug-darius","messageBody":"Debug existing bugs from prev pr\n- Remove static at totalExpenses and innerList\n- Change updateTotalExpense() to be non-static","tags":["v2.0"],"fileTypesAndContributionMap":{}},{"hash":"523b1a53023204d84d7b44c530879687a7b7f23e","isMergeCommit":true,"messageTitle":"Merge branch \u0027master\u0027 of https://github.com/AY2425S2-CS2113-T11a-1/tp into branch-query-expense","messageBody":"","fileTypesAndContributionMap":{}}]},{"date":"2025-03-27","commitResults":[{"hash":"69c1527d5dbdfa56b2c678bbd27401b51da897e6","isMergeCommit":false,"messageTitle":"adding command and tag to query amount range and date range, include junit test for these new commands","messageBody":"","fileTypesAndContributionMap":{"functional-code":{"insertions":63,"deletions":5},"test-code":{"insertions":77,"deletions":0}}},{"hash":"1d677e78f6d392320c619c3d0eab25940fb763b3","isMergeCommit":false,"messageTitle":"update constants","messageBody":"","fileTypesAndContributionMap":{"functional-code":{"insertions":6,"deletions":3}}},{"hash":"b274c0d5078d5783439f49f8f5b21746b6da9ed7","isMergeCommit":false,"messageTitle":"update checkstyle error","messageBody":"","fileTypesAndContributionMap":{"functional-code":{"insertions":47,"deletions":37}}}]},{"date":"2025-03-28","commitResults":[{"hash":"d7a6548f3b1635aa6d0a6025d3e543766eeca027","isMergeCommit":false,"messageTitle":"Add DG for ViewAllExpenses and FindExpense","messageBody":"","fileTypesAndContributionMap":{"docs":{"insertions":31,"deletions":0}}},{"hash":"c79cc5adb65d38675610d4ce00249cb2727fb011","isMergeCommit":true,"messageTitle":"Merge pull request #91 from QuyDatNguyen/branch-DG","messageBody":"Add DG for ViewAllExpenses and FindExpense","fileTypesAndContributionMap":{}},{"hash":"7f1a309ee56383c1a8e2fda2fc9eea805ec9b433","isMergeCommit":true,"messageTitle":"Merge pull request #96 from IgoyAI/last-correct but it does not work","messageBody":"Update md","fileTypesAndContributionMap":{}}]}],"thienkimtranhoang":[{"date":"2025-03-05","commitResults":[{"hash":"c2138003c7abb3f61b7569f0ab03335de28c39cb","isMergeCommit":false,"messageTitle":"add adding expense and income","messageBody":"","fileTypesAndContributionMap":{"functional-code":{"insertions":197,"deletions":21},"other":{"insertions":1,"deletions":1}}},{"hash":"4cb58c5f56e6a01d6f6417e8718b3a9a6697149f","isMergeCommit":false,"messageTitle":"fix gradle","messageBody":"","fileTypesAndContributionMap":{"other":{"insertions":1,"deletions":1}}}]},{"date":"2025-03-06","commitResults":[{"hash":"5c2662e57ce9c70d568915eaa2195478ad9597da","isMergeCommit":false,"messageTitle":"Update AboutUs.md","messageBody":"","fileTypesAndContributionMap":{"docs":{"insertions":4,"deletions":7}}},{"hash":"1df8fef45f5f704fcb92f64054d8324d37ccb6b3","isMergeCommit":true,"messageTitle":"Merge branch \u0027master\u0027 into Kim-AboutUs","messageBody":"","fileTypesAndContributionMap":{}},{"hash":"b7d8d42e36852d9bc226885ef9dcea4d86cac80e","isMergeCommit":false,"messageTitle":"Update Kim-AboutUs","messageBody":"","fileTypesAndContributionMap":{"docs":{"insertions":1,"deletions":0}}},{"hash":"b56a6aba41c100cdfdb9248e3b54b47b7c9f9deb","isMergeCommit":true,"messageTitle":"Merge branch \u0027master\u0027 into Kim-AboutUs","messageBody":"","fileTypesAndContributionMap":{}},{"hash":"04a24cf26a6ed8874c419e9072083719512eafb1","isMergeCommit":true,"messageTitle":"Merge pull request #10 from thienkimtranhoang/Kim-AboutUs","messageBody":"Update About Us - Tutorial W7","fileTypesAndContributionMap":{}}]},{"date":"2025-03-13","commitResults":[{"hash":"17fac9e9d2f976034b62833f22298ed8d09ef2ad","isMergeCommit":false,"messageTitle":"fix add income and expense limit","messageBody":"","fileTypesAndContributionMap":{"functional-code":{"insertions":61,"deletions":36}}}]},{"date":"2025-03-15","commitResults":[{"hash":"3a2cba665f3a01d3cfe6314b5c93c52e5f683081","isMergeCommit":false,"messageTitle":"add junit test for former add expenses and income","messageBody":"","fileTypesAndContributionMap":{"functional-code":{"insertions":1,"deletions":1},"test-code":{"insertions":278,"deletions":2}}},{"hash":"057d8d9c2821c1a487da23255b4eefed8293beff","isMergeCommit":true,"messageTitle":"merge new adding expenses and income","messageBody":"","fileTypesAndContributionMap":{}},{"hash":"ae717c82c5e24a50b482f52055223210259f7d65","isMergeCommit":true,"messageTitle":"resolve conflicts junit test","messageBody":"","fileTypesAndContributionMap":{}},{"hash":"c05a12a47d3ff101b15724443ab7e889b07bf706","isMergeCommit":false,"messageTitle":"add junit test for add income and expenses","messageBody":"","fileTypesAndContributionMap":{"test-code":{"insertions":230,"deletions":0}}}]},{"date":"2025-03-16","commitResults":[{"hash":"4d32e7778b2400c851ed71ebe6fe3a2f0fde6b86","isMergeCommit":true,"messageTitle":"Merge pull request #19 from thienkimtranhoang/master","messageBody":"Add more Junit Test for add Income and log Expense","fileTypesAndContributionMap":{}},{"hash":"162473b4b2249e407707a45fe88a308dba502f66","isMergeCommit":false,"messageTitle":"add save data to hard disk","messageBody":"","fileTypesAndContributionMap":{"functional-code":{"insertions":87,"deletions":26}}},{"hash":"79952fd0c4d4b12f4e5c363ba98506d7903611ba","isMergeCommit":false,"messageTitle":"add javadoc comments for storage","messageBody":"","fileTypesAndContributionMap":{"functional-code":{"insertions":32,"deletions":2}}},{"hash":"7062b4696ff465d01560fd4c53c16eddb69e58cf","isMergeCommit":false,"messageTitle":"refactor storage","messageBody":"","fileTypesAndContributionMap":{"functional-code":{"insertions":139,"deletions":111}}}]},{"date":"2025-03-18","commitResults":[{"hash":"f8aa7f7eac12dfcba5d61e26b87ac224f0cc0df2","isMergeCommit":false,"messageTitle":"add assert to make code defensive","messageBody":"","fileTypesAndContributionMap":{"test-code":{"insertions":12,"deletions":0}}},{"hash":"4a62ecc401c1039b70e91178c025928097da2b9d","isMergeCommit":false,"messageTitle":"Add testing and assertions","messageBody":"","fileTypesAndContributionMap":{"functional-code":{"insertions":33,"deletions":145},"other":{"insertions":42,"deletions":13},"test-code":{"insertions":112,"deletions":119}}},{"hash":"b138094340b9a9fae1edc6294b662cc685616700","isMergeCommit":true,"messageTitle":"update more test and assertions","messageBody":"","fileTypesAndContributionMap":{}},{"hash":"84e691754f5d537eeed2ed8757338fd3976c07a4","isMergeCommit":true,"messageTitle":"Merge pull request #33 from thienkimtranhoang/Testing-Assert","messageBody":"Update Testing and Assertions for Add Income - Log Expense","fileTypesAndContributionMap":{}}]},{"date":"2025-03-19","commitResults":[{"hash":"5bb2dfbe6993b9e6bd6d62d30934b896bda7455b","isMergeCommit":false,"messageTitle":"update expect.txt and success messages","messageBody":"","fileTypesAndContributionMap":{"functional-code":{"insertions":1,"deletions":0}}},{"hash":"6feee60d6bfa78a4ad3445e5b1033e6f2830c55a","isMergeCommit":false,"messageTitle":"update expect.txt","messageBody":"","fileTypesAndContributionMap":{"functional-code":{"insertions":1,"deletions":1}}},{"hash":"84b39e3a8713149893bb2ef6afcf7aefc4fd8b09","isMergeCommit":true,"messageTitle":"merge from upstream","messageBody":"","fileTypesAndContributionMap":{}},{"hash":"ef214c9fa5e8fe6f8d0d10b1f5399d14255cede1","isMergeCommit":false,"messageTitle":"update expect.txt","messageBody":"","fileTypesAndContributionMap":{"functional-code":{"insertions":8,"deletions":0}}},{"hash":"0f07ea8335d3de79621b86c4cc422ec20568f0ec","isMergeCommit":false,"messageTitle":"add back javadoc comment","messageBody":"","fileTypesAndContributionMap":{"functional-code":{"insertions":12,"deletions":1}}},{"hash":"d8db3a512af407e16c97baf4df9840c57a58a209","isMergeCommit":false,"messageTitle":"attemps with CI","messageBody":"","fileTypesAndContributionMap":{"functional-code":{"insertions":2,"deletions":21},"test-code":{"insertions":1,"deletions":1}}},{"hash":"d594f38d5fc631a4f5ee18101c8c2ae9cba02846","isMergeCommit":true,"messageTitle":"merge from refactored junit","messageBody":"","fileTypesAndContributionMap":{}},{"hash":"513cb735a40e8419fd6b58da86ae592ecaeb8854","isMergeCommit":false,"messageTitle":"update gradle.yml and expected.txt","messageBody":"","fileTypesAndContributionMap":{"other":{"insertions":3,"deletions":2}}},{"hash":"faa3530dbe0e73d01dd1dbe101e0bec896d7279f","isMergeCommit":true,"messageTitle":"add testing back","messageBody":"","fileTypesAndContributionMap":{}},{"hash":"39d538956658f39de21c07157c2b127f9e068d6c","isMergeCommit":false,"messageTitle":"add 1 more junit test","messageBody":"","fileTypesAndContributionMap":{"test-code":{"insertions":10,"deletions":0}}},{"hash":"bf2c4b61dd5ef91c29e1e3d0a1c19543830a4adb","isMergeCommit":false,"messageTitle":"edit log assertions and junit","messageBody":"","fileTypesAndContributionMap":{"functional-code":{"insertions":0,"deletions":1},"test-code":{"insertions":5,"deletions":18}}},{"hash":"12dbea323616e63e4f06d46a6e9820d25c7fa1c0","isMergeCommit":false,"messageTitle":"update for checkstyle","messageBody":"","fileTypesAndContributionMap":{"functional-code":{"insertions":1,"deletions":1},"test-code":{"insertions":1,"deletions":1}}},{"hash":"c030ef1078c5f1a06feff0c81d4b3a27309e6f67","isMergeCommit":false,"messageTitle":"add 1 more unit test","messageBody":"","fileTypesAndContributionMap":{"test-code":{"insertions":10,"deletions":0}}}]},{"date":"2025-03-20","commitResults":[{"hash":"88906af883682f35ae387bc42934f9c3a245ac33","isMergeCommit":true,"messageTitle":"Merge pull request #46 from thienkimtranhoang/master","messageBody":"Add 1 more Unit Test + Update Checkstyle","fileTypesAndContributionMap":{}},{"hash":"cf7ddea739b475db1c7f476260c0e12ac726e651","isMergeCommit":false,"messageTitle":"edit authorship - kim","messageBody":"","fileTypesAndContributionMap":{"functional-code":{"insertions":3,"deletions":0},"test-code":{"insertions":2,"deletions":1}}},{"hash":"8216f7302492dc873e1555ff1de46a33b5f1d174","isMergeCommit":true,"messageTitle":"edit authorship - kim","messageBody":"","fileTypesAndContributionMap":{}},{"hash":"4f116f2c935c07be4cff5107f8b1bc6673bb11bd","isMergeCommit":true,"messageTitle":"Merge pull request #49 from thienkimtranhoang/master","messageBody":"Edit authorship for logExpenseTest - Kim","fileTypesAndContributionMap":{}}]},{"date":"2025-03-26","commitResults":[{"hash":"97f414398ca26901018280a191dd1bd064902465","isMergeCommit":false,"messageTitle":"add saving goal","messageBody":"","fileTypesAndContributionMap":{"functional-code":{"insertions":256,"deletions":36}}},{"hash":"f44882a6a52cb9eb18618a41d6b637811793ea2e","isMergeCommit":true,"messageTitle":"merge saving goal","messageBody":"","fileTypesAndContributionMap":{}},{"hash":"db1024a2612affb0a3e932cd5ee54f1b80c8ee7d","isMergeCommit":false,"messageTitle":"add test case for goal","messageBody":"","fileTypesAndContributionMap":{"functional-code":{"insertions":7,"deletions":16},"test-code":{"insertions":69,"deletions":19}}},{"hash":"86dab2151810ef705a292cc1669fe5549241e312","isMergeCommit":false,"messageTitle":"edit checkstyle","messageBody":"","fileTypesAndContributionMap":{"functional-code":{"insertions":11,"deletions":8},"test-code":{"insertions":1,"deletions":1}}},{"hash":"c482ca7cd3d0dae07e9b3a68953cc8067ddbe583","isMergeCommit":false,"messageTitle":"avoid wildcard import","messageBody":"","fileTypesAndContributionMap":{"functional-code":{"insertions":7,"deletions":2}}}]},{"date":"2025-03-27","commitResults":[{"hash":"81c04873eec31193826b56a31e215ad0c5c62220","isMergeCommit":true,"messageTitle":"merge fix test errors","messageBody":"","fileTypesAndContributionMap":{}},{"hash":"7c1cade2e5ca3353acbe8f3bde9404d2bc449df6","isMergeCommit":false,"messageTitle":"draft UG","messageBody":"","fileTypesAndContributionMap":{"functional-code":{"insertions":0,"deletions":1},"docs":{"insertions":14,"deletions":2}}},{"hash":"ff14e243810edfcc0dea87d4ac74461126a69c1f","isMergeCommit":true,"messageTitle":"Merge pull request #88 from thienkimtranhoang/master","messageBody":"Add Saving Goal + Test Case + Draft UG","fileTypesAndContributionMap":{}},{"hash":"b9ee7d2047461a42ac40e65a6b440970e662b856","isMergeCommit":true,"messageTitle":"Merge pull request #85 from QuyDatNguyen/branch-query-expense","messageBody":"Update findExpense to query for category, amount, date, amount range and date range","fileTypesAndContributionMap":{}}]},{"date":"2025-03-28","commitResults":[{"hash":"dc910744ab362b7f6766afd54b4e4ed09db5493e","isMergeCommit":false,"messageTitle":"attempt revert","messageBody":"","fileTypesAndContributionMap":{"functional-code":{"insertions":1,"deletions":0}}},{"hash":"95621b959fbfacb12c2ff8843329c9eab666b55e","isMergeCommit":true,"messageTitle":"merge","messageBody":"","fileTypesAndContributionMap":{}},{"hash":"6fd2e49a1bfab690143a683cabb57cb99c5b16c0","isMergeCommit":false,"messageTitle":"edit manager","messageBody":"","fileTypesAndContributionMap":{"functional-code":{"insertions":1,"deletions":1}}},{"hash":"b3cdf7af0987bfbb6e843c856bcb5f1126ac3cca","isMergeCommit":false,"messageTitle":"test","messageBody":"","fileTypesAndContributionMap":{"functional-code":{"insertions":0,"deletions":71}}},{"hash":"1edce6681acd71bcd94427e71251424e3bdf6a3c","isMergeCommit":false,"messageTitle":"test2","messageBody":"","fileTypesAndContributionMap":{"functional-code":{"insertions":0,"deletions":0}}},{"hash":"20f29db714727d40b1fdee64dc728bc131346035","isMergeCommit":false,"messageTitle":"testing3","messageBody":"","fileTypesAndContributionMap":{"functional-code":{"insertions":71,"deletions":0}}},{"hash":"65180634f87ad6ddaa2e8f7fd1065da6e656d5af","isMergeCommit":false,"messageTitle":"merge first","messageBody":"","fileTypesAndContributionMap":{"functional-code":{"insertions":1,"deletions":83}}},{"hash":"af5721385fcd82fb2d6816ec951f37f000cd7ed2","isMergeCommit":false,"messageTitle":"checkstyle","messageBody":"","fileTypesAndContributionMap":{"functional-code":{"insertions":1,"deletions":1}}},{"hash":"b9dfb48f41ba83fa49423f4d2e78f4b07073c61e","isMergeCommit":true,"messageTitle":"Merge pull request #94 from thienkimtranhoang/master","messageBody":"Attempt revert","fileTypesAndContributionMap":{}},{"hash":"f1a94fec6815b5c35abf69bf3cc8389b8092e10d","isMergeCommit":false,"messageTitle":"fix2","messageBody":"","fileTypesAndContributionMap":{"functional-code":{"insertions":0,"deletions":1}}},{"hash":"5dca2e8d4792ff3cef461eb0bc592f93dafcc4d1","isMergeCommit":false,"messageTitle":"fix3","messageBody":"","fileTypesAndContributionMap":{"functional-code":{"insertions":1,"deletions":0}}},{"hash":"c99c11abdc43870e3dc29fb07c36922c170035a2","isMergeCommit":false,"messageTitle":"change","messageBody":"","fileTypesAndContributionMap":{"functional-code":{"insertions":1,"deletions":1}}},{"hash":"f99e387828c088dcb1f80c3eeb4d995e33d23eac","isMergeCommit":false,"messageTitle":"add save","messageBody":"","fileTypesAndContributionMap":{"functional-code":{"insertions":72,"deletions":1}}},{"hash":"fa9ac5e68fa8476fdb6683bb8d1a646f52cec3c8","isMergeCommit":false,"messageTitle":"checkstyle","messageBody":"","fileTypesAndContributionMap":{"functional-code":{"insertions":1,"deletions":1}}},{"hash":"d1255e103d859cebb150ba28b80a3be73ffe9514","isMergeCommit":false,"messageTitle":"edit","messageBody":"","fileTypesAndContributionMap":{"functional-code":{"insertions":16,"deletions":7}}},{"hash":"cc4363ede3864ad4eea401bf2488c2da615315d7","isMergeCommit":true,"messageTitle":"Merge branch \u0027master\u0027 into master","messageBody":"","fileTypesAndContributionMap":{}},{"hash":"fd1a31bdcdf122d5a1bada9a3ed99992be78ed77","isMergeCommit":false,"messageTitle":"edit3","messageBody":"","fileTypesAndContributionMap":{"functional-code":{"insertions":48,"deletions":11}}},{"hash":"5d71debf6c19dd2b87e5cea49d9900f87571ae26","isMergeCommit":false,"messageTitle":"fix4","messageBody":"","fileTypesAndContributionMap":{"functional-code":{"insertions":8,"deletions":7},"test-code":{"insertions":19,"deletions":1}}},{"hash":"2ee4e5cc841ce7d7c72d9133ce926711355787c1","isMergeCommit":false,"messageTitle":"fix5","messageBody":"","fileTypesAndContributionMap":{"functional-code":{"insertions":0,"deletions":8},"test-code":{"insertions":1,"deletions":1}}},{"hash":"2f85efd344c6481d686a8e54dae31d1724dd59b1","isMergeCommit":true,"messageTitle":"Merge pull request #95 from thienkimtranhoang/master","messageBody":"fix2","fileTypesAndContributionMap":{}},{"hash":"2861f2cd280a5ea7b8529fd7bdd9971cecf44f20","isMergeCommit":false,"messageTitle":"attemp add back goal","messageBody":"","fileTypesAndContributionMap":{"functional-code":{"insertions":82,"deletions":2}}},{"hash":"44e3b2ca93bbe31b32fcb6257191d9f19e02ab03","isMergeCommit":false,"messageTitle":"fix","messageBody":"","fileTypesAndContributionMap":{"functional-code":{"insertions":3,"deletions":3}}},{"hash":"a83651efb4bb795b6d3ee7c72e40d98521daa42c","isMergeCommit":false,"messageTitle":"add dg","messageBody":"","fileTypesAndContributionMap":{"docs":{"insertions":14,"deletions":4}}},{"hash":"efc3a3050fbe9dc0990271165188c8c7ed0ae9ec","isMergeCommit":true,"messageTitle":"Merge pull request #97 from thienkimtranhoang/master","messageBody":"attemp add back goal","fileTypesAndContributionMap":{}}]}],"Yikbing":[{"date":"2025-03-06","commitResults":[{"hash":"425993e5235d2838adfe7b51ac129840638cb4fe","isMergeCommit":false,"messageTitle":"add yikbing in AboutUs","messageBody":"","fileTypesAndContributionMap":{"docs":{"insertions":3,"deletions":7}}},{"hash":"251ce7e8461edfb71000df75c4715539548593b6","isMergeCommit":true,"messageTitle":"Merge branch \u0027master\u0027 into yikbing-AboutUs","messageBody":"","fileTypesAndContributionMap":{}},{"hash":"823675ed43021c768cf20e3f10e26833f8d4b4d0","isMergeCommit":true,"messageTitle":"Merge pull request #8 from Yikbing/yikbing-AboutUs","messageBody":"add yikbing in AboutUs","fileTypesAndContributionMap":{}}]},{"date":"2025-03-08","commitResults":[{"hash":"bf3ddf6fdbbdf02b2ee60aced2f7397d80b8ad53","isMergeCommit":false,"messageTitle":"add deleteExpense in FinanceTracker","messageBody":"","fileTypesAndContributionMap":{"functional-code":{"insertions":29,"deletions":0}}},{"hash":"97139a55252606496d077e9a77319b4018753e2f","isMergeCommit":false,"messageTitle":"add deleteIncome in FinanceTracker","messageBody":"","fileTypesAndContributionMap":{"functional-code":{"insertions":31,"deletions":0}}},{"hash":"29b0572358839927d09872f0e832addb11fe769b","isMergeCommit":true,"messageTitle":"Merge branch \u0027master\u0027 into branch_delete_income","messageBody":"","fileTypesAndContributionMap":{}}]},{"date":"2025-03-13","commitResults":[{"hash":"23a61bd17b8bb6062e093c19f90c7af8d88896a0","isMergeCommit":true,"messageTitle":"Merge pull request #13 from Yikbing/branch_delete_income","messageBody":"add deleteIncome in FinanceTracker","fileTypesAndContributionMap":{}},{"hash":"ecb98477fb0307d00defc8086b07c57b8d1e3b1d","isMergeCommit":false,"messageTitle":"Fix merge issues with deleteIncome and deleteExpense","messageBody":"merged deleteIncome and deleteExpense wrongly","fileTypesAndContributionMap":{"functional-code":{"insertions":22,"deletions":2}}}]},{"date":"2025-03-15","commitResults":[{"hash":"bd6fb384b56abf8fbe875a153e914e091c5086b6","isMergeCommit":false,"messageTitle":"add Junit tests for deleteIncome and deleteExpense","messageBody":"","fileTypesAndContributionMap":{"test-code":{"insertions":81,"deletions":0}}},{"hash":"83d8d0b88a6190bd3d15769f69a2336d6017cc31","isMergeCommit":false,"messageTitle":"update Junit test cases with categories for Financetracker","messageBody":"","fileTypesAndContributionMap":{"test-code":{"insertions":8,"deletions":8}}},{"hash":"68e31c4bcd72490bf3fa559bace90bdecbe62a42","isMergeCommit":true,"messageTitle":"Merge pull request #18 from Yikbing/branch_Junit_tests","messageBody":"Branch junit tests","fileTypesAndContributionMap":{}}]},{"date":"2025-03-19","commitResults":[{"hash":"4a672a04853ecce757d9e18bf9f8b1b458aa7756","isMergeCommit":false,"messageTitle":"add assertions for deleteIncome and deleteExpense","messageBody":"","fileTypesAndContributionMap":{"functional-code":{"insertions":2,"deletions":0}}},{"hash":"26826704b19203e8357ad4e205d04ca5dcffdfa7","isMergeCommit":false,"messageTitle":"add asserts for deleteIncome and deleteExpense and update gradle.yml to validate Gradle wrapper","messageBody":"","fileTypesAndContributionMap":{"functional-code":{"insertions":6,"deletions":5},"other":{"insertions":3,"deletions":2}}},{"hash":"4aef05fe9390b6b38192234ce8be10ec12cd6359","isMergeCommit":false,"messageTitle":"add constructor to Ui.java to fix CI error","messageBody":"","fileTypesAndContributionMap":{"functional-code":{"insertions":3,"deletions":0}}},{"hash":"32b29a0d5811c29205053d908d958501661fe4e9","isMergeCommit":false,"messageTitle":"edit Ui.java to fix checkstyle issue","messageBody":"","fileTypesAndContributionMap":{"functional-code":{"insertions":1,"deletions":4}}},{"hash":"06a5c65dad49ff7a1fe7f0f3306b8ca17c05ec13","isMergeCommit":true,"messageTitle":"Merge pull request #40 from Yikbing/branch_Assertions","messageBody":"update assertions for deleteIncome and deleteExpense and updated gradle.yml to validate gradle wrapper","tags":["v1.0"],"fileTypesAndContributionMap":{}}]},{"date":"2025-03-22","commitResults":[{"hash":"7bbcb7d02d3687a2670971a0c51827f602c48ba7","isMergeCommit":false,"messageTitle":"add DateValidator to verify date is real, update AddIncomeCommand and LogExpenseCommand and JUnit tests with new date format","messageBody":"","fileTypesAndContributionMap":{"functional-code":{"insertions":75,"deletions":6},"test-code":{"insertions":108,"deletions":48}}},{"hash":"80f246e8db7a42a6be845626bd4809f91f9c1acf","isMergeCommit":true,"messageTitle":"Merge branch \u0027master\u0027 into branch_update_date_format","messageBody":"","fileTypesAndContributionMap":{}},{"hash":"e1e7aa0169b8b601653c36092a483b09f2748ad9","isMergeCommit":false,"messageTitle":"update input.txt and AddIncomeCommand","messageBody":"","fileTypesAndContributionMap":{"functional-code":{"insertions":2,"deletions":4}}},{"hash":"30d9f91bd27fb4fba3ec28af2f0f7821ce551584","isMergeCommit":true,"messageTitle":"Merge branch \u0027branch_update_date_format\u0027 of https://github.com/Yikbing/tp into branch_update_date_format","messageBody":"# Conflicts:\n#\tdata/budgetflow.txt\n","fileTypesAndContributionMap":{}},{"hash":"1063a52a7cd934d76a0b80ff71d06bf6c90c45ec","isMergeCommit":false,"messageTitle":"update syntax errors","messageBody":"","fileTypesAndContributionMap":{"functional-code":{"insertions":3,"deletions":4},"test-code":{"insertions":4,"deletions":1}}},{"hash":"d54bea410f1de752db50780d07ecf7ef3fc64555","isMergeCommit":false,"messageTitle":"update EXPECTED.TXT to new date format, and update JUnit tests date errors","messageBody":"","fileTypesAndContributionMap":{"test-code":{"insertions":4,"deletions":4}}},{"hash":"0883fcad79fa1e67c51fbee12bca91b396d71001","isMergeCommit":false,"messageTitle":"fix checkstyle errors","messageBody":"","fileTypesAndContributionMap":{"functional-code":{"insertions":5,"deletions":2}}},{"hash":"2fca5023593edb49452e92ff5b614b02ca844d03","isMergeCommit":true,"messageTitle":"Merge pull request #63 from Yikbing/branch_update_date_format","messageBody":"add DateValidator, update AddIncomeCommand and LogExpenseCommand","fileTypesAndContributionMap":{}}]},{"date":"2025-03-23","commitResults":[{"hash":"ecb03e052cafeca88bbe985e1ac756628f658074","isMergeCommit":false,"messageTitle":"add CompareExpenseCommand Class and update DateValidator, add JUnit tests for CompareExpenseCommand Class","messageBody":"","fileTypesAndContributionMap":{"functional-code":{"insertions":164,"deletions":4},"test-code":{"insertions":65,"deletions":0}}},{"hash":"c99e4a41ee16104ba385ca9a37ef915b8c1c16bc","isMergeCommit":false,"messageTitle":"update checkstyle errors","messageBody":"","fileTypesAndContributionMap":{"functional-code":{"insertions":3,"deletions":2},"test-code":{"insertions":2,"deletions":2}}},{"hash":"c743e194d852acc52231202b47249885a64b1e0d","isMergeCommit":false,"messageTitle":"update checkstyle errors","messageBody":"","fileTypesAndContributionMap":{"functional-code":{"insertions":2,"deletions":2}}},{"hash":"c2d2c241c3a0f56588ad0d5d22d3766259ddf512","isMergeCommit":false,"messageTitle":"improve OOP for CompareExpenseCommand","messageBody":"","fileTypesAndContributionMap":{"functional-code":{"insertions":62,"deletions":14}}},{"hash":"1f8de85027929b2fecf87e788d4e6ca41d4176c3","isMergeCommit":false,"messageTitle":"fix checkstyle errors","messageBody":"","fileTypesAndContributionMap":{"functional-code":{"insertions":2,"deletions":1}}},{"hash":"b77e52655b7cd973fbb27f3c0f98823b9391728b","isMergeCommit":true,"messageTitle":"Merge pull request #65 from Yikbing/branch_compare_expenses","messageBody":"add CompareExpenseCommand Class, update DateValidator","fileTypesAndContributionMap":{}}]},{"date":"2025-03-28","commitResults":[{"hash":"edbfef63ff192fef2772f0f3bb32cd0ed868a9fa","isMergeCommit":false,"messageTitle":"add deleteExpenseCommand and deleteIncomeCommand plantUML and update DG","messageBody":"","fileTypesAndContributionMap":{"docs":{"insertions":83,"deletions":1}}},{"hash":"7d90beb478ceade8cad7323be31d3afc56fcb8c9","isMergeCommit":true,"messageTitle":"Merge pull request #89 from Yikbing/branch_developer_guide","messageBody":"add deleteExpenseCommand and deleteIncomeCommand plantUML and update DG","fileTypesAndContributionMap":{}}]}],"dariusyawningwhiz":[{"date":"2025-03-06","commitResults":[{"hash":"c18cb659a9ddb2eb47143414964051e6bee3b3f1","isMergeCommit":false,"messageTitle":"Dar","messageBody":"","fileTypesAndContributionMap":{"docs":{"insertions":3,"deletions":7}}},{"hash":"8722c99f7014ec8cd0b389fc9d8a74b1834b1a21","isMergeCommit":true,"messageTitle":"Merge branch \u0027master\u0027 into A-Dar","messageBody":"","fileTypesAndContributionMap":{}},{"hash":"fe090e9c7d1c195a832f6302fc556885d521abc2","isMergeCommit":true,"messageTitle":"Merge branch \u0027master\u0027 into A-Dar","messageBody":"","fileTypesAndContributionMap":{}},{"hash":"a58e7d75eaab9988c36035bf6442e8daf1e8558c","isMergeCommit":true,"messageTitle":"Merge branch \u0027master\u0027 into A-Dar","messageBody":"","fileTypesAndContributionMap":{}},{"hash":"da8cfd4ac0a7fba50ed862b79a265b2df98e5fea","isMergeCommit":true,"messageTitle":"Merge pull request #9 from dariusyawningwhiz/A-Dar","messageBody":"Dar","fileTypesAndContributionMap":{}}]},{"date":"2025-03-14","commitResults":[{"hash":"73e0de24f9004d452bb59d3d89381613a92e6d51","isMergeCommit":false,"messageTitle":"categorize expenses","messageBody":"","fileTypesAndContributionMap":{"functional-code":{"insertions":35,"deletions":0}}},{"hash":"e80e992788cc05cd531f27f8bfcce96c6e1579aa","isMergeCommit":false,"messageTitle":"Darius-Categorise expenses","messageBody":"","fileTypesAndContributionMap":{"functional-code":{"insertions":7,"deletions":2}}},{"hash":"e7f057eaf29a275e09b001636d288388afa611b2","isMergeCommit":true,"messageTitle":"Merge branch \u0027master\u0027 into master","messageBody":"","fileTypesAndContributionMap":{}},{"hash":"5722c5d89f392b71ef835af96f5419a2c5a7c96a","isMergeCommit":true,"messageTitle":"Merge pull request #16 from dariusyawningwhiz/master","messageBody":"Darius - added categorize expense ","fileTypesAndContributionMap":{}},{"hash":"efe0ab700d95ff65dc7cf202559b20e71eaea75b","isMergeCommit":false,"messageTitle":"expense category","messageBody":"","fileTypesAndContributionMap":{"functional-code":{"insertions":45,"deletions":45}}},{"hash":"a2628a80b936f1b84b048aa47f1e5bd38faba85e","isMergeCommit":true,"messageTitle":"Merge pull request #17 from dariusyawningwhiz/Darius-add-expense-category","messageBody":"added expense category","fileTypesAndContributionMap":{}}]},{"date":"2025-03-19","commitResults":[{"hash":"9caa2dbd61a332d56f1cfa09fdcbacb414a06003","isMergeCommit":false,"messageTitle":"added assertion","messageBody":"","fileTypesAndContributionMap":{"functional-code":{"insertions":98,"deletions":130},"test-code":{"insertions":100,"deletions":0}}},{"hash":"1bad1f20e0bc748a2a993ee730f8e15345750f5d","isMergeCommit":true,"messageTitle":"Merge pull request #35 from dariusyawningwhiz/darius-Junit-test","messageBody":"added assertions to financetracker class","fileTypesAndContributionMap":{}},{"hash":"b0bc5c3b015a63cf72ab11e697b23a05b9a8e27c","isMergeCommit":false,"messageTitle":"donothing","messageBody":"","fileTypesAndContributionMap":{"test-code":{"insertions":2,"deletions":0}}},{"hash":"0ee9dc6a796ecc0652325634a0629bcbe6ece32f","isMergeCommit":false,"messageTitle":"Fix Checkstyle violation in Ui.java","messageBody":"","fileTypesAndContributionMap":{"functional-code":{"insertions":1,"deletions":1}}},{"hash":"bf3723bfca5fbfbdb0b6ddb75b6b7574c2d96c72","isMergeCommit":true,"messageTitle":"Merge pull request #41 from dariusyawningwhiz/darius-v1.0","messageBody":"donothing","fileTypesAndContributionMap":{}}]},{"date":"2025-03-20","commitResults":[{"hash":"edd6f14e8a5bd15b76c5bb47c5e8806c15f19123","isMergeCommit":false,"messageTitle":"daius junit and assertion","messageBody":"","fileTypesAndContributionMap":{"functional-code":{"insertions":1,"deletions":0},"test-code":{"insertions":7,"deletions":2}}},{"hash":"1e62d82e2e628c530070bcecbc8f36d77fa30515","isMergeCommit":true,"messageTitle":"Merge pull request #47 from dariusyawningwhiz/darius-v1.0","messageBody":"daius junit and assertion","fileTypesAndContributionMap":{}},{"hash":"d60ee800d5985bbf96b1fe1d2ff063b8cbeca83a","isMergeCommit":false,"messageTitle":"added java documentation for some command classes","messageBody":"","fileTypesAndContributionMap":{"functional-code":{"insertions":97,"deletions":0},"test-code":{"insertions":29,"deletions":1}}},{"hash":"06beb8e4173318daa976ffb05def2cff28fa6deb","isMergeCommit":true,"messageTitle":"Merge pull request #48 from dariusyawningwhiz/darius-v1.0","messageBody":"added java documentation for some command classes and LogExpenseCommandTest","fileTypesAndContributionMap":{}}]},{"date":"2025-03-22","commitResults":[{"hash":"39e38cfd660b4a4327547011c1924148be7ad664","isMergeCommit":false,"messageTitle":"authorship","messageBody":"","fileTypesAndContributionMap":{"functional-code":{"insertions":1,"deletions":0}}},{"hash":"17fc8dc9abc642f4d4f0bbb7fbca6a2cccfdcb9a","isMergeCommit":true,"messageTitle":"Merge pull request #64 from dariusyawningwhiz/darius-assert","messageBody":"authorship","fileTypesAndContributionMap":{}}]},{"date":"2025-03-24","commitResults":[{"hash":"bfdfb6a7a99dd7d96f027b758b2527f29fadbe24","isMergeCommit":false,"messageTitle":"aaa","messageBody":"","fileTypesAndContributionMap":{"functional-code":{"insertions":6,"deletions":0}}},{"hash":"606f00e38eb1ab9f84fc8c26e989ed2c9aa55513","isMergeCommit":true,"messageTitle":"Merge pull request #70 from dariusyawningwhiz/aaaa","messageBody":"aaa","fileTypesAndContributionMap":{}}]},{"date":"2025-03-25","commitResults":[{"hash":"dd56848e79eb2771c732b0f32dfadadac3b0b816","isMergeCommit":true,"messageTitle":"Merge pull request #71 from dariusyawningwhiz/aaa","messageBody":".","fileTypesAndContributionMap":{}},{"hash":"6b72ad55261a67edaded1d8df57dadebb9b86a35","isMergeCommit":false,"messageTitle":"update expense","messageBody":"","fileTypesAndContributionMap":{"functional-code":{"insertions":4,"deletions":0}}},{"hash":"cff2126413510afd7f7ab8cc2621a6f226d4bcae","isMergeCommit":true,"messageTitle":"Merge pull request #72 from dariusyawningwhiz/aaa","messageBody":"update expenses feature","fileTypesAndContributionMap":{}},{"hash":"7fc20621f181751a49b8c940f1a8566d397b9cae","isMergeCommit":false,"messageTitle":"update-expense","messageBody":"","fileTypesAndContributionMap":{"functional-code":{"insertions":191,"deletions":13}}},{"hash":"116a3370ca0e1af3d551dad1f94264c370047c54","isMergeCommit":false,"messageTitle":"mmm","messageBody":"","fileTypesAndContributionMap":{"functional-code":{"insertions":13,"deletions":5}}},{"hash":"f7fda2333167fc30feaf267320ab4429da4fb64b","isMergeCommit":false,"messageTitle":"mmmm","messageBody":"","fileTypesAndContributionMap":{"functional-code":{"insertions":11,"deletions":1}}},{"hash":"ef0cc8d4596f16d368d655be5ec6189f01ac04b7","isMergeCommit":true,"messageTitle":"Merge pull request #73 from dariusyawningwhiz/final","messageBody":"added update-expense\n","fileTypesAndContributionMap":{}},{"hash":"64083da579501ec9d89103cc47970665d26f9069","isMergeCommit":false,"messageTitle":"ooo","messageBody":"","fileTypesAndContributionMap":{"functional-code":{"insertions":210,"deletions":3}}},{"hash":"0e6c2ae04586ce56c812bd9ad525a6505c31a10b","isMergeCommit":true,"messageTitle":"Merge branch \u0027master\u0027 into retry","messageBody":"","fileTypesAndContributionMap":{}},{"hash":"752183bba946bf73e36b1e9df848b60bf4fe6776","isMergeCommit":true,"messageTitle":"Merge pull request #76 from dariusyawningwhiz/retry","messageBody":"ooo","fileTypesAndContributionMap":{}}]}],"IgoyAI":[{"date":"2025-03-06","commitResults":[{"hash":"9345cf58fadb68336b3386eb356dd734a778d520","isMergeCommit":false,"messageTitle":"Implement list income with OOP refactoring","messageBody":"","fileTypesAndContributionMap":{"functional-code":{"insertions":184,"deletions":130}}},{"hash":"4a17e5a16b735f6fa4851b643d5cea18bdc6b13e","isMergeCommit":false,"messageTitle":"Fix Checkstyle: reorder statics, format lines","messageBody":"","fileTypesAndContributionMap":{"functional-code":{"insertions":21,"deletions":11}}},{"hash":"b30e8b893832a2dee4efde27a88468fcf79e199a","isMergeCommit":false,"messageTitle":"Update AboutUs.md","messageBody":"","fileTypesAndContributionMap":{"docs":{"insertions":4,"deletions":7}}},{"hash":"7533dfeff5de985a1f583166761d6f38c35cdaff","isMergeCommit":true,"messageTitle":"Merge branch \u0027master\u0027 of https://github.com/AY2425S2-CS2113-T11a-1/tp into Yogi-AboutUs","messageBody":"* \u0027master\u0027 of https://github.com/AY2425S2-CS2113-T11a-1/tp:\n  Del comments\n  Update About us with Dat\n\n# Conflicts:\n#\tdocs/AboutUs.md\n","fileTypesAndContributionMap":{}},{"hash":"4bdef2620cd69eec904e4273e81b64e195cbbd2e","isMergeCommit":true,"messageTitle":"Update AboutUs","messageBody":"","fileTypesAndContributionMap":{}},{"hash":"98246e34fb55263565249006afd2cbdd9e3c4228","isMergeCommit":true,"messageTitle":"Merge branch \u0027master\u0027 of https://github.com/AY2425S2-CS2113-T11a-1/tp into Yogi-AboutUs","messageBody":"* \u0027master\u0027 of https://github.com/AY2425S2-CS2113-T11a-1/tp:\n  Dar\n","fileTypesAndContributionMap":{}},{"hash":"cff63fdf92a74e40247ae5bea7dda1fb2e56389f","isMergeCommit":true,"messageTitle":"Merge pull request #7 from IgoyAI/Yogi-AboutUs","messageBody":"Update About Us","fileTypesAndContributionMap":{}}]},{"date":"2025-03-08","commitResults":[{"hash":"e0daf6e9426dd31958ef3bc37e8dbd03465ff4e9","isMergeCommit":true,"messageTitle":"Merge pull request #12 from Yikbing/branch_delete_expense","messageBody":"add deleteExpense in FinanceTracker","fileTypesAndContributionMap":{}}]},{"date":"2025-03-16","commitResults":[{"hash":"055c56f473a2c305950551700ca6e13d2210d080","isMergeCommit":false,"messageTitle":"Update junit test for logExpense and addSalary","messageBody":"","fileTypesAndContributionMap":{"test-code":{"insertions":48,"deletions":7}}},{"hash":"3b6f0967c720ff0deec285c0d2f529f13d7015f3","isMergeCommit":true,"messageTitle":"fix junit test","messageBody":"","fileTypesAndContributionMap":{}},{"hash":"19bab8411cd68f82454648a221c8f6e3f6595132","isMergeCommit":false,"messageTitle":"fix junit test","messageBody":"","fileTypesAndContributionMap":{"test-code":{"insertions":313,"deletions":35}}},{"hash":"a9e9afa205d3642dd0cf132f631f321f0e02e4e3","isMergeCommit":false,"messageTitle":"Fix junit test","messageBody":"","fileTypesAndContributionMap":{"test-code":{"insertions":25,"deletions":220}}},{"hash":"33f98401a33dc6743fe8ac00d4ad9cb889e1d53d","isMergeCommit":false,"messageTitle":"Update Expense.java","messageBody":"","fileTypesAndContributionMap":{"functional-code":{"insertions":10,"deletions":4}}},{"hash":"4be98261c590158c365707869f0e6841ad21cb22","isMergeCommit":false,"messageTitle":"Fix FinanceTrackerTest.java","messageBody":"","fileTypesAndContributionMap":{"test-code":{"insertions":41,"deletions":26}}},{"hash":"3773ebebefba82952a3121a62955647f4f851a7c","isMergeCommit":true,"messageTitle":"Merge pull request #23 from IgoyAI/master","messageBody":"Update junit test for logExpense and addSalary, fix ui-test","fileTypesAndContributionMap":{}},{"hash":"b4804fcb18c217f19177d060ed42debbb7c08a8a","isMergeCommit":true,"messageTitle":"Resolve merge conflict","messageBody":"","fileTypesAndContributionMap":{}},{"hash":"f150ef671e063f5f180d680376cd131b8a0597e0","isMergeCommit":false,"messageTitle":"Update refactor, junit test, and ui-test","messageBody":"","fileTypesAndContributionMap":{"functional-code":{"insertions":18,"deletions":156},"other":{"insertions":3,"deletions":2},"test-code":{"insertions":60,"deletions":28}}},{"hash":"b7bf2d39b8e73c5b5fb94ae36f9e2c6258f2ae7e","isMergeCommit":false,"messageTitle":"Re-build graddle wrapper","messageBody":"","fileTypesAndContributionMap":{"other":{"insertions":1,"deletions":2}}},{"hash":"693739557480be8cdeedf1a09bf6836de5ea4cf9","isMergeCommit":false,"messageTitle":"Update testing","messageBody":"","fileTypesAndContributionMap":{"functional-code":{"insertions":1,"deletions":1},"other":{"insertions":30,"deletions":8}}},{"hash":"8e62defd6bc91d339b6b455380c78b670c753abc","isMergeCommit":false,"messageTitle":"Update runtest.sh","messageBody":"","fileTypesAndContributionMap":{"other":{"insertions":9,"deletions":2}}}]},{"date":"2025-03-27","commitResults":[{"hash":"862c3d4ef843829e998cffc4410bb074af711ec2","isMergeCommit":false,"messageTitle":"Add income filtering features and update UI test","messageBody":"","fileTypesAndContributionMap":{"functional-code":{"insertions":267,"deletions":7},"test-code":{"insertions":221,"deletions":0}}},{"hash":"6066aebcee7c478caa83c2c2f825a6ebd59dbd4f","isMergeCommit":false,"messageTitle":"Fix failed test","messageBody":"","fileTypesAndContributionMap":{"functional-code":{"insertions":10,"deletions":8},"test-code":{"insertions":18,"deletions":16}}},{"hash":"106459958dcb22dec4b8df26a6afdc083c8a5d51","isMergeCommit":false,"messageTitle":"Fix checkstyles","messageBody":"","fileTypesAndContributionMap":{"test-code":{"insertions":32,"deletions":21}}},{"hash":"f506a2096b8a7063fb2cc7b8d32393d6bf2d4830","isMergeCommit":false,"messageTitle":"Update ui-test","messageBody":"","fileTypesAndContributionMap":{"other":{"insertions":9,"deletions":2}}},{"hash":"5e3a09359e8f65baa6c2bcea3e693d9f05a2f19d","isMergeCommit":false,"messageTitle":"Update runtest.sh","messageBody":"","fileTypesAndContributionMap":{"other":{"insertions":7,"deletions":3}}}]},{"date":"2025-03-28","commitResults":[{"hash":"d2013c44befd4d5cc0e8144f6699d3c114988079","isMergeCommit":true,"messageTitle":"Merge branch \u0027master\u0027 into master","messageBody":"","fileTypesAndContributionMap":{}},{"hash":"5ab13129fd0d54e8bcd77d03964baa70ebfa2cae","isMergeCommit":true,"messageTitle":"merge","messageBody":"","fileTypesAndContributionMap":{}},{"hash":"de40da98c734357a0410d2a64bb600e02e1dc02e","isMergeCommit":true,"messageTitle":"Merge commit \u0027d2013c44befd4d5cc0e8144f6699d3c114988079\u0027","messageBody":"* commit \u0027d2013c44befd4d5cc0e8144f6699d3c114988079\u0027:\n\n# Conflicts:\n#\tsrc/main/java/budgetflow/parser/Parser.java\n","fileTypesAndContributionMap":{}},{"hash":"3bdbbb705732fc4075435161a305269e58e120fa","isMergeCommit":false,"messageTitle":"fix merge","messageBody":"","fileTypesAndContributionMap":{"functional-code":{"insertions":0,"deletions":5}}},{"hash":"9c61a943f01ff2a66dc4b5b3117ba4d7cf05b46c","isMergeCommit":false,"messageTitle":"fix conflict","messageBody":"","fileTypesAndContributionMap":{"functional-code":{"insertions":0,"deletions":3}}},{"hash":"875624c468a4dd077ef7aa1c939440ffaebd1beb","isMergeCommit":true,"messageTitle":"Merge pull request #86 from IgoyAI/master","messageBody":"Add income filtering features and update UI test","fileTypesAndContributionMap":{}},{"hash":"9c1eb595dbe9dcc03783d90c8f4e7456a9a366a7","isMergeCommit":false,"messageTitle":"Update DG","messageBody":"","fileTypesAndContributionMap":{"docs":{"insertions":5,"deletions":5}}},{"hash":"f6855ffcca5cd326161a06927c4ce53034e19b73","isMergeCommit":true,"messageTitle":"Merge pull request #90 from IgoyAI/master","messageBody":"Update DG","fileTypesAndContributionMap":{}},{"hash":"3c14c35d08afe1048187247a3dc8e1cab0f1830d","isMergeCommit":false,"messageTitle":"Update md","messageBody":"","fileTypesAndContributionMap":{"docs":{"insertions":12,"deletions":0}}}]}]},"authorFileTypeContributionMap":{"QuyDatNguyen":{"docs":32,"functional-code":612,"test-code":265,"other":5},"thienkimtranhoang":{"docs":19,"functional-code":524,"test-code":137,"other":1},"Yikbing":{"docs":0,"functional-code":334,"test-code":143,"other":3},"dariusyawningwhiz":{"docs":2,"functional-code":328,"test-code":163},"IgoyAI":{"docs":15,"functional-code":298,"test-code":282,"other":51}},"authorContributionVariance":{"QuyDatNguyen":268412.0,"thienkimtranhoang":27212.934,"Yikbing":4934.4873,"dariusyawningwhiz":8850.6875,"IgoyAI":41634.46},"authorDisplayNameMap":{"QuyDatNguyen":"CS2113-T11a-1 NGUY.. DAT","thienkimtranhoang":"CS2113-T11a-1 TRAN.. KIM","Yikbing":"CS2113-T11a-1 GOH ..BING","dariusyawningwhiz":"CS2113-T11a-1 DARI.. LUN","IgoyAI":"CS2113-T11a-1 ANAK..MANA"}}
