{"authorDailyContributionsMap":{"laitcanard05":[{"date":"2025-02-21","commitResults":[{"hash":"da1dabe24a1770037a2e57f8c8a4e2a43e13eca1","isMergeCommit":false,"messageTitle":"update individual AboutUs","messageBody":"","fileTypesAndContributionMap":{"docs":{"insertions":8,"deletions":8}}}]}],"Alaneel":[{"date":"2025-02-21","commitResults":[{"hash":"25b9d96a4076eab0f946c5bb08d620eb39f56bbc","isMergeCommit":true,"messageTitle":"Merge pull request #2 from laitcanard05/YaXuen-AboutUs","messageBody":"AboutUs.md update (Ya Xuen)","fileTypesAndContributionMap":{}},{"hash":"0561f847942f39a6d393aab50c8f3e830aff05c9","isMergeCommit":true,"messageTitle":"Merge remote-tracking branch \u0027team/master\u0027 into WangYangming-AboutUs","messageBody":"# Conflicts:\n#\tdocs/AboutUs.md\n","fileTypesAndContributionMap":{}},{"hash":"734b19354c0b951a91eebfbef55d3b7395c7a91b","isMergeCommit":false,"messageTitle":"AboutUs.md update (Alan)","messageBody":"","fileTypesAndContributionMap":{"docs":{"insertions":5,"deletions":5}}},{"hash":"4facad142a08f7d12d6a0dd628f73b7f8aaaa7c3","isMergeCommit":true,"messageTitle":"Merge pull request #1 from Alaneel/WangYangming-AboutUs","messageBody":"AboutUs.md update (Alan)","fileTypesAndContributionMap":{}}]},{"date":"2025-03-05","commitResults":[{"hash":"f1baf0e6e3074b0bd212f35b9f66ceecf0508eed","isMergeCommit":true,"messageTitle":"Merge pull request #3 from ljunfun/master","messageBody":"Change to AboutUs","fileTypesAndContributionMap":{}},{"hash":"ba732b7c4e1e71a8133fe7753cf86a0acaa475c3","isMergeCommit":true,"messageTitle":"Merge branch \u0027master\u0027 into Giggs-AboutUs","messageBody":"","fileTypesAndContributionMap":{}},{"hash":"129073b06424f3f0d2792ebce11a21fa722dbb38","isMergeCommit":true,"messageTitle":"Merge pull request #5 from NotGiggs/Giggs-AboutUs","messageBody":"Giggs about us","fileTypesAndContributionMap":{}},{"hash":"536777aaac2e794704c9b04ad5023195cf9a08ed","isMergeCommit":false,"messageTitle":"Fixes","messageBody":"","fileTypesAndContributionMap":{"docs":{"insertions":4,"deletions":4}}},{"hash":"3d6f82d1c77fcf1fed2f361c8bbc01d4e776264c","isMergeCommit":true,"messageTitle":"Merge pull request #6 from Alaneel/master","messageBody":"Fixes","fileTypesAndContributionMap":{}}]}],"denzelloke":[{"date":"2025-03-05","commitResults":[{"hash":"2bb82d78c22c912e1452074bbf3ff029a9d62671","isMergeCommit":false,"messageTitle":"Add Denzel\u0027s aboutus","messageBody":"","fileTypesAndContributionMap":{"docs":{"insertions":7,"deletions":1}}}]}],"NotGiggs":[{"date":"2025-03-05","commitResults":[{"hash":"9354cdb3d256498daf78bb717ed848886869b1c3","isMergeCommit":false,"messageTitle":"Add Giggs\u0027 Profile","messageBody":"","fileTypesAndContributionMap":{"docs":{"insertions":7,"deletions":7}}},{"hash":"b4c6796e16767813b7d0af557435f382fa46ffe6","isMergeCommit":true,"messageTitle":"Merge branch \u0027master\u0027 of https://github.com/AY2425S2-CS2113T-W13-3/tp into Giggs-AboutUs","messageBody":"# Conflicts:\n#\tdocs/AboutUs.md\n","fileTypesAndContributionMap":{}},{"hash":"3484953ca1943be30217a1622d1b13fc7e91d634","isMergeCommit":false,"messageTitle":"Add Giggs\u0027 AboutUs","messageBody":"","fileTypesAndContributionMap":{"docs":{"insertions":5,"deletions":5}}},{"hash":"ece2f26cbcfecc0217d717b16282a55659d1c5b1","isMergeCommit":false,"messageTitle":"Add Giggs\u0027 about and portfolio","messageBody":"","fileTypesAndContributionMap":{"docs":{"insertions":7,"deletions":1}}}]}],"ljunfun":[{"date":"2025-03-05","commitResults":[{"hash":"b6552cc520431f266fe083137c627c189d99b3eb","isMergeCommit":false,"messageTitle":"Adds name to About us Creates new junfun.md file","messageBody":"","fileTypesAndContributionMap":{"docs":{"insertions":12,"deletions":6}}},{"hash":"fcaf1553c7687329a081f81e064ed16d6073b8d0","isMergeCommit":true,"messageTitle":"Merge pull request #1 from ljunfun/JunFun-AboutUs","messageBody":"Adds name to About us Creates new junfun.md file","fileTypesAndContributionMap":{}},{"hash":"7a5436a3d5d573ba1701c0aed25961cfcf339e8d","isMergeCommit":true,"messageTitle":"Merge pull request #4 from denzelloke/master","messageBody":"Add Denzel\u0027s aboutus","fileTypesAndContributionMap":{}}]}]},"authorFileTypeContributionMap":{"laitcanard05":{"docs":2,"functional-code":0,"test-code":0},"Alaneel":{"docs":3,"functional-code":0,"test-code":0},"denzelloke":{"docs":6,"functional-code":0,"test-code":0},"NotGiggs":{"docs":7,"functional-code":0,"test-code":0},"ljunfun":{"docs":6,"functional-code":0,"test-code":0}},"authorContributionVariance":{"laitcanard05":18.177507,"Alaneel":10.698226,"denzelloke":4.5443788,"NotGiggs":72.71006,"ljunfun":23.005919},"authorDisplayNameMap":{"laitcanard05":"CS2113-W13-3 NG Y..XUEN","Alaneel":"CS2113-W13-3 WANG..MING","denzelloke":"CS2113-W13-3 LOKE..NZEL","NotGiggs":"CS2113-W13-3 LOH ..IGGS","ljunfun":"CS2113-W13-3 LIM .. FUN"}}
