{"authorDailyContributionsMap":{"laitcanard05":[{"date":"2025-02-21","commitResults":[{"hash":"da1dabe24a1770037a2e57f8c8a4e2a43e13eca1","isMergeCommit":false,"messageTitle":"update individual AboutUs","messageBody":"","fileTypesAndContributionMap":{"docs":{"insertions":8,"deletions":8}}}]},{"date":"2025-03-14","commitResults":[{"hash":"d22765c546e98056c121af62fe0b1dde702fb8e6","isMergeCommit":false,"messageTitle":"Implement filter command","messageBody":"","fileTypesAndContributionMap":{"functional-code":{"insertions":92,"deletions":9}}},{"hash":"36f0ce37e51aba96fee1d3b5db3db5e9f66dce65","isMergeCommit":false,"messageTitle":"Fix: checkstyle","messageBody":"","fileTypesAndContributionMap":{"functional-code":{"insertions":3,"deletions":0}}},{"hash":"039f84eb523f3a1214d45b4d9bac053ce5103353","isMergeCommit":false,"messageTitle":"Fix: checkstyle","messageBody":"","fileTypesAndContributionMap":{"functional-code":{"insertions":10,"deletions":1}}},{"hash":"6e1e74abee074a8a62cea6868241f8bf92243504","isMergeCommit":false,"messageTitle":"Add JUnit tests for FilterCommand","messageBody":"","fileTypesAndContributionMap":{"functional-code":{"insertions":1,"deletions":1},"test-code":{"insertions":56,"deletions":0}}},{"hash":"829211f52baa6d69f6241fde0ee7f53741c0c6a4","isMergeCommit":false,"messageTitle":"Fix: checkstyle","messageBody":"","fileTypesAndContributionMap":{"test-code":{"insertions":2,"deletions":1}}},{"hash":"b1f29ac993fd037fdf82961dfa26b050a70d77f5","isMergeCommit":false,"messageTitle":"Fix: checkstyle","messageBody":"","fileTypesAndContributionMap":{"functional-code":{"insertions":2,"deletions":1},"test-code":{"insertions":8,"deletions":4}}}]},{"date":"2025-03-17","commitResults":[{"hash":"ccf8324331fde407eee3ee44dc8b7a15791149be","isMergeCommit":false,"messageTitle":"Implement functionality for summary command","messageBody":"","fileTypesAndContributionMap":{"functional-code":{"insertions":244,"deletions":12}}},{"hash":"9b1e1b888e430607e6221bd951f69cc91b3f32fa","isMergeCommit":false,"messageTitle":"Fix: checkstyle","messageBody":"","fileTypesAndContributionMap":{"functional-code":{"insertions":27,"deletions":14}}},{"hash":"1d39bee8bd80a82380f3bb7e8999a8a99d1ba8ac","isMergeCommit":false,"messageTitle":"Fix: checkstyle","messageBody":"","fileTypesAndContributionMap":{"functional-code":{"insertions":32,"deletions":31}}},{"hash":"cd669c378e1cb9f6bae1bc849d036eb2263846eb","isMergeCommit":false,"messageTitle":"Fix: checkstyle","messageBody":"","fileTypesAndContributionMap":{"functional-code":{"insertions":1,"deletions":1}}},{"hash":"3715efe493a5b6d7b540d9a0f8f9a4cc3758c240","isMergeCommit":false,"messageTitle":"Fix: checkstyle","messageBody":"","fileTypesAndContributionMap":{"functional-code":{"insertions":9,"deletions":5}}},{"hash":"b639ee5c5b71cf94f85808921b086b23bf3f16f4","isMergeCommit":false,"messageTitle":"Fix: checkstyle","messageBody":"","fileTypesAndContributionMap":{"functional-code":{"insertions":1,"deletions":1}}},{"hash":"e094db749ae86915b6c53540521d78d457dc5c37","isMergeCommit":false,"messageTitle":"Fix: checkstyle","messageBody":"","fileTypesAndContributionMap":{"functional-code":{"insertions":1,"deletions":1}}},{"hash":"0262173f73def4361213c48f08b3666c170cbd56","isMergeCommit":false,"messageTitle":"Add JUnit Test for SummaryCommand","messageBody":"","fileTypesAndContributionMap":{"functional-code":{"insertions":12,"deletions":9},"test-code":{"insertions":164,"deletions":0}}},{"hash":"5d0986be1cb1f6550a097ee218c9b95c27bc456a","isMergeCommit":true,"messageTitle":"Merge remote-tracking branch \u0027upstream/master\u0027 into test/SummaryCommand","messageBody":"","fileTypesAndContributionMap":{}},{"hash":"4084b8a3d7bd3d4b427a9f88102562c6ad81df55","isMergeCommit":false,"messageTitle":"Add Summary Command function in Parser","messageBody":"","fileTypesAndContributionMap":{"functional-code":{"insertions":34,"deletions":13}}},{"hash":"0988126e02b784d72eac5f49eb785e5482da7999","isMergeCommit":true,"messageTitle":"Merge pull request #44 from Alaneel/fix/summary","messageBody":"Missing summary","fileTypesAndContributionMap":{}},{"hash":"af2925b9ed84de6dd2c74cec471c5e6fc29c58d5","isMergeCommit":false,"messageTitle":"Fix: checkstyle","messageBody":"","fileTypesAndContributionMap":{"functional-code":{"insertions":14,"deletions":2},"test-code":{"insertions":22,"deletions":11}}},{"hash":"3356c9b0766cff9f89359b0dadb462a54c3dd31f","isMergeCommit":false,"messageTitle":"Rename variable for transactions categorised by tag","messageBody":"","fileTypesAndContributionMap":{"functional-code":{"insertions":9,"deletions":9}}},{"hash":"1d71ddced08cab2a44015f812384243bdee89993","isMergeCommit":false,"messageTitle":"Rename function in TransactionManager for getting transactions split by tags","messageBody":"","fileTypesAndContributionMap":{"functional-code":{"insertions":2,"deletions":2}}},{"hash":"1713bd17a5e34ae1f3304eb4801c7d4756cf1d49","isMergeCommit":true,"messageTitle":"Merge branch \u0027master\u0027 into fix","messageBody":"","fileTypesAndContributionMap":{}}]},{"date":"2025-03-18","commitResults":[{"hash":"a6440c410ae2117ff9620920a0cf7ed771bcd3df","isMergeCommit":false,"messageTitle":"Add logging and assertions for FilterCommand and SummaryCommand","messageBody":"","fileTypesAndContributionMap":{"functional-code":{"insertions":69,"deletions":37}}}]},{"date":"2025-03-20","commitResults":[{"hash":"1d0dd265bd98aaee31b3ca8bec022c3074cf0573","isMergeCommit":true,"messageTitle":"Merge pull request #73 from ljunfun/branch-github-fixes","messageBody":"Fixes annoying github gradle issues","fileTypesAndContributionMap":{}}]},{"date":"2025-03-23","commitResults":[{"hash":"de6252da7138a232c017417dddaceb32b5e489d8","isMergeCommit":false,"messageTitle":"Create new overloaded methods in Parser and Ui","messageBody":"","fileTypesAndContributionMap":{"functional-code":{"insertions":216,"deletions":0}}},{"hash":"dddab59f0cd52c6fabaa41a6a3ae2804bfd86e77","isMergeCommit":false,"messageTitle":"Fix: checkstyle","messageBody":"","fileTypesAndContributionMap":{"functional-code":{"insertions":0,"deletions":2}}},{"hash":"aeb6d729a9b41f68271992f212afafae7cbe6b09","isMergeCommit":true,"messageTitle":"Merge pull request #81 from NotGiggs/Branch-FriendlyDeleteCommand","messageBody":"Add friendly CLI for Delete Command.","fileTypesAndContributionMap":{}}]},{"date":"2025-03-24","commitResults":[{"hash":"c97722b58d4f178ead348c0b98d6e46d241d2626","isMergeCommit":true,"messageTitle":"Merge pull request #82 from NotGiggs/Branch-Loggers-for-parseDeleteCommand","messageBody":"Add loggers for parseDeleteCommand","fileTypesAndContributionMap":{}}]},{"date":"2025-03-25","commitResults":[{"hash":"2924a5b432aab4942b3d317a239f39b07d8fc65a","isMergeCommit":true,"messageTitle":"Merge pull request #83 from denzelloke/master","messageBody":"adds parseCategory + makes income.execute and expense.execute ONE COMMAND ONE ACTION","fileTypesAndContributionMap":{}}]},{"date":"2025-03-26","commitResults":[{"hash":"bbbe538746bc8d5093ebf93c1189dd1302ed7881","isMergeCommit":false,"messageTitle":"Add sequence diagram for summary and filter commands in developer guide","messageBody":"","fileTypesAndContributionMap":{"docs":{"insertions":150,"deletions":0}}}]},{"date":"2025-03-30","commitResults":[{"hash":"f769153dcd7c12a558be08e210752838a7bc6804","isMergeCommit":true,"messageTitle":"Merge pull request #91 from NotGiggs/Branch-SetBudget","messageBody":"Add budget setting that shows in summary","fileTypesAndContributionMap":{}},{"hash":"7c219e953cb6e07cdb231b82fb6125162a1295af","isMergeCommit":true,"messageTitle":"Merge pull request #92 from Alaneel/doc/ppp","messageBody":"Minor UG change and PPP","fileTypesAndContributionMap":{}},{"hash":"0e1ed381591c5279ef686a276b3af5658d039101","isMergeCommit":false,"messageTitle":"Implement feature to track budget","messageBody":"","fileTypesAndContributionMap":{"functional-code":{"insertions":128,"deletions":33}}},{"hash":"dbfffb5fe621c25d05d71699e8b423c5c696a7c1","isMergeCommit":false,"messageTitle":"Add warning when user exceeds budget after adding an expense","messageBody":"","fileTypesAndContributionMap":{"functional-code":{"insertions":11,"deletions":1}}},{"hash":"f94123c69c9378c199b09cfe94ef94fb245bc154","isMergeCommit":false,"messageTitle":"Commented some lines of code to ensure tests can pass","messageBody":"","fileTypesAndContributionMap":{"functional-code":{"insertions":8,"deletions":4}}},{"hash":"e01569d970d7c16c62e2ed4fdade3685554e08d3","isMergeCommit":false,"messageTitle":"Fix checkstyle erros","messageBody":"","fileTypesAndContributionMap":{"functional-code":{"insertions":21,"deletions":4}}},{"hash":"d2d70def9bf7c5e0e45318880762b9694d22c874","isMergeCommit":false,"messageTitle":"Implement set saving goals functionality","messageBody":"","fileTypesAndContributionMap":{"functional-code":{"insertions":248,"deletions":14}}},{"hash":"47f766561c9a7ca083cef84af16fbbef50b34078","isMergeCommit":false,"messageTitle":"Implement track savings goal functionality","messageBody":"","fileTypesAndContributionMap":{"functional-code":{"insertions":125,"deletions":11}}},{"hash":"fb30c075569a402dbb89fdd07a2e761bbd9a708f","isMergeCommit":false,"messageTitle":"Fix checkstyle errors","messageBody":"","fileTypesAndContributionMap":{"functional-code":{"insertions":0,"deletions":1}}},{"hash":"2e0398016288c11ab6605617a46647033ec36956","isMergeCommit":true,"messageTitle":"Merge pull request #94 from Alaneel/fix/naming","messageBody":"Changed ppp file naming to be detected by system","fileTypesAndContributionMap":{}}]}],"Alaneel":[{"date":"2025-02-21","commitResults":[{"hash":"25b9d96a4076eab0f946c5bb08d620eb39f56bbc","isMergeCommit":true,"messageTitle":"Merge pull request #2 from laitcanard05/YaXuen-AboutUs","messageBody":"AboutUs.md update (Ya Xuen)","fileTypesAndContributionMap":{}},{"hash":"0561f847942f39a6d393aab50c8f3e830aff05c9","isMergeCommit":true,"messageTitle":"Merge remote-tracking branch \u0027team/master\u0027 into WangYangming-AboutUs","messageBody":"# Conflicts:\n#\tdocs/AboutUs.md\n","fileTypesAndContributionMap":{}},{"hash":"734b19354c0b951a91eebfbef55d3b7395c7a91b","isMergeCommit":false,"messageTitle":"AboutUs.md update (Alan)","messageBody":"","fileTypesAndContributionMap":{"docs":{"insertions":5,"deletions":5}}},{"hash":"4facad142a08f7d12d6a0dd628f73b7f8aaaa7c3","isMergeCommit":true,"messageTitle":"Merge pull request #1 from Alaneel/WangYangming-AboutUs","messageBody":"AboutUs.md update (Alan)","fileTypesAndContributionMap":{}}]},{"date":"2025-03-05","commitResults":[{"hash":"f1baf0e6e3074b0bd212f35b9f66ceecf0508eed","isMergeCommit":true,"messageTitle":"Merge pull request #3 from ljunfun/master","messageBody":"Change to AboutUs","fileTypesAndContributionMap":{}},{"hash":"ba732b7c4e1e71a8133fe7753cf86a0acaa475c3","isMergeCommit":true,"messageTitle":"Merge branch \u0027master\u0027 into Giggs-AboutUs","messageBody":"","fileTypesAndContributionMap":{}},{"hash":"129073b06424f3f0d2792ebce11a21fa722dbb38","isMergeCommit":true,"messageTitle":"Merge pull request #5 from NotGiggs/Giggs-AboutUs","messageBody":"Giggs about us","fileTypesAndContributionMap":{}},{"hash":"536777aaac2e794704c9b04ad5023195cf9a08ed","isMergeCommit":false,"messageTitle":"Fixes","messageBody":"","fileTypesAndContributionMap":{"docs":{"insertions":4,"deletions":4}}},{"hash":"3d6f82d1c77fcf1fed2f361c8bbc01d4e776264c","isMergeCommit":true,"messageTitle":"Merge pull request #6 from Alaneel/master","messageBody":"Fixes","fileTypesAndContributionMap":{}}]},{"date":"2025-03-11","commitResults":[{"hash":"6397a7d532953a5ba2ee11b4ab3dfadfb0183592","isMergeCommit":false,"messageTitle":"Income Expense","messageBody":"","fileTypesAndContributionMap":{"functional-code":{"insertions":1661,"deletions":21},"other":{"insertions":10,"deletions":4},"docs":{"insertions":156,"deletions":30}}},{"hash":"32f7eb270d1e5958cf19f051c17ea0cb63d7a38a","isMergeCommit":true,"messageTitle":"Merge pull request #2 from Alaneel/feat/income_expense","messageBody":"Income Expense","fileTypesAndContributionMap":{}},{"hash":"ab52fe42e0831c6542bf2574b5a5ac6652709d86","isMergeCommit":false,"messageTitle":"Fix: Checkstyle issues","messageBody":"","fileTypesAndContributionMap":{"functional-code":{"insertions":74,"deletions":168}}},{"hash":"585e85cc86864ddf095966190c2dcca5d7870a9c","isMergeCommit":true,"messageTitle":"Merge pull request #3 from Alaneel/feat/income_expense","messageBody":"fix/checkstyle","fileTypesAndContributionMap":{}},{"hash":"399855440eb51429cecccafc609ee6ae609561e4","isMergeCommit":false,"messageTitle":"Fix: Checkstyle issues","messageBody":"","fileTypesAndContributionMap":{"functional-code":{"insertions":0,"deletions":40},"test-code":{"insertions":0,"deletions":3}}},{"hash":"7102c8f7b1af0629eee2f4ba581bf5779254af5c","isMergeCommit":true,"messageTitle":"Merge pull request #4 from Alaneel/feat/income_expense","messageBody":"feat/income_expense","fileTypesAndContributionMap":{}},{"hash":"a9ba8897846013598a3d9d9b146aa8b132859c49","isMergeCommit":false,"messageTitle":"Fix: Checkstyle issues","messageBody":"","fileTypesAndContributionMap":{"functional-code":{"insertions":13,"deletions":43}}},{"hash":"87a2c6b4e9ae5965ccd658592d48af46bdb71c33","isMergeCommit":true,"messageTitle":"Merge remote-tracking branch \u0027origin/master\u0027 into feat/income_expense","messageBody":"","fileTypesAndContributionMap":{}},{"hash":"be909a548e7a4f8b4e82741bd5e4ceead5bebc80","isMergeCommit":true,"messageTitle":"Merge pull request #5 from Alaneel/feat/income_expense","messageBody":"fix/checkstyle","fileTypesAndContributionMap":{}},{"hash":"7ca511c5d535001d9b9b32f3de0b22aab1483171","isMergeCommit":false,"messageTitle":"Fix: Checkstyle issues","messageBody":"","fileTypesAndContributionMap":{"functional-code":{"insertions":5,"deletions":3}}},{"hash":"9e75abfcd49b33a74d28e6ec0652a18d1237bf68","isMergeCommit":true,"messageTitle":"Merge pull request #6 from Alaneel/feat/income_expense","messageBody":"fix/checkstyle","fileTypesAndContributionMap":{}},{"hash":"ef3e94f3a5795f001688909965142d89624bc500","isMergeCommit":false,"messageTitle":"Fix: Checkstyle issues","messageBody":"","fileTypesAndContributionMap":{"functional-code":{"insertions":16,"deletions":9}}},{"hash":"acc497213c3439e4d08225650a3e294a5240f1be","isMergeCommit":false,"messageTitle":"Fix: Checkstyle issues","messageBody":"","fileTypesAndContributionMap":{"functional-code":{"insertions":9,"deletions":16}}},{"hash":"2719c0975e0dad8393503c19d5e50de564510cbf","isMergeCommit":true,"messageTitle":"Merge pull request #7 from Alaneel/feat/income_expense","messageBody":"fix/checkstyle","fileTypesAndContributionMap":{}},{"hash":"7cea682469eb2a0125965acdcdd336ae0eef2a50","isMergeCommit":true,"messageTitle":"Merge pull request #23 from Alaneel/master","messageBody":"Feature: Income \u0026 Expense","fileTypesAndContributionMap":{}}]},{"date":"2025-03-12","commitResults":[{"hash":"a69562b386bb98e3070566ca68a6b32fb22c0d1b","isMergeCommit":false,"messageTitle":"Fix: JUnit Tests","messageBody":"","fileTypesAndContributionMap":{"functional-code":{"insertions":8,"deletions":1},"test-code":{"insertions":177,"deletions":0}}}]},{"date":"2025-03-13","commitResults":[{"hash":"3af06ec88d8dc2df3b84480daf35fd50f6e4fd7a","isMergeCommit":false,"messageTitle":"Other: get my score back","messageBody":"","fileTypesAndContributionMap":{"docs":{"insertions":2,"deletions":2}}},{"hash":"4925f946411d1853642169d686d52e94aedc586c","isMergeCommit":false,"messageTitle":"Other: get my score back","messageBody":"","fileTypesAndContributionMap":{"test-code":{"insertions":6,"deletions":1}}},{"hash":"7dacb775626735ae87488d9d7c17f09e8ee9298f","isMergeCommit":true,"messageTitle":"Merge pull request #27 from Alaneel/other/my_score","messageBody":"Other: Make-up PR","fileTypesAndContributionMap":{}}]},{"date":"2025-03-14","commitResults":[{"hash":"ccf16769582e1feb0368066639d653ffabcc5664","isMergeCommit":true,"messageTitle":"Merge pull request #29 from laitcanard05/feature/filter","messageBody":"Feature: filter","fileTypesAndContributionMap":{}},{"hash":"068e37e6531913f060099b9f8fdd0d7b147edc64","isMergeCommit":true,"messageTitle":"Merge pull request #31 from laitcanard05/test/filterCommand","messageBody":"","fileTypesAndContributionMap":{}},{"hash":"35d30d8f4b3d0da61c389102e9a3dab20bf365e8","isMergeCommit":true,"messageTitle":"Merge pull request #33 from NotGiggs/Branch-UnknownCommandTest","messageBody":"Add JUnit Test for UnknownCommand class","fileTypesAndContributionMap":{}},{"hash":"4163056563b46b20ad58fce6aeda385a18907aa3","isMergeCommit":true,"messageTitle":"Merge pull request #30 from denzelloke/TestingBranch","messageBody":"","fileTypesAndContributionMap":{}},{"hash":"cba2cef03c59eafd52aff364bc55a08949494277","isMergeCommit":true,"messageTitle":"Merge pull request #34 from NotGiggs/Branch-Test","messageBody":"Add sample test","fileTypesAndContributionMap":{}}]},{"date":"2025-03-15","commitResults":[{"hash":"4a61e7da183780ffd8277366fd37e2aa652037e8","isMergeCommit":true,"messageTitle":"Merge pull request #35 from NotGiggs/Branch-ListCommand","messageBody":"","fileTypesAndContributionMap":{}}]},{"date":"2025-03-16","commitResults":[{"hash":"4ed6d3dfa49292e47651ab30dbad38f2f1fd3537","isMergeCommit":true,"messageTitle":"Merge remote-tracking branch \u0027team/master\u0027 into test/transaction","messageBody":"","fileTypesAndContributionMap":{}},{"hash":"f896f469b50a30471edfd52ce5b70270cfa33582","isMergeCommit":false,"messageTitle":"Other: get my score back","messageBody":"","fileTypesAndContributionMap":{"docs":{"insertions":1,"deletions":1}}},{"hash":"6de7bbe8b0a1122c90d87587b06aa13022b9c870","isMergeCommit":false,"messageTitle":"Test and Logging","messageBody":"","fileTypesAndContributionMap":{"functional-code":{"insertions":271,"deletions":43},"other":{"insertions":3,"deletions":4},"docs":{"insertions":1,"deletions":1}}},{"hash":"cf5fb5a4ab22e61f028b54ef5045843ce149308e","isMergeCommit":false,"messageTitle":"Fix","messageBody":"","fileTypesAndContributionMap":{"other":{"insertions":0,"deletions":1}}},{"hash":"83e2aa7e19ff943f89b262ad70eece3529868876","isMergeCommit":false,"messageTitle":"Basic V2","messageBody":"","fileTypesAndContributionMap":{"functional-code":{"insertions":543,"deletions":46},"docs":{"insertions":359,"deletions":72},"test-code":{"insertions":1,"deletions":1}}},{"hash":"19bfe5917de1be9c9ae99559714e5d7801ab225f","isMergeCommit":false,"messageTitle":"Basic V2","messageBody":"","fileTypesAndContributionMap":{"test-code":{"insertions":244,"deletions":0}}},{"hash":"131b9b24dd5b20672e4d7d67bc776fb575fdeac6","isMergeCommit":true,"messageTitle":"Merge pull request #38 from ljunfun/branch-ViewEditBalance","messageBody":"Feature: View Balance","fileTypesAndContributionMap":{}},{"hash":"06456bada9f780605854682613f8b79f3b4b4502","isMergeCommit":true,"messageTitle":"Merge remote-tracking branch \u0027team/master\u0027 into feat/basicv2","messageBody":"# Conflicts:\n#\tsrc/main/java/seedu/finbro/logic/command/BalanceCommand.java\n#\tsrc/main/java/seedu/finbro/logic/parser/Parser.java\n","fileTypesAndContributionMap":{}},{"hash":"a9eac62e7e5125415faf312094c27b1c47351ffb","isMergeCommit":false,"messageTitle":"Basic V2","messageBody":"","fileTypesAndContributionMap":{"functional-code":{"insertions":0,"deletions":1}}},{"hash":"8d9821359198102b082eae679d20d10e6bd8266d","isMergeCommit":false,"messageTitle":"Basic V2","messageBody":"","fileTypesAndContributionMap":{"test-code":{"insertions":252,"deletions":0}}},{"hash":"3eb254001cac38d361dfeb2f825966d264214a9b","isMergeCommit":false,"messageTitle":"Basic V2","messageBody":"","fileTypesAndContributionMap":{"functional-code":{"insertions":47,"deletions":5},"test-code":{"insertions":922,"deletions":0}}}]},{"date":"2025-03-17","commitResults":[{"hash":"3480cdfd386873c2907ffa173c7b7fc135c73107","isMergeCommit":true,"messageTitle":"Merge team/master resolving SearchCommand conflicts","messageBody":"","fileTypesAndContributionMap":{}},{"hash":"af62a4bf38e55776b0e75745fca186aac9acb564","isMergeCommit":false,"messageTitle":"Basic V2","messageBody":"","fileTypesAndContributionMap":{"functional-code":{"insertions":0,"deletions":18}}},{"hash":"3fe0330e8295e45912e0f608aba44298adb41c80","isMergeCommit":false,"messageTitle":"Asserts","messageBody":"","fileTypesAndContributionMap":{"functional-code":{"insertions":76,"deletions":2}}},{"hash":"ed87fa1395fb27662ea908eb042a23c3cfe9aa8d","isMergeCommit":true,"messageTitle":"Merge remote-tracking branch \u0027team/master\u0027 into feat/basicv2","messageBody":"# Conflicts:\n#\tsrc/main/java/seedu/finbro/model/Income.java\n#\tsrc/main/java/seedu/finbro/model/TransactionManager.java\n","fileTypesAndContributionMap":{}},{"hash":"26421266fbf6177c98665a0b5d1b046110fb4626","isMergeCommit":false,"messageTitle":"Basic V2","messageBody":"","fileTypesAndContributionMap":{"functional-code":{"insertions":1,"deletions":2}}},{"hash":"1e95f2c7b4e492f3a63650401adb12b1228a6d07","isMergeCommit":false,"messageTitle":"Basic V2","messageBody":"","fileTypesAndContributionMap":{"functional-code":{"insertions":0,"deletions":1}}},{"hash":"a164d7f9c48e2b2175ca743822295acbce2c6766","isMergeCommit":true,"messageTitle":"Merge pull request #40 from laitcanard05/feature/summary","messageBody":"Feature: Summary","fileTypesAndContributionMap":{}},{"hash":"5f0e2099a5f3a424b8cfb19b0d7db87fe861ada2","isMergeCommit":true,"messageTitle":"Merge branch \u0027team/master\u0027 into feat/basicv2, resolving conflicts in FilterCommand, SummaryCommand, Parser, and TransactionManager","messageBody":"","fileTypesAndContributionMap":{}},{"hash":"8c25d9581385b119875da849d2a17d630d7d4f96","isMergeCommit":false,"messageTitle":"Fix tests and update code after team/master merge","messageBody":"- Update SummaryCommandTest to work with new SummaryCommand implementation\n- Update TransactionManagerTest to test new methods\n- Update FilterCommandTest to handle new error messages\n- Modify LoggingConfig to handle missing logging.properties file\n- Update runtest.sh to ensure consistent test runs\n","fileTypesAndContributionMap":{"functional-code":{"insertions":34,"deletions":6},"test-code":{"insertions":140,"deletions":47}}},{"hash":"b3456cbe684754ee823ef5520997beeeadd7be54","isMergeCommit":false,"messageTitle":"Basic V2","messageBody":"","fileTypesAndContributionMap":{"functional-code":{"insertions":0,"deletions":23},"test-code":{"insertions":5,"deletions":7}}},{"hash":"63a5ceb31d8f9a23b08163e9bed53eaa43bd81bb","isMergeCommit":false,"messageTitle":"Basic V2","messageBody":"","fileTypesAndContributionMap":{"functional-code":{"insertions":43,"deletions":46},"test-code":{"insertions":2,"deletions":2}}},{"hash":"917cbfc68586bd6ccff3354c9f7c6bbb88b6cce5","isMergeCommit":false,"messageTitle":"fix","messageBody":"","fileTypesAndContributionMap":{"functional-code":{"insertions":1,"deletions":1},"test-code":{"insertions":1,"deletions":1}}},{"hash":"24d1c22cb3138f866cf783c680a38b5233783875","isMergeCommit":true,"messageTitle":"Merge pull request #42 from Alaneel/fix/clear","messageBody":"Fixing clear command","fileTypesAndContributionMap":{}},{"hash":"f99a4eecfea8e891a7a665587a7e4673123fa824","isMergeCommit":true,"messageTitle":"Merge remote-tracking branch \u0027team/master\u0027 into feat/basicv2","messageBody":"# Conflicts:\n#\tsrc/main/java/seedu/finbro/logic/parser/Parser.java\n#\ttext-ui-test/EXPECTED.TXT\n","fileTypesAndContributionMap":{}},{"hash":"e496e80fc0f0a8ee178846f1d30d017f5afb64a4","isMergeCommit":false,"messageTitle":"Basic V2","messageBody":"","fileTypesAndContributionMap":{"functional-code":{"insertions":2,"deletions":4}}},{"hash":"689ae394ab94688018e719585d68064e29505551","isMergeCommit":false,"messageTitle":"Missing summary","messageBody":"","fileTypesAndContributionMap":{"functional-code":{"insertions":34,"deletions":0}}},{"hash":"afe535be6965391b83a9a514aa551f0b219b4936","isMergeCommit":true,"messageTitle":"Merge remote-tracking branch \u0027team/master\u0027 into feat/basicv2","messageBody":"# Conflicts:\n#\tsrc/main/java/seedu/finbro/logic/parser/Parser.java\n","fileTypesAndContributionMap":{}},{"hash":"482fe9ecf504ce6338cf543c0a76b80c665270f3","isMergeCommit":false,"messageTitle":"Basic V2","messageBody":"","fileTypesAndContributionMap":{"functional-code":{"insertions":6,"deletions":8}}},{"hash":"4445c153d7809f31f9a0fb81aac3bcb89f65d5f6","isMergeCommit":true,"messageTitle":"Merge pull request #43 from laitcanard05/test/SummaryCommand","messageBody":"SummaryCommand Test","fileTypesAndContributionMap":{}},{"hash":"d8536c373b40b969c5448edb73d1cbade82b366e","isMergeCommit":true,"messageTitle":"Merge remote-tracking branch \u0027team/master\u0027 into feat/basicv2","messageBody":"# Conflicts:\n#\tsrc/main/java/seedu/finbro/logic/parser/Parser.java\n#\tsrc/test/java/seedu/finbro/logic/command/SummaryCommandTest.java\n","fileTypesAndContributionMap":{}},{"hash":"c8daece8fb64906bf875253d90f405292845245b","isMergeCommit":false,"messageTitle":"Basic V2","messageBody":"","fileTypesAndContributionMap":{"test-code":{"insertions":2,"deletions":2}}},{"hash":"ee4ec8f24dc873abf2effb689005c70b405b65b9","isMergeCommit":false,"messageTitle":"Basic V2","messageBody":"","fileTypesAndContributionMap":{"test-code":{"insertions":109,"deletions":130}}},{"hash":"abee206f3e6917dc58c8e3f6bd6c752b27e03530","isMergeCommit":true,"messageTitle":"Merge pull request #45 from laitcanard05/fix","messageBody":"Fix naming for summary functionality in TransactionManager and SummaryCommand","fileTypesAndContributionMap":{}},{"hash":"e936da8f2c0bc6575a55d100a6d8beb0be632acb","isMergeCommit":true,"messageTitle":"Merge remote-tracking branch \u0027team/master\u0027 into feat/basicv2","messageBody":"","fileTypesAndContributionMap":{}}]},{"date":"2025-03-18","commitResults":[{"hash":"dff37890a80c99b4fc42cd744a0aa0ce6268c7c6","isMergeCommit":true,"messageTitle":"Merge pull request #47 from NotGiggs/Branch-DeleteCommand","messageBody":"","fileTypesAndContributionMap":{}},{"hash":"4e0cc781d77038ba3dddd47d6e9f22cec93a1e79","isMergeCommit":true,"messageTitle":"Merge team/master: Resolve conflicts in DeleteCommand, ListCommand, Parser, TransactionManager","messageBody":"- Kept current DeleteCommand implementation with better exception handling\n- Added default constructor to ListCommand for backward compatibility\n- Integrated \u0027view\u0027 as alias for \u0027balance\u0027 command in Parser\n- Combined Transaction indexNum features from team/master\n- Fixed EditCommand to properly parse SearchCommand results\n","fileTypesAndContributionMap":{}},{"hash":"120148dc7f54d789ad4d9a2b663884ad41aab8e8","isMergeCommit":false,"messageTitle":"Quick fix","messageBody":"","fileTypesAndContributionMap":{"functional-code":{"insertions":64,"deletions":66},"test-code":{"insertions":69,"deletions":69}}},{"hash":"8b66ff585c588acbd9b1ad3d443bf00db98b0899","isMergeCommit":false,"messageTitle":"Quick fix","messageBody":"","fileTypesAndContributionMap":{"functional-code":{"insertions":6,"deletions":3}}},{"hash":"54a667af22a9830b8235b9daaa629488983a4bfd","isMergeCommit":false,"messageTitle":"Quick fix","messageBody":"","fileTypesAndContributionMap":{"test-code":{"insertions":5,"deletions":4}}},{"hash":"87d0502d9780b3a329f8d81c9e43ee487688d632","isMergeCommit":true,"messageTitle":"Merge pull request #48 from Alaneel/feat/basicv2","messageBody":"","fileTypesAndContributionMap":{}},{"hash":"12a8514e723bbab2f17eb6d0073015f16c7ecb8c","isMergeCommit":false,"messageTitle":"Hot Fix","messageBody":"","fileTypesAndContributionMap":{"docs":{"insertions":302,"deletions":194}}},{"hash":"a7efd0b01f1dd73385105418a2739385dcdcb3ff","isMergeCommit":true,"messageTitle":"Merge pull request #53 from NotGiggs/Branch-CodingStandard","messageBody":"Fix magic number","tags":["v1.0"],"fileTypesAndContributionMap":{}}]},{"date":"2025-03-22","commitResults":[{"hash":"06b698e804f22361506d3684660c3a4fcee53039","isMergeCommit":false,"messageTitle":"DG and code contributions~","messageBody":"","fileTypesAndContributionMap":{"docs":{"insertions":425,"deletions":31},"test-code":{"insertions":10,"deletions":0}}}]},{"date":"2025-03-26","commitResults":[{"hash":"564a9a1d5bb1d61f5f0dd8e913b5f604f56cf717","isMergeCommit":true,"messageTitle":"Merge pull request #86 from ljunfun/branch-DG","messageBody":"Update DG","fileTypesAndContributionMap":{}}]},{"date":"2025-03-30","commitResults":[{"hash":"d4cc474c10d8f8e0828202e3d17905b1a840e342","isMergeCommit":false,"messageTitle":"Minor UG change and PPP","messageBody":"","fileTypesAndContributionMap":{"docs":{"insertions":431,"deletions":2}}},{"hash":"9d02d8fe39a281327bd63783901c708ef174c154","isMergeCommit":false,"messageTitle":"Changed ppp file naming to be detected by system","messageBody":"","fileTypesAndContributionMap":{"docs":{"insertions":5,"deletions":5}}},{"hash":"3cee9fe0af1e23d8c47a1159a4c13c5a8ce7fffa","isMergeCommit":false,"messageTitle":"Changed ppp file naming to be detected by system","messageBody":"","fileTypesAndContributionMap":{"docs":{"insertions":5,"deletions":5}}}]}],"denzelloke":[{"date":"2025-03-05","commitResults":[{"hash":"2bb82d78c22c912e1452074bbf3ff029a9d62671","isMergeCommit":false,"messageTitle":"Add Denzel\u0027s aboutus","messageBody":"","fileTypesAndContributionMap":{"docs":{"insertions":7,"deletions":1}}}]},{"date":"2025-03-14","commitResults":[{"hash":"a527c592d7ab7d3488b40f64e18b05b0af5a749e","isMergeCommit":false,"messageTitle":"Adds IncomeCommandTest v1.0","messageBody":"","fileTypesAndContributionMap":{"functional-code":{"insertions":29,"deletions":22},"test-code":{"insertions":158,"deletions":0}}},{"hash":"aa47cae40940e2fdfbca833558b7d915fb73f9f4","isMergeCommit":false,"messageTitle":"Adds IncomeCommandTest v1.0","messageBody":"","fileTypesAndContributionMap":{"functional-code":{"insertions":23,"deletions":23}}},{"hash":"05f706bf58d5bc6e08bdcbd3fbb81f4c6d2af7fe","isMergeCommit":false,"messageTitle":"Adds IncomeCommandTest v1.0","messageBody":"","fileTypesAndContributionMap":{"functional-code":{"insertions":1,"deletions":1}}},{"hash":"f59ccf1e58a11b7461abc1cc1476593435d4d8e7","isMergeCommit":false,"messageTitle":"Adds IncomeCommandTest v2.0","messageBody":"","fileTypesAndContributionMap":{"functional-code":{"insertions":1,"deletions":0}}},{"hash":"a27dd4c1ddd45e3c98205816196784dbaaaec162","isMergeCommit":false,"messageTitle":"Adds IncomeCommandTest v2.0","messageBody":"","fileTypesAndContributionMap":{"functional-code":{"insertions":0,"deletions":1},"test-code":{"insertions":20,"deletions":109}}},{"hash":"280569ab201b752fab40323691d7b45ce9848828","isMergeCommit":true,"messageTitle":"Merge branch \u0027master\u0027 of https://github.com/denzelloke/tp into TestingBranch","messageBody":"","fileTypesAndContributionMap":{}},{"hash":"9f1a6e6365e689c7f16760386380c1dafc1c91b3","isMergeCommit":false,"messageTitle":"Adds IncomeCommandTest v1.3","messageBody":"","fileTypesAndContributionMap":{"test-code":{"insertions":6,"deletions":3}}}]},{"date":"2025-03-16","commitResults":[{"hash":"55350959483f5f973036e42e323a35d6367f550c","isMergeCommit":false,"messageTitle":"adds search function (limited to single keyword search)","messageBody":"","fileTypesAndContributionMap":{"functional-code":{"insertions":90,"deletions":12}}},{"hash":"f0ce468a5116e937ac7d234025fa3b09c12f8ea1","isMergeCommit":false,"messageTitle":"removes redundant import","messageBody":"","fileTypesAndContributionMap":{"functional-code":{"insertions":1,"deletions":1}}},{"hash":"679be87dab46ee2783f0c2b21340fb2a2e80ccaf","isMergeCommit":false,"messageTitle":"adds trivial documentation","messageBody":"","fileTypesAndContributionMap":{"functional-code":{"insertions":2,"deletions":2}}},{"hash":"abf99bb93e87f29877098e857dba7b02185ee593","isMergeCommit":false,"messageTitle":"adds check for duplicate transaction","messageBody":"","fileTypesAndContributionMap":{"functional-code":{"insertions":53,"deletions":7}}}]},{"date":"2025-03-18","commitResults":[{"hash":"31a6e7b1d0b4eb1c661acdfc525f8d11f9d7d36c","isMergeCommit":false,"messageTitle":"adds test cases for Search feature","messageBody":"","fileTypesAndContributionMap":{"test-code":{"insertions":94,"deletions":0}}},{"hash":"f6e7e11445e08a35df39e6e35693843e750c90b9","isMergeCommit":true,"messageTitle":"Merge remote-tracking branch \u0027origin/master\u0027","messageBody":"# Conflicts:\n#\tsrc/test/java/seedu/finbro/logic/command/SearchCommandTest.java\n","fileTypesAndContributionMap":{}},{"hash":"a99508d6db7605876b82b1e50aeb9d0151a3c2db","isMergeCommit":true,"messageTitle":"Merge branch \u0027master\u0027 into TestingBranch","messageBody":"","fileTypesAndContributionMap":{}},{"hash":"ba8e972744f196902b11911f4bf84815d51071c9","isMergeCommit":false,"messageTitle":"adds comments for improved documentation","messageBody":"","fileTypesAndContributionMap":{"test-code":{"insertions":2,"deletions":6}}},{"hash":"3de812bf57ebdaef0907dfd47bb80092727cdfa4","isMergeCommit":false,"messageTitle":"adds test for duplicate checks when creating income and expense transactions","messageBody":"","fileTypesAndContributionMap":{"functional-code":{"insertions":3,"deletions":3},"test-code":{"insertions":68,"deletions":16}}},{"hash":"2c8c3ba6fa7253d70d0ed936a8f28aa1dc5db3cb","isMergeCommit":true,"messageTitle":"Merge branch \u0027TestingBranch\u0027 of https://github.com/denzelloke/tp into TestingBranch","messageBody":"# Conflicts:\n#\tsrc/test/java/seedu/finbro/logic/command/SearchCommandTest.java\n","fileTypesAndContributionMap":{}},{"hash":"db09ffb7f035003e11f4b78b0e1a091e954e1225","isMergeCommit":true,"messageTitle":"Merge remote-tracking branch \u0027origin/master\u0027","messageBody":"","fileTypesAndContributionMap":{}}]},{"date":"2025-03-21","commitResults":[{"hash":"be9c1a8ac0ec93d4999d3fdd2ba30840dc751e0f","isMergeCommit":false,"messageTitle":"adds valuable assertion","messageBody":"","fileTypesAndContributionMap":{"functional-code":{"insertions":1,"deletions":1}}}]},{"date":"2025-03-24","commitResults":[{"hash":"09affce5282f605f9a3fa88ef4e35ecf100d3e82","isMergeCommit":false,"messageTitle":"adds parseCategory + makes income.execute and expense.execute ONE COMMAND ONE ACTION","messageBody":"","fileTypesAndContributionMap":{"functional-code":{"insertions":270,"deletions":107}}},{"hash":"e4c354a11668e732ee86c683be6273cb19cfe96e","isMergeCommit":false,"messageTitle":"attempts to resolve ubuntu build errors","messageBody":"","fileTypesAndContributionMap":{"functional-code":{"insertions":2,"deletions":2}}}]},{"date":"2025-03-25","commitResults":[{"hash":"811ced0118d44c067acfc6d4c1884046ad1bf543","isMergeCommit":false,"messageTitle":"implements SearchCommand for ONE ACTION ONE COMMAND + edits HelpCommand for user readability","messageBody":"","fileTypesAndContributionMap":{"functional-code":{"insertions":1,"deletions":1}}},{"hash":"cb79a74d042a133709b8b534c9cc2dff84974007","isMergeCommit":false,"messageTitle":"implements SearchCommand for ONE ACTION ONE COMMAND + edits HelpCommand for user readability","messageBody":"","fileTypesAndContributionMap":{"functional-code":{"insertions":73,"deletions":47},"test-code":{"insertions":1,"deletions":1}}},{"hash":"9cdec9582447ae900086497bcf96b9da1d26ee47","isMergeCommit":false,"messageTitle":"cheeky error fix","messageBody":"","fileTypesAndContributionMap":{"functional-code":{"insertions":2,"deletions":2}}},{"hash":"666a0728b18c23a8a048730047b9e358745a2c6a","isMergeCommit":false,"messageTitle":"cheeky error fix","messageBody":"","fileTypesAndContributionMap":{"test-code":{"insertions":1,"deletions":1}}},{"hash":"14c3d49fc75e2a629ddab67bba2cbd30559c0829","isMergeCommit":false,"messageTitle":"cheeky error fix","messageBody":"","fileTypesAndContributionMap":{"test-code":{"insertions":1,"deletions":1}}},{"hash":"305f43976841b642d636f7c6f6a7fdd13a3bf229","isMergeCommit":false,"messageTitle":"makes readConfirmation more defensive","messageBody":"","fileTypesAndContributionMap":{"functional-code":{"insertions":15,"deletions":3}}},{"hash":"a744eedad1858b8bf27803ea76113ae5d08dcdd8","isMergeCommit":false,"messageTitle":"Sequence Diagram for SearchCommand","messageBody":"","fileTypesAndContributionMap":{"docs":{"insertions":42,"deletions":0}}},{"hash":"102e0ee50f35420ef908cf2635c4f964c2de6843","isMergeCommit":false,"messageTitle":"Makes parseCategory more defensive","messageBody":"","fileTypesAndContributionMap":{"functional-code":{"insertions":71,"deletions":28}}},{"hash":"9c612969f55bcdae26f976361795d53f3f2907bc","isMergeCommit":false,"messageTitle":"checkstyle fixes","messageBody":"","fileTypesAndContributionMap":{"functional-code":{"insertions":1,"deletions":2}}}]},{"date":"2025-03-26","commitResults":[{"hash":"cf7685006269634beecb9186ed66cb62eb680015","isMergeCommit":false,"messageTitle":"Makes Income / Expense more defensive","messageBody":"","fileTypesAndContributionMap":{"functional-code":{"insertions":95,"deletions":47}}},{"hash":"b92e4c20b4113b6ce7ba0096d8f2fe2399bd9ec5","isMergeCommit":false,"messageTitle":"checkstyle fixes","messageBody":"","fileTypesAndContributionMap":{"functional-code":{"insertions":17,"deletions":23}}}]},{"date":"2025-03-27","commitResults":[{"hash":"a572432fb70038b628831d86338349b17e0c2f8c","isMergeCommit":true,"messageTitle":"merge","messageBody":"","fileTypesAndContributionMap":{}},{"hash":"f6ba2c49f396f428807b84db9b71f914b618445d","isMergeCommit":false,"messageTitle":"resolves merge conflicts","messageBody":"","fileTypesAndContributionMap":{"functional-code":{"insertions":11,"deletions":1}}},{"hash":"b38efaef69dd6358d8fc581bb14e1dd282ef2b8d","isMergeCommit":false,"messageTitle":"checkstyle","messageBody":"","fileTypesAndContributionMap":{"functional-code":{"insertions":11,"deletions":13}}}]}],"NotGiggs":[{"date":"2025-03-05","commitResults":[{"hash":"9354cdb3d256498daf78bb717ed848886869b1c3","isMergeCommit":false,"messageTitle":"Add Giggs\u0027 Profile","messageBody":"","fileTypesAndContributionMap":{"docs":{"insertions":7,"deletions":7}}},{"hash":"b4c6796e16767813b7d0af557435f382fa46ffe6","isMergeCommit":true,"messageTitle":"Merge branch \u0027master\u0027 of https://github.com/AY2425S2-CS2113T-W13-3/tp into Giggs-AboutUs","messageBody":"# Conflicts:\n#\tdocs/AboutUs.md\n","fileTypesAndContributionMap":{}},{"hash":"3484953ca1943be30217a1622d1b13fc7e91d634","isMergeCommit":false,"messageTitle":"Add Giggs\u0027 AboutUs","messageBody":"","fileTypesAndContributionMap":{"docs":{"insertions":5,"deletions":5}}},{"hash":"ece2f26cbcfecc0217d717b16282a55659d1c5b1","isMergeCommit":false,"messageTitle":"Add Giggs\u0027 about and portfolio","messageBody":"","fileTypesAndContributionMap":{"docs":{"insertions":7,"deletions":1}}}]},{"date":"2025-03-14","commitResults":[{"hash":"d37590e355311b405d01918b20dccb89142d7a73","isMergeCommit":false,"messageTitle":"Add JUnit Test for UnknownCommand class","messageBody":"","fileTypesAndContributionMap":{"test-code":{"insertions":46,"deletions":0}}},{"hash":"3712df465076d65bccb7536e8db3759c97f1b91f","isMergeCommit":false,"messageTitle":"Add sample test","messageBody":"","fileTypesAndContributionMap":{"test-code":{"insertions":5,"deletions":0}}}]},{"date":"2025-03-15","commitResults":[{"hash":"5873b0f6ac5c9924c38a1e4999df8df71e45bd9a","isMergeCommit":false,"messageTitle":"Add list functionality to show all transactions","messageBody":"","fileTypesAndContributionMap":{"functional-code":{"insertions":51,"deletions":8}}},{"hash":"b777da9d8f67b0b590194f28919889dca66aa30e","isMergeCommit":false,"messageTitle":"Add list functionality to show all transactions","messageBody":"","fileTypesAndContributionMap":{"functional-code":{"insertions":2,"deletions":0}}}]},{"date":"2025-03-18","commitResults":[{"hash":"dc28d7bf0c59bdf49711212bf99cbc966ddfe69b","isMergeCommit":false,"messageTitle":"Add delete functionality and improved list","messageBody":"","fileTypesAndContributionMap":{"functional-code":{"insertions":100,"deletions":11}}},{"hash":"7b1d32f73df220bbe5bbf1cf90c63f42a4b2682f","isMergeCommit":true,"messageTitle":"Merge branch \u0027master\u0027 into Branch-DeleteCommand","messageBody":"","fileTypesAndContributionMap":{}},{"hash":"a79d8c2a6d61e896c5f0fe72ac210c0788326f0d","isMergeCommit":false,"messageTitle":"Add break after parseDeleteCommand","messageBody":"","fileTypesAndContributionMap":{"functional-code":{"insertions":1,"deletions":0}}},{"hash":"bb254dd9fc42887463e0876d7e870659dd330fba","isMergeCommit":false,"messageTitle":"Fix magic number","messageBody":"","fileTypesAndContributionMap":{"functional-code":{"insertions":2,"deletions":1}}},{"hash":"16ba5bcd65ba3655ce823893bb0f48ff24b89ec2","isMergeCommit":false,"messageTitle":"Fix characters per line","messageBody":"","fileTypesAndContributionMap":{"functional-code":{"insertions":2,"deletions":1}}}]},{"date":"2025-03-21","commitResults":[{"hash":"05251c8a9b6ad56f716ffacb590d9bc0e97dccfc","isMergeCommit":false,"messageTitle":"Add date of creation to list command and update ListCommandTest","messageBody":"","fileTypesAndContributionMap":{"functional-code":{"insertions":4,"deletions":1},"test-code":{"insertions":10,"deletions":10}}},{"hash":"a0a3877085716f4715f8ee13af73b705f66be9a2","isMergeCommit":false,"messageTitle":"Update text-ui-test","messageBody":"","fileTypesAndContributionMap":{"other":{"insertions":16,"deletions":4}}}]},{"date":"2025-03-22","commitResults":[{"hash":"14b34e0d23d4f2205d03d56d94b9978f84d7db7b","isMergeCommit":false,"messageTitle":"Update relevant text-ui-test files","messageBody":"","fileTypesAndContributionMap":{"other":{"insertions":15,"deletions":10}}},{"hash":"8ec7386fdfbf1faebf2137119bd557bcf93749da","isMergeCommit":false,"messageTitle":"Update runtest.bat","messageBody":"","fileTypesAndContributionMap":{"other":{"insertions":22,"deletions":14}}},{"hash":"690303358693302521fcd44743a8e49a6acd9427","isMergeCommit":true,"messageTitle":"Merge pull request #76 from ljunfun/branch-github-fixes","messageBody":"Enables assertions for gradle","fileTypesAndContributionMap":{}}]},{"date":"2025-03-23","commitResults":[{"hash":"d949c6c598034986d02840f48bba82a777f46c02","isMergeCommit":true,"messageTitle":"Merge pull request #78 from laitcanard05/feature/interactive-cli-summary-filter","messageBody":"Interactive UI: filter \u0026 summary command","fileTypesAndContributionMap":{}},{"hash":"a5e85a969c0e09a523f0fffc4dc01ad0351b18a7","isMergeCommit":false,"messageTitle":"Add friendly CLI for List Command","messageBody":"","fileTypesAndContributionMap":{"functional-code":{"insertions":94,"deletions":3}}},{"hash":"d41c7d825b3925a2102c821fa6673526ea80ff4f","isMergeCommit":false,"messageTitle":"Add friendly CLI for Delete Command.","messageBody":"","fileTypesAndContributionMap":{"functional-code":{"insertions":44,"deletions":3}}}]},{"date":"2025-03-24","commitResults":[{"hash":"67557dc69081bf16f7f02f77ea82ccd183dbd181","isMergeCommit":false,"messageTitle":"Add loggers for parseDeleteCommand","messageBody":"","fileTypesAndContributionMap":{"functional-code":{"insertions":10,"deletions":0}}}]},{"date":"2025-03-25","commitResults":[{"hash":"ea11320270a214e280fd25e14d1f9f8f98c44a8f","isMergeCommit":true,"messageTitle":"Merge pull request #84 from denzelloke/master","messageBody":"adds Sequence Diagram + makes parseCategory more defensive","fileTypesAndContributionMap":{}}]},{"date":"2025-03-26","commitResults":[{"hash":"3ecdc03291c7b6b6284adb9150e2489ecde76b98","isMergeCommit":false,"messageTitle":"Add parseInteger and parseTag","messageBody":"","fileTypesAndContributionMap":{"functional-code":{"insertions":81,"deletions":15}}},{"hash":"82fd57222783c695423829175f6785a798edf7f6","isMergeCommit":false,"messageTitle":"Fix checkstyle","messageBody":"","fileTypesAndContributionMap":{"functional-code":{"insertions":3,"deletions":1}}},{"hash":"4f1098bb9adba5da119c32d620da5779068e5da4","isMergeCommit":true,"messageTitle":"Merge pull request #87 from laitcanard05/DG/filter-summary","messageBody":"Developer Guide: filter \u0026 summary","fileTypesAndContributionMap":{}},{"hash":"795be3f3dcde68c2b04214eda2177bf5c9565721","isMergeCommit":false,"messageTitle":"Add sequence diagram for list command","messageBody":"","fileTypesAndContributionMap":{"docs":{"insertions":97,"deletions":1}}},{"hash":"9fc79d2eadea1ca335c140602109471091e83330","isMergeCommit":false,"messageTitle":"Add parseAmount that reads from UI","messageBody":"","fileTypesAndContributionMap":{"functional-code":{"insertions":30,"deletions":3}}}]},{"date":"2025-03-29","commitResults":[{"hash":"86224d66a5bc9a6faabae9be99c326630784b21e","isMergeCommit":false,"messageTitle":"Add budget setting that shows in summary","messageBody":"","fileTypesAndContributionMap":{"functional-code":{"insertions":221,"deletions":10}}}]},{"date":"2025-03-30","commitResults":[{"hash":"f636298c4c04a0d4537abd32724e25c7083b80f5","isMergeCommit":true,"messageTitle":"Merge pull request #93 from laitcanard05/feature/track-budget","messageBody":"Track budget","fileTypesAndContributionMap":{}}]}],"ljunfun":[{"date":"2025-03-05","commitResults":[{"hash":"b6552cc520431f266fe083137c627c189d99b3eb","isMergeCommit":false,"messageTitle":"Adds name to About us Creates new junfun.md file","messageBody":"","fileTypesAndContributionMap":{"docs":{"insertions":12,"deletions":6}}},{"hash":"fcaf1553c7687329a081f81e064ed16d6073b8d0","isMergeCommit":true,"messageTitle":"Merge pull request #1 from ljunfun/JunFun-AboutUs","messageBody":"Adds name to About us Creates new junfun.md file","fileTypesAndContributionMap":{}},{"hash":"7a5436a3d5d573ba1701c0aed25961cfcf339e8d","isMergeCommit":true,"messageTitle":"Merge pull request #4 from denzelloke/master","messageBody":"Add Denzel\u0027s aboutus","fileTypesAndContributionMap":{}},{"hash":"d61e0ba146173969ef86a0a82f88e804b1776d58","isMergeCommit":true,"messageTitle":"Merge branch \u0027JunFun-AboutUs\u0027","messageBody":"* JunFun-AboutUs:\n  Fixes\n  Add Denzel\u0027s aboutus\n  Add Giggs\u0027 about and portfolio\n  Add Giggs\u0027 AboutUs\n  Add Giggs\u0027 Profile\n  Adds name to About us Creates new junfun.md file\n","fileTypesAndContributionMap":{}}]},{"date":"2025-03-11","commitResults":[{"hash":"42c05d5a80a140a3f607c227f035396047cdb452","isMergeCommit":true,"messageTitle":"Merge branch \u0027master\u0027 of https://github.com/ljunfun/tp","messageBody":"* \u0027master\u0027 of https://github.com/ljunfun/tp:\n  Fix: Checkstyle issues\n  Fix: Checkstyle issues\n  Fix: Checkstyle issues\n  Fix: Checkstyle issues\n  Fix: Checkstyle issues\n  Fix: Checkstyle issues\n  Income Expense\n","fileTypesAndContributionMap":{}}]},{"date":"2025-03-13","commitResults":[{"hash":"f03beccd0632c5aa07fb2b6d42cfeff45e5c93e7","isMergeCommit":false,"messageTitle":"Adds UiTest class","messageBody":"","fileTypesAndContributionMap":{"functional-code":{"insertions":161,"deletions":0}}},{"hash":"94882459abc2462e850f101dffc03ab231595424","isMergeCommit":false,"messageTitle":"UiTest update","messageBody":"","fileTypesAndContributionMap":{"other":{"insertions":3,"deletions":6}}}]},{"date":"2025-03-14","commitResults":[{"hash":"0a5741bb034f576dcbd7021f79c7682a4057217c","isMergeCommit":false,"messageTitle":"Adds new ClearCommandTest","messageBody":"","fileTypesAndContributionMap":{"test-code":{"insertions":79,"deletions":0}}},{"hash":"e52eb25cc4dc390eb8d3adca41232f904006bf6a","isMergeCommit":true,"messageTitle":"Merge pull request #28 from ljunfun/branch-ClearCommandTest","messageBody":"Adds new ClearCommandTest","fileTypesAndContributionMap":{}},{"hash":"0e0a2d3d59d8ad09a95a888883cb144b408f9560","isMergeCommit":true,"messageTitle":"Merge branch \u0027branch-ClearCommandTest\u0027","messageBody":"* branch-ClearCommandTest:\n  Adds new ClearCommandTest\n  Other: get my score back\n  Other: get my score back\n","fileTypesAndContributionMap":{}},{"hash":"b569de41e109f11af099e18209cdc2b7e44c606a","isMergeCommit":true,"messageTitle":"Merge commit \u0027ccf16769582e1feb0368066639d653ffabcc5664\u0027","messageBody":"* commit \u0027ccf16769582e1feb0368066639d653ffabcc5664\u0027:\n  Fix: checkstyle\n  Fix: checkstyle\n  Implement filter command\n","fileTypesAndContributionMap":{}},{"hash":"394aa642aa672cd1ce3c7f35cb0c039b815e3e15","isMergeCommit":false,"messageTitle":"Adds sampletest3","messageBody":"","fileTypesAndContributionMap":{"test-code":{"insertions":4,"deletions":1}}},{"hash":"63ccabd4241e0ffaeebb67dcb7e0cc883c691078","isMergeCommit":true,"messageTitle":"Merge pull request #32 from ljunfun/branch-test","messageBody":"Others: Makeup PR","fileTypesAndContributionMap":{}},{"hash":"dba589cccdb4c76ca370015e491be5e9d7b1e159","isMergeCommit":true,"messageTitle":"Merge commit \u002763ccabd4241e0ffaeebb67dcb7e0cc883c691078\u0027","messageBody":"* commit \u002763ccabd4241e0ffaeebb67dcb7e0cc883c691078\u0027:\n  Adds sampletest3\n  Fix: checkstyle\n  Fix: checkstyle\n  Add JUnit tests for FilterCommand\n","fileTypesAndContributionMap":{}},{"hash":"9ff618d3e5cb842ee4cdd3765d550ef770dbf42a","isMergeCommit":true,"messageTitle":"Merge branch \u0027master\u0027 of https://github.com/ljunfun/tp","messageBody":"* \u0027master\u0027 of https://github.com/ljunfun/tp:\n  Adds IncomeCommandTest v1.3\n  Add JUnit Test for UnknownCommand class\n  Adds IncomeCommandTest v2.0\n  Adds IncomeCommandTest v2.0\n  Adds IncomeCommandTest v1.0\n  Adds IncomeCommandTest v1.0\n  Adds IncomeCommandTest v1.0\n","fileTypesAndContributionMap":{}}]},{"date":"2025-03-16","commitResults":[{"hash":"eea0e39fd1d998bdfc2c7cf9a8a4b7200901ea86","isMergeCommit":true,"messageTitle":"Merge branch \u0027master\u0027 of https://github.com/ljunfun/tp","messageBody":"* \u0027master\u0027 of https://github.com/ljunfun/tp:\n  Add list functionality to show all transactions\n  Add list functionality to show all transactions\n  Add sample test\n","fileTypesAndContributionMap":{}},{"hash":"d5915eb060c44f6c782c419cf3ff33675aa10d9d","isMergeCommit":true,"messageTitle":"Merge pull request #36 from Alaneel/test/transaction","messageBody":"Testing and Logging","fileTypesAndContributionMap":{}},{"hash":"d5c2fc6af19e36f4b0c64607c8f70dbf43fae276","isMergeCommit":true,"messageTitle":"Merge branch \u0027master\u0027 of https://github.com/ljunfun/tp","messageBody":"* \u0027master\u0027 of https://github.com/ljunfun/tp:\n  Fix\n  Test and Logging\n  Other: get my score back\n  Fix: JUnit Tests\n","fileTypesAndContributionMap":{}},{"hash":"37cdf1bc9bb2806a0306e2e7fcbb5d07cb6a6323","isMergeCommit":false,"messageTitle":"Adds Balance class to view balance","messageBody":"","fileTypesAndContributionMap":{"functional-code":{"insertions":67,"deletions":1},"test-code":{"insertions":84,"deletions":0}}},{"hash":"7b3948b0f3f224f17d27128853062ea7a99050e7","isMergeCommit":true,"messageTitle":"Merge pull request #39 from denzelloke/SearchFeature","messageBody":"Search + Duplicat Check features v1.0","fileTypesAndContributionMap":{}}]},{"date":"2025-03-17","commitResults":[{"hash":"22d5cc6c52926bf906ff8698b3e9bf3c7f336359","isMergeCommit":true,"messageTitle":"Merge pull request #41 from Alaneel/feat/asserts","messageBody":"Asserts","fileTypesAndContributionMap":{}}]},{"date":"2025-03-18","commitResults":[{"hash":"cd7fb6be17b6f5c1dd411ee1520b51bc2f357080","isMergeCommit":false,"messageTitle":"Adds EditCommand to edit transactions","messageBody":"","fileTypesAndContributionMap":{"functional-code":{"insertions":211,"deletions":0},"test-code":{"insertions":245,"deletions":0}}},{"hash":"5b09c55ac6e7978e5a8816d9213cd91ed89ac069","isMergeCommit":false,"messageTitle":"Fix Checkstyle","messageBody":"","fileTypesAndContributionMap":{"functional-code":{"insertions":38,"deletions":2}}},{"hash":"3e77be5d4311ffdefd0950ef88dbc8bfeff54536","isMergeCommit":true,"messageTitle":"Merge pull request #46 from ljunfun/branch-EditCommand","messageBody":"Feature: EditCommand","fileTypesAndContributionMap":{}},{"hash":"a0397669dc64f63ca93ee0c959305b50b28d3a38","isMergeCommit":true,"messageTitle":"Merge pull request #49 from Alaneel/fix/v1_0","messageBody":"Hot Fix","fileTypesAndContributionMap":{}},{"hash":"ab20706f68def1573ae0fc6229ac88b6eda13b72","isMergeCommit":true,"messageTitle":"Merge pull request #50 from denzelloke/TestingBranch","messageBody":"adds test cases for Search feature v1.0","fileTypesAndContributionMap":{}},{"hash":"5464b17b6ab9b7335ebdf10d50d73301566bc101","isMergeCommit":true,"messageTitle":"Merge pull request #51 from laitcanard05/logging-assert/summary-filter","messageBody":"Logging and assertions: FilterCommand \u0026 SummaryCommand","fileTypesAndContributionMap":{}},{"hash":"de3612c34a8e43e872bed29e6d2699d574bb3d02","isMergeCommit":true,"messageTitle":"Merge pull request #52 from denzelloke/master","messageBody":"adds tests for duplicate check when creating new income / expense transaction","fileTypesAndContributionMap":{}}]},{"date":"2025-03-19","commitResults":[{"hash":"b3ab4c10b7d1329e8c7e08f635692dd4162331d8","isMergeCommit":false,"messageTitle":"Fixes annoying github gradle issues","messageBody":"","fileTypesAndContributionMap":{"functional-code":{"insertions":2,"deletions":1},"other":{"insertions":2,"deletions":1}}}]},{"date":"2025-03-20","commitResults":[{"hash":"b5ee9f8a6476229f255d91753447e3b557a9b0e3","isMergeCommit":false,"messageTitle":"Bug fixes","messageBody":"","fileTypesAndContributionMap":{"test-code":{"insertions":1,"deletions":0}}}]},{"date":"2025-03-21","commitResults":[{"hash":"d7dd647e0ca7881e181d616d531a13a457d3032e","isMergeCommit":true,"messageTitle":"Merge pull request #75 from denzelloke/master","messageBody":"adds valuable assertion","fileTypesAndContributionMap":{}}]},{"date":"2025-03-22","commitResults":[{"hash":"2efa6f2b5d626d59cdab6d7ace731f915f73095e","isMergeCommit":false,"messageTitle":"Enables assertions for gradle","messageBody":"","fileTypesAndContributionMap":{"other":{"insertions":1,"deletions":0}}},{"hash":"9ecdd8c86fb86b0c2d5c95815c60726e73de96f4","isMergeCommit":true,"messageTitle":"Merge pull request #74 from NotGiggs/Branch-ListwithDate","messageBody":"Add date of creation to list command and update ListCommandTest","fileTypesAndContributionMap":{}},{"hash":"8dd5f1b80b3b7ea0ecb5f012b61b8a85a0d4c902","isMergeCommit":true,"messageTitle":"Merge pull request #77 from Alaneel/feat/manifest","messageBody":"DG and code contributions~","fileTypesAndContributionMap":{}}]},{"date":"2025-03-23","commitResults":[{"hash":"fab9e753f3de27315fc9dcb29bc26ced02a1d937","isMergeCommit":true,"messageTitle":"Merge pull request #79 from NotGiggs/Branch-FriendlyListCommand","messageBody":"Add friendly CLI for List Command","fileTypesAndContributionMap":{}}]},{"date":"2025-03-26","commitResults":[{"hash":"75dc757967d770bd78fd1e7ad1028aaaf033d203","isMergeCommit":true,"messageTitle":"Merge pull request #85 from NotGiggs/Branch-newParses","messageBody":"Add parseInteger and parseTag","fileTypesAndContributionMap":{}},{"hash":"4e88d9c5940a51e237def6b67f2e67a8aee82582","isMergeCommit":false,"messageTitle":"Update DG","messageBody":"","fileTypesAndContributionMap":{"docs":{"insertions":99,"deletions":0}}},{"hash":"a4eb718d006d1f9b2bdaf9e72c852860170564e3","isMergeCommit":true,"messageTitle":"Merge pull request #88 from NotGiggs/Branch-ListCommand-SD","messageBody":"Add sequence diagram for list command","fileTypesAndContributionMap":{}},{"hash":"d8ea3beda95fc0b3172a0826004a73407955fd17","isMergeCommit":true,"messageTitle":"Merge pull request #89 from NotGiggs/Branch-parseAmount","messageBody":"Add parseAmount that reads from UI","fileTypesAndContributionMap":{}}]},{"date":"2025-03-27","commitResults":[{"hash":"baf943d1e59d6d1a28f1272d14d2746f39c3b4a5","isMergeCommit":true,"messageTitle":"Merge pull request #90 from denzelloke/DEFENCE","messageBody":"Increases defence of UI by adding custom exceptions","fileTypesAndContributionMap":{}}]},{"date":"2025-03-30","commitResults":[{"hash":"a569029ac00b967ff635593be42821abeab823de","isMergeCommit":true,"messageTitle":"Merge pull request #95 from laitcanard05/feature/set-track-savings","messageBody":"Set \u0026 track savings goals","fileTypesAndContributionMap":{}}]}]},"authorFileTypeContributionMap":{"laitcanard05":{"docs":151,"functional-code":976,"test-code":232},"Alaneel":{"docs":1437,"functional-code":2119,"test-code":1447,"other":2},"denzelloke":{"docs":48,"functional-code":545,"test-code":225},"NotGiggs":{"docs":102,"functional-code":425,"test-code":58,"other":37},"ljunfun":{"docs":105,"functional-code":304,"test-code":555,"other":3}},"authorContributionVariance":{"laitcanard05":22445.443,"Alaneel":347380.22,"denzelloke":10954.376,"NotGiggs":3397.1995,"ljunfun":7565.339},"authorDisplayNameMap":{"laitcanard05":"CS2113-W13-3 NG Y..XUEN","Alaneel":"CS2113-W13-3 WANG..MING","denzelloke":"CS2113-W13-3 LOKE..NZEL","NotGiggs":"CS2113-W13-3 LOH ..IGGS","ljunfun":"CS2113-W13-3 LIM .. FUN"}}
