{"authorDailyContributionsMap":{"Jasonlobo21":[{"date":"2025-03-05","commitResults":[{"hash":"4ac21084cbd4dc5021a71a03c89d5d8d42f66621","isMergeCommit":false,"messageTitle":"Update AboutUs","messageBody":"","fileTypesAndContributionMap":{"docs":{"insertions":4,"deletions":7}}},{"hash":"3bb5a557546838b90d387f790826533cb93eb844","isMergeCommit":true,"messageTitle":"Merge branch \u0027master\u0027 into keane-AboutUs","messageBody":"","fileTypesAndContributionMap":{}}]},{"date":"2025-03-13","commitResults":[{"hash":"db6d6a503cd6a9e0862fc2b6a007e838cbda5676","isMergeCommit":false,"messageTitle":"Add meal log function","messageBody":"","fileTypesAndContributionMap":{"functional-code":{"insertions":230,"deletions":21},"other":{"insertions":1,"deletions":1}}}]},{"date":"2025-03-14","commitResults":[{"hash":"2ef307d637302ea2030db1cc011c97cfe6aef4cf","isMergeCommit":false,"messageTitle":"Add JUnitTests for meal log","messageBody":"","fileTypesAndContributionMap":{"functional-code":{"insertions":4,"deletions":4},"test-code":{"insertions":24,"deletions":0}}}]},{"date":"2025-03-16","commitResults":[{"hash":"408fc687960f2b0bab66fd5d29dda525037944be","isMergeCommit":false,"messageTitle":"Add Command function","messageBody":"","fileTypesAndContributionMap":{"functional-code":{"insertions":208,"deletions":191},"test-code":{"insertions":83,"deletions":79}}},{"hash":"c6f96d96428096159bef62407690b57cf637b66d","isMergeCommit":false,"messageTitle":"Update coding standards","messageBody":"","fileTypesAndContributionMap":{"functional-code":{"insertions":35,"deletions":34}}},{"hash":"d2080bd31062a07113efd19422ded00bae84c611","isMergeCommit":false,"messageTitle":"Update coding standards","messageBody":"","fileTypesAndContributionMap":{"functional-code":{"insertions":83,"deletions":82}}},{"hash":"1f696b24aee3baba62d0857885c2ea0c5a2450a0","isMergeCommit":false,"messageTitle":"Add coding standards","messageBody":"","fileTypesAndContributionMap":{"functional-code":{"insertions":30,"deletions":29},"test-code":{"insertions":69,"deletions":69}}},{"hash":"b92553cf6c947ad8660586d84ffca1e30a9c94ac","isMergeCommit":false,"messageTitle":"Update coding standard","messageBody":"","fileTypesAndContributionMap":{"functional-code":{"insertions":3,"deletions":0}}},{"hash":"12182f6eca645000bcbba2445602fa8183c90260","isMergeCommit":true,"messageTitle":"Merge pull request #22 from kinneo/branch-Kin-updateExceptions","messageBody":"Edited exception classes and BMI class, added another JUnit for BMI","fileTypesAndContributionMap":{}}]},{"date":"2025-03-18","commitResults":[{"hash":"374c96a7f8ec77df420621510adca2e65cfd4edb","isMergeCommit":true,"messageTitle":"Merge pull request #29 from kinneo/branch-Kin-Assertions","messageBody":"added assertions for recommend feature","fileTypesAndContributionMap":{}},{"hash":"253f18168aa8f0dc169d8b43ff3f28484ed45a6b","isMergeCommit":false,"messageTitle":"Add Storage","messageBody":"","fileTypesAndContributionMap":{"functional-code":{"insertions":236,"deletions":121},"other":{"insertions":5,"deletions":5},"test-code":{"insertions":65,"deletions":63}}},{"hash":"65e189f92dc4fefafb06ebbf94c290bdce9e8eed","isMergeCommit":false,"messageTitle":"Update coding standards","messageBody":"","fileTypesAndContributionMap":{"functional-code":{"insertions":5,"deletions":2},"test-code":{"insertions":6,"deletions":4}}},{"hash":"cad396c4b6d420d71fed5ad9f4b5112d5520fc03","isMergeCommit":false,"messageTitle":"Update coding standards","messageBody":"","fileTypesAndContributionMap":{"test-code":{"insertions":58,"deletions":58}}},{"hash":"9f7e50dfac145860eb7d3ba329ac9301aa5321d7","isMergeCommit":false,"messageTitle":"Update coding standard","messageBody":"","fileTypesAndContributionMap":{"functional-code":{"insertions":2,"deletions":1},"test-code":{"insertions":2,"deletions":1}}}]},{"date":"2025-03-19","commitResults":[{"hash":"3aa017f72385d96ff97badc6838220260307ee13","isMergeCommit":false,"messageTitle":"Update coding standard","messageBody":"","fileTypesAndContributionMap":{"functional-code":{"insertions":31,"deletions":30}}},{"hash":"c06de6356e0332c8db45b7b988779fb7b466af14","isMergeCommit":false,"messageTitle":"Update coding standard","messageBody":"","fileTypesAndContributionMap":{"test-code":{"insertions":18,"deletions":18}}},{"hash":"72118db9441756dc1f2dd4af5813ff06e8d0d670","isMergeCommit":false,"messageTitle":"Update coding standard","messageBody":"","fileTypesAndContributionMap":{"test-code":{"insertions":9,"deletions":6}}},{"hash":"c129e2f7eea23c798f8775ae5b5584a2687ace3c","isMergeCommit":false,"messageTitle":"Update conding standard","messageBody":"","fileTypesAndContributionMap":{"test-code":{"insertions":1,"deletions":1}}},{"hash":"52b265b8de7b72072525bea7b79c97eb50b6ab33","isMergeCommit":false,"messageTitle":"Update coding standard","messageBody":"","fileTypesAndContributionMap":{"functional-code":{"insertions":1,"deletions":1}}},{"hash":"ecd48ff603b4f8e1f386ee32cf3ca410d505c9b3","isMergeCommit":false,"messageTitle":"Update coding standard","messageBody":"","fileTypesAndContributionMap":{"functional-code":{"insertions":1,"deletions":1}}},{"hash":"9f5175ea8f29193cab18c39d11d25a1f1979bd5b","isMergeCommit":false,"messageTitle":"Update coding standard","messageBody":"","fileTypesAndContributionMap":{"functional-code":{"insertions":1,"deletions":1}}},{"hash":"6236f7553f40919fd1430e8d5f3a6581b006886a","isMergeCommit":false,"messageTitle":"update logic","messageBody":"","fileTypesAndContributionMap":{"functional-code":{"insertions":1,"deletions":1}}},{"hash":"5f8701e202b96c8dd4f6fac728af097a5a9a77fd","isMergeCommit":false,"messageTitle":"Hot Fix","messageBody":"","fileTypesAndContributionMap":{"functional-code":{"insertions":102,"deletions":75}}},{"hash":"d597e340d74a9fcc69e634e4a97f6604b19f45f3","isMergeCommit":false,"messageTitle":"Add assertions","messageBody":"","fileTypesAndContributionMap":{"functional-code":{"insertions":7,"deletions":2}}},{"hash":"d5dbeeddec933859c5389108ad0ac6d98421a7b7","isMergeCommit":false,"messageTitle":"Hot Fix","messageBody":"","fileTypesAndContributionMap":{"functional-code":{"insertions":2,"deletions":2}}},{"hash":"bf089b4366ec664d2d80b8aa03e99ebe96920cd4","isMergeCommit":false,"messageTitle":"Update storage to other Workout and Water","messageBody":"","fileTypesAndContributionMap":{"functional-code":{"insertions":97,"deletions":79}}},{"hash":"5073473f8c239062c37d02801e8dd453726db3a0","isMergeCommit":true,"messageTitle":"Merge pull request #38 from kinneo/branch-Kin-help","messageBody":"edited help command and enabled assert function","fileTypesAndContributionMap":{}},{"hash":"4fa091725fb8a9d79f7b5a7d05caf68f93fd4c2b","isMergeCommit":false,"messageTitle":"Hot Fix","messageBody":"","fileTypesAndContributionMap":{"functional-code":{"insertions":4,"deletions":4}}},{"hash":"ed905b6f83e2665a40cc11ffac19eabc8066e697","isMergeCommit":true,"messageTitle":"Merge branch \u0027master\u0027 into Branch-Jason-Storage2.0","messageBody":"","fileTypesAndContributionMap":{}},{"hash":"bd3ad8065264ab781762e460dea31df3f5f924d4","isMergeCommit":false,"messageTitle":"Hot Fix","messageBody":"","fileTypesAndContributionMap":{"functional-code":{"insertions":1,"deletions":1}}},{"hash":"6c151062f8c0020cb8df768687d37ddaeff02dae","isMergeCommit":true,"messageTitle":"Merge branch \u0027Branch-Jason-Storage2.0\u0027 of https://github.com/Jasonlobo21/tp into Branch-Jason-Storage2.0","messageBody":"","fileTypesAndContributionMap":{}},{"hash":"809bfa2dc0f39399f20f4af25a9ff4a596a4d44b","isMergeCommit":false,"messageTitle":"Hot Fix","messageBody":"","fileTypesAndContributionMap":{"functional-code":{"insertions":10,"deletions":6}}},{"hash":"dd5ee8efc5f25a195061be5be6b9e9a84768895f","isMergeCommit":true,"messageTitle":"Merge branch \u0027master\u0027 into Branch-Jason-Storage2.0","messageBody":"","fileTypesAndContributionMap":{}},{"hash":"7d050599dce7ea22fe30486db2c28bf7f8fdd5be","isMergeCommit":false,"messageTitle":"Hot Fix","messageBody":"","fileTypesAndContributionMap":{"functional-code":{"insertions":4,"deletions":3}}},{"hash":"5772873d4034b9d69306aced8546252898ad2b59","isMergeCommit":true,"messageTitle":"Merge branch \u0027Branch-Jason-Storage2.0\u0027 of https://github.com/Jasonlobo21/tp into Branch-Jason-Storage2.0","messageBody":"","fileTypesAndContributionMap":{}},{"hash":"57b6506293c4e22d7f233c40cfc0d099d32a4003","isMergeCommit":false,"messageTitle":"Hot Fix","messageBody":"","fileTypesAndContributionMap":{"functional-code":{"insertions":9,"deletions":1}}},{"hash":"90178854d7bf13fe668c29ef9e856372de4051e3","isMergeCommit":false,"messageTitle":"Hot Fix","messageBody":"","fileTypesAndContributionMap":{"functional-code":{"insertions":1,"deletions":1}}},{"hash":"a900278f7989a7ff59b5e99766e0a13a0415fc99","isMergeCommit":false,"messageTitle":"Hot Fix","messageBody":"","fileTypesAndContributionMap":{"other":{"insertions":14,"deletions":4}}},{"hash":"7274e63a3c39e6fffc2aabc2308cbb0dfb701a76","isMergeCommit":false,"messageTitle":"Hot Fix","messageBody":"","fileTypesAndContributionMap":{"functional-code":{"insertions":1,"deletions":1},"other":{"insertions":4,"deletions":14}}},{"hash":"3c3a7ce14b939652da3db8872a9b69268f36fc4f","isMergeCommit":true,"messageTitle":"Merge branch \u0027master\u0027 of https://github.com/Jasonlobo21/tp","messageBody":"# Conflicts:\n#\ttext-ui-test/EXPECTED.TXT\n","fileTypesAndContributionMap":{}},{"hash":"e96e47590c238f377022cc1df51b3d48089377a6","isMergeCommit":false,"messageTitle":"Add find and delete function","messageBody":"","fileTypesAndContributionMap":{"functional-code":{"insertions":155,"deletions":43}}},{"hash":"699baa43a983177a33f7cbd5df90b87333873b79","isMergeCommit":false,"messageTitle":"Hot Fix","messageBody":"","fileTypesAndContributionMap":{"functional-code":{"insertions":1,"deletions":1}}}]}],"keanneeee":[{"date":"2025-03-05","commitResults":[{"hash":"89f17bb6314ae1869585950d4a14ee6327b1646b","isMergeCommit":false,"messageTitle":"update AboutUs","messageBody":"","fileTypesAndContributionMap":{"docs":{"insertions":3,"deletions":7}}},{"hash":"c3a56593b5b8f5a3fef0c08e6e4e64d3988f3b79","isMergeCommit":true,"messageTitle":"Merge pull request #1 from Jasonlobo21/Jason-AboutUs","messageBody":"Update AboutUs","fileTypesAndContributionMap":{}}]},{"date":"2025-03-13","commitResults":[{"hash":"d3f6264f3b4e80813102d4db30e389ba8b3c7d76","isMergeCommit":true,"messageTitle":"Merge pull request #13 from kinneo/branch-Kin-JUnitTest","messageBody":"Added JUnit test cases for handleMeal","fileTypesAndContributionMap":{}}]},{"date":"2025-03-14","commitResults":[{"hash":"48e7dd8a9c20aed7a089540310bf5e3f4be4f690","isMergeCommit":true,"messageTitle":"Merge pull request #14 from kinneo/branch-Kin-reccWorkout","messageBody":"Added workout recommend and redid the exceptions to include more OOP","fileTypesAndContributionMap":{}},{"hash":"5924cc5acf6b62a007ad186aa6a130f90b723890","isMergeCommit":false,"messageTitle":"add JUnit Test Case","messageBody":"","fileTypesAndContributionMap":{"test-code":{"insertions":6,"deletions":4}}},{"hash":"1c8d66b30b3bf5f0ac39e61bf90d6f29f3ae4f86","isMergeCommit":false,"messageTitle":"Add JUnit Test Case","messageBody":"","fileTypesAndContributionMap":{"test-code":{"insertions":6,"deletions":0}}}]},{"date":"2025-03-19","commitResults":[{"hash":"ef4c3b5b52e263edc0157caea63737390e69fa29","isMergeCommit":false,"messageTitle":"add waterlog and change workout to test","messageBody":"","fileTypesAndContributionMap":{"functional-code":{"insertions":72,"deletions":17},"other":{"insertions":2,"deletions":2}}},{"hash":"3e02a052f0210f8d9a836b5cef01ebb0392c6df7","isMergeCommit":false,"messageTitle":"coding standard","messageBody":"","fileTypesAndContributionMap":{"test-code":{"insertions":1,"deletions":1}}},{"hash":"c7b24a6a9face49718abec6296dedde0edfcd68e","isMergeCommit":false,"messageTitle":"coding standards","messageBody":"","fileTypesAndContributionMap":{"functional-code":{"insertions":4,"deletions":2},"test-code":{"insertions":2,"deletions":1}}},{"hash":"91aabbab6578959f1125bd4375829f94f20fefab","isMergeCommit":false,"messageTitle":"Coding standards","messageBody":"","fileTypesAndContributionMap":{"functional-code":{"insertions":11,"deletions":6}}},{"hash":"0da330145eceaca95121ed524538f70c07093603","isMergeCommit":false,"messageTitle":"fix water logging function","messageBody":"","fileTypesAndContributionMap":{"functional-code":{"insertions":16,"deletions":11}}},{"hash":"7709f0d75d43a3773ce5b75973feae3a0b62ac5c","isMergeCommit":false,"messageTitle":"Coding Standards","messageBody":"","fileTypesAndContributionMap":{"functional-code":{"insertions":0,"deletions":5}}},{"hash":"c86ad35510490816a4cc5bb4d662c411d5fdcc6e","isMergeCommit":false,"messageTitle":"coding standards","messageBody":"","fileTypesAndContributionMap":{"functional-code":{"insertions":0,"deletions":1}}}]}],"kinneo":[{"date":"2025-03-05","commitResults":[{"hash":"4b3a200c93d49a475d287b4ce9c95da4c80ead84","isMergeCommit":false,"messageTitle":"Update AboutUs.md","messageBody":"","fileTypesAndContributionMap":{"docs":{"insertions":2,"deletions":5}}}]},{"date":"2025-03-13","commitResults":[{"hash":"e4ac94fabd7dd219d2f9cb9672adb36946260e8d","isMergeCommit":true,"messageTitle":"Merge pull request #12 from Jasonlobo21/Jason-MealLog","messageBody":"Add meal log function ","fileTypesAndContributionMap":{}},{"hash":"1c3de1cf730bc6601711c53ec5ee93105795e0d9","isMergeCommit":false,"messageTitle":"update about us","messageBody":"","fileTypesAndContributionMap":{"docs":{"insertions":0,"deletions":5}}},{"hash":"f7e3d8e1dbc9113b24b29758b1fe2675b74afffb","isMergeCommit":true,"messageTitle":"Merge branch \u0027master\u0027 of https://github.com/kinneo/tp","messageBody":"","fileTypesAndContributionMap":{}},{"hash":"58cbbae5d13d5a2318a6b01e44769776753d7b00","isMergeCommit":false,"messageTitle":"Create JUnitTest Case for handleMeal","messageBody":"","fileTypesAndContributionMap":{"functional-code":{"insertions":13,"deletions":4},"test-code":{"insertions":44,"deletions":12}}},{"hash":"90a759788491b75119f1fbcf100f4b1d5ce39be3","isMergeCommit":false,"messageTitle":"update JUnit to remove unused imports","messageBody":"","fileTypesAndContributionMap":{"test-code":{"insertions":0,"deletions":3}}},{"hash":"87f7edd242f131e1714285dab05f219ed23ffbe4","isMergeCommit":false,"messageTitle":"Update runtest.sh to skip the pre made tests","messageBody":"","fileTypesAndContributionMap":{"other":{"insertions":13,"deletions":13}}},{"hash":"1cd457aaceadd71de7e6b7224091676cb9b9a8cd","isMergeCommit":false,"messageTitle":"Update build.gradle to point to correct main class","messageBody":"","fileTypesAndContributionMap":{"other":{"insertions":1,"deletions":1}}},{"hash":"e1f6339467c44408d10da342a9dd437a06b915f7","isMergeCommit":false,"messageTitle":"Update build.gradle again","messageBody":"","fileTypesAndContributionMap":{"other":{"insertions":4,"deletions":1}}},{"hash":"61c7d422bb46a9a765ab680cf543ad2e098fbe77","isMergeCommit":false,"messageTitle":"Update runtest.sh","messageBody":"","fileTypesAndContributionMap":{"other":{"insertions":14,"deletions":13}}},{"hash":"c70ddea4d0da3d0b0a981e0e8c69f65ca4deedfa","isMergeCommit":false,"messageTitle":"Update runtest.bat","messageBody":"","fileTypesAndContributionMap":{"other":{"insertions":6,"deletions":5}}},{"hash":"3afc24a769a3de8213aded83f3ef40c12c95e5b7","isMergeCommit":false,"messageTitle":"Update runtest.sh and runtest.bat","messageBody":"","fileTypesAndContributionMap":{"other":{"insertions":5,"deletions":9}}},{"hash":"ac98883c7baf426738b23bae1c39e6c431439358","isMergeCommit":false,"messageTitle":"update input and expected txt","messageBody":"","fileTypesAndContributionMap":{"functional-code":{"insertions":3,"deletions":3}}},{"hash":"a6552fa5e0ac5bb532d864a72fe6a79b6a3693b1","isMergeCommit":false,"messageTitle":"Fix: Regenerated Gradle wrapper files","messageBody":"","fileTypesAndContributionMap":{"other":{"insertions":0,"deletions":1}}},{"hash":"4d66b3a6011a1b17c5423e2807a0dcf75119bb6d","isMergeCommit":false,"messageTitle":"Revert accidental deletion in gradle-wrapper.properties","messageBody":"","fileTypesAndContributionMap":{"other":{"insertions":1,"deletions":0}}},{"hash":"dcdac279e9ca59af15a33e47ca361eb53e5cac3b","isMergeCommit":false,"messageTitle":"Regenerated Gradle Wrapper","messageBody":"","fileTypesAndContributionMap":{"other":{"insertions":0,"deletions":1}}},{"hash":"ba3357dd1284b8f53af5ba3c99750d0f5e3b4e1a","isMergeCommit":false,"messageTitle":"Update gradle wrapper properties","messageBody":"","fileTypesAndContributionMap":{"other":{"insertions":1,"deletions":0}}},{"hash":"31c46627448c2067b8c744032fd5c972d6fc34e1","isMergeCommit":false,"messageTitle":"update gradle wrapper properties again","messageBody":"","fileTypesAndContributionMap":{"other":{"insertions":1,"deletions":1}}},{"hash":"d900aa4c49823faf70b7ecb6a41d07a810876533","isMergeCommit":false,"messageTitle":"Add new lines","messageBody":"","fileTypesAndContributionMap":{"functional-code":{"insertions":1,"deletions":0},"other":{"insertions":4,"deletions":0},"test-code":{"insertions":1,"deletions":0}}},{"hash":"9a64099fd68ba1943c48c8c6decf80e19fa06377","isMergeCommit":false,"messageTitle":"Added workout recommend and redid the exceptions to include more OOP","messageBody":"","fileTypesAndContributionMap":{"functional-code":{"insertions":101,"deletions":14},"test-code":{"insertions":6,"deletions":6}}}]},{"date":"2025-03-14","commitResults":[{"hash":"464473cad6ac11b31685680bc15c35bfa38a564d","isMergeCommit":true,"messageTitle":"Merge pull request #16 from Travissssz/master","messageBody":"Junit Test for reccomend workout (correct input)","fileTypesAndContributionMap":{}},{"hash":"1af4e6a0ba827936a1a233c4ff4befd68788216b","isMergeCommit":true,"messageTitle":"Merge pull request #18 from Ahmish15/Ahmish-BMI","messageBody":"the App can now calculate BMI","fileTypesAndContributionMap":{}}]},{"date":"2025-03-16","commitResults":[{"hash":"5f7b465514465efb4108858b5a578c94e7feeb7a","isMergeCommit":true,"messageTitle":"Merge pull request #21 from Jasonlobo21/Branch-Jason-Command","messageBody":"Add Command function","fileTypesAndContributionMap":{}},{"hash":"b73514c5b8b4b766ba65ae7c028b0eaf60eb0975","isMergeCommit":false,"messageTitle":"fixed the exception classes (HealthBudException is for specific messages, invalid commands will have their own exception class) placed BMI class under command, BMI class now extends command edited BMI function such that it overrides execute added a JUnitTest to test negative numbers on BMI function","messageBody":"","fileTypesAndContributionMap":{"functional-code":{"insertions":67,"deletions":45},"test-code":{"insertions":16,"deletions":7}}}]},{"date":"2025-03-18","commitResults":[{"hash":"ed953099d0d3bc4f57aa83441f1a0d85d873263d","isMergeCommit":true,"messageTitle":"Merge pull request #23 from Travissssz/master","messageBody":"Added workout functionality ","fileTypesAndContributionMap":{}},{"hash":"dcdee9e2bced38d3bb80fc6dd675ccdb8af8bf50","isMergeCommit":false,"messageTitle":"added assertions for recommend feature","messageBody":"","fileTypesAndContributionMap":{"functional-code":{"insertions":13,"deletions":8}}},{"hash":"e8fc14823da5e7a081994819d7a8d1202ef2f83e","isMergeCommit":false,"messageTitle":"added new line","messageBody":"","fileTypesAndContributionMap":{"functional-code":{"insertions":1,"deletions":1}}},{"hash":"b57a3b814d92d9311a50c0b9aa18fb16f4634dca","isMergeCommit":false,"messageTitle":"edited JUnit Test to account for assertion in recommend feature","messageBody":"","fileTypesAndContributionMap":{"test-code":{"insertions":2,"deletions":1}}},{"hash":"f6049412f4f2b11488c0ebf88b78ca1d00ac85ae","isMergeCommit":false,"messageTitle":"fixed indentation for workout exception class","messageBody":"","fileTypesAndContributionMap":{"functional-code":{"insertions":3,"deletions":3}}},{"hash":"6d595d208372852495f986b45fbcc4ee3c70c9ac","isMergeCommit":false,"messageTitle":"fixed JUnit Test, apparently 1 line cannot more than 120 characters","messageBody":"","fileTypesAndContributionMap":{"test-code":{"insertions":1,"deletions":1}}}]},{"date":"2025-03-19","commitResults":[{"hash":"61c908ea76d9a32ff3b0d90d85944bc3e824bdcb","isMergeCommit":true,"messageTitle":"Merge pull request #31 from Jasonlobo21/Branch-Jason-Storage","messageBody":"Add Storage","fileTypesAndContributionMap":{}},{"hash":"c131d65c5961f5a23857fd7142918c756c2102f8","isMergeCommit":true,"messageTitle":"Merge pull request #35 from keanneeee/WaterLog_ver_1.1","messageBody":"add waterlog and change workout to test","tags":["V1.0"],"fileTypesAndContributionMap":{}},{"hash":"d6def6be8b2463814812ec825fe61c2ad89c895a","isMergeCommit":true,"messageTitle":"Merge pull request #36 from Jasonlobo21/Branch-Jason-Assertions","messageBody":"Add assertions","fileTypesAndContributionMap":{}},{"hash":"979a37b834bace37f35f07bbcc261d2e00cbf052","isMergeCommit":false,"messageTitle":"edited help command and enabled assert function","messageBody":"","fileTypesAndContributionMap":{"functional-code":{"insertions":8,"deletions":5}}},{"hash":"2cd63d5ba9c5af9cfd74014fade39843fad9470f","isMergeCommit":true,"messageTitle":"Merge pull request #42 from keanneeee/WaterLog_ver_1.2","messageBody":"fix water logging function and add assertions","fileTypesAndContributionMap":{}},{"hash":"bc4431ef0d51c99152c176f871c0f683efec905a","isMergeCommit":true,"messageTitle":"Merge pull request #39 from Jasonlobo21/Branch-Jason-Storage2.0","messageBody":"Branch jason storage2.0","fileTypesAndContributionMap":{}},{"hash":"d91d2bf52b15f3ef314273ec88844d56774ac4a3","isMergeCommit":true,"messageTitle":"Merge pull request #45 from Jasonlobo21/Branch-Jason-Find","messageBody":"Branch jason find","fileTypesAndContributionMap":{}}]}],"Ahmish15":[{"date":"2025-03-05","commitResults":[{"hash":"f4defd8f7da9acf6fa323836d055432e2e26a332","isMergeCommit":true,"messageTitle":"Merge pull request #2 from kinneo/master","messageBody":"Update AboutUs.md","fileTypesAndContributionMap":{}},{"hash":"e3bb7af713525d40ff66f70b8c1b94889260b153","isMergeCommit":false,"messageTitle":"ahmish aboutus","messageBody":"","fileTypesAndContributionMap":{"docs":{"insertions":3,"deletions":7}}},{"hash":"6d2fe37f59639796b1c7fc706efd7c448d212a94","isMergeCommit":true,"messageTitle":"Merge pull request #3 from Travissssz/Travis-AboutUs","messageBody":"Travis edited AboutUs","fileTypesAndContributionMap":{}},{"hash":"9a328a26330edc9ec28295f0b360102067986700","isMergeCommit":true,"messageTitle":"Merge branch \u0027master\u0027 into Ahmish-AboutUs","messageBody":"","fileTypesAndContributionMap":{}}]},{"date":"2025-03-14","commitResults":[{"hash":"126cf14f9dde042ee2314382df4f7670db0a52b2","isMergeCommit":true,"messageTitle":"Merge pull request #17 from keanneeee/JUnitTest_recommendworkout","messageBody":"","fileTypesAndContributionMap":{}},{"hash":"9c46672c5a22c370d7235f710f25ae7c7a5875ce","isMergeCommit":false,"messageTitle":"the App can now calculate BMI","messageBody":"","fileTypesAndContributionMap":{"functional-code":{"insertions":62,"deletions":1}}},{"hash":"e7b059ffbaa459aa209b68cd3b45895a3aa14960","isMergeCommit":false,"messageTitle":"added InvalidBmiException Class and added Junit test cases","messageBody":"","fileTypesAndContributionMap":{"functional-code":{"insertions":35,"deletions":21},"test-code":{"insertions":35,"deletions":5}}},{"hash":"0ea1fdc34dd8606a59a51b8fda7b0709a4f751ad","isMergeCommit":false,"messageTitle":"update","messageBody":"","fileTypesAndContributionMap":{"test-code":{"insertions":0,"deletions":1}}}]}],"Travissssz":[{"date":"2025-03-05","commitResults":[{"hash":"c6401e71db85ac79869abc331dc1735d6aa83158","isMergeCommit":false,"messageTitle":"Travis edited AboutUs","messageBody":"","fileTypesAndContributionMap":{"docs":{"insertions":3,"deletions":7}}},{"hash":"c556dedab4cd0fd28d345b28f4d8248733917f30","isMergeCommit":false,"messageTitle":"Added username to github link","messageBody":"","fileTypesAndContributionMap":{"docs":{"insertions":2,"deletions":1}}},{"hash":"8764ea836a6428cc5ffce4c3892825ccf19c00fc","isMergeCommit":true,"messageTitle":"Merge pull request #4 from keanneeee/keane-AboutUs","messageBody":"update AboutUs","fileTypesAndContributionMap":{}},{"hash":"20e040dfe28e7683793bb892917a2e88c28584a5","isMergeCommit":true,"messageTitle":"Merge branch \u0027master\u0027 into Travis-AboutUs","messageBody":"","fileTypesAndContributionMap":{}},{"hash":"65b993925541cb475ee42dd9ef3d59d2e1afbce4","isMergeCommit":true,"messageTitle":"Merge pull request #5 from Ahmish15/Ahmish-AboutUs","messageBody":"ahmish aboutus","fileTypesAndContributionMap":{}},{"hash":"98e1c539a259479af9f0118b8cf198573b5c10a8","isMergeCommit":true,"messageTitle":"Merge branch \u0027master\u0027 into Jason-AboutUs","messageBody":"","fileTypesAndContributionMap":{}}]},{"date":"2025-03-14","commitResults":[{"hash":"3999675b34fe2ea287763bf724ba406757c2253c","isMergeCommit":true,"messageTitle":"Merge pull request #15 from Jasonlobo21/Branch-Jason-JUnitTest","messageBody":"Add JUnitTests for meal log","fileTypesAndContributionMap":{}},{"hash":"6547f17288ecbad62b4500c047522e352128324c","isMergeCommit":false,"messageTitle":"Junit test for recommendWorkout, correct input","messageBody":"","fileTypesAndContributionMap":{"test-code":{"insertions":65,"deletions":0}}},{"hash":"b43d97f9ac7b220dd69735297bbfd0e5550eda1e","isMergeCommit":false,"messageTitle":"Junit test for recommend","messageBody":"","fileTypesAndContributionMap":{"test-code":{"insertions":1,"deletions":0}}},{"hash":"a9edcbcc7f031f31f0a9ef5a8a7c08e156e86051","isMergeCommit":true,"messageTitle":"Merge pull request #1 from Travissssz/Travis-RecommendWorkout-Junit","messageBody":"Travis recommend workout junit","fileTypesAndContributionMap":{}},{"hash":"18c9fa865d91df556933b6cf12de5d3c1ea487a1","isMergeCommit":true,"messageTitle":"Merge pull request #20 from Ahmish15/Ahmish-BMIJunitandException","messageBody":"","fileTypesAndContributionMap":{}}]},{"date":"2025-03-18","commitResults":[{"hash":"6fb4098410e494ec0e3056286ebb9d351a44fbab","isMergeCommit":false,"messageTitle":"Added workout functionality","messageBody":"","fileTypesAndContributionMap":{"functional-code":{"insertions":85,"deletions":7}}},{"hash":"d7279b2c377aa2fe48475601087df69a62291757","isMergeCommit":true,"messageTitle":"Merge pull request #2 from Travissssz/Travis-addworkout","messageBody":"Added workout functionality","fileTypesAndContributionMap":{}},{"hash":"ff28c7d457144cb09a31b107dd0a554bcd7a47cf","isMergeCommit":false,"messageTitle":"Tried to fix gradel error for add workout","messageBody":"","fileTypesAndContributionMap":{"functional-code":{"insertions":14,"deletions":5}}},{"hash":"bcef88dfa5a50c36557839985ee35bdbc216ae65","isMergeCommit":true,"messageTitle":"Merge pull request #3 from Travissssz/Travis-addworkout","messageBody":"Tried to fix gradel error for add workout","fileTypesAndContributionMap":{}}]}]},"authorFileTypeContributionMap":{"Jasonlobo21":{"docs":2,"functional-code":751,"test-code":155},"keanneeee":{"docs":1,"functional-code":57,"test-code":6},"kinneo":{"docs":1,"functional-code":85,"test-code":12,"other":10},"Ahmish15":{"docs":2,"functional-code":1,"test-code":8},"Travissssz":{"docs":1,"functional-code":9,"test-code":11}},"authorContributionVariance":{"Jasonlobo21":66013.91,"keanneeee":847.111,"kinneo":3965.213,"Ahmish15":912.20844,"Travissssz":574.40607},"authorDisplayNameMap":{"Jasonlobo21":"CS2113-W13-4 JASO..LOBO","keanneeee":"CS2113-W13-4 KEAN..IONG","kinneo":"CS2113-W13-4 NEO .. KIN","Ahmish15":"CS2113-W13-4 AHMI..NAIR","Travissssz":"CS2113-W13-4 TRAV..ARAN"}}
