{"authorDailyContributionsMap":{"jessican1212":[{"date":"2025-03-06","commitResults":[{"hash":"e6b57de821e1291a1306952385c1fde8fd0c1b14","isMergeCommit":false,"messageTitle":"Add information to AboutUs.md","messageBody":"","fileTypesAndContributionMap":{"docs":{"insertions":6,"deletions":5}}}]},{"date":"2025-03-11","commitResults":[{"hash":"6f81cfcc5a7b35cb66ec366e9fb999e8661fd45d","isMergeCommit":false,"messageTitle":"Set up project, add Parser and Ui class, implement tutorial and set-budget commands","messageBody":"","fileTypesAndContributionMap":{"functional-code":{"insertions":182,"deletions":21},"test-code":{"insertions":12,"deletions":0}}},{"hash":"fb6065a85753615cdfb206849bdc8dcd7819c7fd","isMergeCommit":false,"messageTitle":"Change all instances of duke to tripBuddy","messageBody":"","fileTypesAndContributionMap":{"other":{"insertions":2,"deletions":2},"test-code":{"insertions":0,"deletions":12}}},{"hash":"95fc17727e79861edf4cc37624aab52d663a279f","isMergeCommit":false,"messageTitle":"Fix indentation and line length","messageBody":"","fileTypesAndContributionMap":{"functional-code":{"insertions":4,"deletions":8}}}]},{"date":"2025-03-12","commitResults":[{"hash":"65375d3db460973faa0006c59dd64b8c10e60688","isMergeCommit":false,"messageTitle":"Add tests for Parser class","messageBody":"","fileTypesAndContributionMap":{"functional-code":{"insertions":6,"deletions":1},"test-code":{"insertions":22,"deletions":1}}},{"hash":"886c72a5b61678ffb958268474c099193c80fba0","isMergeCommit":false,"messageTitle":"Change package name from TripBuddy to trip_buddy","messageBody":"","fileTypesAndContributionMap":{"other":{"insertions":7,"deletions":14}}},{"hash":"6fad30ce52d1c38c31dca9d93438a34ce11ebb1d","isMergeCommit":false,"messageTitle":"Change package name from TripBuddy to trip_buddy","messageBody":"","fileTypesAndContributionMap":{"other":{"insertions":1,"deletions":1}}}]},{"date":"2025-03-14","commitResults":[{"hash":"adccc608c78a2400dbe26bda54204edbfa42f832","isMergeCommit":false,"messageTitle":"Add and subtract amount from budget in addExpense and deleteExpense","messageBody":"","fileTypesAndContributionMap":{"functional-code":{"insertions":48,"deletions":16}}},{"hash":"b3855a2d07388c8f03cc66f2143d8f4916d9a415","isMergeCommit":false,"messageTitle":"Add Parser JUnit tests","messageBody":"","fileTypesAndContributionMap":{"functional-code":{"insertions":1,"deletions":1},"test-code":{"insertions":28,"deletions":0}}}]},{"date":"2025-03-18","commitResults":[{"hash":"087518ea17dd2185386c5da13b9a96f97c35b062","isMergeCommit":false,"messageTitle":"Add assert statement","messageBody":"","fileTypesAndContributionMap":{"functional-code":{"insertions":6,"deletions":5}}},{"hash":"bbc207c756e08231131ae5bbdd94c29b81feba61","isMergeCommit":false,"messageTitle":"Throw exception for negative budget in setBudget","messageBody":"","fileTypesAndContributionMap":{"functional-code":{"insertions":6,"deletions":3},"test-code":{"insertions":2,"deletions":2}}},{"hash":"00513889fa2fe2c3c2a2c4a43dd9a01e33946eba","isMergeCommit":false,"messageTitle":"Fix setBudget_set135 test method signature","messageBody":"","fileTypesAndContributionMap":{"test-code":{"insertions":2,"deletions":1}}},{"hash":"95bed01ee70f430831a34fe8e20fe35b17fd5b55","isMergeCommit":true,"messageTitle":"Merge pull request #18 from terryasdf/terry-Fix","messageBody":"Add more assertions and update budget calculation logics","fileTypesAndContributionMap":{}}]}],"terryasdf":[{"date":"2025-03-05","commitResults":[{"hash":"4dcdb481b4ae3943248908d55841e42dbdf6627e","isMergeCommit":false,"messageTitle":"docs\\AboutUs.md: Update terry\u0027s profile","messageBody":"","fileTypesAndContributionMap":{"docs":{"insertions":1,"deletions":5}}},{"hash":"499e6f6267d48100b5468e6af9884ce95593ca29","isMergeCommit":true,"messageTitle":"Merge pull request #2 from noradazaperez/Nora-AboutUs","messageBody":"add my name in the about us","fileTypesAndContributionMap":{}},{"hash":"15c57017650cbd97f67204f943bb56e0be31f203","isMergeCommit":true,"messageTitle":"Merge branch \u0027master\u0027 into terry-AboutUs","messageBody":"","fileTypesAndContributionMap":{}},{"hash":"b02645e946add984089b60c5d7d820099d817748","isMergeCommit":true,"messageTitle":"Merge pull request #1 from terryasdf/terry-AboutUs","messageBody":"docs\\AboutUs.md: Update terry\u0027s profile","fileTypesAndContributionMap":{}}]},{"date":"2025-03-06","commitResults":[{"hash":"693c8dec3d075f7936431c4ab9bddfb14b09e531","isMergeCommit":true,"messageTitle":"Merge pull request #4 from jessican1212/jessicaNg-AboutUs","messageBody":"Add information to AboutUs.md","fileTypesAndContributionMap":{}}]},{"date":"2025-03-12","commitResults":[{"hash":"8dc042e013d4bfd939738483d976e00c24bee0d6","isMergeCommit":true,"messageTitle":"Merge pull request #7 from jessican1212/project-setup","messageBody":"Add Parser and Ui class, implement tutorial and set-budget commands","fileTypesAndContributionMap":{}}]},{"date":"2025-03-13","commitResults":[{"hash":"663e987dbee99cffd15b3fa9e49f2c9f019885b0","isMergeCommit":false,"messageTitle":"Refactor code: create packages","messageBody":"","fileTypesAndContributionMap":{"functional-code":{"insertions":3,"deletions":0},"other":{"insertions":6,"deletions":3},"test-code":{"insertions":2,"deletions":0}}},{"hash":"e465968209a9c44007dfd67be3b307d3f4878f27","isMergeCommit":false,"messageTitle":"terry-issue#8: Create data classes: Category, Expense","messageBody":"","fileTypesAndContributionMap":{"functional-code":{"insertions":68,"deletions":0}}},{"hash":"f4e21e24014bb21c29afe241d8aafc2a30c9a3d9","isMergeCommit":false,"messageTitle":"terry-issue#8: Implement ExpenseManager","messageBody":"remove class: Category\n","fileTypesAndContributionMap":{"functional-code":{"insertions":70,"deletions":26},"other":{"insertions":3,"deletions":3},"test-code":{"insertions":43,"deletions":0}}},{"hash":"3ebd8cc86c4f471144ea96096c9f9336085f2bb3","isMergeCommit":false,"messageTitle":"Refactor code: move class Ui to package framework","messageBody":"","fileTypesAndContributionMap":{"functional-code":{"insertions":2,"deletions":2},"other":{"insertions":1,"deletions":1}}},{"hash":"048d1e2302307bd73d2a05a9d85cca44a5e86469","isMergeCommit":false,"messageTitle":"Refactor code: split multiple functions into layers of abstraction","messageBody":"create exceptions and ExceptionHandler\n","fileTypesAndContributionMap":{"functional-code":{"insertions":151,"deletions":73},"other":{"insertions":8,"deletions":7},"test-code":{"insertions":16,"deletions":0}}},{"hash":"5c3b267c430ffb01d4c61f403f13301d6748517a","isMergeCommit":false,"messageTitle":"terry-issue#8: framework.ExpenseManager: Implement get and delete method for expenses","messageBody":"","fileTypesAndContributionMap":{"functional-code":{"insertions":64,"deletions":6},"test-code":{"insertions":24,"deletions":2}}},{"hash":"bc7d5b6c8983adb545838cd8fa24501d70645f1d","isMergeCommit":false,"messageTitle":"Update text-ui-test","messageBody":"","fileTypesAndContributionMap":{"other":{"insertions":3,"deletions":3}}},{"hash":"89b409acc3601c32f1d25d50f429cbdc780c8f57","isMergeCommit":false,"messageTitle":"Refactor code to pass style check","messageBody":"","fileTypesAndContributionMap":{"other":{"insertions":45,"deletions":39}}}]},{"date":"2025-03-14","commitResults":[{"hash":"7f88aa7cebf281a07154cd8119246fe0ffada076","isMergeCommit":true,"messageTitle":"Merge pull request #10 from melee01/master","messageBody":"set-category and delete-expense","fileTypesAndContributionMap":{}},{"hash":"4c0990d0f5fd1284b497a4f9a3eb9e761ff3092c","isMergeCommit":true,"messageTitle":"Merge pull request #11 from melee01/master","messageBody":"updated set-category and delete-expense","fileTypesAndContributionMap":{}},{"hash":"34edabd78b335074b7bd6b82d276f83ccbbac74c","isMergeCommit":true,"messageTitle":"Merge pull request #12 from jessican1212/adjust-budget","messageBody":"Add and subtract amount from budget in addExpense and deleteExpense","fileTypesAndContributionMap":{}}]},{"date":"2025-03-15","commitResults":[{"hash":"cff92be0df522cff1a7b5a4d6e7111697da33600","isMergeCommit":true,"messageTitle":"Merge pull request #13 from noradazaperez/Branch-list-expense","messageBody":"add view expense command","fileTypesAndContributionMap":{}},{"hash":"238f0714f284d3f7f10957151d6373a236123a82","isMergeCommit":true,"messageTitle":"Merge pull request #14 from noradazaperez/Branch-view-history","messageBody":"add view history command","fileTypesAndContributionMap":{}}]},{"date":"2025-03-18","commitResults":[{"hash":"1d88efe4d7a5eb658ad8c6d3a870cf8390c91443","isMergeCommit":true,"messageTitle":"Merge pull request #15 from jessican1212/JUnit-asserts","messageBody":"Add assert statement","fileTypesAndContributionMap":{}},{"hash":"a553584b833b3a9894b863bbd8e13d979caf4d84","isMergeCommit":true,"messageTitle":"Merge pull request #16 from jessican1212/JUnit-asserts","messageBody":"Fix setBudget_set135 test method signature","tags":["v1.0"],"fileTypesAndContributionMap":{}},{"hash":"141b557fed6be3e0e69cd8381eeceb55bab9061c","isMergeCommit":false,"messageTitle":"Add assertions to amount and budget","messageBody":"","fileTypesAndContributionMap":{"functional-code":{"insertions":28,"deletions":11},"test-code":{"insertions":10,"deletions":3}}},{"hash":"2fd4d592c92a342a6b927de49d881aa4ea5c2e50","isMergeCommit":false,"messageTitle":"Update budget calculation logic","messageBody":"","fileTypesAndContributionMap":{"functional-code":{"insertions":6,"deletions":5}}}]},{"date":"2025-03-27","commitResults":[{"hash":"dc52aaf2a616a13826359c4adbbcbc60b4838796","isMergeCommit":false,"messageTitle":"docs/DeveloperGuide.md: Update Acknowledgements and Design description","messageBody":"Init UML file\n","fileTypesAndContributionMap":{"docs":{"insertions":94,"deletions":2}}}]},{"date":"2025-03-28","commitResults":[{"hash":"f47c7dda2da44cb824df54769dd662fbea91af32","isMergeCommit":true,"messageTitle":"Merge pull request #23 from noradazaperez/Branch-DG","messageBody":"developer guide - multicurrency support.","fileTypesAndContributionMap":{}}]}],"melee01":[{"date":"2025-03-05","commitResults":[{"hash":"68644ec58fdc16ab0a85c81f2ce5105341548e2f","isMergeCommit":false,"messageTitle":"Update AboutUs","messageBody":"","fileTypesAndContributionMap":{"docs":{"insertions":2,"deletions":5}}},{"hash":"3e442824368bbfc376ca8c7b7f55ee1c67a46fe6","isMergeCommit":true,"messageTitle":"Merge branch \u0027master\u0027 into Melisa-AboutUs","messageBody":"","fileTypesAndContributionMap":{}},{"hash":"85e82326f3f5218c9f8f8aabd36d4aac67161a09","isMergeCommit":true,"messageTitle":"Merge pull request #3 from melee01/Melisa-AboutUs","messageBody":"Update AboutUs","fileTypesAndContributionMap":{}}]},{"date":"2025-03-13","commitResults":[{"hash":"f5fa08026c54d3b474247dfe592ebecec37d6972","isMergeCommit":true,"messageTitle":"Merge pull request #9 from terryasdf/terry-DataClass","messageBody":"Terry data class","fileTypesAndContributionMap":{}}]},{"date":"2025-03-14","commitResults":[{"hash":"0aff3d4d2d58e7c396b65be2720755a1146ab4a7","isMergeCommit":false,"messageTitle":"set-category and delete-expense","messageBody":"","fileTypesAndContributionMap":{"functional-code":{"insertions":43,"deletions":0}}},{"hash":"87754010f38b66ea8fbdc49ad8ac15d8f4185f88","isMergeCommit":false,"messageTitle":"updated set-category and delete-expense","messageBody":"","fileTypesAndContributionMap":{"functional-code":{"insertions":10,"deletions":16}}},{"hash":"d3cc678553dc952684fe99500603ea74ef6b4d7d","isMergeCommit":false,"messageTitle":"updated set-category and delete-expense","messageBody":"","fileTypesAndContributionMap":{"functional-code":{"insertions":1,"deletions":1}}}]},{"date":"2025-03-27","commitResults":[{"hash":"850bebdd54934279a9cfa5c130fe1410455a0fa8","isMergeCommit":true,"messageTitle":"Merge pull request #22 from terryasdf/terry-DeveloperGuide","messageBody":"docs/DeveloperGuide.md: Update Acknowledgements and Design description","fileTypesAndContributionMap":{}}]}],"noradazaperez":[{"date":"2025-03-05","commitResults":[{"hash":"c81bed56f86a450c5391f6d30f3fd6faeecaf9b2","isMergeCommit":false,"messageTitle":"add my name in the about us","messageBody":"","fileTypesAndContributionMap":{"docs":{"insertions":3,"deletions":7}}}]},{"date":"2025-03-15","commitResults":[{"hash":"33c319925fd012b54cc28e37244bc83662da988e","isMergeCommit":false,"messageTitle":"view expenses and fix a bug","messageBody":"","fileTypesAndContributionMap":{"functional-code":{"insertions":19,"deletions":2}}},{"hash":"68795e05bacc9fba5d6afbdad069f876c5a77d0a","isMergeCommit":false,"messageTitle":"add view-history command","messageBody":"","fileTypesAndContributionMap":{"functional-code":{"insertions":10,"deletions":0}}}]},{"date":"2025-03-28","commitResults":[{"hash":"dc6c744de4a377c9d9271606a89d4bdaddd5c883","isMergeCommit":false,"messageTitle":"developer guide - multicurrency support.","messageBody":"","fileTypesAndContributionMap":{"docs":{"insertions":50,"deletions":3}}}]}]},"authorFileTypeContributionMap":{"jessican1212":{"docs":2,"functional-code":146,"test-code":47},"terryasdf":{"docs":95,"functional-code":356,"test-code":99,"other":2},"melee01":{"docs":1,"functional-code":26,"test-code":0},"noradazaperez":{"docs":50,"functional-code":24,"test-code":0}},"authorContributionVariance":{"jessican1212":1845.9869,"terryasdf":12442.882,"melee01":136.69441,"noradazaperez":100.6821},"authorDisplayNameMap":{"jessican1212":"CS2113-W11-4 NG J.. LEE","terryasdf":"CS2113-W11-4 ZHAN..ANYI","melee01":"CS2113-W11-4 LEE ..LISA","noradazaperez":"CS2113-W11-4 DAZA..NORA"}}
