{"authorDailyContributionsMap":{"jessican1212":[{"date":"2025-03-06","commitResults":[{"hash":"e6b57de821e1291a1306952385c1fde8fd0c1b14","isMergeCommit":false,"messageTitle":"Add information to AboutUs.md","messageBody":"","fileTypesAndContributionMap":{"docs":{"insertions":6,"deletions":5}}}]},{"date":"2025-03-11","commitResults":[{"hash":"6f81cfcc5a7b35cb66ec366e9fb999e8661fd45d","isMergeCommit":false,"messageTitle":"Set up project, add Parser and Ui class, implement tutorial and set-budget commands","messageBody":"","fileTypesAndContributionMap":{"functional-code":{"insertions":182,"deletions":21},"test-code":{"insertions":12,"deletions":0}}},{"hash":"fb6065a85753615cdfb206849bdc8dcd7819c7fd","isMergeCommit":false,"messageTitle":"Change all instances of duke to tripBuddy","messageBody":"","fileTypesAndContributionMap":{"other":{"insertions":2,"deletions":2},"test-code":{"insertions":0,"deletions":12}}},{"hash":"95fc17727e79861edf4cc37624aab52d663a279f","isMergeCommit":false,"messageTitle":"Fix indentation and line length","messageBody":"","fileTypesAndContributionMap":{"functional-code":{"insertions":4,"deletions":8}}}]},{"date":"2025-03-12","commitResults":[{"hash":"65375d3db460973faa0006c59dd64b8c10e60688","isMergeCommit":false,"messageTitle":"Add tests for Parser class","messageBody":"","fileTypesAndContributionMap":{"functional-code":{"insertions":6,"deletions":1},"test-code":{"insertions":22,"deletions":1}}},{"hash":"886c72a5b61678ffb958268474c099193c80fba0","isMergeCommit":false,"messageTitle":"Change package name from TripBuddy to trip_buddy","messageBody":"","fileTypesAndContributionMap":{"other":{"insertions":7,"deletions":14}}},{"hash":"6fad30ce52d1c38c31dca9d93438a34ce11ebb1d","isMergeCommit":false,"messageTitle":"Change package name from TripBuddy to trip_buddy","messageBody":"","fileTypesAndContributionMap":{"other":{"insertions":1,"deletions":1}}}]},{"date":"2025-03-14","commitResults":[{"hash":"adccc608c78a2400dbe26bda54204edbfa42f832","isMergeCommit":false,"messageTitle":"Add and subtract amount from budget in addExpense and deleteExpense","messageBody":"","fileTypesAndContributionMap":{"functional-code":{"insertions":48,"deletions":16}}},{"hash":"b3855a2d07388c8f03cc66f2143d8f4916d9a415","isMergeCommit":false,"messageTitle":"Add Parser JUnit tests","messageBody":"","fileTypesAndContributionMap":{"functional-code":{"insertions":1,"deletions":1},"test-code":{"insertions":28,"deletions":0}}}]},{"date":"2025-03-18","commitResults":[{"hash":"087518ea17dd2185386c5da13b9a96f97c35b062","isMergeCommit":false,"messageTitle":"Add assert statement","messageBody":"","fileTypesAndContributionMap":{"functional-code":{"insertions":6,"deletions":5}}},{"hash":"bbc207c756e08231131ae5bbdd94c29b81feba61","isMergeCommit":false,"messageTitle":"Throw exception for negative budget in setBudget","messageBody":"","fileTypesAndContributionMap":{"functional-code":{"insertions":6,"deletions":3},"test-code":{"insertions":2,"deletions":2}}},{"hash":"00513889fa2fe2c3c2a2c4a43dd9a01e33946eba","isMergeCommit":false,"messageTitle":"Fix setBudget_set135 test method signature","messageBody":"","fileTypesAndContributionMap":{"test-code":{"insertions":2,"deletions":1}}},{"hash":"95bed01ee70f430831a34fe8e20fe35b17fd5b55","isMergeCommit":true,"messageTitle":"Merge pull request #18 from terryasdf/terry-Fix","messageBody":"Add more assertions and update budget calculation logics","fileTypesAndContributionMap":{}}]},{"date":"2025-03-29","commitResults":[{"hash":"0b4619fee2416f3895a14992d8341ecb64d2530a","isMergeCommit":false,"messageTitle":"Enable assertions in build.gradle","messageBody":"","fileTypesAndContributionMap":{"other":{"insertions":1,"deletions":0}}},{"hash":"905a16618a61a6af262826cb8e2b68a167b99887","isMergeCommit":false,"messageTitle":"Enable assertions in build.gradle","messageBody":"","fileTypesAndContributionMap":{"other":{"insertions":1,"deletions":1}}},{"hash":"79d0cdda232636443c543486e408840aaf0af8e2","isMergeCommit":false,"messageTitle":"Update DG with user stories and value proposition","messageBody":"","fileTypesAndContributionMap":{"docs":{"insertions":10,"deletions":6}}},{"hash":"a80dc5d69a84c4e618ad931a335d7404db1bb6eb","isMergeCommit":false,"messageTitle":"Add adjust-budget functionality","messageBody":"","fileTypesAndContributionMap":{"functional-code":{"insertions":26,"deletions":4}}},{"hash":"51303d4def7515d38c316776a1c2ccf1cd71010b","isMergeCommit":false,"messageTitle":"Update user guide","messageBody":"","fileTypesAndContributionMap":{"functional-code":{"insertions":5,"deletions":4},"docs":{"insertions":78,"deletions":11}}},{"hash":"d5680be3db00a5e696c8dee0a8fcb0596ea4e561","isMergeCommit":false,"messageTitle":"Update Parser tests to reflect updated outputs","messageBody":"","fileTypesAndContributionMap":{"docs":{"insertions":0,"deletions":1},"test-code":{"insertions":8,"deletions":1}}}]},{"date":"2025-03-30","commitResults":[{"hash":"af76547cfdad462e4887755cfb6a0fc2b737e013","isMergeCommit":false,"messageTitle":"Add PPP for jessica","messageBody":"","fileTypesAndContributionMap":{"docs":{"insertions":86,"deletions":18}}},{"hash":"fbadaabff95d46703f86901322bb943c7b585a04","isMergeCommit":false,"messageTitle":"Add instructions for manual testing and Ui explanation to DG","messageBody":"","fileTypesAndContributionMap":{"docs":{"insertions":24,"deletions":2}}},{"hash":"bbfba03a856519e833ee9552a851eafde52181e5","isMergeCommit":true,"messageTitle":"Merge pull request #33 from noradazaperez/Branch-new-expense-currency","messageBody":"Branch new expense currency","fileTypesAndContributionMap":{}}]},{"date":"2025-04-03","commitResults":[{"hash":"62c2601e6c2b45dc8a9c2cf24a7c815553ea553f","isMergeCommit":true,"messageTitle":"Merge pull request #48 from noradazaperez/master","messageBody":"new expense and view currency","fileTypesAndContributionMap":{}},{"hash":"8b130938b7c981b5afb85b0919922190d9655826","isMergeCommit":false,"messageTitle":"Implement search, view-categories, clear, add tests for all","messageBody":"","fileTypesAndContributionMap":{"functional-code":{"insertions":115,"deletions":19},"docs":{"insertions":10,"deletions":1},"test-code":{"insertions":125,"deletions":14}}},{"hash":"ac877fb3a4f1cd2b2b27bdffcd50b256ec66230c","isMergeCommit":false,"messageTitle":"Delete unused import in CommandHandlerTest.java","messageBody":"","fileTypesAndContributionMap":{"test-code":{"insertions":5,"deletions":7}}},{"hash":"66d967126d318ce9b4090eddbd7bad247b5d24aa","isMergeCommit":true,"messageTitle":"Merge pull request #50 from terryasdf/terry-OptionValue","messageBody":"Terry option value","fileTypesAndContributionMap":{}}]}],"terryasdf":[{"date":"2025-03-05","commitResults":[{"hash":"4dcdb481b4ae3943248908d55841e42dbdf6627e","isMergeCommit":false,"messageTitle":"docs\\AboutUs.md: Update terry\u0027s profile","messageBody":"","fileTypesAndContributionMap":{"docs":{"insertions":1,"deletions":5}}},{"hash":"499e6f6267d48100b5468e6af9884ce95593ca29","isMergeCommit":true,"messageTitle":"Merge pull request #2 from noradazaperez/Nora-AboutUs","messageBody":"add my name in the about us","fileTypesAndContributionMap":{}},{"hash":"15c57017650cbd97f67204f943bb56e0be31f203","isMergeCommit":true,"messageTitle":"Merge branch \u0027master\u0027 into terry-AboutUs","messageBody":"","fileTypesAndContributionMap":{}},{"hash":"b02645e946add984089b60c5d7d820099d817748","isMergeCommit":true,"messageTitle":"Merge pull request #1 from terryasdf/terry-AboutUs","messageBody":"docs\\AboutUs.md: Update terry\u0027s profile","fileTypesAndContributionMap":{}}]},{"date":"2025-03-06","commitResults":[{"hash":"693c8dec3d075f7936431c4ab9bddfb14b09e531","isMergeCommit":true,"messageTitle":"Merge pull request #4 from jessican1212/jessicaNg-AboutUs","messageBody":"Add information to AboutUs.md","fileTypesAndContributionMap":{}}]},{"date":"2025-03-12","commitResults":[{"hash":"8dc042e013d4bfd939738483d976e00c24bee0d6","isMergeCommit":true,"messageTitle":"Merge pull request #7 from jessican1212/project-setup","messageBody":"Add Parser and Ui class, implement tutorial and set-budget commands","fileTypesAndContributionMap":{}}]},{"date":"2025-03-13","commitResults":[{"hash":"663e987dbee99cffd15b3fa9e49f2c9f019885b0","isMergeCommit":false,"messageTitle":"Refactor code: create packages","messageBody":"","fileTypesAndContributionMap":{"functional-code":{"insertions":3,"deletions":0},"other":{"insertions":6,"deletions":3},"test-code":{"insertions":2,"deletions":0}}},{"hash":"e465968209a9c44007dfd67be3b307d3f4878f27","isMergeCommit":false,"messageTitle":"terry-issue#8: Create data classes: Category, Expense","messageBody":"","fileTypesAndContributionMap":{"functional-code":{"insertions":68,"deletions":0}}},{"hash":"f4e21e24014bb21c29afe241d8aafc2a30c9a3d9","isMergeCommit":false,"messageTitle":"terry-issue#8: Implement ExpenseManager","messageBody":"remove class: Category\n","fileTypesAndContributionMap":{"functional-code":{"insertions":70,"deletions":26},"other":{"insertions":3,"deletions":3},"test-code":{"insertions":43,"deletions":0}}},{"hash":"3ebd8cc86c4f471144ea96096c9f9336085f2bb3","isMergeCommit":false,"messageTitle":"Refactor code: move class Ui to package framework","messageBody":"","fileTypesAndContributionMap":{"functional-code":{"insertions":2,"deletions":2},"other":{"insertions":1,"deletions":1}}},{"hash":"048d1e2302307bd73d2a05a9d85cca44a5e86469","isMergeCommit":false,"messageTitle":"Refactor code: split multiple functions into layers of abstraction","messageBody":"create exceptions and ExceptionHandler\n","fileTypesAndContributionMap":{"functional-code":{"insertions":151,"deletions":73},"other":{"insertions":8,"deletions":7},"test-code":{"insertions":16,"deletions":0}}},{"hash":"5c3b267c430ffb01d4c61f403f13301d6748517a","isMergeCommit":false,"messageTitle":"terry-issue#8: framework.ExpenseManager: Implement get and delete method for expenses","messageBody":"","fileTypesAndContributionMap":{"functional-code":{"insertions":64,"deletions":6},"test-code":{"insertions":24,"deletions":2}}},{"hash":"bc7d5b6c8983adb545838cd8fa24501d70645f1d","isMergeCommit":false,"messageTitle":"Update text-ui-test","messageBody":"","fileTypesAndContributionMap":{"other":{"insertions":3,"deletions":3}}},{"hash":"89b409acc3601c32f1d25d50f429cbdc780c8f57","isMergeCommit":false,"messageTitle":"Refactor code to pass style check","messageBody":"","fileTypesAndContributionMap":{"other":{"insertions":45,"deletions":39}}}]},{"date":"2025-03-14","commitResults":[{"hash":"7f88aa7cebf281a07154cd8119246fe0ffada076","isMergeCommit":true,"messageTitle":"Merge pull request #10 from melee01/master","messageBody":"set-category and delete-expense","fileTypesAndContributionMap":{}},{"hash":"4c0990d0f5fd1284b497a4f9a3eb9e761ff3092c","isMergeCommit":true,"messageTitle":"Merge pull request #11 from melee01/master","messageBody":"updated set-category and delete-expense","fileTypesAndContributionMap":{}},{"hash":"34edabd78b335074b7bd6b82d276f83ccbbac74c","isMergeCommit":true,"messageTitle":"Merge pull request #12 from jessican1212/adjust-budget","messageBody":"Add and subtract amount from budget in addExpense and deleteExpense","fileTypesAndContributionMap":{}}]},{"date":"2025-03-15","commitResults":[{"hash":"cff92be0df522cff1a7b5a4d6e7111697da33600","isMergeCommit":true,"messageTitle":"Merge pull request #13 from noradazaperez/Branch-list-expense","messageBody":"add view expense command","fileTypesAndContributionMap":{}},{"hash":"238f0714f284d3f7f10957151d6373a236123a82","isMergeCommit":true,"messageTitle":"Merge pull request #14 from noradazaperez/Branch-view-history","messageBody":"add view history command","fileTypesAndContributionMap":{}}]},{"date":"2025-03-18","commitResults":[{"hash":"1d88efe4d7a5eb658ad8c6d3a870cf8390c91443","isMergeCommit":true,"messageTitle":"Merge pull request #15 from jessican1212/JUnit-asserts","messageBody":"Add assert statement","fileTypesAndContributionMap":{}},{"hash":"a553584b833b3a9894b863bbd8e13d979caf4d84","isMergeCommit":true,"messageTitle":"Merge pull request #16 from jessican1212/JUnit-asserts","messageBody":"Fix setBudget_set135 test method signature","tags":["v1.0"],"fileTypesAndContributionMap":{}},{"hash":"141b557fed6be3e0e69cd8381eeceb55bab9061c","isMergeCommit":false,"messageTitle":"Add assertions to amount and budget","messageBody":"","fileTypesAndContributionMap":{"functional-code":{"insertions":28,"deletions":11},"test-code":{"insertions":10,"deletions":3}}},{"hash":"2fd4d592c92a342a6b927de49d881aa4ea5c2e50","isMergeCommit":false,"messageTitle":"Update budget calculation logic","messageBody":"","fileTypesAndContributionMap":{"functional-code":{"insertions":6,"deletions":5}}}]},{"date":"2025-03-27","commitResults":[{"hash":"dc52aaf2a616a13826359c4adbbcbc60b4838796","isMergeCommit":false,"messageTitle":"docs/DeveloperGuide.md: Update Acknowledgements and Design description","messageBody":"Init UML file\n","fileTypesAndContributionMap":{"docs":{"insertions":94,"deletions":2}}}]},{"date":"2025-03-28","commitResults":[{"hash":"f47c7dda2da44cb824df54769dd662fbea91af32","isMergeCommit":true,"messageTitle":"Merge pull request #23 from noradazaperez/Branch-DG","messageBody":"developer guide - multicurrency support.","fileTypesAndContributionMap":{}}]},{"date":"2025-04-01","commitResults":[{"hash":"8b408906aaf33fe95b6f96f903f55c5afc573b52","isMergeCommit":true,"messageTitle":"Merge pull request #34 from jessican1212/dg-updates","messageBody":"Add instructions for manual testing and Ui explanation to DG","fileTypesAndContributionMap":{}},{"hash":"4da83b604cd12f4e536cd3ecec7bd17267bb9788","isMergeCommit":true,"messageTitle":"Merge pull request #38 from AY2425S2-CS2113-W11-4/melee01-patch-1","messageBody":"Add User Stories, Value Proposition, and some Implement Features to DeveloperGuide.md","fileTypesAndContributionMap":{}}]},{"date":"2025-04-02","commitResults":[{"hash":"c7b227467e7221b79c9e7ed8c34dcf7b9947c29a","isMergeCommit":false,"messageTitle":"framework: Switch to singleton design","messageBody":"","fileTypesAndContributionMap":{"functional-code":{"insertions":106,"deletions":140}}},{"hash":"c72da4c162589b56a3e9a486d898b48c0501025f","isMergeCommit":false,"messageTitle":"test: Update tests related to framework","messageBody":"","fileTypesAndContributionMap":{"test-code":{"insertions":90,"deletions":74}}},{"hash":"cfaabeb003ad0969ae01b6380b74e22866a7bc10","isMergeCommit":false,"messageTitle":"docs/UserGuid.md: Update command usage","messageBody":"","fileTypesAndContributionMap":{"docs":{"insertions":7,"deletions":13}}},{"hash":"ddd0428f3a5879b684951b0b5e579110a92e8a96","isMergeCommit":true,"messageTitle":"Merge pull request #41 from melee01/master","messageBody":"Implement max-expense, min-expense, and add total-amount-spent","fileTypesAndContributionMap":{}},{"hash":"eaae742134fba79b282e5d0c9de5be59d699fd9c","isMergeCommit":true,"messageTitle":"Merge pull request #42 from melee01/master","messageBody":"Update on handleMaxExpense and handleMinExpense JUnit test code","fileTypesAndContributionMap":{}}]},{"date":"2025-04-03","commitResults":[{"hash":"1f0c87c526fc0a2dcfea7d1282b19ea9cea3cb86","isMergeCommit":false,"messageTitle":"Implement option-value paired command","messageBody":"","fileTypesAndContributionMap":{"functional-code":{"insertions":231,"deletions":49},"test-code":{"insertions":147,"deletions":43}}},{"hash":"d4e9d0f0eb3cfb4ba22d6c22f09de4a1f3c01c45","isMergeCommit":true,"messageTitle":"Merge pull request #47 from melee01/master","messageBody":"Add Local Date and Time, implement filter-date command for Expenses","fileTypesAndContributionMap":{}},{"hash":"6c869dcbce15833687b673460050844d54ed31fe","isMergeCommit":false,"messageTitle":"Implement opt-val type command","messageBody":"","fileTypesAndContributionMap":{"functional-code":{"insertions":67,"deletions":25},"docs":{"insertions":1,"deletions":1},"test-code":{"insertions":2,"deletions":14}}},{"hash":"f7d6ff4c3fdaba0e95dfb6e3d1a236e9189b361c","isMergeCommit":true,"messageTitle":"Merge pull request #49 from noradazaperez/master","messageBody":"fix gradle","fileTypesAndContributionMap":{}},{"hash":"736ee83a62b1d4c0f3e08a9ed86786df8a35a1e2","isMergeCommit":true,"messageTitle":"Merge branch \u0027master\u0027 into terry-OptionValue","messageBody":"","fileTypesAndContributionMap":{}},{"hash":"f89e62da7993cb6442f4e9983977aec0bab584eb","isMergeCommit":true,"messageTitle":"Merge pull request #51 from jessican1212/search-expense","messageBody":"Implement search, view-categories, clear, add tests for all","fileTypesAndContributionMap":{}},{"hash":"b79f72bfc5e06596198df4f0dafdbd155392e496","isMergeCommit":false,"messageTitle":"Merge with PR","messageBody":"","fileTypesAndContributionMap":{"functional-code":{"insertions":51,"deletions":32}}},{"hash":"237619386f621de09fde4e68c69c7a7248abd199","isMergeCommit":true,"messageTitle":"Merge branch \u0027master\u0027 of github.com:AY2425S2-CS2113-W11-4/tp into terry-OptionValue","messageBody":"fix set-category bug\n\n# Conflicts:\n#\tdocs/UserGuide.md\n#\tsrc/main/java/seedu/tripbuddy/command/Parser.java\n#\tsrc/main/java/seedu/tripbuddy/framework/CommandHandler.java\n#\tsrc/test/java/seedu/tripbuddy/command/ParserTest.java\n#\tsrc/test/java/seedu/tripbuddy/framework/CommandHandlerTest.java\n","fileTypesAndContributionMap":{}},{"hash":"15237e574e04ce11b1656c3ae1aea44904ba1d1a","isMergeCommit":true,"messageTitle":"Merge branch \u0027master\u0027 into master","messageBody":"","fileTypesAndContributionMap":{}},{"hash":"bcabeffe15af0081c4eb23429262f8f5b7288494","isMergeCommit":true,"messageTitle":"Merge pull request #52 from melee01/master","messageBody":"Implement JSON FileHandler Class","fileTypesAndContributionMap":{}},{"hash":"90728c4f92adae6f5fcb279c4c159855de5ea6ad","isMergeCommit":false,"messageTitle":"Add maven dependency: org.json","messageBody":"","fileTypesAndContributionMap":{"other":{"insertions":2,"deletions":0}}},{"hash":"d58fe4cb53a59eeff93e6ab8ffc9f9c483e1bdd0","isMergeCommit":false,"messageTitle":"Implement feature: save/load data","messageBody":"","fileTypesAndContributionMap":{"functional-code":{"insertions":121,"deletions":83}}},{"hash":"0aa23e6faea58f74a6b137fed31547027543f573","isMergeCommit":false,"messageTitle":"Add json exception handling","messageBody":"","fileTypesAndContributionMap":{"functional-code":{"insertions":23,"deletions":6}}},{"hash":"7eb70b71593aa1c7494973e65dce264f595c7d36","isMergeCommit":false,"messageTitle":"Update handleDateTimeParseException","messageBody":"","fileTypesAndContributionMap":{"functional-code":{"insertions":5,"deletions":1}}},{"hash":"1df7629bc8243e1498f8677aa8142575118eed7c","isMergeCommit":false,"messageTitle":"framework.ExceptionHandler: Remove handleArrayOutOfBoundException()","messageBody":"","fileTypesAndContributionMap":{"functional-code":{"insertions":0,"deletions":6}}},{"hash":"bfb412cac5faa8c5a65f238d6e656b688d24ddbf","isMergeCommit":true,"messageTitle":"Merge pull request #54 from noradazaperez/Branch-UML-diagrams","messageBody":"update UML + DG","fileTypesAndContributionMap":{}},{"hash":"7e5b993c2d4b076bd46a8a671c8eedb4a0e4f78b","isMergeCommit":true,"messageTitle":"Merge pull request #55 from noradazaperez/Branch-set-base-currency","messageBody":"Set base currency","fileTypesAndContributionMap":{}},{"hash":"9c7d5d69ce6add309c7c10f0fb9a1d38813c6cc5","isMergeCommit":true,"messageTitle":"Merge pull request #56 from noradazaperez/master","messageBody":"Add more testing","fileTypesAndContributionMap":{}},{"hash":"0a4df3fee2f7889dee581a578a0c4ef4c4cd071e","isMergeCommit":true,"messageTitle":"Merge pull request #57 from noradazaperez/master","messageBody":"add more info to the DG and fix a bug in add expense.","fileTypesAndContributionMap":{}},{"hash":"fcf08a13ccfe69c08d004038bc8e4aa03563f818","isMergeCommit":true,"messageTitle":"Merge pull request #58 from noradazaperez/master","messageBody":"final styling","fileTypesAndContributionMap":{}}]}],"melee01":[{"date":"2025-03-05","commitResults":[{"hash":"68644ec58fdc16ab0a85c81f2ce5105341548e2f","isMergeCommit":false,"messageTitle":"Update AboutUs","messageBody":"","fileTypesAndContributionMap":{"docs":{"insertions":2,"deletions":5}}},{"hash":"3e442824368bbfc376ca8c7b7f55ee1c67a46fe6","isMergeCommit":true,"messageTitle":"Merge branch \u0027master\u0027 into Melisa-AboutUs","messageBody":"","fileTypesAndContributionMap":{}},{"hash":"85e82326f3f5218c9f8f8aabd36d4aac67161a09","isMergeCommit":true,"messageTitle":"Merge pull request #3 from melee01/Melisa-AboutUs","messageBody":"Update AboutUs","fileTypesAndContributionMap":{}}]},{"date":"2025-03-13","commitResults":[{"hash":"f5fa08026c54d3b474247dfe592ebecec37d6972","isMergeCommit":true,"messageTitle":"Merge pull request #9 from terryasdf/terry-DataClass","messageBody":"Terry data class","fileTypesAndContributionMap":{}}]},{"date":"2025-03-14","commitResults":[{"hash":"0aff3d4d2d58e7c396b65be2720755a1146ab4a7","isMergeCommit":false,"messageTitle":"set-category and delete-expense","messageBody":"","fileTypesAndContributionMap":{"functional-code":{"insertions":43,"deletions":0}}},{"hash":"87754010f38b66ea8fbdc49ad8ac15d8f4185f88","isMergeCommit":false,"messageTitle":"updated set-category and delete-expense","messageBody":"","fileTypesAndContributionMap":{"functional-code":{"insertions":10,"deletions":16}}},{"hash":"d3cc678553dc952684fe99500603ea74ef6b4d7d","isMergeCommit":false,"messageTitle":"updated set-category and delete-expense","messageBody":"","fileTypesAndContributionMap":{"functional-code":{"insertions":1,"deletions":1}}}]},{"date":"2025-03-27","commitResults":[{"hash":"850bebdd54934279a9cfa5c130fe1410455a0fa8","isMergeCommit":true,"messageTitle":"Merge pull request #22 from terryasdf/terry-DeveloperGuide","messageBody":"docs/DeveloperGuide.md: Update Acknowledgements and Design description","fileTypesAndContributionMap":{}}]},{"date":"2025-04-01","commitResults":[{"hash":"369f20ef992481e4548f489ae7d8691f572ac303","isMergeCommit":false,"messageTitle":"Update DeveloperGuide.md","messageBody":"","fileTypesAndContributionMap":{"docs":{"insertions":20,"deletions":10}}}]},{"date":"2025-04-02","commitResults":[{"hash":"c107ba6813d84aa4501fea8cf944066594f5145a","isMergeCommit":true,"messageTitle":"Merge pull request #39 from terryasdf/terry-Singleton","messageBody":"Terry Implement Singleton Design","fileTypesAndContributionMap":{}},{"hash":"ef31d21c727965c2a4db9c7dc38d3ad1fff70984","isMergeCommit":false,"messageTitle":"Implement max-expense and min-expense","messageBody":"","fileTypesAndContributionMap":{"functional-code":{"insertions":40,"deletions":0}}},{"hash":"23837f21076692577e41edd513f6fd402260b9e4","isMergeCommit":false,"messageTitle":"Update checkstyle on spacings in line 57-67","messageBody":"","fileTypesAndContributionMap":{"test-code":{"insertions":10,"deletions":10}}},{"hash":"9aa25780acff56e708c16627aff22800661a5e25","isMergeCommit":false,"messageTitle":"Add total-amount-spent in list-expense","messageBody":"","fileTypesAndContributionMap":{"functional-code":{"insertions":2,"deletions":0}}},{"hash":"74b57261fdf524daac333db409c996eec06d0b84","isMergeCommit":false,"messageTitle":"Update on handleMaxExpense and handleMinExpense JUnit test code","messageBody":"","fileTypesAndContributionMap":{"test-code":{"insertions":84,"deletions":0}}}]},{"date":"2025-04-03","commitResults":[{"hash":"9cb85fd739ce41a2d4b053e40cdd8a91e65a336c","isMergeCommit":false,"messageTitle":"Add Local Date and Time, implement filter-date command","messageBody":"","fileTypesAndContributionMap":{"functional-code":{"insertions":62,"deletions":3}}},{"hash":"6d663279d0ac3c05a372544fba743223086acf19","isMergeCommit":false,"messageTitle":"Update to Date and Time exception styling","messageBody":"","fileTypesAndContributionMap":{"functional-code":{"insertions":13,"deletions":9}}},{"hash":"2d0062a693877cab10264cda77ebc1c1215d21c5","isMergeCommit":false,"messageTitle":"Update JUnit Test for Date and Time related","messageBody":"","fileTypesAndContributionMap":{"test-code":{"insertions":48,"deletions":0}}},{"hash":"b44dd1fa8d74b33311df8fba0ad2bbc85a7b4b58","isMergeCommit":false,"messageTitle":"Implement JSON FileHandler Class","messageBody":"","fileTypesAndContributionMap":{"functional-code":{"insertions":141,"deletions":0}}}]}],"noradazaperez":[{"date":"2025-03-05","commitResults":[{"hash":"c81bed56f86a450c5391f6d30f3fd6faeecaf9b2","isMergeCommit":false,"messageTitle":"add my name in the about us","messageBody":"","fileTypesAndContributionMap":{"docs":{"insertions":3,"deletions":7}}}]},{"date":"2025-03-15","commitResults":[{"hash":"33c319925fd012b54cc28e37244bc83662da988e","isMergeCommit":false,"messageTitle":"view expenses and fix a bug","messageBody":"","fileTypesAndContributionMap":{"functional-code":{"insertions":19,"deletions":2}}},{"hash":"68795e05bacc9fba5d6afbdad069f876c5a77d0a","isMergeCommit":false,"messageTitle":"add view-history command","messageBody":"","fileTypesAndContributionMap":{"functional-code":{"insertions":10,"deletions":0}}}]},{"date":"2025-03-28","commitResults":[{"hash":"dc6c744de4a377c9d9271606a89d4bdaddd5c883","isMergeCommit":false,"messageTitle":"developer guide - multicurrency support.","messageBody":"","fileTypesAndContributionMap":{"docs":{"insertions":50,"deletions":3}}}]},{"date":"2025-03-29","commitResults":[{"hash":"d870abe1dbbcd56126bccb4f63f0bb76058ad507","isMergeCommit":true,"messageTitle":"Merge pull request #28 from jessican1212/update-DG","messageBody":"Update dg","fileTypesAndContributionMap":{}},{"hash":"669f31cf2de07d5ec812b53d58411e1e4c9a0899","isMergeCommit":true,"messageTitle":"Merge pull request #25 from jessican1212/enable-assertions","messageBody":"Enable assertions","fileTypesAndContributionMap":{}},{"hash":"3169328f0b6c5dc8ad4ff25b9bd1fd54b3570205","isMergeCommit":true,"messageTitle":"Merge pull request #31 from jessican1212/adjust-budget-command","messageBody":"Add adjust-budget functionality","fileTypesAndContributionMap":{}}]},{"date":"2025-03-30","commitResults":[{"hash":"60125c22573ad64f722e95370e9d3acab0df8923","isMergeCommit":false,"messageTitle":"add currency class and initial add-expense command with currency","messageBody":"","fileTypesAndContributionMap":{"functional-code":{"insertions":57,"deletions":7}}},{"hash":"dd9ee6ca472f1328f6530c33f66e001e3b66ba5b","isMergeCommit":false,"messageTitle":"added another add expense handler","messageBody":"","fileTypesAndContributionMap":{"functional-code":{"insertions":12,"deletions":2}}},{"hash":"568e4aa50544d60c604fad23dfbff28be33b1cdf","isMergeCommit":false,"messageTitle":"change budget, total expense and amount from int to double","messageBody":"","fileTypesAndContributionMap":{"functional-code":{"insertions":21,"deletions":21}}},{"hash":"db0c81f93fc60205c2cd2822ef7b26b8b918dfec","isMergeCommit":false,"messageTitle":"fixed printing for double numbers and no bugs detected yet","messageBody":"","fileTypesAndContributionMap":{"functional-code":{"insertions":14,"deletions":12}}},{"hash":"03c9c33124e1c71d4c2ea49f468c202704485c76","isMergeCommit":true,"messageTitle":"Merge pull request #32 from jessican1212/jessica-ppp","messageBody":"Add PPP for jessica","fileTypesAndContributionMap":{}},{"hash":"7c337b80e7f90b30ecb2e1f95d2161e9b156c9a1","isMergeCommit":false,"messageTitle":"changed documentation/user guide","messageBody":"","fileTypesAndContributionMap":{"functional-code":{"insertions":1,"deletions":1},"docs":{"insertions":4,"deletions":2}}}]},{"date":"2025-04-02","commitResults":[{"hash":"a7feb222d050da04f17d39381e0f302ce60e32a6","isMergeCommit":true,"messageTitle":"Merge branch \u0027Branch-new-expense-currency\u0027","messageBody":"","fileTypesAndContributionMap":{}}]},{"date":"2025-04-03","commitResults":[{"hash":"cd7a2fc3bd9172d431e6ddf325d69d14f0394612","isMergeCommit":true,"messageTitle":"Merge branch \u0027master\u0027 of https://github.com/AY2425S2-CS2113-W11-4/tp","messageBody":"","fileTypesAndContributionMap":{}},{"hash":"854b01b7ea57db52f93c93753e71675101622da7","isMergeCommit":false,"messageTitle":"add view-currency","messageBody":"","fileTypesAndContributionMap":{"functional-code":{"insertions":20,"deletions":2}}},{"hash":"e4d48bee64a00fcde7c4c29aaa0686ce3324fb0e","isMergeCommit":false,"messageTitle":"changes to pass the ubuntu pass","messageBody":"","fileTypesAndContributionMap":{"functional-code":{"insertions":8,"deletions":3}}},{"hash":"08b73fa8299932a6c68c917feeacf0da1d0113d8","isMergeCommit":false,"messageTitle":"fix more ubuntu build","messageBody":"","fileTypesAndContributionMap":{"functional-code":{"insertions":7,"deletions":4}}},{"hash":"ba163d47c78403347fdca63d3b7e7f22b0a50f96","isMergeCommit":false,"messageTitle":"fix ubuntu build","messageBody":"","fileTypesAndContributionMap":{"functional-code":{"insertions":2,"deletions":2},"test-code":{"insertions":5,"deletions":0}}},{"hash":"b74a414ea2a29e0feec7850b485bca548026607b","isMergeCommit":false,"messageTitle":"fix more ubuntu build","messageBody":"","fileTypesAndContributionMap":{"functional-code":{"insertions":1,"deletions":1}}},{"hash":"b75050364b188cc7c805213c3fd95947fc9554fd","isMergeCommit":false,"messageTitle":"fix","messageBody":"","fileTypesAndContributionMap":{"functional-code":{"insertions":2,"deletions":4}}},{"hash":"1aa451a307588a81b220776f751ecd3f876aa1da","isMergeCommit":false,"messageTitle":"fix tests","messageBody":"","fileTypesAndContributionMap":{"functional-code":{"insertions":7,"deletions":2},"test-code":{"insertions":15,"deletions":7}}},{"hash":"849bcd381110dd8d8a3f1646ef7bfc9896df62aa","isMergeCommit":false,"messageTitle":"fix gradle","messageBody":"","fileTypesAndContributionMap":{"other":{"insertions":0,"deletions":1}}},{"hash":"15676cdd1c5909719fd6077afaf4b0277946e6bd","isMergeCommit":true,"messageTitle":"Merge remote-tracking branch \u0027upstream/master\u0027","messageBody":"","fileTypesAndContributionMap":{}},{"hash":"d65387f4eece5ed02e4e8cdc3be237c3d3a946cc","isMergeCommit":false,"messageTitle":"update UML + DG","messageBody":"","fileTypesAndContributionMap":{"docs":{"insertions":245,"deletions":60}}},{"hash":"0c89a719cdbc26a0ce51ef340d27f82a1ad55dd2","isMergeCommit":true,"messageTitle":"Merge pull request #53 from terryasdf/master","messageBody":"Fix JSON issues, handle exceptions","fileTypesAndContributionMap":{}},{"hash":"5120a45c665c16e4313e21f14e7045adc576f399","isMergeCommit":true,"messageTitle":"Merge branch \u0027Branch-UML-diagrams\u0027","messageBody":"","fileTypesAndContributionMap":{}},{"hash":"19c3d1456e6bdc9564b14db4620e3ecc2ec1b4d7","isMergeCommit":false,"messageTitle":"add set-base-currency","messageBody":"","fileTypesAndContributionMap":{"functional-code":{"insertions":24,"deletions":0},"test-code":{"insertions":46,"deletions":2}}},{"hash":"2615eba098ee24c5b8ac7a2f45c4f817d5d89d70","isMergeCommit":false,"messageTitle":"add testing","messageBody":"","fileTypesAndContributionMap":{"test-code":{"insertions":21,"deletions":1}}},{"hash":"e45068b2ebfc3bf41fcf972c95166b7c03218e9d","isMergeCommit":true,"messageTitle":"Merge branch \u0027Branch-set-base-currency\u0027","messageBody":"","fileTypesAndContributionMap":{}},{"hash":"e832b7baaa78f410cbf8e8e576cf2c055974618f","isMergeCommit":false,"messageTitle":"added more testing","messageBody":"","fileTypesAndContributionMap":{"test-code":{"insertions":491,"deletions":0}}},{"hash":"9d5230378c239d66f8721ae9a006f9b83a03461a","isMergeCommit":false,"messageTitle":"add more infor to the DG and fix a bug in add expense.","messageBody":"","fileTypesAndContributionMap":{"functional-code":{"insertions":19,"deletions":3},"docs":{"insertions":151,"deletions":30}}},{"hash":"a17c73e9cfaf75e841464c929da68b76f8ad37f1","isMergeCommit":false,"messageTitle":"style problems fixed","messageBody":"","fileTypesAndContributionMap":{"functional-code":{"insertions":42,"deletions":42},"docs":{"insertions":1,"deletions":1},"test-code":{"insertions":9,"deletions":8}}},{"hash":"86ba8c18604e3a12459232135286f2e8dc07d3d4","isMergeCommit":false,"messageTitle":"fix other sytling errors","messageBody":"","fileTypesAndContributionMap":{"functional-code":{"insertions":0,"deletions":2},"test-code":{"insertions":3,"deletions":1}}},{"hash":"bad3364a3ea636a77b1eda27197ecb8d66274914","isMergeCommit":false,"messageTitle":"fix more bugs","messageBody":"","fileTypesAndContributionMap":{"functional-code":{"insertions":1,"deletions":1},"test-code":{"insertions":1,"deletions":1}}},{"hash":"2b2bd73bb0489ce4e1e88845c2905a360d4a33ce","isMergeCommit":false,"messageTitle":"delete wildcards","messageBody":"","fileTypesAndContributionMap":{"test-code":{"insertions":3,"deletions":1}}}]}]},"authorFileTypeContributionMap":{"jessican1212":{"docs":178,"functional-code":201,"test-code":102,"other":1},"terryasdf":{"docs":37,"functional-code":786,"test-code":266,"other":4},"melee01":{"docs":10,"functional-code":161,"test-code":126},"noradazaperez":{"docs":421,"functional-code":154,"test-code":575}},"authorContributionVariance":{"jessican1212":4199.353,"terryasdf":32558.291,"melee01":2304.6167,"noradazaperez":39717.113},"authorDisplayNameMap":{"jessican1212":"CS2113-W11-4 NG J.. LEE","terryasdf":"CS2113-W11-4 ZHAN..ANYI","melee01":"CS2113-W11-4 LEE ..LISA","noradazaperez":"CS2113-W11-4 DAZA..NORA"}}
