{"authorDailyContributionsMap":{"dylancmznus":[{"date":"2025-03-06","commitResults":[{"hash":"9bbe76515b717770f1ff0b927f6d697d0e0aca1a","isMergeCommit":false,"messageTitle":"changed AboutUs - dylan","messageBody":"","fileTypesAndContributionMap":{"docs":{"insertions":3,"deletions":7}}},{"hash":"60ce4794925301357a075ec7a40b4a258fa408b0","isMergeCommit":true,"messageTitle":"Merge branch \u0027master\u0027 into dylanCh-AboutUs","messageBody":"","fileTypesAndContributionMap":{}},{"hash":"8206d7976b7c4005419f3284967db40211d228e5","isMergeCommit":true,"messageTitle":"Merge pull request #3 from dylancmznus/dylanCh-AboutUs","messageBody":"changed AboutUs - dylan","fileTypesAndContributionMap":{}}]},{"date":"2025-03-19","commitResults":[{"hash":"34e94edf82a3012c387be0c03270f2c7aae995aa","isMergeCommit":true,"messageTitle":"Merge pull request #11 from JudHoka/CombinePatientAndAppointment","messageBody":"Combine patient and appointment","fileTypesAndContributionMap":{}},{"hash":"76193bed8ec7d95206c02a0243f2d4ba95e4c82e","isMergeCommit":false,"messageTitle":"added view-patients","messageBody":"","fileTypesAndContributionMap":{"functional-code":{"insertions":18,"deletions":6},"other":{"insertions":16,"deletions":5}}},{"hash":"de9cde955dd5c1d4df41a9478c1bb57400579db0","isMergeCommit":false,"messageTitle":"edited checkstyle","messageBody":"","fileTypesAndContributionMap":{"test-code":{"insertions":2,"deletions":1}}},{"hash":"a435253e05b7e8cbfc66202f0059a19479f058bf","isMergeCommit":false,"messageTitle":"cleaned and rebuilt gradle","messageBody":"","fileTypesAndContributionMap":{"other":{"insertions":0,"deletions":1}}},{"hash":"fcb69f684b56ee254c1f2997046c482cfb9906ef","isMergeCommit":false,"messageTitle":"Revert \"cleaned and rebuilt gradle\"","messageBody":"This reverts commit a435253e05b7e8cbfc66202f0059a19479f058bf.\n","fileTypesAndContributionMap":{"other":{"insertions":1,"deletions":0}}},{"hash":"02d972f2f69e16f8bc01b705f1c1ce9c326649b0","isMergeCommit":false,"messageTitle":"renamed packages accordingly","messageBody":"","fileTypesAndContributionMap":{"functional-code":{"insertions":3,"deletions":3},"other":{"insertions":8,"deletions":8}}},{"hash":"4f54b1a710d2b9df5f41db5d17923f5f531b03b7","isMergeCommit":true,"messageTitle":"Merge branch \u0027master\u0027 into Delete-View-Patients","messageBody":"","fileTypesAndContributionMap":{}},{"hash":"12b5b28437968eec515c30be7b5f553a95128e74","isMergeCommit":true,"messageTitle":"Merge pull request #14 from dylancmznus/Delete-View-Patients","messageBody":"add view patients, edited ui testing","fileTypesAndContributionMap":{}}]},{"date":"2025-03-24","commitResults":[{"hash":"07d8de3d11a1b8124f05aeea02f5dcf18a6c606c","isMergeCommit":false,"messageTitle":"Fix Gradle wrapper","messageBody":"","fileTypesAndContributionMap":{"other":{"insertions":0,"deletions":1}}},{"hash":"ef55aeb5a3977b28dfc71f6b2cbe26f15b37f60a","isMergeCommit":false,"messageTitle":"added junit","messageBody":"","fileTypesAndContributionMap":{"test-code":{"insertions":12,"deletions":12}}},{"hash":"70ad8c015d681e27b1c4e4640b84bdaa96f13264","isMergeCommit":false,"messageTitle":"gradle","messageBody":"","fileTypesAndContributionMap":{"other":{"insertions":1,"deletions":0}}},{"hash":"cb434dc64aedcd3794fc8463882ae032e6e61ae2","isMergeCommit":false,"messageTitle":"checkstyle test","messageBody":"","fileTypesAndContributionMap":{"test-code":{"insertions":1,"deletions":1}}},{"hash":"c76621583ff91fea3488055033cd19dcad5fbbe8","isMergeCommit":true,"messageTitle":"Merge pull request #31 from dylancmznus/Delete-View-Patients","messageBody":"added junit","fileTypesAndContributionMap":{}}]},{"date":"2025-03-28","commitResults":[{"hash":"fc4ba238a05fd471025ca6fa92d5661c300ba863","isMergeCommit":false,"messageTitle":"restored junit and authored","messageBody":"","fileTypesAndContributionMap":{"functional-code":{"insertions":6,"deletions":0},"test-code":{"insertions":77,"deletions":0}}},{"hash":"bb88c1ea1253b99923e5d6fc681e8cdf7a15c880","isMergeCommit":true,"messageTitle":"Merge pull request #39 from dylancmznus/Mark-Find-Appointments","messageBody":"restored junit and authored","fileTypesAndContributionMap":{}}]},{"date":"2025-03-29","commitResults":[{"hash":"0e533750e2f1a0f1e199f344c63093daddab096a","isMergeCommit":false,"messageTitle":"Added mark and unmark appointments function","messageBody":"","fileTypesAndContributionMap":{"functional-code":{"insertions":121,"deletions":0}}},{"hash":"c49c580c7c93ce016539dab7c4fd8419a2a8c6b6","isMergeCommit":false,"messageTitle":"Added function to find appointment by nric","messageBody":"","fileTypesAndContributionMap":{"functional-code":{"insertions":46,"deletions":0}}},{"hash":"203cc1c5e31d08da3a21f428519f69b1eec6befc","isMergeCommit":false,"messageTitle":"Added junit tests for mark unmark and find appointments","messageBody":"","fileTypesAndContributionMap":{"test-code":{"insertions":54,"deletions":0}}},{"hash":"badc433d30f50910b1c24c4c6d7237ae5d495b53","isMergeCommit":true,"messageTitle":"Merge pull request #44 from dylancmznus/Mark-Find-Appointments","messageBody":"Mark find appointments","fileTypesAndContributionMap":{}}]},{"date":"2025-03-31","commitResults":[{"hash":"1aa83f501c05b51e9968f2b3f8dbce5c90ef7bb5","isMergeCommit":false,"messageTitle":"Added Use cases and UG intro","messageBody":"","fileTypesAndContributionMap":{"docs":{"insertions":132,"deletions":1}}},{"hash":"91fef3c713947b7f7a23e72ab3e3f94c1d9616be","isMergeCommit":true,"messageTitle":"Merge pull request #56 from dylancmznus/Mark-Find-Appointments","messageBody":"Added Use cases and UG intro","fileTypesAndContributionMap":{}}]},{"date":"2025-04-02","commitResults":[{"hash":"e94a47952f0b7b2a0ea6f753ca42ea42b4628b88","isMergeCommit":false,"messageTitle":"Added UG features","messageBody":"","fileTypesAndContributionMap":{"docs":{"insertions":43,"deletions":0}}},{"hash":"74676360ea600d0386f96bc6a564c293f4eb62c3","isMergeCommit":false,"messageTitle":"Added find appt in UG","messageBody":"","fileTypesAndContributionMap":{"docs":{"insertions":11,"deletions":0}}},{"hash":"d92b51aa7cdd7cb29aba1035ccbcbba0f39be503","isMergeCommit":true,"messageTitle":"Merge pull request #69 from dylancmznus/Mark-Find-Appointments","messageBody":"Added UG features","fileTypesAndContributionMap":{}}]},{"date":"2025-04-03","commitResults":[{"hash":"419c437f99fe707388ddf7806c437e4ad3c075c4","isMergeCommit":false,"messageTitle":"Added view-patient implementation in DG","messageBody":"","fileTypesAndContributionMap":{"docs":{"insertions":83,"deletions":0}}},{"hash":"589d32e512d211214ed3d14643ed9c725c1fa976","isMergeCommit":true,"messageTitle":"Merge pull request #74 from dylancmznus/Mark-Find-Appointments","messageBody":"Added view-patient implementation in DG","fileTypesAndContributionMap":{}},{"hash":"745b68fe4eccf6b3709687001b2987b6b84cec1b","isMergeCommit":false,"messageTitle":"Updated find-appointment feature","messageBody":"","fileTypesAndContributionMap":{"functional-code":{"insertions":16,"deletions":13}}},{"hash":"998b759f7c6b28a9764d8be6914f118273b1117f","isMergeCommit":false,"messageTitle":"updated test cases","messageBody":"","fileTypesAndContributionMap":{"test-code":{"insertions":2,"deletions":2}}},{"hash":"4f67f76ec9da915704e4a69c18f4a3a293ef18a9","isMergeCommit":true,"messageTitle":"Merge pull request #77 from dylancmznus/Mark-Find-Appointments","messageBody":"Updated find appts","fileTypesAndContributionMap":{}}]},{"date":"2025-04-04","commitResults":[{"hash":"04b12e44054e254235e6e93e0822e782798adf07","isMergeCommit":false,"messageTitle":"Added PPP","messageBody":"","fileTypesAndContributionMap":{"docs":{"insertions":93,"deletions":0},"test-code":{"insertions":4,"deletions":0}}},{"hash":"5e20b82110ccee7a08112c6e761fd2a2f089768d","isMergeCommit":true,"messageTitle":"Merge pull request #80 from dylancmznus/PPP","messageBody":"Added PPP","fileTypesAndContributionMap":{}}]}],"JudHoka":[{"date":"2025-03-06","commitResults":[{"hash":"406aa83c52698e5d08b2cb55d373029ab465dba2","isMergeCommit":false,"messageTitle":"Updated the docs file, fill in credentials","messageBody":"","fileTypesAndContributionMap":{"docs":{"insertions":1,"deletions":5}}},{"hash":"fda3dba68bd9f608827ec4a6d186f89c1a2ddb11","isMergeCommit":true,"messageTitle":"Merge branch \u0027master\u0027 of https://github.com/AY2425S2-CS2113-T11b-4/tp into judhaHoka-AboutUs","messageBody":"# Conflicts:\n#\tdocs/AboutUs.md\n","fileTypesAndContributionMap":{}},{"hash":"179423b962fd69339b59a1da1030115f0bbd7bf2","isMergeCommit":true,"messageTitle":"Merge pull request #2 from JudHoka/judhaHoka-AboutUs","messageBody":"Updated the docs file, fill in credentials","fileTypesAndContributionMap":{}}]},{"date":"2025-03-17","commitResults":[{"hash":"2ae9b1a31313785330f8305ab90ce5e4ca0235c9","isMergeCommit":false,"messageTitle":"Created unfinished add and delete features, have to add parser to finish, refer to code for details","messageBody":"","fileTypesAndContributionMap":{"functional-code":{"insertions":85,"deletions":21}}},{"hash":"6191fc499d3f605a6f4c9a6bc8503e758d01b624","isMergeCommit":true,"messageTitle":"Merge pull request #6 from JudHoka/patientPersonalDetails","messageBody":"Created unfinished add and delete features","fileTypesAndContributionMap":{}}]},{"date":"2025-03-19","commitResults":[{"hash":"b760ef1de9a060573275592deced31866b40a41e","isMergeCommit":false,"messageTitle":"Combined appointment and patient add and delete, added JUnit as well","messageBody":"","fileTypesAndContributionMap":{"functional-code":{"insertions":113,"deletions":47},"other":{"insertions":30,"deletions":27},"test-code":{"insertions":18,"deletions":12}}},{"hash":"1fc1d60a0e01c471434b6354f62693018cbe727d","isMergeCommit":false,"messageTitle":"Revert \"Combined appointment and patient add and delete, added JUnit as well\"","messageBody":"This reverts commit b760ef1de9a060573275592deced31866b40a41e.\n","fileTypesAndContributionMap":{"functional-code":{"insertions":47,"deletions":113},"other":{"insertions":27,"deletions":30},"test-code":{"insertions":12,"deletions":18}}},{"hash":"3177a56a035ac6b5bb85fed4f481a414e90b9102","isMergeCommit":false,"messageTitle":"Combined add and delete patient with appointment feature, added JUnit testing for patient feature","messageBody":"","fileTypesAndContributionMap":{"functional-code":{"insertions":116,"deletions":46},"other":{"insertions":41,"deletions":7},"test-code":{"insertions":30,"deletions":12}}},{"hash":"f41176e06224691ac8c89c232a1bcb335d4be706","isMergeCommit":false,"messageTitle":"renaming packages","messageBody":"","fileTypesAndContributionMap":{"other":{"insertions":0,"deletions":0}}},{"hash":"bfb0dd36750f9ef5e9b9fd60361a6b20dfc82d46","isMergeCommit":false,"messageTitle":"Adjusted packages names","messageBody":"","fileTypesAndContributionMap":{"functional-code":{"insertions":9,"deletions":9},"test-code":{"insertions":1,"deletions":1}}},{"hash":"5e0a9f7a74f25c5e76cf1a4a0baa27fe9ee96cf6","isMergeCommit":true,"messageTitle":"Merge pull request #12 from JudHoka/packageRename","messageBody":"Package rename","fileTypesAndContributionMap":{}},{"hash":"bc6e5219df9c9004588939875da3f5595adea1ef","isMergeCommit":false,"messageTitle":"Cleaning up ManagementSystem","messageBody":"","fileTypesAndContributionMap":{"functional-code":{"insertions":2,"deletions":7}}},{"hash":"f3577ef4f48c1f2406239f7f06b0da3c026b1c24","isMergeCommit":false,"messageTitle":"More cleanups in the code","messageBody":"","fileTypesAndContributionMap":{"functional-code":{"insertions":12,"deletions":6},"other":{"insertions":3,"deletions":4}}},{"hash":"34f8e6dc67cb6db7de7a6cdcc049a7edac1d3cb3","isMergeCommit":false,"messageTitle":"Reformatting in ManagementSystem","messageBody":"","fileTypesAndContributionMap":{"functional-code":{"insertions":17,"deletions":19}}},{"hash":"541c469e38ac50629de7357902f96bcf2d0808b0","isMergeCommit":false,"messageTitle":"Update runtest","messageBody":"","fileTypesAndContributionMap":{"other":{"insertions":15,"deletions":26}}},{"hash":"42e7d19082444492ab342493caa3e1eae099b0bd","isMergeCommit":true,"messageTitle":"Merge pull request #15 from JudHoka/Cleanup","messageBody":"Reformatted code to pass checkStyle, edited runtest files for testing","fileTypesAndContributionMap":{}}]},{"date":"2025-03-20","commitResults":[{"hash":"d403595d788f5e44d55eb1eaadd73c732e1ba707","isMergeCommit":false,"messageTitle":"Added JUnit for patient","messageBody":"","fileTypesAndContributionMap":{"test-code":{"insertions":7,"deletions":8}}},{"hash":"eba369f0bb6037d9e5efdcd29c6518585c6d84a2","isMergeCommit":true,"messageTitle":"Merge pull request #29 from JudHoka/branch-JUnit","messageBody":"Added JUnit for patient","fileTypesAndContributionMap":{}}]},{"date":"2025-03-27","commitResults":[{"hash":"f08a6e2777d4026def7a7135dd6afe49b9c5e379","isMergeCommit":false,"messageTitle":"Implemented storage system for patients, adjusted Patient constructor to take in medical history, added JUnit for add patient and save testing","messageBody":"","fileTypesAndContributionMap":{"functional-code":{"insertions":142,"deletions":16},"test-code":{"insertions":74,"deletions":0}}},{"hash":"03e6cb95768eb24d35a4ce14669342037e176066","isMergeCommit":false,"messageTitle":"Fixed checkStyles","messageBody":"","fileTypesAndContributionMap":{"functional-code":{"insertions":19,"deletions":14},"test-code":{"insertions":8,"deletions":3}}},{"hash":"2b84d686f53f621420550a623c2fdec8c865885a","isMergeCommit":false,"messageTitle":"More checkstyle fixes and code reformatting","messageBody":"","fileTypesAndContributionMap":{"functional-code":{"insertions":15,"deletions":11},"test-code":{"insertions":2,"deletions":1}}},{"hash":"f209ab0d970febded71bb91c54f15c3b2da07967","isMergeCommit":true,"messageTitle":"Merge pull request #34 from JudHoka/branch-storage","messageBody":"Implemented storage system for patients,","fileTypesAndContributionMap":{}}]},{"date":"2025-03-28","commitResults":[{"hash":"740ca948dfcaa701fc6e94bd6be1b4d3bd14116c","isMergeCommit":false,"messageTitle":"Adjusted the patient_data file, implemented save feature to delete-patient","messageBody":"","fileTypesAndContributionMap":{"functional-code":{"insertions":5,"deletions":3}}},{"hash":"2768c2d720f18f0ef4ae3e1a96380cd271f79b76","isMergeCommit":false,"messageTitle":"Added assertions into the ManagementSystem","messageBody":"","fileTypesAndContributionMap":{"functional-code":{"insertions":5,"deletions":0}}},{"hash":"c0dedbff7580e5fc054099f322826d5d41bd9166","isMergeCommit":true,"messageTitle":"Merge branch \u0027branch-storage\u0027 into branch-resolveConflict","messageBody":"# Conflicts:\n#\tsrc/main/java/storage/patient_data.txt\n","fileTypesAndContributionMap":{}},{"hash":"58539971ef64897be1f37c27d7d21e396dfd2241","isMergeCommit":false,"messageTitle":"Adjusted testing to fit new functionality","messageBody":"","fileTypesAndContributionMap":{"test-code":{"insertions":3,"deletions":3}}},{"hash":"2640bdd5571c0816a1f711007ff267753a0d1bce","isMergeCommit":true,"messageTitle":"Merge pull request #43 from JudHoka/branch-resolveConflict","messageBody":"Adjusted the patient_data file, implemented save feature to delete-patient, added assertions in ManagementSystem","fileTypesAndContributionMap":{}}]},{"date":"2025-03-29","commitResults":[{"hash":"d9daf3ac99aa4a841678ae471b94171fe0aa4803","isMergeCommit":false,"messageTitle":"Created storage system for appointments","messageBody":"","fileTypesAndContributionMap":{"functional-code":{"insertions":152,"deletions":37}}}]},{"date":"2025-03-30","commitResults":[{"hash":"87bdb15d65778e622354a05ebc8702be4063a86b","isMergeCommit":false,"messageTitle":"Adjusted storage functionality to some features","messageBody":"","fileTypesAndContributionMap":{"functional-code":{"insertions":6,"deletions":3}}},{"hash":"93b4d9059cde61b0f14874f70f384c27a3c92464","isMergeCommit":true,"messageTitle":"Merge branch \u0027branch-resolveConflict2\u0027 into branch-appointStorage","messageBody":"# Conflicts:\n#\tsrc/main/java/ClinicEase.java\n#\tsrc/main/java/command/AddAppointmentCommand.java\n#\tsrc/main/java/manager/ManagementSystem.java\n#\tsrc/main/java/miscellaneous/Ui.java\n","fileTypesAndContributionMap":{}},{"hash":"2e96772fd8e441f45f5c91032a7796b80aaf683d","isMergeCommit":false,"messageTitle":"Adjusted some formatting","messageBody":"","fileTypesAndContributionMap":{"functional-code":{"insertions":2,"deletions":2}}},{"hash":"186c4ed406aa8c62af4a18164bd88a40294c00d9","isMergeCommit":false,"messageTitle":"Fixed some gradle checks","messageBody":"","fileTypesAndContributionMap":{"functional-code":{"insertions":6,"deletions":3}}},{"hash":"8e72411e9c76c5d2d3b1260dd0da4de85d7663f8","isMergeCommit":false,"messageTitle":"gradle wrapper debug","messageBody":"","fileTypesAndContributionMap":{"functional-code":{"insertions":2,"deletions":0}}},{"hash":"3b610d10cdac7a084f536595aeaf5716c47b59f5","isMergeCommit":false,"messageTitle":"Gradle debug","messageBody":"","fileTypesAndContributionMap":{"functional-code":{"insertions":0,"deletions":2}}},{"hash":"9317034a4011bf96b6eb214d683c19e14b7a4eb5","isMergeCommit":false,"messageTitle":"Adjusted params in Test cases","messageBody":"","fileTypesAndContributionMap":{"functional-code":{"insertions":1,"deletions":0},"test-code":{"insertions":31,"deletions":28}}},{"hash":"1345ae3dfa1046c5d435288f594722ebd4cb1404","isMergeCommit":false,"messageTitle":"Fixes to gradle checks","messageBody":"","fileTypesAndContributionMap":{"functional-code":{"insertions":4,"deletions":4}}},{"hash":"e6b752f0f11a6ebc11243c5530cbf03f0e6f22a7","isMergeCommit":true,"messageTitle":"Merge pull request #50 from JudHoka/branch-appointStorage","messageBody":"Added storage feature into Appointment","fileTypesAndContributionMap":{}},{"hash":"efbb9b0e52f36d76c4d87940c4d6f71aedc3bf95","isMergeCommit":false,"messageTitle":"Adjusted new mark feature to storage","messageBody":"","fileTypesAndContributionMap":{"functional-code":{"insertions":22,"deletions":12}}},{"hash":"1d1c9ef82500dbd09e8f0a33663bf26ca881b384","isMergeCommit":true,"messageTitle":"Merge pull request #53 from JudHoka/branch-storage","messageBody":"Adjusted new mark feature to storage","fileTypesAndContributionMap":{}}]},{"date":"2025-04-03","commitResults":[{"hash":"786dfeca2586c97f5f47cfa6754a02c691b13af1","isMergeCommit":false,"messageTitle":"Update DeveloperGuide.md","messageBody":"Updated product scope","fileTypesAndContributionMap":{"docs":{"insertions":3,"deletions":3}}},{"hash":"5d1bdeb9086e71f06d4aa03b106fd97440ecc626","isMergeCommit":true,"messageTitle":"Merge pull request #73 from JudHoka/branch-DG","messageBody":"Update DeveloperGuide.md","fileTypesAndContributionMap":{}},{"hash":"98aa4a4a112b5467bcd8acffba400014d3c3f79f","isMergeCommit":false,"messageTitle":"Updated DG to include implementation of add patient feature","messageBody":"","fileTypesAndContributionMap":{"docs":{"insertions":91,"deletions":0}}},{"hash":"d7f66fcb4f98737ca520820e1e21f21803373bed","isMergeCommit":true,"messageTitle":"Merge pull request #76 from JudHoka/branch-DG","messageBody":"Updated DG to include implementation of add patient feature","fileTypesAndContributionMap":{}}]},{"date":"2025-04-04","commitResults":[{"hash":"b47c135fd098aa54a99b04d0fde68755473761ad","isMergeCommit":false,"messageTitle":"Updated PPP","messageBody":"","fileTypesAndContributionMap":{"docs":{"insertions":99,"deletions":0}}},{"hash":"705e0210a821f4c1ed2ed4f295097a85c6e165c4","isMergeCommit":true,"messageTitle":"Merge pull request #82 from JudHoka/branch-PPP","messageBody":"Updated PPP","fileTypesAndContributionMap":{}},{"hash":"a43cd223bc8f2df56676f7dbfdd6b8c2a0ec05e2","isMergeCommit":false,"messageTitle":"Fixed some issues in storage feature for appointments","messageBody":"","fileTypesAndContributionMap":{"functional-code":{"insertions":24,"deletions":6}}},{"hash":"5fcf3b31d0c6436772276af855bfcef01df3d86e","isMergeCommit":false,"messageTitle":"Fixes from test cases","messageBody":"","fileTypesAndContributionMap":{"test-code":{"insertions":4,"deletions":4}}},{"hash":"7010e04fa7f018579de5f08d5b6193a7bb9f8061","isMergeCommit":true,"messageTitle":"Merge pull request #85 from JudHoka/branch-fixes","messageBody":"Fixes on the Storage functionality and reformatting for data","fileTypesAndContributionMap":{}}]},{"date":"2025-04-05","commitResults":[{"hash":"5aff871efffe941ed41644d910a8fa6c6ce7ed13","isMergeCommit":false,"messageTitle":"Added features into UG and expected outputs into some features","messageBody":"","fileTypesAndContributionMap":{"docs":{"insertions":64,"deletions":2}}},{"hash":"1329d7a8f66aed0cd2e4444029f3ebd38f7e5930","isMergeCommit":true,"messageTitle":"Merge pull request #132 from JudHoka/branch-UG","messageBody":"Added features into UG and expected outputs into some features","fileTypesAndContributionMap":{}},{"hash":"4de800c95d1d831444a0858b3ee98414a8d07929","isMergeCommit":false,"messageTitle":"Updated UG to provide expected outputs in feature","messageBody":"","fileTypesAndContributionMap":{"docs":{"insertions":193,"deletions":30}}},{"hash":"7a4a78af084243d6dd1e0cec0977d8f6287263d0","isMergeCommit":true,"messageTitle":"Merge branch \u0027master\u0027 into master","messageBody":"","fileTypesAndContributionMap":{}},{"hash":"233738a44b46e53efb3a286981c7e6f268148fe6","isMergeCommit":true,"messageTitle":"Merge pull request #134 from JudHoka/master","messageBody":"Updated UG to provide expected outputs in feature","fileTypesAndContributionMap":{}}]},{"date":"2025-04-06","commitResults":[{"hash":"1cd4a356e9974c08f43c38af6293d2fafa900e9f","isMergeCommit":false,"messageTitle":"Implemented valid birthdate feature using LocalDate and adjusted test cases to match changes","messageBody":"","fileTypesAndContributionMap":{"functional-code":{"insertions":53,"deletions":26},"test-code":{"insertions":57,"deletions":69}}},{"hash":"f29553b0a23a7f335da83f97273434472640b0a6","isMergeCommit":false,"messageTitle":"Checkstyle fixes","messageBody":"","fileTypesAndContributionMap":{"functional-code":{"insertions":11,"deletions":5},"test-code":{"insertions":36,"deletions":26}}},{"hash":"52b68cef5918bf9feff3113e2b79da0d999771da","isMergeCommit":false,"messageTitle":"More checkstyle fixes","messageBody":"","fileTypesAndContributionMap":{"functional-code":{"insertions":7,"deletions":2}}},{"hash":"883acd38ab2e15fcecf6113f16c905fb3eacab10","isMergeCommit":false,"messageTitle":"More and more checkstyle fixes","messageBody":"","fileTypesAndContributionMap":{"test-code":{"insertions":7,"deletions":4}}},{"hash":"33bbc12bbbbb379039be0ea099b5fe96aa8235e3","isMergeCommit":false,"messageTitle":"More and more and more checkstyle fixes","messageBody":"","fileTypesAndContributionMap":{"test-code":{"insertions":139,"deletions":0}}},{"hash":"b2835447c7d2b9657a07be1ea34b223d610b84f1","isMergeCommit":true,"messageTitle":"Merge branch \u0027master\u0027 into branch-dobDateFormat","messageBody":"# Conflicts:\n#\tsrc/test/java/manager/PrescriptionTest.java\n","fileTypesAndContributionMap":{}},{"hash":"896f6fb49604e61c560619002fe7791c298e5fe2","isMergeCommit":true,"messageTitle":"Merge pull request #142 from JudHoka/branch-dobDateFormat","messageBody":"Branch dob date format (not yet finished)","fileTypesAndContributionMap":{}},{"hash":"6362d370bd52eb2cc998ccacb765bfd7203c949e","isMergeCommit":false,"messageTitle":"Format fixes in test cases","messageBody":"","fileTypesAndContributionMap":{"test-code":{"insertions":5,"deletions":5}}},{"hash":"f611dc3b90aa90266d80bb325b7f11ea9930d8b2","isMergeCommit":true,"messageTitle":"Merge pull request #143 from JudHoka/branch-fixes","messageBody":"Format fixes in test cases","fileTypesAndContributionMap":{}},{"hash":"6563959faac08a3aa8cdb6d901930d727fcb985a","isMergeCommit":false,"messageTitle":"Updated DG UML for add patient","messageBody":"","fileTypesAndContributionMap":{"docs":{"insertions":6,"deletions":4}}},{"hash":"3202bdd5c2cfb867981cce440fbaae598dc8d6e8","isMergeCommit":true,"messageTitle":"Merge pull request #146 from JudHoka/branch-DG","messageBody":"Updated DG UML for add patient","fileTypesAndContributionMap":{}},{"hash":"27a4cee45e7db7a35f93a96d47485fbab444dd10","isMergeCommit":false,"messageTitle":"Adjusted contactNumber to only input valid phone number","messageBody":"","fileTypesAndContributionMap":{"functional-code":{"insertions":13,"deletions":1},"docs":{"insertions":1,"deletions":0}}},{"hash":"8e5211c91e5e8507b11b6c7240b700050722ad51","isMergeCommit":true,"messageTitle":"Merge pull request #147 from JudHoka/branch-contactNumber","messageBody":"Adjusted contactNumber to only input valid phone number","fileTypesAndContributionMap":{}},{"hash":"1fabbedd02263b9cc4e2bf0aa2406efe646569ca","isMergeCommit":false,"messageTitle":"Gender can only input M or F","messageBody":"","fileTypesAndContributionMap":{"functional-code":{"insertions":10,"deletions":1}}},{"hash":"597d83556dd344ee3b2929777b07febd00514ade","isMergeCommit":false,"messageTitle":"Updated addPatient to check for valid IC","messageBody":"","fileTypesAndContributionMap":{"functional-code":{"insertions":25,"deletions":1}}},{"hash":"d2b9da485a0162722e84c2242190dc9638c9d1a3","isMergeCommit":false,"messageTitle":"Updated editPatient description in UG","messageBody":"","fileTypesAndContributionMap":{"docs":{"insertions":1,"deletions":1}}},{"hash":"d45f2bbc4ed3c9a028b55dfdb158e313d8c875ad","isMergeCommit":false,"messageTitle":"Updated UG and DG","messageBody":"","fileTypesAndContributionMap":{"docs":{"insertions":18,"deletions":18}}},{"hash":"9ec385f093d2c6b2ee6db14d12018e9ff0aa5aa5","isMergeCommit":false,"messageTitle":"checkstyle fixes","messageBody":"","fileTypesAndContributionMap":{"test-code":{"insertions":6,"deletions":6}}},{"hash":"69b29233c0a9704d78dd3e0eb860c5a72df31151","isMergeCommit":true,"messageTitle":"Merge pull request #148 from JudHoka/branch-Patient","messageBody":"Branch patient","fileTypesAndContributionMap":{}},{"hash":"b7468fd275b221f6f15c9a78c12b893e30b77646","isMergeCommit":false,"messageTitle":"Updated DG with delete patient feature","messageBody":"","fileTypesAndContributionMap":{"docs":{"insertions":94,"deletions":1}}},{"hash":"9ae1ad9e26788d49b6202a1428693404f4bc89da","isMergeCommit":true,"messageTitle":"Merge pull request #151 from JudHoka/branch-Patient","messageBody":"Updated DG with delete patient feature","fileTypesAndContributionMap":{}}]}],"chwenyee":[{"date":"2025-02-21","commitResults":[{"hash":"ef3d689b1548fadced2dced0c98b9d6b4dcdbcf5","isMergeCommit":false,"messageTitle":"Update README.md for Tutorial Week 6","messageBody":"","fileTypesAndContributionMap":{"docs":{"insertions":1,"deletions":1}}},{"hash":"d3cc79f73aaf9a23b50be80670e9c0377d7fa84a","isMergeCommit":false,"messageTitle":"Update README.md title","messageBody":"","fileTypesAndContributionMap":{"docs":{"insertions":1,"deletions":1}}}]},{"date":"2025-03-06","commitResults":[{"hash":"7db3cdce4b66fa433cb42be82079cf993bd437f7","isMergeCommit":false,"messageTitle":"Updated AboutUs.md page","messageBody":"","fileTypesAndContributionMap":{"docs":{"insertions":4,"deletions":7}}},{"hash":"12bba17d11181ded596e0e4738ac8afaed9b8e49","isMergeCommit":true,"messageTitle":"Merge pull request #1 from chwenyee/ChanWenYee-AboutUs","messageBody":"Updated AboutUs.md page","fileTypesAndContributionMap":{}}]},{"date":"2025-03-19","commitResults":[{"hash":"3f4a804ec9c5446e7fc353d5c27e57706a97407b","isMergeCommit":false,"messageTitle":"Edited appointment\u0027s related feature. Added exceptions and some JUnit tests.","messageBody":"","fileTypesAndContributionMap":{"functional-code":{"insertions":121,"deletions":45},"other":{"insertions":2,"deletions":2},"test-code":{"insertions":124,"deletions":12}}},{"hash":"8da564d82a4eed271e4f00a7b6288fd4e12c29ab","isMergeCommit":true,"messageTitle":"Merge branch \u0027fix1\u0027 into ChanWenYee-Appointment","messageBody":"# Conflicts:\n#\tsrc/main/java/ClinicEase.java\n#\tsrc/main/java/ManagementSystem.java\n#\tsrc/main/java/Parser.java\n","fileTypesAndContributionMap":{}},{"hash":"23ba3aeb28ccb3ea79a45d8ca3d918d036ddd4b8","isMergeCommit":false,"messageTitle":"Fixed checkstyle.","messageBody":"","fileTypesAndContributionMap":{"functional-code":{"insertions":6,"deletions":6},"test-code":{"insertions":15,"deletions":11}}},{"hash":"d7b4e83fd0d207c2e3e4f3a36d0a1327bd707df6","isMergeCommit":false,"messageTitle":"Fixed checkstyle for UI","messageBody":"","fileTypesAndContributionMap":{"functional-code":{"insertions":2,"deletions":1}}},{"hash":"d2ca69a020e7273de9c69c8001b4eddd47315215","isMergeCommit":true,"messageTitle":"Merge pull request #23 from chwenyee/ChanWenYee-Appointment","messageBody":"Edited appointment\u0027s related feature. Added exceptions and some JUnit test. ","fileTypesAndContributionMap":{}},{"hash":"a583cfc52836004d3181ca1d62fdb58501f675b6","isMergeCommit":false,"messageTitle":"Enable assertions in build.gradle","messageBody":"","fileTypesAndContributionMap":{"other":{"insertions":1,"deletions":0}}},{"hash":"7a1013917f10a787b11f7b53edc6f5bcec1b06ba","isMergeCommit":true,"messageTitle":"Merge pull request #26 from chwenyee/ChanWenYee-Appointment","messageBody":"Enable assertions in build.gradle","fileTypesAndContributionMap":{}},{"hash":"3b7d1a00ed5480dd99a6253f14784d5cbffffa51","isMergeCommit":false,"messageTitle":"Fixed edge case of delete-patient and view-patient. Fixed one inconsistency of view-history output message.","messageBody":"","fileTypesAndContributionMap":{"functional-code":{"insertions":20,"deletions":13}}},{"hash":"d91eabf3700c658f6000eacbe9caa2a790f7bb38","isMergeCommit":true,"messageTitle":"Merge pull request #28 from chwenyee/ChanWenYee-Appointment","messageBody":"Fixed edge case of delete-patient and view-patient.","tags":["v1.0"],"fileTypesAndContributionMap":{}}]},{"date":"2025-03-26","commitResults":[{"hash":"fe07c70164bc43d933d28120da43cc1897bb71a8","isMergeCommit":false,"messageTitle":"Make the code more OOP.","messageBody":"","fileTypesAndContributionMap":{"functional-code":{"insertions":512,"deletions":315},"other":{"insertions":1,"deletions":1},"test-code":{"insertions":0,"deletions":159}}},{"hash":"ced2133b109bf644a0db4681512c6a2bd85177bf","isMergeCommit":true,"messageTitle":"Merge branch \u0027fix2\u0027 (current upstream codes) into ChanWenYee-AMoreOOP","messageBody":"# Conflicts:\n#\tsrc/main/java/miscellaneous/Parser.java\n#\tsrc/test/java/manager/ManagementSystemTest.java\n","fileTypesAndContributionMap":{}},{"hash":"db7b11f90de571096a39452ffcbfa43b9f9eaf6c","isMergeCommit":true,"messageTitle":"Merge pull request #33 from chwenyee/ChanWenYee-AMoreOOP","messageBody":"Make the code more OOP.","fileTypesAndContributionMap":{}}]},{"date":"2025-03-27","commitResults":[{"hash":"b12d9afc24afcd42db43ddfb30783c9dbdc01e21","isMergeCommit":false,"messageTitle":"Add authorship for the methods as my restructure of codes affect them.","messageBody":"","fileTypesAndContributionMap":{"functional-code":{"insertions":41,"deletions":16},"test-code":{"insertions":60,"deletions":5}}},{"hash":"ff59fd8f50a8755bffb98a047acd1721c1042364","isMergeCommit":false,"messageTitle":"Appointment\u0027s dateTime variable type is now LocalDateTime. Added more JUnit Test Cases.","messageBody":"","fileTypesAndContributionMap":{"functional-code":{"insertions":4,"deletions":4},"test-code":{"insertions":100,"deletions":9}}},{"hash":"285e087d3817c484857bd68aadb9aff6f0d281b3","isMergeCommit":true,"messageTitle":"Merge pull request #37 from chwenyee/ChanWenYee-Appointment2.0","messageBody":"Make dateTime in Appointment class LocalDateTime type. Added JUnit Test Cases.","fileTypesAndContributionMap":{}},{"hash":"ecb82826e64e445fd3ae36dea733d9562f66a9b8","isMergeCommit":false,"messageTitle":"Added feature sort-appointment by date in ascending order.","messageBody":"","fileTypesAndContributionMap":{"functional-code":{"insertions":33,"deletions":1},"test-code":{"insertions":24,"deletions":0}}}]},{"date":"2025-03-28","commitResults":[{"hash":"7dee5b9b7b1b719b221a1f4f9c15e53532a36d81","isMergeCommit":false,"messageTitle":"Added some JUnit Test Cases for AddAppointment, DeleteAppointment, ListAppointment and SortAppointment","messageBody":"","fileTypesAndContributionMap":{"functional-code":{"insertions":1,"deletions":1},"test-code":{"insertions":167,"deletions":1}}},{"hash":"9bd48ea04a21c44968d023ce27737a045ffeab93","isMergeCommit":false,"messageTitle":"Refine sort-appointment and added JUnit Test Cases","messageBody":"","fileTypesAndContributionMap":{"functional-code":{"insertions":44,"deletions":17},"test-code":{"insertions":64,"deletions":6}}}]},{"date":"2025-03-29","commitResults":[{"hash":"aa95ed4f6c2aa72a91ee4522316e73466ceb3698","isMergeCommit":true,"messageTitle":"Merge branch \u0027fix3\u0027 into ChanWenYee-Appointment2.0","messageBody":"# Conflicts:\n#\tsrc/main/java/manager/ManagementSystem.java\n#\tsrc/main/java/manager/Patient.java\n#\tsrc/main/java/miscellaneous/Parser.java\n#\tsrc/main/java/miscellaneous/Ui.java\n#\tsrc/test/java/manager/ManagementSystemTest.java\n","fileTypesAndContributionMap":{}},{"hash":"06556dbac0b7d839129682b0eb7236e5b6d92253","isMergeCommit":false,"messageTitle":"Resolved remaining conflict.","messageBody":"","fileTypesAndContributionMap":{"test-code":{"insertions":2,"deletions":4}}},{"hash":"c48764cdc78539c046befa70ec9b77c5a5f70f3d","isMergeCommit":true,"messageTitle":"Merge pull request #45 from chwenyee/ChanWenYee-Appointment2.0","messageBody":"Refine sort-appointment and Added JUnit Test Cases","fileTypesAndContributionMap":{}},{"hash":"d80a606b46bc85126b455aa08bef1b14d551308c","isMergeCommit":false,"messageTitle":"Added output format for appointment date and time.","messageBody":"","fileTypesAndContributionMap":{"functional-code":{"insertions":23,"deletions":11},"test-code":{"insertions":2,"deletions":2}}}]},{"date":"2025-03-30","commitResults":[{"hash":"9cfda7573a060fb6308a9857048c133b876fc9f1","isMergeCommit":false,"messageTitle":"Linked Patient Class and Appointment Class together. Patient will now also store his/her appointments.","messageBody":"","fileTypesAndContributionMap":{"functional-code":{"insertions":87,"deletions":15},"test-code":{"insertions":144,"deletions":53}}},{"hash":"98ec5e4d47edd044760ab5589187585a4b02c737","isMergeCommit":true,"messageTitle":"Merge pull request #47 from chwenyee/ChanWenYee-Appointment2.0","messageBody":"Linked Patient Class and Appointment Class","fileTypesAndContributionMap":{}},{"hash":"9b2d6f90529fa0ccd1f547626e3c2a6cd9fde9e5","isMergeCommit":false,"messageTitle":"Updated DG and UG","messageBody":"","fileTypesAndContributionMap":{"functional-code":{"insertions":3,"deletions":3},"docs":{"insertions":100,"deletions":24}}},{"hash":"b10cbb2b2857cd89d0862e23dc79b42a20e06e73","isMergeCommit":true,"messageTitle":"Merge pull request #49 from chwenyee/ChanWenYee-Appointment2.0","messageBody":"Updated DG and UG","fileTypesAndContributionMap":{}}]},{"date":"2025-04-01","commitResults":[{"hash":"fffa1f8f452a62d01277a0e4d6b93522e71d6687","isMergeCommit":false,"messageTitle":"Added a new PatientNotFoundException","messageBody":"","fileTypesAndContributionMap":{"functional-code":{"insertions":30,"deletions":18},"docs":{"insertions":8,"deletions":5},"test-code":{"insertions":44,"deletions":7}}}]},{"date":"2025-04-02","commitResults":[{"hash":"1bf8ed20851625cabdff9958bf89231bd7706deb","isMergeCommit":false,"messageTitle":"Fixed checkstyle for PatientNotFoundException","messageBody":"","fileTypesAndContributionMap":{"functional-code":{"insertions":3,"deletions":1},"docs":{"insertions":1,"deletions":1}}},{"hash":"94d449974c214377520e65f0f36d43da644d59d0","isMergeCommit":true,"messageTitle":"Merge branch \u0027fix4\u0027 into ChanWenYee-Refinement","messageBody":"# Conflicts:\n#\tsrc/main/java/manager/ManagementSystem.java\n#\ttest-data/appointment_data.txt\n","fileTypesAndContributionMap":{}},{"hash":"92d9012583ad97b3ab77e247b102deb195aa3998","isMergeCommit":true,"messageTitle":"Merge pull request #70 from chwenyee/ChanWenYee-Refinement","messageBody":"Added PatientNotFound Exception","fileTypesAndContributionMap":{}},{"hash":"3ef1a4336535903870d8a310606b523df8c48014","isMergeCommit":false,"messageTitle":"Updated DG","messageBody":"","fileTypesAndContributionMap":{"docs":{"insertions":122,"deletions":38}}},{"hash":"827beff1b869c182bfd5b187f5a525166e3c7f4f","isMergeCommit":true,"messageTitle":"Merge pull request #71 from chwenyee/ChanWenYee-Refinement","messageBody":"Updated DG (add-appointment feature)","fileTypesAndContributionMap":{}}]},{"date":"2025-04-03","commitResults":[{"hash":"49d80e64359fcf4a9d39770f36af069f4b97a0bd","isMergeCommit":false,"messageTitle":"Update UG with better formatting.","messageBody":"","fileTypesAndContributionMap":{"functional-code":{"insertions":2,"deletions":2},"docs":{"insertions":21,"deletions":7},"test-code":{"insertions":78,"deletions":16}}},{"hash":"fc40fa56643ece6e54ad49703e96abcd81d54996","isMergeCommit":true,"messageTitle":"Merge pull request #78 from chwenyee/ChanWenYee-Refinement","messageBody":"Update UG with better formatting.","tags":["v2.0"],"fileTypesAndContributionMap":{}}]},{"date":"2025-04-04","commitResults":[{"hash":"63795c72ed349093c807434f4274beb3fe810bc6","isMergeCommit":false,"messageTitle":"Created my PPP draft.","messageBody":"","fileTypesAndContributionMap":{"docs":{"insertions":81,"deletions":13}}},{"hash":"f7b65673e10c21a0430a45ddc62a871b668ce384","isMergeCommit":true,"messageTitle":"Merge pull request #83 from chwenyee/ChanWenYee-Refinement","messageBody":"Created my PPP draft.","fileTypesAndContributionMap":{}},{"hash":"7002c45297bc0f970ff9e92349a4acde5afed7bc","isMergeCommit":false,"messageTitle":"Added table of content for UG","messageBody":"","fileTypesAndContributionMap":{"docs":{"insertions":69,"deletions":14}}}]},{"date":"2025-04-05","commitResults":[{"hash":"59f0ff1933c38a803a7ecd83dd4abb4e5d167d86","isMergeCommit":false,"messageTitle":"Updated DG for add/delete feature implementation, so as the addAppointment sequence diagram. Updated PPP as DG\u0027s content has changed.","messageBody":"","fileTypesAndContributionMap":{"docs":{"insertions":158,"deletions":17}}},{"hash":"05fcb93d5ca645557d118a8c3fdc1d14c2f8b408","isMergeCommit":false,"messageTitle":"Fixed the bug where multiple appointments can be added to the same timing and appointment timing can be in the past.","messageBody":"","fileTypesAndContributionMap":{"functional-code":{"insertions":35,"deletions":4},"docs":{"insertions":6,"deletions":2},"test-code":{"insertions":45,"deletions":14}}},{"hash":"7720e4a6ee07705d7cf89bf05ea9b207e0d8ab64","isMergeCommit":true,"messageTitle":"Merge branch \u0027master\u0027 into ChanWenYee-Refinement","messageBody":"","fileTypesAndContributionMap":{}},{"hash":"6b1ea0a6302808e01fc0be72894f1169c891fb7d","isMergeCommit":true,"messageTitle":"Merge pull request #133 from chwenyee/ChanWenYee-Refinement","messageBody":"Fixed \"clashed appointments\" and \"appointment timing in the past“ bug","fileTypesAndContributionMap":{}},{"hash":"cca66eaf114a1cf850ad0b470a48d95c976eff51","isMergeCommit":false,"messageTitle":"Fixed the bug where appointment records are not deleted when its associated patient is deleted from the system. Update UG table of content and feature sections","messageBody":"","fileTypesAndContributionMap":{"functional-code":{"insertions":3,"deletions":0},"docs":{"insertions":6,"deletions":4}}},{"hash":"f3c5ee580476405f5fdd51839aaa5f5779def524","isMergeCommit":true,"messageTitle":"Merge pull request #136 from chwenyee/ChanWenYee-Refinement","messageBody":"Fixed the bug to delete patient and his/her associated appointment records","fileTypesAndContributionMap":{}},{"hash":"389f1b77921b488f7a2da4c28ad0eaed805828f7","isMergeCommit":false,"messageTitle":"Added input validation for NRIC in add-appointment feature.","messageBody":"","fileTypesAndContributionMap":{"functional-code":{"insertions":4,"deletions":0}}},{"hash":"0c926bd97be5c9a2b414fbaecdbda1f924c76dac","isMergeCommit":false,"messageTitle":"Added `help` command to improve user experience","messageBody":"","fileTypesAndContributionMap":{"functional-code":{"insertions":43,"deletions":2},"docs":{"insertions":12,"deletions":1}}}]},{"date":"2025-04-06","commitResults":[{"hash":"db10e3003befcc01704d40c6cd4252ce5a08f79c","isMergeCommit":false,"messageTitle":"Added more JUnit Test","messageBody":"","fileTypesAndContributionMap":{"test-code":{"insertions":85,"deletions":24}}},{"hash":"f6bbf3c4723017651c7aeb18b48257d4ed454b6a","isMergeCommit":true,"messageTitle":"Merge branch \u0027fix5\u0027 into ChanWenYee-Refinement","messageBody":"# Conflicts:\n#\tdocs/UserGuide.md\n#\tsrc/test/java/manager/ManagementSystemTest.java\n#\tsrc/test/java/miscellaneous/ParserTest.java\n","fileTypesAndContributionMap":{}},{"hash":"116ebb640a71b2b75a16b63541ac6b82e572fc41","isMergeCommit":false,"messageTitle":"Fixed checkstyle issue of ParserTest","messageBody":"","fileTypesAndContributionMap":{"test-code":{"insertions":0,"deletions":1}}},{"hash":"715c074132c8120322273ae099d215923da549ff","isMergeCommit":true,"messageTitle":"Merge pull request #149 from chwenyee/ChanWenYee-Refinement","messageBody":"Added more JUnit Test and `help` command","fileTypesAndContributionMap":{}}]}],"jyukuan":[{"date":"2025-03-06","commitResults":[{"hash":"526d16db156f4300520ea71c0bfc5308d8794e5a","isMergeCommit":false,"messageTitle":"yukuan\u0027s personal info","messageBody":"","fileTypesAndContributionMap":{"docs":{"insertions":3,"deletions":7}}},{"hash":"8b09ed5b732c7d634004f89e68404661870024a5","isMergeCommit":true,"messageTitle":"Merge branch \u0027master\u0027 into Yukuan-AboutUs","messageBody":"# Conflicts:\n#\tdocs/AboutUs.md\n","fileTypesAndContributionMap":{}},{"hash":"2fcb7cf88f99fe83e95a95263944fe786c6cb19e","isMergeCommit":true,"messageTitle":"Merge branch \u0027master\u0027 of https://github.com/AY2425S2-CS2113-T11b-4/tp into Yukuan-AboutUs","messageBody":"# Conflicts:\n#\tdocs/AboutUs.md\n","fileTypesAndContributionMap":{}},{"hash":"92173cc5cc383217065db24427e6780a9913b5bc","isMergeCommit":true,"messageTitle":"Merge pull request #4 from jyukuan/Yukuan-AboutUs","messageBody":"yukuan\u0027s personal info","fileTypesAndContributionMap":{}}]},{"date":"2025-03-19","commitResults":[{"hash":"0dd0ab76630f52620bbfbd4c2108aab550c54191","isMergeCommit":false,"messageTitle":"add the function of store history and view history by name or nric","messageBody":"","fileTypesAndContributionMap":{"functional-code":{"insertions":255,"deletions":50},"other":{"insertions":2,"deletions":2},"test-code":{"insertions":48,"deletions":12}}},{"hash":"06e29aca619990151c87e5239775165b51c3ebcd","isMergeCommit":false,"messageTitle":"Slight change on MedicalHistoryManager","messageBody":"","fileTypesAndContributionMap":{"functional-code":{"insertions":0,"deletions":8}}},{"hash":"de5fa9b996548cbb3a125bbe2898610e750b3292","isMergeCommit":true,"messageTitle":"Merge branch \u0027fix1\u0027 into Yukuan-medical-history","messageBody":"# Conflicts:\n#\tsrc/main/java/ClinicEase.java\n#\tsrc/main/java/ManagementSystem.java\n#\tsrc/main/java/miscellaneous/Parser.java\n","fileTypesAndContributionMap":{}},{"hash":"88ef717df13fc81885251cd05b57054f8bf70fc9","isMergeCommit":false,"messageTitle":"fix the Junit test error","messageBody":"","fileTypesAndContributionMap":{"test-code":{"insertions":3,"deletions":2}}},{"hash":"e6a48fb60ea070433e4d6a0d4119837f578db4a0","isMergeCommit":false,"messageTitle":"fix the test error","messageBody":"","fileTypesAndContributionMap":{"test-code":{"insertions":1,"deletions":9}}},{"hash":"1143d6b6874f9389d855b01fb784cc07aa886497","isMergeCommit":false,"messageTitle":"Solve the issue of checkstyle","messageBody":"","fileTypesAndContributionMap":{"test-code":{"insertions":1,"deletions":1}}},{"hash":"b39aa1b42a6499073d78ae5f8f5945b218daf9ae","isMergeCommit":true,"messageTitle":"Merge pull request #22 from jyukuan/Yukuan-medical-history","messageBody":"Add the function of storing medical history and view history by name or nric","fileTypesAndContributionMap":{}}]},{"date":"2025-03-26","commitResults":[{"hash":"6a71405dd4b8831c70f9f921271df6c77f841915","isMergeCommit":false,"messageTitle":"Slight changes on the method","messageBody":"","fileTypesAndContributionMap":{"functional-code":{"insertions":20,"deletions":19}}}]},{"date":"2025-03-28","commitResults":[{"hash":"6214f56df0f9223bdbbd6541e0d00e23e20ef802","isMergeCommit":false,"messageTitle":"edit patients\u0027 detail","messageBody":"","fileTypesAndContributionMap":{"functional-code":{"insertions":189,"deletions":26}}},{"hash":"bb4dbf92fcdfada92355526eea5293310f6937f6","isMergeCommit":true,"messageTitle":"Merge branch \u0027master\u0027 of https://github.com/AY2425S2-CS2113-T11b-4/tp into fix2","messageBody":"# Conflicts:\n#\tsrc/main/java/manager/ManagementSystem.java\n","fileTypesAndContributionMap":{}},{"hash":"671c2c05e1a2b1baffad027beb2c321f0faa7184","isMergeCommit":true,"messageTitle":"Merge branch \u0027fix2\u0027 into Yukuan-edit-patients-detail","messageBody":"# Conflicts:\n#\tsrc/main/java/manager/ManagementSystem.java\n#\tsrc/main/java/manager/Patient.java\n#\tsrc/main/java/miscellaneous/Parser.java\n","fileTypesAndContributionMap":{}},{"hash":"a9a9457f8acf7ceabfb2a07b3ae5d698e30be5a9","isMergeCommit":false,"messageTitle":"Fixed the checkstyle of the code.","messageBody":"","fileTypesAndContributionMap":{"functional-code":{"insertions":8,"deletions":5}}},{"hash":"8062b22f393a4af3d0e07ea6003b8c4ae2b8d49c","isMergeCommit":false,"messageTitle":"Fixed checkstyle of Parser.java","messageBody":"","fileTypesAndContributionMap":{"functional-code":{"insertions":13,"deletions":1}}},{"hash":"3478ca0b0a02ada078d1684345272a0a73c843a1","isMergeCommit":true,"messageTitle":"Merge pull request #41 from jyukuan/Yukuan-edit-patients-detail","messageBody":"Yukuan edit patients detail","fileTypesAndContributionMap":{}}]},{"date":"2025-03-30","commitResults":[{"hash":"511cdf2d920495e531eba7b0c150ef75e7cdb51d","isMergeCommit":false,"messageTitle":"DG-Instructions for manual testing","messageBody":"","fileTypesAndContributionMap":{"docs":{"insertions":308,"deletions":2}}},{"hash":"89ed8fc776d716de0308c458b83be8d3ba77efae","isMergeCommit":true,"messageTitle":"Merge pull request #51 from jyukuan/Yukuan-DG","messageBody":"DG-Instructions for manual testing","fileTypesAndContributionMap":{}}]},{"date":"2025-04-01","commitResults":[{"hash":"8e7755d22086da1932790cc824dca40729a3076a","isMergeCommit":false,"messageTitle":"change the story-history logic(no patient no store)","messageBody":"","fileTypesAndContributionMap":{"functional-code":{"insertions":2,"deletions":5}}},{"hash":"53cfda644eac095a21987efe25e50f8978eb0a5b","isMergeCommit":true,"messageTitle":"Merge pull request #58 from jyukuan/Yukuan-history-improved","messageBody":"change the story-history logic(no patient no store)","fileTypesAndContributionMap":{}},{"hash":"c29ba447da4bbfc8a49e74a40a4c50b9132b7b17","isMergeCommit":false,"messageTitle":"Update the UG about the patient\u0027s history, and add assertion","messageBody":"","fileTypesAndContributionMap":{"functional-code":{"insertions":13,"deletions":0},"docs":{"insertions":46,"deletions":0}}},{"hash":"8a0734638397115180915c94ec2095f43f19b447","isMergeCommit":true,"messageTitle":"Merge pull request #62 from jyukuan/Yukuan-UG-Assertion-and-Junit","messageBody":"Update the UG about the patient\u0027s history, and add assertion","fileTypesAndContributionMap":{}}]},{"date":"2025-04-02","commitResults":[{"hash":"1c7d6b0ab30c575a0ea9a59e2c6d51f931e46dd8","isMergeCommit":false,"messageTitle":"Update user guide with sequence diagram","messageBody":"","fileTypesAndContributionMap":{"docs":{"insertions":89,"deletions":0}}},{"hash":"68e65bb1c5ab76790cdc723f8ae06c0749a4403e","isMergeCommit":true,"messageTitle":"Merge pull request #72 from jyukuan/Yukuan-DG2","messageBody":"Update user guide with sequence diagram","fileTypesAndContributionMap":{}}]},{"date":"2025-04-03","commitResults":[{"hash":"f95fe54631e7782efea63ebffd0b0e3af676c987","isMergeCommit":false,"messageTitle":"Yukuan\u0027s PPP","messageBody":"","fileTypesAndContributionMap":{"docs":{"insertions":87,"deletions":0}}},{"hash":"48d3250807be546a82f285b69f2bf39994de8992","isMergeCommit":true,"messageTitle":"Merge pull request #79 from jyukuan/Yukuan-PPP","messageBody":"Yukuan\u0027s PPP","fileTypesAndContributionMap":{}}]},{"date":"2025-04-04","commitResults":[{"hash":"0d49d3207e547deffb3c20e320f6e06c7168b1c8","isMergeCommit":false,"messageTitle":"Fix the discribtion in PPP","messageBody":"","fileTypesAndContributionMap":{"docs":{"insertions":0,"deletions":2}}},{"hash":"b6c9b598ec3f61bba383161ffaff4d5629f0088d","isMergeCommit":true,"messageTitle":"Merge pull request #84 from jyukuan/Yukuan-PPP","messageBody":"Fix the discribtion in PPP","fileTypesAndContributionMap":{}}]},{"date":"2025-04-05","commitResults":[{"hash":"df3483c6d72ca0d229be7bb229d525a3619030bb","isMergeCommit":false,"messageTitle":"Fix some bugs","messageBody":"","fileTypesAndContributionMap":{"functional-code":{"insertions":28,"deletions":20},"docs":{"insertions":2,"deletions":2},"test-code":{"insertions":1,"deletions":1}}},{"hash":"fde4ec544c566d4ca9bfde96f011f6ccb3cefce4","isMergeCommit":false,"messageTitle":"fix gradle error","messageBody":"","fileTypesAndContributionMap":{"functional-code":{"insertions":2,"deletions":1},"test-code":{"insertions":0,"deletions":1}}}]},{"date":"2025-04-06","commitResults":[{"hash":"af354102a067953ce691302f7071f4d673b9ecd0","isMergeCommit":true,"messageTitle":"Merge branch \u0027master\u0027 of https://github.com/AY2425S2-CS2113-T11b-4/tp into Yukuan-Bug","messageBody":"# Conflicts:\n#\tdata/patient_data.txt\n#\tdocs/UserGuide.md\n","fileTypesAndContributionMap":{}},{"hash":"e519d725f32b33100ebb530daf354a9d39bbea1e","isMergeCommit":true,"messageTitle":"Merge branch \u0027fix3\u0027","messageBody":"","fileTypesAndContributionMap":{}},{"hash":"de8c0e0a96c10d0b3af7dda8dcc780b84933a719","isMergeCommit":false,"messageTitle":"fix the bug that I assign to myself(in issue)","messageBody":"","fileTypesAndContributionMap":{"functional-code":{"insertions":26,"deletions":26}}},{"hash":"41b7818aea55aba42e3318c7f011f6cad67f5d56","isMergeCommit":false,"messageTitle":"fix the bug that caused by last change","messageBody":"","fileTypesAndContributionMap":{"test-code":{"insertions":5,"deletions":8}}},{"hash":"e556f1068003bf40fe4efc6d322ea299150b956e","isMergeCommit":true,"messageTitle":"Merge pull request #145 from jyukuan/fix4","messageBody":"Fix4","fileTypesAndContributionMap":{}}]}],"Basudeb2005":[{"date":"2025-03-06","commitResults":[{"hash":"ebe96f7fb25e97338850b6ff64961d510e6fd064","isMergeCommit":false,"messageTitle":"Update About Me section with latest details","messageBody":"","fileTypesAndContributionMap":{"docs":{"insertions":3,"deletions":7}}},{"hash":"4edb6f06a0691622352b79a3a005631f6bd5274f","isMergeCommit":true,"messageTitle":"Resolved merge conflicts","messageBody":"","fileTypesAndContributionMap":{}}]},{"date":"2025-03-17","commitResults":[{"hash":"c176f1c5168841639c92497bc9169db5310a271d","isMergeCommit":false,"messageTitle":"Add OOP Using Parser,UI,Storage etc","messageBody":"","fileTypesAndContributionMap":{"functional-code":{"insertions":222,"deletions":34}}},{"hash":"0c58abf1bb71b4bddf8a5d51dcde9126ca26058d","isMergeCommit":true,"messageTitle":"Merge pull request #5 from Basudeb2005/BasudebChakraborty-AboutUs","messageBody":"Update About Me section with latest details","fileTypesAndContributionMap":{}},{"hash":"6c159aaf7270f8c72393d5c6d21dfb5110dde62f","isMergeCommit":true,"messageTitle":"Merge pull request #7 from Basudeb2005/master","messageBody":"Add OOP Using Parser,UI,Storage etc","fileTypesAndContributionMap":{}},{"hash":"3ea6983b469731b44ccd4d26ca3dda36bdfbd953","isMergeCommit":false,"messageTitle":"Fix Syntax Issues","messageBody":"","fileTypesAndContributionMap":{"functional-code":{"insertions":52,"deletions":41}}},{"hash":"16fb41a37828ec3e0580b2795e2ece37ed66829a","isMergeCommit":true,"messageTitle":"Merge pull request #8 from Basudeb2005/master","messageBody":"Fix Formatting Issues","fileTypesAndContributionMap":{}}]},{"date":"2025-03-26","commitResults":[{"hash":"d1299f1d5e97fd2a51b82dbb07b3ef516a81c6b4","isMergeCommit":false,"messageTitle":"Add assertions and JUnit tests","messageBody":"","fileTypesAndContributionMap":{"functional-code":{"insertions":6,"deletions":3},"test-code":{"insertions":48,"deletions":0}}},{"hash":"007e7e5fe43cfad4b764ad02671b044883ee2544","isMergeCommit":true,"messageTitle":"Merge pull request #32 from Basudeb2005/master","messageBody":"Add assertions and JUnit tests","fileTypesAndContributionMap":{}}]},{"date":"2025-03-30","commitResults":[{"hash":"0276de771739835246116d1dabd38ffb4c31f86c","isMergeCommit":false,"messageTitle":"Add assertions to key classes and fix formatting","messageBody":"","fileTypesAndContributionMap":{"functional-code":{"insertions":46,"deletions":29}}},{"hash":"9ecca4e4318f77c67a647fb628cf7d2601f03b49","isMergeCommit":true,"messageTitle":"Merge pull request #48 from Basudeb2005/add-assertions","messageBody":"Add assertions to key classes and fix formatting","fileTypesAndContributionMap":{}}]},{"date":"2025-04-01","commitResults":[{"hash":"2d2b032e1ce3a06440af162f37f952be7f3512be","isMergeCommit":false,"messageTitle":"Add prescription generation and HTML printing feature","messageBody":"","fileTypesAndContributionMap":{"functional-code":{"insertions":580,"deletions":4}}},{"hash":"0feb041678dcb6850acd1fccb38348f1964a95ba","isMergeCommit":true,"messageTitle":"Merge pull request #59 from Basudeb2005/correct-feature-print-prescription","messageBody":"Add prescription generation and HTML printing feature","fileTypesAndContributionMap":{}},{"hash":"9a1dfd492f2b5457b3d89d105ad8a031e9e42224","isMergeCommit":false,"messageTitle":"Fix checkstyle issues in prescription feature","messageBody":"","fileTypesAndContributionMap":{"functional-code":{"insertions":12,"deletions":9}}},{"hash":"91771035beaa43c61ad37d22273a86ee71001366","isMergeCommit":false,"messageTitle":"Fix remaining checkstyle line length issues","messageBody":"","fileTypesAndContributionMap":{"functional-code":{"insertions":4,"deletions":2}}},{"hash":"f57c02227e3040a47c80ac2743908c4de8736fb6","isMergeCommit":false,"messageTitle":"Fix line length issue in Parser.java","messageBody":"","fileTypesAndContributionMap":{"functional-code":{"insertions":4,"deletions":1}}},{"hash":"7cc6c6e4c19f16736df1478e9f69be4bb88af765","isMergeCommit":true,"messageTitle":"Merge pull request #61 from Basudeb2005/correct-feature-print-prescription","messageBody":"Correct runtest print prescription","fileTypesAndContributionMap":{}},{"hash":"eb731f8c9c4724cd07d4cce3d1bcd5f63ade7dc9","isMergeCommit":false,"messageTitle":"Fix prescription ID display bug","messageBody":"","fileTypesAndContributionMap":{"functional-code":{"insertions":6,"deletions":6}}},{"hash":"56aee85b01ac78e7b7ab896e234ae013b0e48677","isMergeCommit":false,"messageTitle":"Update DeveloperGuide.md with user stories","messageBody":"","fileTypesAndContributionMap":{"functional-code":{"insertions":8,"deletions":0},"docs":{"insertions":30,"deletions":20}}},{"hash":"a1e12de454621679be8eb07eeed81c87ead5cb86","isMergeCommit":true,"messageTitle":"Merge pull request #63 from Basudeb2005/Basudeb2005-DG","messageBody":"Basudeb2005 dg","fileTypesAndContributionMap":{}},{"hash":"71bfc98d919a1cc998a079f2826d47f15bb71feb","isMergeCommit":false,"messageTitle":"Add Add prescription feature related UG and DG updates","messageBody":"","fileTypesAndContributionMap":{"docs":{"insertions":147,"deletions":0}}},{"hash":"68045d7d0e1beb56c82029a287f8165cae350285","isMergeCommit":true,"messageTitle":"Merge branch \u0027master\u0027 into Basudeb2005-DG","messageBody":"","fileTypesAndContributionMap":{}},{"hash":"b1cd97c99aad9540e8bd5f84a15de996ea079209","isMergeCommit":true,"messageTitle":"Merge pull request #64 from Basudeb2005/Basudeb2005-DG","messageBody":"Add Add prescription feature related UG and DG updates","fileTypesAndContributionMap":{}}]},{"date":"2025-04-04","commitResults":[{"hash":"6611a0da9ba556478ed3fe9aa57e7daba14d2c7e","isMergeCommit":false,"messageTitle":"Add Project Portfolio Page and update AboutUs link","messageBody":"","fileTypesAndContributionMap":{"docs":{"insertions":71,"deletions":1}}},{"hash":"553c6fb261948a035bf4f01b91f1a39cf2be39c8","isMergeCommit":true,"messageTitle":"Merge pull request #81 from Basudeb2005/Basudeb2005-PPP","messageBody":"Add Project Portfolio Page and update AboutUs link","fileTypesAndContributionMap":{}}]},{"date":"2025-04-05","commitResults":[{"hash":"65bc72a75a33b7e787eb09669dea25d83da481c0","isMergeCommit":false,"messageTitle":"Rename Basudeb2005.md to basudeb2005.md","messageBody":"","fileTypesAndContributionMap":{"docs":{"insertions":1,"deletions":1}}}]},{"date":"2025-04-06","commitResults":[{"hash":"ecb5b122e5651dd81757d46f5c81e912f3ab16d9","isMergeCommit":false,"messageTitle":"Add test cases for prescription feature","messageBody":"","fileTypesAndContributionMap":{"functional-code":{"insertions":12,"deletions":4},"test-code":{"insertions":781,"deletions":0}}},{"hash":"383ddc331460741446088702583de5b571c41c57","isMergeCommit":false,"messageTitle":"Fix checkstyle issues","messageBody":"","fileTypesAndContributionMap":{"test-code":{"insertions":137,"deletions":136}}},{"hash":"5fdf6970861ef5c391f89cffd7bbb16c64b9b7d9","isMergeCommit":false,"messageTitle":"Fix 120 chars checkstyle issue","messageBody":"","fileTypesAndContributionMap":{"test-code":{"insertions":16,"deletions":1}}},{"hash":"0b2f943314efd75df8f37da1d9877f25fabb33d1","isMergeCommit":true,"messageTitle":"Merge pull request #139 from Basudeb2005/Add-TestPrescription","messageBody":"Add test prescription","fileTypesAndContributionMap":{}},{"hash":"4d4b948aae843c448f4d48788e61aad5c4c7399c","isMergeCommit":false,"messageTitle":"Add prescription feature documentation with sequence and class diagrams","messageBody":"","fileTypesAndContributionMap":{"docs":{"insertions":338,"deletions":5}}},{"hash":"941b594b1b53a13ae4fb7e9358a4e650a7b8a0f2","isMergeCommit":false,"messageTitle":"Fix formatting issues","messageBody":"","fileTypesAndContributionMap":{"docs":{"insertions":63,"deletions":22}}},{"hash":"bab86a570416775d28c2bd893a22aa56f8a82575","isMergeCommit":false,"messageTitle":"Fix sequence of Tests","messageBody":"","fileTypesAndContributionMap":{"docs":{"insertions":29,"deletions":28}}},{"hash":"9ee5c0c1c5e63f08464e7d1a64a7af5204d7e692","isMergeCommit":true,"messageTitle":"Merge pull request #140 from Basudeb2005/Add-PrescriptionDocumentation","messageBody":"Add prescription feature documentation with sequence and class diagrams","fileTypesAndContributionMap":{}},{"hash":"2e12e0a24b62e525d87bbc6c05056d2fec87cf59","isMergeCommit":false,"messageTitle":"Add Architecture section to Developer Guide","messageBody":"","fileTypesAndContributionMap":{"docs":{"insertions":190,"deletions":0}}},{"hash":"8e41af7d8847c45697c5c6869d78d48526f20ea2","isMergeCommit":false,"messageTitle":"Update architecture diagrams to match professor\u0027s example","messageBody":"","fileTypesAndContributionMap":{"docs":{"insertions":53,"deletions":83}}},{"hash":"c3be5069b05b4388ef1efdef2549dd1144dbe4ba","isMergeCommit":false,"messageTitle":"Update architecture diagrams and documentation to use exact package names from codebase","messageBody":"","fileTypesAndContributionMap":{"docs":{"insertions":99,"deletions":108}}},{"hash":"d20bf6c2c498ad094d8e83c2b8ac8aaccd0bd339","isMergeCommit":false,"messageTitle":"Fix component relationships in architecture diagram","messageBody":"","fileTypesAndContributionMap":{"docs":{"insertions":23,"deletions":50}}},{"hash":"f8fd4a515d81e7cb32a3fb6d07c41f3b07bf1306","isMergeCommit":true,"messageTitle":"Merge pull request #150 from Basudeb2005/architecture-dg-v2","messageBody":"Architecture dg","fileTypesAndContributionMap":{}}]}]},"authorFileTypeContributionMap":{"dylancmznus":{"docs":351,"functional-code":222,"test-code":134},"JudHoka":{"docs":531,"functional-code":485,"test-code":165,"other":15},"chwenyee":{"docs":495,"functional-code":691,"test-code":603,"other":3},"jyukuan":{"docs":475,"functional-code":353,"test-code":82},"Basudeb2005":{"docs":756,"functional-code":750,"test-code":823}},"authorContributionVariance":{"dylancmznus":2012.0813,"JudHoka":28766.633,"chwenyee":31996.373,"jyukuan":6616.3735,"Basudeb2005":117541.414},"authorDisplayNameMap":{"dylancmznus":"CS2113-T11b-4 DYLA..NGZE","JudHoka":"CS2113-T11b-4 JUDH..HIKA","chwenyee":"CS2113-T11b-4 CHAN.. YEE","jyukuan":"CS2113-T11b-4 JIAN..KUAN","Basudeb2005":"CS2113-T11b-4 CHAK..UDEB"}}
