{"authorDailyContributionsMap":{"tongkiankiat":[{"date":"2025-03-03T00:00:00","commitResults":[{"hash":"0a42c3bb5c2030118d00a06018e520a5dc68221f","isMergeCommit":true,"messageTitle":"Merge pull request #3 from Flaaaash/master","messageBody":"Major restructuring.","fileTypesAndContributionMap":{}}]},{"date":"2025-03-07T00:00:00","commitResults":[{"hash":"303f75db1a45d42d3a35605d6dffb86c5757a4a8","isMergeCommit":false,"messageTitle":"Updates first line in docs\\AboutUs.md and deletes the rest of the lines","messageBody":"","fileTypesAndContributionMap":{"docs":{"insertions":3,"deletions":7}}},{"hash":"90deb20f67655c912bea6cc8d73ef92f886c6626","isMergeCommit":true,"messageTitle":"Fix merge conflict","messageBody":"","fileTypesAndContributionMap":{}},{"hash":"267ea747c899f8bcdb61c59a605580d9a41424aa","isMergeCommit":true,"messageTitle":"Merge pull request #6 from tongkiankiat/kiankiat-AboutUs","messageBody":"Week 7 Tutorial","fileTypesAndContributionMap":{}}]},{"date":"2025-03-09T00:00:00","commitResults":[{"hash":"9aebb6a689de25fc5731d3acb4f34065e1a853d6","isMergeCommit":true,"messageTitle":"Merge pull request #9 from lwenyi1/project-base","messageBody":"Project base","fileTypesAndContributionMap":{}}]},{"date":"2025-03-11T00:00:00","commitResults":[{"hash":"e2c1fea2734420e4d74ed692cd2c932f5947d606","isMergeCommit":false,"messageTitle":"Removes additional enter step before user can enter main menu of MindExpander","messageBody":"","fileTypesAndContributionMap":{"functional-code":{"insertions":3,"deletions":10}}}]},{"date":"2025-03-13T00:00:00","commitResults":[{"hash":"2b9f7a0cd8bf2b3e3cfd51a59f8a9180b9e04015","isMergeCommit":false,"messageTitle":"Adds CommandResult class in Main.java","messageBody":"","fileTypesAndContributionMap":{"functional-code":{"insertions":2,"deletions":1}}},{"hash":"9706f781b8e6f882ab783aae10541accc1aef6e6","isMergeCommit":false,"messageTitle":"Changes the execute() command to return a CommandResult class type","messageBody":"","fileTypesAndContributionMap":{"functional-code":{"insertions":3,"deletions":2}}},{"hash":"bb666883d0fd812808513fa248e8092b9f213394","isMergeCommit":false,"messageTitle":"Adds getters for size of allQuestions and individual questions","messageBody":"","fileTypesAndContributionMap":{"functional-code":{"insertions":8,"deletions":0}}},{"hash":"eb1ad08341ed2a24b9b2143e5a40e005f08b05fe","isMergeCommit":false,"messageTitle":"Adds displayResults to handle results from all commands","messageBody":"","fileTypesAndContributionMap":{"functional-code":{"insertions":16,"deletions":2}}},{"hash":"8879735a7b7523d389353b8cf21d70ea09f4a6c1","isMergeCommit":true,"messageTitle":"Handles merge conflict","messageBody":"","fileTypesAndContributionMap":{}},{"hash":"bbba7545ddb7de91cb9b9651221f2d5bbfa78e2a","isMergeCommit":true,"messageTitle":"Merge pull request #18 from Flaaaash/master","messageBody":" AddCommand class completed to add fitb questions.","fileTypesAndContributionMap":{}},{"hash":"e658ee143ad43f07f38391618450e13d20684431","isMergeCommit":true,"messageTitle":"Handles merge conflicts","messageBody":"","fileTypesAndContributionMap":{}},{"hash":"9aaf7778e9c7a6d17d768593e8d0134e908f5805","isMergeCommit":false,"messageTitle":"Adds JavaDoc for TextUi class","messageBody":"","fileTypesAndContributionMap":{"functional-code":{"insertions":16,"deletions":2}}},{"hash":"89b88bb325be2d413585f6c9c313f269c5fd77e4","isMergeCommit":false,"messageTitle":"Adds CommandResult class","messageBody":"","fileTypesAndContributionMap":{"functional-code":{"insertions":22,"deletions":0}}},{"hash":"6e228a8dffc58ff8c27688c0036313bbd3315aa5","isMergeCommit":false,"messageTitle":"Adds ListCommand class","messageBody":"","fileTypesAndContributionMap":{"functional-code":{"insertions":24,"deletions":0}}},{"hash":"009db636968e0c9a400d70f3a7617e0922b1f8ad","isMergeCommit":false,"messageTitle":"Comments out storage.load()","messageBody":"","fileTypesAndContributionMap":{"functional-code":{"insertions":1,"deletions":1}}},{"hash":"aa13e8f903b8dab5feb16fae941095a7b43ba39b","isMergeCommit":false,"messageTitle":"Temporary return null statement to prevent error","messageBody":"","fileTypesAndContributionMap":{"functional-code":{"insertions":3,"deletions":1}}},{"hash":"9836906537936b3ffbfd4a3cb8c286d0a522f13a","isMergeCommit":false,"messageTitle":"Adds ListCommand as a case in Parser","messageBody":"","fileTypesAndContributionMap":{"functional-code":{"insertions":10,"deletions":11}}}]},{"date":"2025-03-14T00:00:00","commitResults":[{"hash":"0fc0633088035a9d4d85dbf60ce1548a54c996cb","isMergeCommit":false,"messageTitle":"Resolves gradle issues","messageBody":"","fileTypesAndContributionMap":{"functional-code":{"insertions":22,"deletions":16}}}]},{"date":"2025-03-20T00:00:00","commitResults":[{"hash":"c950ab5cb8ff7d8d0e2b15a20437760d60ea8aaa","isMergeCommit":false,"messageTitle":"Updates .gitignore to ignore data/MindExpander.txt","messageBody":"","fileTypesAndContributionMap":{"test-code":{"insertions":12,"deletions":0}}},{"hash":"41ea214bc758d4aff80614d6ef47ec918decde87","isMergeCommit":false,"messageTitle":"Updates displayResult to always display commandResultToUser","messageBody":"","fileTypesAndContributionMap":{"functional-code":{"insertions":2,"deletions":3}}},{"hash":"e63482acffa3ac6e35046f6620f1a4942cb8d2e6","isMergeCommit":false,"messageTitle":"Updates execute() of ListCommand to include a message to user","messageBody":"","fileTypesAndContributionMap":{"functional-code":{"insertions":2,"deletions":1}}},{"hash":"2f1c66573f25a97dd85b3b3e99889004160f43ca","isMergeCommit":false,"messageTitle":"Adds JUnit Tests for the List Command","messageBody":"","fileTypesAndContributionMap":{"test-code":{"insertions":41,"deletions":5}}},{"hash":"53d4bb515478ed79b63c83ad69aa4148ecccc786","isMergeCommit":false,"messageTitle":"Adds a default CommandTest class for other Test classes to inherit","messageBody":"","fileTypesAndContributionMap":{"test-code":{"insertions":4,"deletions":0}}},{"hash":"0d88bde973f7420a0db09c6faf9a1c9c997f84b3","isMergeCommit":true,"messageTitle":"Fixes merge conflict","messageBody":"","fileTypesAndContributionMap":{}},{"hash":"2abb83a048dca1557949d99239cfd11fb69cdc0e","isMergeCommit":false,"messageTitle":"Fixes checkstyle errors","messageBody":"","fileTypesAndContributionMap":{"functional-code":{"insertions":3,"deletions":1},"test-code":{"insertions":4,"deletions":1}}},{"hash":"8fa9bc34bce96c53df7e13a318b4fa2174acb925","isMergeCommit":false,"messageTitle":"Updates UserGuide for the List Command","messageBody":"","fileTypesAndContributionMap":{"docs":{"insertions":8,"deletions":2}}},{"hash":"b6646a32fdfff99624da8edc73295c766caed55f","isMergeCommit":false,"messageTitle":"Adds enumeration when displaying list of questions","messageBody":"","fileTypesAndContributionMap":{"functional-code":{"insertions":1,"deletions":1}}},{"hash":"b513d367b9fbe0b28a11d7d8e2add65f146fb0f6","isMergeCommit":false,"messageTitle":"Updates test expected output to include enumeration when displaying list of questions","messageBody":"","fileTypesAndContributionMap":{"test-code":{"insertions":4,"deletions":4}}}]},{"date":"2025-03-21T00:00:00","commitResults":[{"hash":"355fbb19e70933663a00a97e85b417dd9a6c6b04","isMergeCommit":true,"messageTitle":"Merge pull request #36 from lwenyi1/branch-HelpUnitTest","messageBody":"Branch help Junit test","fileTypesAndContributionMap":{}}]},{"date":"2025-03-25T00:00:00","commitResults":[{"hash":"21e8fde65cee583c6c9ea870fcbaec3ba65090bc","isMergeCommit":false,"messageTitle":"Enables assertions in build.gradle","messageBody":"","fileTypesAndContributionMap":{"other":{"insertions":1,"deletions":0}}},{"hash":"b34a6ceeee8d0b4792ef896e615beafe4e4a09f9","isMergeCommit":true,"messageTitle":"Merge branch \u0027master\u0027 of https://github.com/AY2425S2-CS2113-F12-3/tp","messageBody":"","fileTypesAndContributionMap":{}}]},{"date":"2025-03-27T00:00:00","commitResults":[{"hash":"3cc54ac20d0af17f9ee2c8fd00df688727baf177","isMergeCommit":false,"messageTitle":"Implements last shown list in Main.java","messageBody":"","fileTypesAndContributionMap":{"functional-code":{"insertions":12,"deletions":0}}},{"hash":"1f39101a6eee62ffcff5bc1ab0caeb8cd1d054fc","isMergeCommit":false,"messageTitle":"Adds lastShownQuestionBank in Main.java","messageBody":"","fileTypesAndContributionMap":{"functional-code":{"insertions":1,"deletions":1}}},{"hash":"81fbda705be6df5b3b4b03d1d4e4d3fe18f0e39e","isMergeCommit":false,"messageTitle":"Adds showAnswer flag to CommandResult class","messageBody":"","fileTypesAndContributionMap":{"functional-code":{"insertions":4,"deletions":1}}},{"hash":"8374e9256b12a87ce529a2b1ad407b9d9d6df382","isMergeCommit":false,"messageTitle":"Adds find command to output of HelpCommand","messageBody":"","fileTypesAndContributionMap":{"functional-code":{"insertions":2,"deletions":0}}},{"hash":"8ed3919573e316a4f7a6544bec7598fbf1c068df","isMergeCommit":false,"messageTitle":"Adds showAnswer flag to List Command","messageBody":"","fileTypesAndContributionMap":{"functional-code":{"insertions":4,"deletions":2}}},{"hash":"80077c73f34d3ec62bcae150ea3b8127a868f459","isMergeCommit":false,"messageTitle":"Adds DISPLAYED_INDEX_OFFSET magic string","messageBody":"","fileTypesAndContributionMap":{"functional-code":{"insertions":1,"deletions":0}}},{"hash":"85eaa6ca6f3a391a81419b4cc3e64d6a7d35b16a","isMergeCommit":false,"messageTitle":"Overrides toStringNoAnswer() method to FillInTheBlanks question type","messageBody":"","fileTypesAndContributionMap":{"functional-code":{"insertions":5,"deletions":0}}},{"hash":"9f282e1af63ac3e107ecf8a0d5e9bb8e6c6a6e3e","isMergeCommit":false,"messageTitle":"Adds abstract method tostringNoAnswer() to Question class","messageBody":"","fileTypesAndContributionMap":{"functional-code":{"insertions":2,"deletions":0}}},{"hash":"f5f931c1153e2b1dd29c3c7f7944233573cef81d","isMergeCommit":false,"messageTitle":"Adds parsing for list and find commands","messageBody":"","fileTypesAndContributionMap":{"functional-code":{"insertions":34,"deletions":3}}},{"hash":"2820114e28b9bb7ba23b9a1f52ab9923350ba0a7","isMergeCommit":false,"messageTitle":"Changes displayResults() to call toString() and toStringNoAnswer() when displaying question bank","messageBody":"","fileTypesAndContributionMap":{"functional-code":{"insertions":4,"deletions":1}}},{"hash":"5cdd76fdc410b194072c080a00ba2cc6281ae0ea","isMergeCommit":false,"messageTitle":"Adds new test cases for List Command","messageBody":"","fileTypesAndContributionMap":{"test-code":{"insertions":48,"deletions":4}}},{"hash":"119cf0d62a0c51a19b4c3b3b4da3f19401a0064d","isMergeCommit":false,"messageTitle":"Adds Find command","messageBody":"","fileTypesAndContributionMap":{"functional-code":{"insertions":36,"deletions":0}}},{"hash":"c1f4940868285825719e553d64ac83c0c9a4ccc4","isMergeCommit":false,"messageTitle":"Creates test cases for Find command","messageBody":"","fileTypesAndContributionMap":{"test-code":{"insertions":97,"deletions":0}}},{"hash":"4a4af543bfc3de5f31ea3db21f68bbacabd41e35","isMergeCommit":false,"messageTitle":"Imports Find Command Class","messageBody":"","fileTypesAndContributionMap":{"functional-code":{"insertions":1,"deletions":6}}},{"hash":"f870836b17280df03f88b138d5a0d37c1da0949e","isMergeCommit":false,"messageTitle":"Fixes checkstyle errors","messageBody":"","fileTypesAndContributionMap":{"functional-code":{"insertions":7,"deletions":2},"test-code":{"insertions":0,"deletions":1}}},{"hash":"175df29c616f91f3e21962b608faa1ad1caf46f0","isMergeCommit":false,"messageTitle":"Fixes expected output for testHelpCommandMessage()","messageBody":"","fileTypesAndContributionMap":{"test-code":{"insertions":2,"deletions":0}}},{"hash":"fadcc80ceddde3aa554ae06449769e020b10912b","isMergeCommit":true,"messageTitle":"Merge pull request #44 from lwenyi1/branch-DeveloperGuide","messageBody":"Branch developer guide","fileTypesAndContributionMap":{}},{"hash":"8327ad82d9cf840d87fb0854a41836d66fa359d3","isMergeCommit":true,"messageTitle":"Merge branch \u0027master\u0027 of https://github.com/AY2425S2-CS2113-F12-3/tp","messageBody":"","fileTypesAndContributionMap":{}},{"hash":"69e1e577f6bf8f20d0c7536784f4bf72574bbf6a","isMergeCommit":false,"messageTitle":"Updates DG","messageBody":"","fileTypesAndContributionMap":{"docs":{"insertions":9,"deletions":8}}},{"hash":"3e866f01895d384e00ba8620a7f135fd9e31b5c7","isMergeCommit":false,"messageTitle":"Fixes checkstyle errors","messageBody":"","fileTypesAndContributionMap":{"functional-code":{"insertions":0,"deletions":1}}},{"hash":"d369dff5a6cc27d848997be3a9e763a12aa4ef7f","isMergeCommit":true,"messageTitle":"Merge pull request #48 from Flaaaash/Junit_test","messageBody":"Junit test for addCommand","fileTypesAndContributionMap":{}},{"hash":"0e27df4d784d0029c7a6a2c7bded9bcaa896366a","isMergeCommit":true,"messageTitle":"Fixes merge conflict","messageBody":"","fileTypesAndContributionMap":{}},{"hash":"7a2777b4d6efb6617c4e221bc84cfe7dafbb6c28","isMergeCommit":false,"messageTitle":"Fixes merge conflict","messageBody":"","fileTypesAndContributionMap":{"test-code":{"insertions":3,"deletions":3}}}]},{"date":"2025-03-28T00:00:00","commitResults":[{"hash":"5e4ff50c341d6b907f1f0e63e0e610fb603de6aa","isMergeCommit":false,"messageTitle":"Fixes checkstyle errors","messageBody":"","fileTypesAndContributionMap":{"functional-code":{"insertions":6,"deletions":2}}},{"hash":"b51af93510e015a612bce6db33a50aecadd2b893","isMergeCommit":true,"messageTitle":"Fixes merge conflict","messageBody":"","fileTypesAndContributionMap":{}},{"hash":"61c9a788f5b8d57f10271e3fba5529e59fd23707","isMergeCommit":false,"messageTitle":"Fixes checkstyle errors","messageBody":"","fileTypesAndContributionMap":{"functional-code":{"insertions":6,"deletions":2}}}]},{"date":"2025-03-30T00:00:00","commitResults":[{"hash":"b2e1a037cc39cbf84c9c4cd8b3eae18cc7c5c50d","isMergeCommit":false,"messageTitle":"Resolves null pointer reference","messageBody":"","fileTypesAndContributionMap":{"functional-code":{"insertions":7,"deletions":3}}},{"hash":"9bff33e3e98283cbd79c8e9d84351d8c4cc32bd2","isMergeCommit":true,"messageTitle":"Merge pull request #46 from tongkiankiat/implement_find_command","messageBody":"Implement Find Command and Last Shown List","fileTypesAndContributionMap":{}},{"hash":"f8ecf2f15eb56591d0463827a42d7dda2c49b19b","isMergeCommit":true,"messageTitle":"Merge branch \u0027master\u0027 of https://github.com/AY2425S2-CS2113-F12-3/tp","messageBody":"","fileTypesAndContributionMap":{}}]},{"date":"2025-03-31T00:00:00","commitResults":[{"hash":"c0c8907b31d1ce67a0638796ccdf4f779eaf019d","isMergeCommit":true,"messageTitle":"Merge pull request #49 from Flaaaash/Imporve_addCommand","messageBody":"Imporve AddCommand","fileTypesAndContributionMap":{}},{"hash":"a98f73ec4b7667b86d5300452dc252880e54aedd","isMergeCommit":true,"messageTitle":"Merge pull request #50 from lwenyi1/branch-UpdateGuides","messageBody":"Branch update guides","fileTypesAndContributionMap":{}},{"hash":"d26dca76f6e475642a958460ca52e9be13fdfef8","isMergeCommit":true,"messageTitle":"Merge branch \u0027master\u0027 of https://github.com/AY2425S2-CS2113-F12-3/tp","messageBody":"","fileTypesAndContributionMap":{}}]},{"date":"2025-04-02T00:00:00","commitResults":[{"hash":"3dc178a5797bff053c30a917e6a6e8d8e94739e5","isMergeCommit":true,"messageTitle":"Merge pull request #57 from lwenyi1/branch-ReformatSolve","messageBody":"Branch reformat solve","fileTypesAndContributionMap":{}},{"hash":"c7005398c06670c01883f1f06f0def10d38870bf","isMergeCommit":true,"messageTitle":"Merge branch \u0027master\u0027 of https://github.com/AY2425S2-CS2113-F12-3/tp","messageBody":"","fileTypesAndContributionMap":{}}]},{"date":"2025-04-03T00:00:00","commitResults":[{"hash":"cae110cd80af7a2681a98f04f0941d26f70ed9c1","isMergeCommit":false,"messageTitle":"Updates DG","messageBody":"","fileTypesAndContributionMap":{"docs":{"insertions":78,"deletions":14}}},{"hash":"6a5b77a1b153f5c0ea97db4dd768861d530c91e1","isMergeCommit":false,"messageTitle":"Updates UG","messageBody":"","fileTypesAndContributionMap":{"docs":{"insertions":70,"deletions":1}}},{"hash":"d328f7e901bef40bc38ced5dafda3fc300484d82","isMergeCommit":false,"messageTitle":"Updates PPP","messageBody":"","fileTypesAndContributionMap":{"docs":{"insertions":16,"deletions":3}}},{"hash":"3159d0703e233a276bbbd142633c952564c73ed8","isMergeCommit":false,"messageTitle":"Adds EMPTY_INPUT magic string","messageBody":"","fileTypesAndContributionMap":{"functional-code":{"insertions":1,"deletions":0}}},{"hash":"2342a0b674fb450d75ad5d9e0e9ebdf15168b81e","isMergeCommit":false,"messageTitle":"Updates UI to return an error message when user enters nextline as an input","messageBody":"","fileTypesAndContributionMap":{"functional-code":{"insertions":1,"deletions":0}}},{"hash":"e0c9f5533a7cbbe4c4c24ab1a06a07f798d4ecc5","isMergeCommit":false,"messageTitle":"Updates DG","messageBody":"","fileTypesAndContributionMap":{"docs":{"insertions":3,"deletions":3}}},{"hash":"c14116b82ce50ef9a4aeea47c16c2b45c4eb22f7","isMergeCommit":true,"messageTitle":"Merge pull request #60 from lwenyi1/branch-UpdateDocs","messageBody":"Branch update docs","fileTypesAndContributionMap":{}},{"hash":"78d086eb0a7b4526885f8c86a00411752fe32b56","isMergeCommit":true,"messageTitle":"Merge pull request #62 from Jensenkuok/branch-bugfix","messageBody":"Adds storage support for MCQ questions, bug fixes and documentations","fileTypesAndContributionMap":{}}]},{"date":"2025-04-04T00:00:00","commitResults":[{"hash":"332dd882257bb451b75d4233916e65b17f1d7fde","isMergeCommit":true,"messageTitle":"Merge pull request #63 from lwenyi1/branch-UpdateDocs","messageBody":"Updates guides","fileTypesAndContributionMap":{}}]}],"Flaaaash":[{"date":"2025-02-26T00:00:00","commitResults":[{"hash":"8d3a6a7620c13c41b2f1bff03a8c4498d36ea155","isMergeCommit":false,"messageTitle":"Add abstract superclass Question and subclass FillInTheBlanks. Replace Duke with MindExpander as the main class. Implement \"add\", \"help\", \"list\", and \"exit\" commands.","messageBody":"","fileTypesAndContributionMap":{"functional-code":{"insertions":209,"deletions":21}}}]},{"date":"2025-02-27T00:00:00","commitResults":[{"hash":"4ad21f8a651b6131d002287d354d4d85c2184857","isMergeCommit":true,"messageTitle":"Merge pull request #1 from Flaaaash/master","messageBody":"v0.1 MindExpander","fileTypesAndContributionMap":{}},{"hash":"87c32deaf00ea56fa6bd39ba80a65112f7642392","isMergeCommit":false,"messageTitle":"Add MultipleChoice subclass.","messageBody":"","fileTypesAndContributionMap":{"functional-code":{"insertions":22,"deletions":20}}}]},{"date":"2025-03-03T00:00:00","commitResults":[{"hash":"d89ddf34ee2c0bbe13d216ed2edc2358d042467a","isMergeCommit":false,"messageTitle":"Add process to handle the addition of a mcq question. MCQ are now displayed with their options shuffled.","messageBody":"","fileTypesAndContributionMap":{"functional-code":{"insertions":35,"deletions":6}}},{"hash":"afa40091b3dae08f335f5ac15f5307422b2aad24","isMergeCommit":false,"messageTitle":"Major restructuring to ensure better adherence to OOP principles and scalability.","messageBody":"","fileTypesAndContributionMap":{"functional-code":{"insertions":346,"deletions":240}}}]},{"date":"2025-03-04T00:00:00","commitResults":[{"hash":"567357b6de5bbfd1471db014e8a8b9b501c7a5a8","isMergeCommit":false,"messageTitle":"Add Question class and its subclasses FillInTheBlanks and MultipleChoice. Add toString and showQuestion method for all question classes to display question information with and without displaying the answer. Add QuestionType Enum to store predetermined question types.","messageBody":"","fileTypesAndContributionMap":{"functional-code":{"insertions":123,"deletions":0}}}]},{"date":"2025-03-06T00:00:00","commitResults":[{"hash":"dbbc6ce98b4e23ecffc7c629f506ba97310718ba","isMergeCommit":false,"messageTitle":"Add enum QuestionType and implement it to all Question classes. Add QuestionBank class to store all questions. Rename packages to ensure all lower cases.","messageBody":"","fileTypesAndContributionMap":{"functional-code":{"insertions":52,"deletions":11}}}]},{"date":"2025-03-07T00:00:00","commitResults":[{"hash":"58c28eaef84e707cd7af453963a3b589775771cc","isMergeCommit":false,"messageTitle":"In tutorial practice-change AboutUs.md and resolve merge conflict.","messageBody":"","fileTypesAndContributionMap":{"docs":{"insertions":4,"deletions":7}}},{"hash":"4161fbbbb36e2ccc350e2cc8f3378b0fddf716e5","isMergeCommit":true,"messageTitle":"Merge branch \u0027master\u0027 of https://github.com/AY2425S2-CS2113-F12-3/tp into Liu_Xuyan-AboutUs","messageBody":"# Conflicts:\n#\tdocs/AboutUs.md\n","fileTypesAndContributionMap":{}},{"hash":"73661c7cc0feb6bca11db40d90d49afd45f8a6ef","isMergeCommit":true,"messageTitle":"Merge pull request #7 from Flaaaash/Liu_Xuyan-AboutUs","messageBody":"In tutorial practice-change AboutUs.md and resolve merge conflict.","fileTypesAndContributionMap":{}}]},{"date":"2025-03-12T00:00:00","commitResults":[{"hash":"c829da163754231d24875f94d6b7582a6f2c2245","isMergeCommit":true,"messageTitle":"Merge pull request #17 from lwenyi1/branch-Solve","messageBody":"Branch for solve command","fileTypesAndContributionMap":{}},{"hash":"c1df153898aabfe1d0d21522d9d414b922fec891","isMergeCommit":true,"messageTitle":"Merge branch \u0027master\u0027 of https://github.com/AY2425S2-CS2113-F12-3/tp","messageBody":"","fileTypesAndContributionMap":{}},{"hash":"f79f6c7fe998817b8312e3f9f4a44d03450d53b4","isMergeCommit":false,"messageTitle":"Add nextLine() method to TextUI to directly access the user\u0027s next input. Add AddCommand class to handle adding question to the questionBank (fitb question only). Edit showQuestion method type to be void type and print the question content without displaying the answer. Complete state machine logic in the main class.","messageBody":"","fileTypesAndContributionMap":{"functional-code":{"insertions":78,"deletions":9}}}]},{"date":"2025-03-14T00:00:00","commitResults":[{"hash":"149c359f91435d88e1ed4872e927507bd5f3f45e","isMergeCommit":true,"messageTitle":"Merge pull request #27 from Jensenkuok/storage.save","messageBody":"Adds storage with save and load functionalities","fileTypesAndContributionMap":{}}]},{"date":"2025-03-20T00:00:00","commitResults":[{"hash":"bb9d5dc67c81e6129a2909c7ae1f4deec76277d6","isMergeCommit":true,"messageTitle":"Merge branch \u0027master\u0027 of https://github.com/AY2425S2-CS2113-F12-3/tp","messageBody":"","fileTypesAndContributionMap":{}}]},{"date":"2025-03-27T00:00:00","commitResults":[{"hash":"593661ef82fbd577e2a61bcb81f34c5f7ca45736","isMergeCommit":true,"messageTitle":"Merge pull request #37 from lwenyi1/branch-ImproveSolve","messageBody":"Improve the solve command","fileTypesAndContributionMap":{}},{"hash":"fe7d026611672eb731664d9bda4282505b07818c","isMergeCommit":true,"messageTitle":"Merge pull request #43 from lwenyi1/branch-AboutUs","messageBody":"Branch about us","fileTypesAndContributionMap":{}},{"hash":"b49fecedb84884bf42ea158a00ea8fe39eba10ab","isMergeCommit":false,"messageTitle":"Remove methods that are not been used.","messageBody":"","fileTypesAndContributionMap":{"functional-code":{"insertions":0,"deletions":8},"other":{"insertions":4,"deletions":0}}},{"hash":"b431c7c040a65ee0424aaaf677f5fd794ee79823","isMergeCommit":true,"messageTitle":"Merge branch \u0027master\u0027 of https://github.com/AY2425S2-CS2113-F12-3/tp","messageBody":"# Conflicts:\n#\tsrc/main/java/mindexpander/storage/StorageFile.java\n\nConflicts resolved.\n","fileTypesAndContributionMap":{}},{"hash":"82ff821145fb25b3c3f114057b61162e840b81b8","isMergeCommit":false,"messageTitle":"Junit test for addCommand","messageBody":"","fileTypesAndContributionMap":{"functional-code":{"insertions":6,"deletions":8},"test-code":{"insertions":47,"deletions":0}}},{"hash":"e0160f2307d0bf37d830849fd00276dbc7fbb3c1","isMergeCommit":false,"messageTitle":"Style check.","messageBody":"","fileTypesAndContributionMap":{"functional-code":{"insertions":1,"deletions":6},"test-code":{"insertions":1,"deletions":1}}}]},{"date":"2025-03-30T00:00:00","commitResults":[{"hash":"4ee8cc7e80cebe1dd3c75248f2e10e2ef81252b5","isMergeCommit":true,"messageTitle":"Merge branch \u0027master\u0027 of https://github.com/AY2425S2-CS2113-F12-3/tp","messageBody":"","fileTypesAndContributionMap":{}},{"hash":"467d71c78ed3d375d4f550758c9b8d70ca5b9f99","isMergeCommit":false,"messageTitle":"Add MCQ class. AddCommand now support adding a MCQ.","messageBody":"","fileTypesAndContributionMap":{"functional-code":{"insertions":134,"deletions":31}}}]},{"date":"2025-03-31T00:00:00","commitResults":[{"hash":"9ca24d9c03536205dc9ae8f5f56aa1abfecf3529","isMergeCommit":false,"messageTitle":"Fix style.","messageBody":"","fileTypesAndContributionMap":{"functional-code":{"insertions":1,"deletions":7}}}]},{"date":"2025-04-01T00:00:00","commitResults":[{"hash":"b964d54b0f9f1372d0e6166a4e8c2b1d084d9900","isMergeCommit":true,"messageTitle":"Merge pull request #52 from lwenyi1/branch-ImproveHelp","messageBody":"Branch improve help","fileTypesAndContributionMap":{}},{"hash":"58a66d70999aa11d64b5d86838dd37086f8cebd5","isMergeCommit":true,"messageTitle":"Merge branch \u0027master\u0027 of https://github.com/AY2425S2-CS2113-F12-3/tp","messageBody":"","fileTypesAndContributionMap":{}},{"hash":"615b46935f9c0855fdeb72737138a662ba980547","isMergeCommit":false,"messageTitle":"Track mcq question answer by its option.","messageBody":"","fileTypesAndContributionMap":{"functional-code":{"insertions":14,"deletions":4}}},{"hash":"15ea2f301c55650c9792497a91342eb8aa4d9215","isMergeCommit":false,"messageTitle":"Improve add and solve logic","messageBody":"","fileTypesAndContributionMap":{"functional-code":{"insertions":5,"deletions":9}}},{"hash":"45815ff6981af37b0081711f119f0b5d0926ef19","isMergeCommit":false,"messageTitle":"Change Expected.txt","messageBody":"","fileTypesAndContributionMap":{"functional-code":{"insertions":1,"deletions":0}}}]},{"date":"2025-04-02T00:00:00","commitResults":[{"hash":"502a353ca8dc580724d843524fe8307d8f30014c","isMergeCommit":false,"messageTitle":"Completed EditCommand. Update parts of DG.","messageBody":"","fileTypesAndContributionMap":{"functional-code":{"insertions":134,"deletions":12},"docs":{"insertions":66,"deletions":5}}},{"hash":"b6161906eaf8ee9e8975d3b62c885c9d62d99cb0","isMergeCommit":false,"messageTitle":"Style fixes.","messageBody":"","fileTypesAndContributionMap":{"functional-code":{"insertions":3,"deletions":1}}},{"hash":"9f1233899997afd99f998d40f94e9a4bae80a9ce","isMergeCommit":false,"messageTitle":"Style fixes","messageBody":"","fileTypesAndContributionMap":{"functional-code":{"insertions":0,"deletions":1}}},{"hash":"793328b0bc78feafd30c6020caf9cb068ed8f1cd","isMergeCommit":true,"messageTitle":"Merge branch \u0027master\u0027 into branch_solveMCQ","messageBody":"","fileTypesAndContributionMap":{}},{"hash":"ce70cf6ea91dea9347134416f95d8c6867512f47","isMergeCommit":false,"messageTitle":"Update Parser.java","messageBody":"","fileTypesAndContributionMap":{"functional-code":{"insertions":1,"deletions":0}}},{"hash":"cff2c369d0fbc093c0d90ad4f8c7b28001d54a51","isMergeCommit":true,"messageTitle":"Merge pull request #58 from Flaaaash/branch_solveMCQ","messageBody":"Completed EditCommand. Update parts of DG.","fileTypesAndContributionMap":{}}]},{"date":"2025-04-03T00:00:00","commitResults":[{"hash":"ebcfa4e02d130dcc9e56cc5f4b5b2eabd1dde3dc","isMergeCommit":true,"messageTitle":"Merge branch \u0027master\u0027 of https://github.com/AY2425S2-CS2113-F12-3/tp","messageBody":"","fileTypesAndContributionMap":{}},{"hash":"a12479671e942eb3f897b1c974f5b4cfb5e9d025","isMergeCommit":false,"messageTitle":"Add User Guide on add command and edit command. Complete help command for all command. Add Junit test for edit command improve the operation logic for some classes","messageBody":"","fileTypesAndContributionMap":{"functional-code":{"insertions":15,"deletions":5},"docs":{"insertions":77,"deletions":7},"test-code":{"insertions":91,"deletions":5}}},{"hash":"96728b5467eee837c726ce9bac45d8ec6bd5b8f2","isMergeCommit":false,"messageTitle":"comlete user guide and ppp.","messageBody":"","fileTypesAndContributionMap":{"docs":{"insertions":97,"deletions":65},"test-code":{"insertions":6,"deletions":2}}}]}],"lwenyi1":[{"date":"2025-02-21T00:00:00","commitResults":[{"hash":"02dbbe4e7049d87d9a7457a3abeb1efe6ac86bad","isMergeCommit":false,"messageTitle":"Updates README.md","messageBody":"Changes project title to MindExpander","fileTypesAndContributionMap":{"docs":{"insertions":1,"deletions":1}}}]},{"date":"2025-03-03T00:00:00","commitResults":[{"hash":"c5f2ad4f1da195760e84a29727c2448338d8f7e7","isMergeCommit":true,"messageTitle":"Merge branch \u0027master\u0027 of https://github.com/lwenyi1/tp","messageBody":"","fileTypesAndContributionMap":{}},{"hash":"046e1307d99088b8d362c429d49deceafd51005e","isMergeCommit":false,"messageTitle":"Implements exceptions","messageBody":"","fileTypesAndContributionMap":{"functional-code":{"insertions":44,"deletions":0},"other":{"insertions":3,"deletions":3},"docs":{"insertions":1,"deletions":1}}},{"hash":"1b2a7a613c438c1dfde0426bc1495f003a00ce14","isMergeCommit":true,"messageTitle":"Merges branch \u0027master\u0027 of https://github.com/lwenyi1/tp","messageBody":"# Conflicts:\n#\tsrc/main/java/mindexpander/FillInTheBlanks.java\n#\tsrc/main/java/mindexpander/Main.java\n#\tsrc/main/java/mindexpander/MindExpander.java\n#\tsrc/main/java/mindexpander/Question.java\n","fileTypesAndContributionMap":{}}]},{"date":"2025-03-06T00:00:00","commitResults":[{"hash":"28b87387e08765b4362dbdac061bdbfd7c0599a3","isMergeCommit":false,"messageTitle":"Creates command class and illegal command exception","messageBody":"Creates the parent command class for subsequent commmands to inherit from and the exception for wrong commands. Also removes the old exception handler.\n","fileTypesAndContributionMap":{"functional-code":{"insertions":16,"deletions":44}}},{"hash":"71b8c3f1c8e931ee8018739b4e1c6346c0a11eec","isMergeCommit":false,"messageTitle":"Creates the parser class.","messageBody":"","fileTypesAndContributionMap":{"functional-code":{"insertions":55,"deletions":4}}},{"hash":"a2c592656f1b0a8e753cce9c38924b77f0fd13fd","isMergeCommit":false,"messageTitle":"Implements help command class","messageBody":"","fileTypesAndContributionMap":{"functional-code":{"insertions":49,"deletions":9}}},{"hash":"8fb968b04ff67d5b6618e981285356285cb38200","isMergeCommit":false,"messageTitle":"Creates add command class","messageBody":"Creates the class but doesn\u0027t implement it yet\n","fileTypesAndContributionMap":{"functional-code":{"insertions":5,"deletions":0}}},{"hash":"cfc084517f16f272e820d03c4322ece4c1e11488","isMergeCommit":false,"messageTitle":"Creates placeholder class files for all MVP commands","messageBody":"","fileTypesAndContributionMap":{"functional-code":{"insertions":52,"deletions":13}}}]},{"date":"2025-03-07T00:00:00","commitResults":[{"hash":"e311c15142ae98fa4b651b16522d362449a733f2","isMergeCommit":false,"messageTitle":"Updates parser switch statement","messageBody":"","fileTypesAndContributionMap":{"functional-code":{"insertions":1,"deletions":2}}},{"hash":"2a373ca4be3fd74e4777c57e927b36309200153b","isMergeCommit":false,"messageTitle":"Updates Wenyi in AboutUs","messageBody":"","fileTypesAndContributionMap":{"docs":{"insertions":3,"deletions":7}}},{"hash":"9af0d90e34638b2707e66e52540683a75ffcea2e","isMergeCommit":true,"messageTitle":"Merge pull request #5 from Jensenkuok/Jensenkuok-AboutUs","messageBody":"Tutorial Exercise","fileTypesAndContributionMap":{}},{"hash":"abefb05b57f1da6ac0c3ad5561da7261953d5c71","isMergeCommit":true,"messageTitle":"Merge branch \u0027master\u0027 of https://github.com/AY2425S2-CS2113-F12-3/tp into Wenyi-AboutUs","messageBody":"# Conflicts:\n#\tdocs/AboutUs.md\n#\tsrc/main/java/mindexpander/Main.java\n","fileTypesAndContributionMap":{}},{"hash":"7e8e656045034e3a0135cecec2c78e7b91e3d944","isMergeCommit":true,"messageTitle":"Merge pull request #8 from lwenyi1/Wenyi-AboutUs","messageBody":"Tutorial exercise","fileTypesAndContributionMap":{}},{"hash":"420ece03b5e743aa213925b7f468aa1521c21355","isMergeCommit":true,"messageTitle":"Merge branch \u0027master\u0027 of https://github.com/AY2425S2-CS2113-F12-3/tp","messageBody":"","fileTypesAndContributionMap":{}},{"hash":"d674cf41ff9b3197e6c1f90f63461a5ec4754376","isMergeCommit":false,"messageTitle":"Tosses a bunch of junk","messageBody":"","fileTypesAndContributionMap":{"functional-code":{"insertions":167,"deletions":0}}},{"hash":"ee15725c3a30043def7b7bfeb492223cd880b2b9","isMergeCommit":false,"messageTitle":"Creates base files","messageBody":"Base files include main, ui, parser, commands etc.\n","fileTypesAndContributionMap":{"functional-code":{"insertions":160,"deletions":625},"other":{"insertions":3,"deletions":3}}}]},{"date":"2025-03-09T00:00:00","commitResults":[{"hash":"ac48ed6c081fde5f36a323a8e93b9d937e0aba83","isMergeCommit":false,"messageTitle":"Updates the method to exit the program","messageBody":"","fileTypesAndContributionMap":{"functional-code":{"insertions":19,"deletions":14}}},{"hash":"1670a0e421160807836bff9eb5e7b7345e656e97","isMergeCommit":false,"messageTitle":"Fixes style mistakes","messageBody":"","fileTypesAndContributionMap":{"functional-code":{"insertions":13,"deletions":12}}},{"hash":"a2b28e9f4b4f64543a8ec1acdc1a5e9132c886bd","isMergeCommit":false,"messageTitle":"Fixes more style errors","messageBody":"","fileTypesAndContributionMap":{"functional-code":{"insertions":3,"deletions":3}}},{"hash":"b2b0ef5750b6393d7f166f43ae1163418aab6633","isMergeCommit":false,"messageTitle":"Renames duke strings build.gradle to mindexpander","messageBody":"","fileTypesAndContributionMap":{"other":{"insertions":2,"deletions":2}}},{"hash":"6ffc8c563091519ced5029df117e58714ad3df84","isMergeCommit":true,"messageTitle":"Merge branch \u0027master\u0027 of https://github.com/AY2425S2-CS2113-F12-3/tp","messageBody":"","fileTypesAndContributionMap":{}}]},{"date":"2025-03-10T00:00:00","commitResults":[{"hash":"7fa9acc7220ae304f92b607a39cdbbf9bbe3bae3","isMergeCommit":false,"messageTitle":"Updates program to handle multistep commands","messageBody":"Updates Parser and Command classes to handle multistep commands\n","fileTypesAndContributionMap":{"functional-code":{"insertions":59,"deletions":0}}}]},{"date":"2025-03-11T00:00:00","commitResults":[{"hash":"ee6387f68d801df949919178d59eeef72f566dc0","isMergeCommit":false,"messageTitle":"Implements solve command class","messageBody":"","fileTypesAndContributionMap":{"functional-code":{"insertions":78,"deletions":8}}}]},{"date":"2025-03-14T00:00:00","commitResults":[{"hash":"05bf015eaae5004ae46733c2d57d34f59aadfd0b","isMergeCommit":true,"messageTitle":"Merge branch \u0027master\u0027 of https://github.com/AY2425S2-CS2113-F12-3/tp","messageBody":"","fileTypesAndContributionMap":{}}]},{"date":"2025-03-15T00:00:00","commitResults":[{"hash":"c6a99ddbb6464f5b40ab7c0d24aa6129d60992ca","isMergeCommit":false,"messageTitle":"Adds getCommandMessage() method","messageBody":"Adds method to get command message in Command class to aid with unit testing\n","fileTypesAndContributionMap":{"functional-code":{"insertions":9,"deletions":0}}},{"hash":"1fb63b33f8cd2a3959b6533334ba9b8b0d31469f","isMergeCommit":false,"messageTitle":"Implements SolveCommand JUnit test","messageBody":"Fixes issues found in SolveCommand\n","fileTypesAndContributionMap":{"functional-code":{"insertions":1,"deletions":1},"test-code":{"insertions":73,"deletions":0}}},{"hash":"fc1f03de7e5163b04a0e1d17dc56a78c1eb2f157","isMergeCommit":false,"messageTitle":"Renames DukeTest","messageBody":"Renames duke test to default test, used to check if build.gradle is functioning\n","fileTypesAndContributionMap":{"other":{"insertions":2,"deletions":2}}},{"hash":"14a9b2fbcb0be0291d34b1ee58277f4d3f458f19","isMergeCommit":false,"messageTitle":"Fixes checkstyle errors","messageBody":"","fileTypesAndContributionMap":{"test-code":{"insertions":3,"deletions":1}}}]},{"date":"2025-03-20T00:00:00","commitResults":[{"hash":"b7b0c4df2bd7d850e755160d6ac3ec709eea7c2f","isMergeCommit":false,"messageTitle":"Updates user guide","messageBody":"Adds currently available features, completes some explanations\n","fileTypesAndContributionMap":{"docs":{"insertions":66,"deletions":18}}},{"hash":"72f01d1fd24331eabeca656a7445da31683743fc","isMergeCommit":true,"messageTitle":"Merge branch \u0027master\u0027 of https://github.com/AY2425S2-CS2113-F12-3/tp","messageBody":"","fileTypesAndContributionMap":{}},{"hash":"8617fd016e64a6ae73ee82e239f6031ba11417d0","isMergeCommit":true,"messageTitle":"Merge pull request #35 from tongkiankiat/implement_JUnit_tests_for_list_command","messageBody":"Implement JUnit tests for list command","tags":["v1.0"],"fileTypesAndContributionMap":{}},{"hash":"7e6e84430aa8fd60d51e907966e5082e097426b8","isMergeCommit":true,"messageTitle":"Merge branch \u0027master\u0027 of https://github.com/AY2425S2-CS2113-F12-3/tp","messageBody":"","fileTypesAndContributionMap":{}},{"hash":"6eaaca8216dba6b4b47a49e67bac1a3987f61a12","isMergeCommit":false,"messageTitle":"Implements HelpCommand Junit test","messageBody":"","fileTypesAndContributionMap":{"test-code":{"insertions":36,"deletions":0}}},{"hash":"fdde3dfd08a8f3f5bfa1778b72234a58188deddb","isMergeCommit":false,"messageTitle":"Updates some naming","messageBody":"","fileTypesAndContributionMap":{"functional-code":{"insertions":2,"deletions":2},"test-code":{"insertions":2,"deletions":1}}},{"hash":"e669e96620c7f7d5bc8232a3586642fe8ff86f09","isMergeCommit":true,"messageTitle":"Merge pull request #34 from Jensenkuok/branch-StorageFileUnitTest","messageBody":"Adds Unit Tests for File Handling (Save and Load)","fileTypesAndContributionMap":{}},{"hash":"b59c5d5ee9ca627114700bfc5cbb9400a6bc111f","isMergeCommit":true,"messageTitle":"Merge branch \u0027master\u0027 of https://github.com/AY2425S2-CS2113-F12-3/tp into branch-HelpUnitTest","messageBody":"","fileTypesAndContributionMap":{}}]},{"date":"2025-03-21T00:00:00","commitResults":[{"hash":"18e8713dd6a9d46a16e39bc5a131caa4066ac2d0","isMergeCommit":true,"messageTitle":"Merge branch \u0027master\u0027 of https://github.com/AY2425S2-CS2113-F12-3/tp","messageBody":"","fileTypesAndContributionMap":{}},{"hash":"cbc4bb583348d53e9d28d75184b3d0ff0592b431","isMergeCommit":false,"messageTitle":"Updates solve command","messageBody":"Now prints the question and gives users the option to give up when wrong\n","fileTypesAndContributionMap":{"functional-code":{"insertions":18,"deletions":3}}},{"hash":"e0ec72aeed61b964077265af95038c190ddb8ca4","isMergeCommit":false,"messageTitle":"Updates solve Junit test","messageBody":"","fileTypesAndContributionMap":{"test-code":{"insertions":35,"deletions":3}}}]},{"date":"2025-03-26T00:00:00","commitResults":[{"hash":"45d36913aab61f3b3399b842f0b19e0d34c9a866","isMergeCommit":false,"messageTitle":"Improves solve command related documentation","messageBody":"","fileTypesAndContributionMap":{"functional-code":{"insertions":120,"deletions":0}}},{"hash":"a5da89508d1567c03d2e660d13ffec9ab982e677","isMergeCommit":false,"messageTitle":"Implements solve command \"one step\" version","messageBody":"","fileTypesAndContributionMap":{"functional-code":{"insertions":1,"deletions":1}}},{"hash":"0d47d8f0b1aa3cbe39d5c3e5e37e4bae61b1fd2d","isMergeCommit":false,"messageTitle":"Implements Junit testing for one step solve","messageBody":"","fileTypesAndContributionMap":{"functional-code":{"insertions":11,"deletions":4},"test-code":{"insertions":70,"deletions":0}}},{"hash":"4528465d39a08633528fa698f70bea82c20d2cfe","isMergeCommit":false,"messageTitle":"Updates parser to support one step solve","messageBody":"","fileTypesAndContributionMap":{"functional-code":{"insertions":7,"deletions":3},"test-code":{"insertions":2,"deletions":2}}},{"hash":"a8116c31a1aee09dd222efdbd493d1381d0d004b","isMergeCommit":false,"messageTitle":"Updates AboutUs","messageBody":"","fileTypesAndContributionMap":{"docs":{"insertions":24,"deletions":6}}},{"hash":"4a5f49de1d5207baa829b8c5662b9528580d0097","isMergeCommit":false,"messageTitle":"Updates DG","messageBody":"","fileTypesAndContributionMap":{"docs":{"insertions":11,"deletions":6}}}]},{"date":"2025-03-27T00:00:00","commitResults":[{"hash":"d30a81bb27279af3e2a1f296895cd23fd1123308","isMergeCommit":false,"messageTitle":"Updates documentation for solve","messageBody":"","fileTypesAndContributionMap":{"docs":{"insertions":24,"deletions":4}}},{"hash":"e47a5f05015e17c2f163325f7ded9218b4d5f22f","isMergeCommit":true,"messageTitle":"Merge branch \u0027master\u0027 of https://github.com/AY2425S2-CS2113-F12-3/tp","messageBody":"","fileTypesAndContributionMap":{}},{"hash":"ce00a13d6fe09a896f4d160e7f161e6c60ffb1d6","isMergeCommit":false,"messageTitle":"Adds table of contents to UG, improves intro","messageBody":"","fileTypesAndContributionMap":{"docs":{"insertions":43,"deletions":6}}}]},{"date":"2025-03-28T00:00:00","commitResults":[{"hash":"36bb81e1fad2db4e7c9ce9b2c1d81c9349b34994","isMergeCommit":false,"messageTitle":"Updates UG FAQ and DG acknowledgements","messageBody":"","fileTypesAndContributionMap":{"docs":{"insertions":5,"deletions":2}}},{"hash":"053847c0531aca79f0f5106b8d616997d7006bd7","isMergeCommit":false,"messageTitle":"Updates gradle build file for assertions","messageBody":"Just tossing this here :-)\n","fileTypesAndContributionMap":{"other":{"insertions":1,"deletions":0}}},{"hash":"2b36565e03daaf1781432676c6efbccea21dc86d","isMergeCommit":true,"messageTitle":"Merge branch \u0027master\u0027 of https://github.com/AY2425S2-CS2113-F12-3/tp","messageBody":"","fileTypesAndContributionMap":{}},{"hash":"28be37cc9393e3f39849d42f104e2e10693b0324","isMergeCommit":false,"messageTitle":"Adds PlantUML seq diagram for Main","messageBody":"","fileTypesAndContributionMap":{"functional-code":{"insertions":1,"deletions":0},"docs":{"insertions":49,"deletions":0}}}]},{"date":"2025-03-30T00:00:00","commitResults":[{"hash":"3b11aa0219f712ce5c363c962c9bedd5371477a8","isMergeCommit":true,"messageTitle":"Merge branch \u0027master\u0027 of https://github.com/AY2425S2-CS2113-F12-3/tp","messageBody":"","fileTypesAndContributionMap":{}}]},{"date":"2025-03-31T00:00:00","commitResults":[{"hash":"624077605cc5645b599a45a61b91856a2511e09f","isMergeCommit":true,"messageTitle":"Merge pull request #47 from tongkiankiat/update_dg","messageBody":"Update Developer Guide","fileTypesAndContributionMap":{}},{"hash":"93a0799d4fa7fbb4acd2b4ea51567dae420cf542","isMergeCommit":false,"messageTitle":"Updates overall design and implementation","messageBody":"","fileTypesAndContributionMap":{"docs":{"insertions":39,"deletions":1}}},{"hash":"2843a256a1de83fb39b02c9ace25239a9e313dc7","isMergeCommit":true,"messageTitle":"Merge branch \u0027master\u0027 of https://github.com/AY2425S2-CS2113-F12-3/tp into branch-UpdateGuides","messageBody":"","fileTypesAndContributionMap":{}},{"hash":"dc0e39345d97fc1be292cac5dd92f5bf9cc8eb9d","isMergeCommit":false,"messageTitle":"Updates DG docs for multistep commands","messageBody":"","fileTypesAndContributionMap":{"docs":{"insertions":104,"deletions":1}}},{"hash":"9621e631f6a899d7c7a9c65f88ee70e6a9d1d9af","isMergeCommit":false,"messageTitle":"Improves English in DG","messageBody":"Rephrases some stuff in the multistep command documentation\nAdds place holder table rows for other user stories\n","fileTypesAndContributionMap":{"docs":{"insertions":13,"deletions":10}}},{"hash":"05e2be1ebff029d16684c8396de27ec372631ac1","isMergeCommit":false,"messageTitle":"Adds some notes to multistep command documentation","messageBody":"","fileTypesAndContributionMap":{"docs":{"insertions":6,"deletions":1}}},{"hash":"4e35d99a806d9bfb1152eb6e91c7e048988a22ae","isMergeCommit":true,"messageTitle":"Merge branch \u0027master\u0027 of https://github.com/lwenyi1/tp into branch-ImproveSolve","messageBody":"","fileTypesAndContributionMap":{}},{"hash":"d7d81115f8b083283f872ed53ae1235b87a69b36","isMergeCommit":false,"messageTitle":"Updates solve to use last shown list","messageBody":"","fileTypesAndContributionMap":{"functional-code":{"insertions":66,"deletions":16},"test-code":{"insertions":3,"deletions":3}}},{"hash":"5a167f09d73b77a297c369fa31477b939e55e88a","isMergeCommit":true,"messageTitle":"Merge branch \u0027branch-ImproveSolve\u0027 of https://github.com/lwenyi1/tp into branch-ImproveHelp","messageBody":"","fileTypesAndContributionMap":{}},{"hash":"4cdefeff8d9999c2020bc2c8b63c5b2ac642e886","isMergeCommit":true,"messageTitle":"Merge branch \u0027master\u0027 of https://github.com/AY2425S2-CS2113-F12-3/tp","messageBody":"","fileTypesAndContributionMap":{}},{"hash":"32b8ac280d8ca7c73eeaf76b59c1d0dd0f63aacf","isMergeCommit":true,"messageTitle":"Merge branch \u0027master\u0027 of https://github.com/lwenyi1/tp into branch-ImproveHelp","messageBody":"","fileTypesAndContributionMap":{}}]},{"date":"2025-04-01T00:00:00","commitResults":[{"hash":"5caf875a33e9e664f1f0d9426cff0863101f5db2","isMergeCommit":true,"messageTitle":"Merge pull request #51 from Jensenkuok/branch-DeleteCommand","messageBody":"Added DeleteCommand, and relevant edits to DG and UG","fileTypesAndContributionMap":{}},{"hash":"98da87bf94501ce2888f3b243efa51c1e5646b3b","isMergeCommit":false,"messageTitle":"Updates help command","messageBody":"Now supports help [COMMAND]. Necessary changes to parser, test and expected.txt made as well.\n","fileTypesAndContributionMap":{"functional-code":{"insertions":145,"deletions":4},"test-code":{"insertions":175,"deletions":4}}},{"hash":"de015a9238102e5c42915a5270bc8fa1d1f233dd","isMergeCommit":true,"messageTitle":"Merge branch \u0027master\u0027 of https://github.com/AY2425S2-CS2113-F12-3/tp into branch-ImproveHelp","messageBody":"","fileTypesAndContributionMap":{}},{"hash":"ace4dce129e2fe873def383e65bf5ecaa0676247","isMergeCommit":false,"messageTitle":"Removes the extra newline below help messages","messageBody":"","fileTypesAndContributionMap":{"functional-code":{"insertions":8,"deletions":16}}},{"hash":"0e214fb9ffcb0a824ada1143343dd56ee2418b68","isMergeCommit":false,"messageTitle":"Fixes bugs","messageBody":"Fixed some bug that respawned in the most recent merge due to lastShownQuestionBank\u0027s initialisation\nRemoved the extra \"edit\" description in the default help message\n","fileTypesAndContributionMap":{"functional-code":{"insertions":41,"deletions":30}}},{"hash":"8aca94e20a4a1b10726b64c3b720aaa387a1e542","isMergeCommit":false,"messageTitle":"Updates testing for help","messageBody":"Also adds a new expectedloader script to speed up the creation of expected text files\n","fileTypesAndContributionMap":{"other":{"insertions":15,"deletions":0},"test-code":{"insertions":24,"deletions":19}}},{"hash":"ed17606c90dac50d7c948724c7e5355c01631105","isMergeCommit":false,"messageTitle":"Update guides for help command","messageBody":"","fileTypesAndContributionMap":{"docs":{"insertions":77,"deletions":14}}},{"hash":"ff6606e593d3cf6ccc1b94fb834ee02b4b8b92c9","isMergeCommit":false,"messageTitle":"Updates testing of help command","messageBody":"","fileTypesAndContributionMap":{"functional-code":{"insertions":1,"deletions":1},"test-code":{"insertions":19,"deletions":0}}},{"hash":"88fda1443e19183972620e43f89bf39fde1b5ee0","isMergeCommit":false,"messageTitle":"Fixes checkstyle :\")","messageBody":"","fileTypesAndContributionMap":{"functional-code":{"insertions":27,"deletions":27},"test-code":{"insertions":79,"deletions":77}}},{"hash":"b044104f4670f70030a1c901253a9dba83dfc791","isMergeCommit":false,"messageTitle":"Fixes checkstyle again","messageBody":"","fileTypesAndContributionMap":{"functional-code":{"insertions":9,"deletions":9},"test-code":{"insertions":1,"deletions":2}}},{"hash":"df91c8f7a7fdd404a370f93ef1d3466899305b64","isMergeCommit":false,"messageTitle":"Fixes checkstyle again","messageBody":"I swear I followed convention!\n","fileTypesAndContributionMap":{"functional-code":{"insertions":9,"deletions":9}}},{"hash":"a6e93c0219ee1617db282d5b103ce31670c66e49","isMergeCommit":true,"messageTitle":"Merge pull request #53 from Flaaaash/branch_solveMCQ","messageBody":"Implements proper solving for MCQs","fileTypesAndContributionMap":{}},{"hash":"46556eee4f02fb7a2d4977a54cf6b7f753873005","isMergeCommit":true,"messageTitle":"Merge branch \u0027master\u0027 of https://github.com/AY2425S2-CS2113-F12-3/tp","messageBody":"","fileTypesAndContributionMap":{}},{"hash":"40f0e8c47d78fa7a5893dfd3ed76c7bd8befeccf","isMergeCommit":false,"messageTitle":"Updates solve and its test","messageBody":"Removes solve one step\n","fileTypesAndContributionMap":{"functional-code":{"insertions":29,"deletions":110},"test-code":{"insertions":75,"deletions":135}}},{"hash":"f55010e8d33e11e6d328e11f1067b28ee9984306","isMergeCommit":false,"messageTitle":"Updates help command, its test and runtest stuff","messageBody":"","fileTypesAndContributionMap":{"functional-code":{"insertions":4,"deletions":9},"test-code":{"insertions":4,"deletions":9}}}]},{"date":"2025-04-02T00:00:00","commitResults":[{"hash":"c934c354fe89bbee25b75ef20f38c4cda1635f0e","isMergeCommit":false,"messageTitle":"Updates documentation related to solve","messageBody":"","fileTypesAndContributionMap":{"docs":{"insertions":70,"deletions":42}}},{"hash":"977cc74e1317c281f62346cbdd01d8f4203edf93","isMergeCommit":false,"messageTitle":"Fixes checkstyle","messageBody":"","fileTypesAndContributionMap":{"functional-code":{"insertions":3,"deletions":1},"test-code":{"insertions":1,"deletions":1}}},{"hash":"e8de82821315354461d77b9228e04b3fc693b15f","isMergeCommit":true,"messageTitle":"Merge branch \u0027master\u0027 of https://github.com/AY2425S2-CS2113-F12-3/tp","messageBody":"","fileTypesAndContributionMap":{}}]},{"date":"2025-04-03T00:00:00","commitResults":[{"hash":"8a9f9d5fe51e2838748b7589eb65c1d32db61c7b","isMergeCommit":true,"messageTitle":"Merge pull request #59 from tongkiankiat/update_documentation","messageBody":"Update documentation (UG, DG, KK\u0027s PPP)\n\nUpdates program to address empty commands","fileTypesAndContributionMap":{}},{"hash":"723e6f944a2ec8c63cc6c41e0c235183dad3a838","isMergeCommit":true,"messageTitle":"Merge branch \u0027master\u0027 of https://github.com/AY2425S2-CS2113-F12-3/tp into branch-UpdateDocs","messageBody":"","fileTypesAndContributionMap":{}},{"hash":"ffb76c7d0869e5699710eae3f3cb4abd5ed8531b","isMergeCommit":false,"messageTitle":"Adds fancy sequence diagram for main program","messageBody":"","fileTypesAndContributionMap":{"docs":{"insertions":1,"deletions":1}}},{"hash":"fa55548a6aae9afab6b9e20f236a8cf041b0e479","isMergeCommit":false,"messageTitle":"Adds PUML stuff","messageBody":"","fileTypesAndContributionMap":{"docs":{"insertions":2,"deletions":0}}},{"hash":"ea341fa887c42d74398ccce8730f92053062f123","isMergeCommit":false,"messageTitle":"Tidies up UG","messageBody":"","fileTypesAndContributionMap":{"docs":{"insertions":49,"deletions":18}}},{"hash":"7ad78df1f5609ec803d36e702d2138937da9be5c","isMergeCommit":false,"messageTitle":"Updates WY\u0027s PPP","messageBody":"","fileTypesAndContributionMap":{"docs":{"insertions":32,"deletions":2}}},{"hash":"18defe3c30ba443df374e1df05951a334c6fb0be","isMergeCommit":false,"messageTitle":"Fixes style","messageBody":"","fileTypesAndContributionMap":{"docs":{"insertions":1,"deletions":1}}},{"hash":"aba02d64ede0632409204f519bc179b3dd8788c7","isMergeCommit":true,"messageTitle":"Merge pull request #61 from Flaaaash/branch_documentation","messageBody":"Updates docs and XY\u0027s PPP","tags":["v2.0"],"fileTypesAndContributionMap":{}},{"hash":"94990a6fddd2629ccf32acdd868ef953f456e810","isMergeCommit":true,"messageTitle":"Merge branch \u0027master\u0027 of https://github.com/AY2425S2-CS2113-F12-3/tp into branch-UpdateDocs","messageBody":"","fileTypesAndContributionMap":{}},{"hash":"f0343b5a423db280bb68484a5dd8f3e4e2f2a348","isMergeCommit":false,"messageTitle":"Update plantUML diagrams","messageBody":"","fileTypesAndContributionMap":{"docs":{"insertions":186,"deletions":5}}},{"hash":"b47859ceff044a88eb681844b78f1f20d84c3960","isMergeCommit":false,"messageTitle":"Updates guides","messageBody":"","fileTypesAndContributionMap":{"docs":{"insertions":48,"deletions":11}}}]}],"Jensenkuok":[{"date":"2025-03-03T00:00:00","commitResults":[{"hash":"68c5d6a09e7b592f81b1fb277f1eb4c867b4f8d0","isMergeCommit":true,"messageTitle":"Merge pull request #2 from Flaaaash/master","messageBody":"Add MCQ and addQuestionRoutine to handle MCQ","fileTypesAndContributionMap":{}}]},{"date":"2025-03-07T00:00:00","commitResults":[{"hash":"c1ed85cb3ad2e4905d028e726588f4b9fc043a71","isMergeCommit":true,"messageTitle":"Merge pull request #4 from Flaaaash/master","messageBody":"Data package completed","fileTypesAndContributionMap":{}},{"hash":"a085fa623ce0676ea2709f6f1a93ac6618d27eaf","isMergeCommit":false,"messageTitle":"Tutorial Exercise","messageBody":"","fileTypesAndContributionMap":{"docs":{"insertions":4,"deletions":7}}}]},{"date":"2025-03-14T00:00:00","commitResults":[{"hash":"c0826874a3766c6acbf179512879a1992f0aed12","isMergeCommit":false,"messageTitle":"Created StorageFile Class to allow for storing of data Instantiated Storage in main Added getter to QuestionType","messageBody":"","fileTypesAndContributionMap":{"functional-code":{"insertions":72,"deletions":0}}},{"hash":"a413b36696d881aa220b0338346ec1a60bc4c9fc","isMergeCommit":true,"messageTitle":"Merge branch \u0027master\u0027 into storage.save","messageBody":"# Conflicts:\n#\tsrc/main/java/mindexpander/Main.java\n","fileTypesAndContributionMap":{}},{"hash":"f8c3b50a6674616c9e1ee36254a70b60b7735df0","isMergeCommit":true,"messageTitle":"Merge pull request #19 from tongkiankiat/master","messageBody":"Adds ListCommand and CommandResult class","fileTypesAndContributionMap":{}},{"hash":"b39f3c87426faf30d99acceba1d6821e1ef00111","isMergeCommit":false,"messageTitle":"Added StorageFile class Modified Main to initialise StorageFile and pass it to parser Updated Parser to pass StorageFile when creating AddCommand Implemented auto-save in AddCommand by calling storage.save(questionBank) after adding a question","messageBody":"","fileTypesAndContributionMap":{"functional-code":{"insertions":20,"deletions":10}}},{"hash":"56cf5eb4adb88d40053af39c78bf7f784ef82950","isMergeCommit":true,"messageTitle":"Merge branch \u0027master\u0027 into storage.save","messageBody":"# Conflicts:\n#\tsrc/main/java/mindexpander/Main.java\n#\tsrc/main/java/mindexpander/parser/Parser.java\n","fileTypesAndContributionMap":{}},{"hash":"fb8b00c40728749b1c9bd0096e7719d3aef178dd","isMergeCommit":false,"messageTitle":"Added loading functionality to StorageFile Implemented `load()` method in StorageFile Updated Main to call `storage.load()` on startup Modified Parser to pass QuestionBank to ListCommand Updated ListCommand to return the loaded QuestionBank when executed","messageBody":"","fileTypesAndContributionMap":{"functional-code":{"insertions":71,"deletions":14}}},{"hash":"fe50656a6cd76d2f860f6cdedc81dc178535c277","isMergeCommit":false,"messageTitle":"Added indentations and end line to fix checkstyle error","messageBody":"","fileTypesAndContributionMap":{"functional-code":{"insertions":9,"deletions":9}}}]},{"date":"2025-03-20T00:00:00","commitResults":[{"hash":"fa530b6c1b8191b8283894169fc197cd03f119cf","isMergeCommit":true,"messageTitle":"Merge pull request #28 from lwenyi1/branch-SolveUnitTest","messageBody":"Branch SolveCommand unit test","fileTypesAndContributionMap":{}},{"hash":"eb2c00d9bc1e27195884d92d9c9c41ae25c02204","isMergeCommit":true,"messageTitle":"Merge branch \u0027master\u0027 of https://github.com/AY2425S2-CS2113-F12-3/tp","messageBody":"","fileTypesAndContributionMap":{}},{"hash":"7cde4e60388352128f2a46600143fd12212a9cb2","isMergeCommit":false,"messageTitle":"Improved directory creation logic in StorageFile to avoid false warnings when directory exists. Added/updated StorageFileTest to validate single question save and load behavior.","messageBody":"","fileTypesAndContributionMap":{"functional-code":{"insertions":13,"deletions":10},"test-code":{"insertions":69,"deletions":0}}},{"hash":"d9a096ab40bab785ecc6ed5cf1d73b016c914530","isMergeCommit":false,"messageTitle":"Added new test to StorageFileTest to validate multiple questions save and load behavior.","messageBody":"","fileTypesAndContributionMap":{"test-code":{"insertions":16,"deletions":0}}},{"hash":"0cc8dfd8d566ae1ca79f1ee7eed2825300ece14c","isMergeCommit":false,"messageTitle":"Added tests for loading from non-existent file and handling invalid data lines in StorageFile","messageBody":"","fileTypesAndContributionMap":{"test-code":{"insertions":26,"deletions":0}}},{"hash":"1cd5bc21740759658c6514ee486c998ea71cb5e9","isMergeCommit":true,"messageTitle":"Merge pull request #33 from lwenyi1/branch-UserGuide","messageBody":"Branch user guide","fileTypesAndContributionMap":{}},{"hash":"1177e96202d25836faa4b1f09503e09c9f18ba17","isMergeCommit":true,"messageTitle":"Merge branch \u0027master\u0027 of https://github.com/AY2425S2-CS2113-F12-3/tp","messageBody":"","fileTypesAndContributionMap":{}},{"hash":"a7e2817120da220a5180a17f0c6fc3f6decb611b","isMergeCommit":true,"messageTitle":"Merge branch \u0027master\u0027 into branch-StorageFileUnitTest","messageBody":"","fileTypesAndContributionMap":{}},{"hash":"9d6954e459e2e4fb4ad0621735cc5f1e720d210f","isMergeCommit":false,"messageTitle":"Fixes checkstyle error.","messageBody":"","fileTypesAndContributionMap":{"functional-code":{"insertions":7,"deletions":7},"test-code":{"insertions":2,"deletions":1}}},{"hash":"528b95ce1ad422768d7e6ab4c73965269cc4f5d0","isMergeCommit":true,"messageTitle":"Merge branch \u0027master\u0027 of https://github.com/AY2425S2-CS2113-F12-3/tp","messageBody":"","fileTypesAndContributionMap":{}},{"hash":"d11e154f7f05ef5d0ea04d43cc4ce37b38aa3290","isMergeCommit":true,"messageTitle":"Merge branch \u0027master\u0027 into branch-StorageFileUnitTest","messageBody":"","fileTypesAndContributionMap":{}},{"hash":"765f7acb89b1991030f19205f82cab93984c6de4","isMergeCommit":false,"messageTitle":"Updated user guide to inform users about saving and loading of data","messageBody":"","fileTypesAndContributionMap":{"docs":{"insertions":2,"deletions":2}}}]},{"date":"2025-03-31T00:00:00","commitResults":[{"hash":"e4086029a0e3a3ea1f7b8de659da5e3c6b9fa716","isMergeCommit":false,"messageTitle":"enable assertions","messageBody":"","fileTypesAndContributionMap":{"other":{"insertions":1,"deletions":0}}},{"hash":"ebcdd495112155011f5784f8832a5e76e6b96327","isMergeCommit":true,"messageTitle":"Merge branch \u0027master\u0027 into branch-DeleteCommand","messageBody":"# Conflicts:\n#\tbuild.gradle\n","fileTypesAndContributionMap":{}},{"hash":"8cd21e829fdd7dc8dbca2dea4360a925ed732551","isMergeCommit":true,"messageTitle":"Merge branch \u0027master\u0027 into update_dg","messageBody":"","fileTypesAndContributionMap":{}},{"hash":"dd524096ff1d09424122669682540bdcf338b9dd","isMergeCommit":false,"messageTitle":"Added DeleteCommand to remove questions using lastShown list","messageBody":"- Added DeleteCommand for single-step deletion using index from lastShownQuestionBank\n- Updated Parser to pass both questionBank and lastShownQuestionBank\n- Modified Main to support new Parser method\n- Added findQuestionIndex() in QuestionBank\n- Updated FindCommandTest and ListCommandTest for new parseCommand signature\n","fileTypesAndContributionMap":{"functional-code":{"insertions":72,"deletions":3},"test-code":{"insertions":3,"deletions":3}}},{"hash":"739a0ce66ff1c2ed798a41cf672e978da18b1fbb","isMergeCommit":true,"messageTitle":"Merge branch \u0027master\u0027 into branch-DeleteCommand","messageBody":"","fileTypesAndContributionMap":{}},{"hash":"3a3298a4c78968d171a0889d595f70cad2647d27","isMergeCommit":false,"messageTitle":"- Changed developer guide to describe Storage logic - Fixed checkstyle errors - Added user story for delete and storage","messageBody":"","fileTypesAndContributionMap":{"functional-code":{"insertions":11,"deletions":12},"docs":{"insertions":53,"deletions":3}}},{"hash":"c23b56d253d3369db1a2479efedb148c500822a5","isMergeCommit":false,"messageTitle":"Added JUnit test for delete command and assertion","messageBody":"","fileTypesAndContributionMap":{"functional-code":{"insertions":2,"deletions":0},"test-code":{"insertions":48,"deletions":0}}}]},{"date":"2025-04-01T00:00:00","commitResults":[{"hash":"51ffb77580513d11f90cd27433fb0aa532c08414","isMergeCommit":false,"messageTitle":"- Extracts DeleteCommand parsing logic from Parser into DeleteCommand","messageBody":"- Edits HelpCommand and HelpCommandTest to reflect change\n","fileTypesAndContributionMap":{"functional-code":{"insertions":15,"deletions":14},"test-code":{"insertions":2,"deletions":0}}}]},{"date":"2025-04-03T00:00:00","commitResults":[{"hash":"38d4822c8499374f609ff33f9c30275b9e5a190a","isMergeCommit":false,"messageTitle":"Adds Storage support for MultipleChoice questions Adds getter in MCQ class to get options","messageBody":"","fileTypesAndContributionMap":{"functional-code":{"insertions":28,"deletions":3},"docs":{"insertions":3,"deletions":2}}},{"hash":"a43421669bf6d2c46da7313f27085e7ca931a33f","isMergeCommit":false,"messageTitle":"Converted magic string delimiter to STORAGE_DELIMITER \u003d \"%%MINDEXPANDER_DELIM%%\" Updated JUnit test for storage","messageBody":"","fileTypesAndContributionMap":{"functional-code":{"insertions":13,"deletions":6},"test-code":{"insertions":18,"deletions":3}}},{"hash":"89f2f146d728917346a328052487fd20c1b88d51","isMergeCommit":true,"messageTitle":"Merge branch \u0027master\u0027 into branch-bugfix","messageBody":"# Conflicts:\n#\tsrc/main/java/mindexpander/common/Messages.java\n","fileTypesAndContributionMap":{}},{"hash":"3dcc20db00394a072b554dfefe173811146edee3","isMergeCommit":false,"messageTitle":"Updates PPP, UG and DG","messageBody":"","fileTypesAndContributionMap":{"docs":{"insertions":55,"deletions":24}}},{"hash":"038030b49dbde9f5224c1a08c5b8b7d1ca770655","isMergeCommit":false,"messageTitle":"Adds user story for edit","messageBody":"","fileTypesAndContributionMap":{"docs":{"insertions":13,"deletions":13}}}]}]},"authorFileTypeContributionMap":{"tongkiankiat":{"docs":151,"functional-code":197,"test-code":189},"Flaaaash":{"docs":175,"functional-code":346,"test-code":142},"lwenyi1":{"docs":700,"functional-code":732,"test-code":342,"other":18},"Jensenkuok":{"docs":92,"functional-code":235,"test-code":178}},"authorContributionVariance":{"tongkiankiat":3290.1318,"Flaaaash":13889.303,"lwenyi1":56463.62,"Jensenkuok":3017.5046},"authorDisplayNameMap":{"tongkiankiat":"CS2113-F12-3 TONG..KIAT","Flaaaash":"CS2113-F12-3 LIU ..UYAN","lwenyi1":"CS2113-F12-3 LIU ..ENYI","Jensenkuok":"CS2113-F12-3 JENS..HOCK"}}
