{"authorDailyContributionsMap":{"WayneCh0y":[{"date":"2025-03-06","commitResults":[{"hash":"f635bc938de969863761c1eb9dafeec299bbad1e","isMergeCommit":false,"messageTitle":"updated AboutUs","messageBody":"","fileTypesAndContributionMap":{"docs":{"insertions":4,"deletions":7}}},{"hash":"1a60738f09c02729b6e32ecd7c2dbf5815a2ea39","isMergeCommit":true,"messageTitle":"Merge branch \u0027master\u0027 into Ethan-AboutUS","messageBody":"","fileTypesAndContributionMap":{}},{"hash":"fac6ccb0539047d7d3de98daa2772c1c66f06a56","isMergeCommit":true,"messageTitle":"Merge branch \u0027master\u0027 into Ethan-AboutUS","messageBody":"","fileTypesAndContributionMap":{}},{"hash":"66dea868ded039f0080201e97553217190cb0aed","isMergeCommit":true,"messageTitle":"Merge pull request #4 from eth4n22/Ethan-AboutUS","messageBody":"Ethan about us","fileTypesAndContributionMap":{}},{"hash":"7184c867c49aa3d2f3a4d709b544a8c832b1833d","isMergeCommit":true,"messageTitle":"Merge pull request #6 from AY2425S2-CS2113-T13-3/Deanson-Choo-patch-1","messageBody":"Update AboutUs.md","fileTypesAndContributionMap":{}}]},{"date":"2025-03-16","commitResults":[{"hash":"694a56b32cb62a8681f7ebe6ee551065e841404d","isMergeCommit":true,"messageTitle":"Merge pull request #8 from Deanson-Choo/master","messageBody":"Skeleton Code #2","fileTypesAndContributionMap":{}}]},{"date":"2025-03-17","commitResults":[{"hash":"c227815077a3f29bb958ecd396e2836822321d96","isMergeCommit":true,"messageTitle":"Merge pull request #28 from eth4n22/Ethan-changes","messageBody":"UI and Book class added","fileTypesAndContributionMap":{}},{"hash":"3557e36dfea56ce84646d0fa277d734436a893d4","isMergeCommit":true,"messageTitle":"Merge pull request #29 from Xavierleejrui/branch-BookManager","messageBody":"Created BookManager skeleton code","fileTypesAndContributionMap":{}},{"hash":"3e8342838e02fd2953af01ceecd6c43f0966cae7","isMergeCommit":true,"messageTitle":"Merge pull request #30 from jenmarieng/Jermaine-v1.0-parser","messageBody":"Add parser to parse user input and call relevant command","fileTypesAndContributionMap":{}},{"hash":"5fab1cf16f8e63e164a0fdef94e479a4f9d5e6b8","isMergeCommit":true,"messageTitle":"Merge pull request #32 from Xavierleejrui/branch-BookManager","messageBody":"Added assertion to book manager class","fileTypesAndContributionMap":{}},{"hash":"4cbcaf456b845f8cfdb9109740d10c9ab6fb2fdd","isMergeCommit":false,"messageTitle":"Implement storage","messageBody":"","fileTypesAndContributionMap":{"functional-code":{"insertions":74,"deletions":0}}},{"hash":"e6a942e736224015b4455420304663a9d6859ebf","isMergeCommit":true,"messageTitle":"Merge pull request #33 from eth4n22/master","messageBody":"Addition of Assertion functions","fileTypesAndContributionMap":{}},{"hash":"6f57bfb9910954c312b7c346070a667cc1eef236","isMergeCommit":true,"messageTitle":"Merge pull request #35 from eth4n22/Ethan-changes","messageBody":"updated assertions","fileTypesAndContributionMap":{}},{"hash":"7181da7dfa6718476346e45a66cfad1e54825c20","isMergeCommit":true,"messageTitle":"Merge pull request #44 from eth4n22/Ethan-new-changes","messageBody":"Addition of setStatus in Book class and scanner function in Ui class","fileTypesAndContributionMap":{}}]},{"date":"2025-03-18","commitResults":[{"hash":"8e618fcd8bc7f658f315e5f255c6437d471da0d8","isMergeCommit":false,"messageTitle":"Fix Storage branch","messageBody":"","fileTypesAndContributionMap":{"functional-code":{"insertions":29,"deletions":14}}},{"hash":"02b58e56fe34480c15d6578defa5f5a07c598cf4","isMergeCommit":true,"messageTitle":"Merge pull request #46 from Deanson-Choo/Deanson-v1.0_Fix#2","messageBody":"fixed Lebook main to call correct Ui functions","fileTypesAndContributionMap":{}},{"hash":"21c8e762f5703b3ce4325998fddb3c084d5ac116","isMergeCommit":true,"messageTitle":"Merge pull request #49 from Deanson-Choo/Deanson-v1.0_Fix#3","messageBody":"Fixed overall code structure","fileTypesAndContributionMap":{}},{"hash":"0c94cf6c408b2e35dc16012c08076bcbf145f2cf","isMergeCommit":true,"messageTitle":"Merge pull request #52 from Deanson-Choo/Deanson-v1.0#fix#4","messageBody":"Fixed minor bugs","fileTypesAndContributionMap":{}},{"hash":"10c7b3535b1f9edad489087ee6ae080b7518b226","isMergeCommit":false,"messageTitle":"Fix bug in loading file","messageBody":"","fileTypesAndContributionMap":{"functional-code":{"insertions":5,"deletions":6}}},{"hash":"3b1458cf39f1809a8a548f4ccc49c0a0c1e74814","isMergeCommit":true,"messageTitle":"Merge branch \u0027master\u0027 into branch-bugfix#1#","messageBody":"","fileTypesAndContributionMap":{}},{"hash":"e33b6fe892a34a22793dc2f5dc309d48ffb91681","isMergeCommit":false,"messageTitle":"Formatting Files","messageBody":"","fileTypesAndContributionMap":{"functional-code":{"insertions":26,"deletions":20}}},{"hash":"5a2ed14733e14f33203ce0dd2756b09d34e20fda","isMergeCommit":true,"messageTitle":"Merge branch \u0027master\u0027 into branch-bugfix#2#","messageBody":"","fileTypesAndContributionMap":{}},{"hash":"bd4036597a4885bdbd77c7377d1624e493980435","isMergeCommit":true,"messageTitle":"Merge pull request #70 from eth4n22/JUnit-test","messageBody":"Junit test for UI","fileTypesAndContributionMap":{}}]},{"date":"2025-03-19","commitResults":[{"hash":"6cae7e1b4a4a10445b8089542f2ce835d8776909","isMergeCommit":true,"messageTitle":"Merge pull request #73 from Deanson-Choo/Deanson-v1.0#Fix#7","messageBody":"Add Assertions to Command Classes","fileTypesAndContributionMap":{}},{"hash":"2267ad9c7c7fa4974ff631e59b03e4985c204dba","isMergeCommit":true,"messageTitle":"Merge pull request #75 from Deanson-Choo/Deanson-v1.0#Fix8","messageBody":"Deanson v1.0#fix8","fileTypesAndContributionMap":{}},{"hash":"9d6156d9a37f0e07da1a1c80ade682a58ab0f8a2","isMergeCommit":true,"messageTitle":"Merge pull request #77 from Deanson-Choo/Deanson-v1.0#Fix9","messageBody":"Updated updateBookStatus method param to userInput for clarity","fileTypesAndContributionMap":{}},{"hash":"734944d62dbd07b49b3725a0ec55de089eb58c47","isMergeCommit":false,"messageTitle":"JUnit test for Storage","messageBody":"","fileTypesAndContributionMap":{"test-code":{"insertions":44,"deletions":0}}},{"hash":"cc43858b65c8913d2a8add6180631ddaaa593c31","isMergeCommit":true,"messageTitle":"Merge pull request #80 from jenmarieng/Jermaine-update-parser","messageBody":"Update parser to include assertions and JUnit test","fileTypesAndContributionMap":{}},{"hash":"0620d6808cfeca957b02e37a53640551ef529fbb","isMergeCommit":false,"messageTitle":"Remove file deletion in Junit Test","messageBody":"","fileTypesAndContributionMap":{"functional-code":{"insertions":3,"deletions":0},"test-code":{"insertions":0,"deletions":5}}},{"hash":"4dd508daa293c4f245bd309d658abdb67f9db7f3","isMergeCommit":false,"messageTitle":"Remove redundant import","messageBody":"","fileTypesAndContributionMap":{"test-code":{"insertions":0,"deletions":1}}},{"hash":"b7019ad4ee6e93661c6b0d95044fbe430784af25","isMergeCommit":true,"messageTitle":"Merge pull request #86 from Xavierleejrui/branch-junitTest","messageBody":"Added in junit test for bookmanagertest","fileTypesAndContributionMap":{}},{"hash":"3caf705689c7e9833cc58350e96a600610c2db35","isMergeCommit":true,"messageTitle":"Merge pull request #88 from Deanson-Choo/Deanson-v1.0Fix#10","messageBody":"Added test cases for updateBookStatus() method","fileTypesAndContributionMap":{}},{"hash":"184695e197bdf9a3c093182daff299428f87e524","isMergeCommit":true,"messageTitle":"Merge pull request #89 from Deanson-Choo/Deanson-v1.0#Fix11","messageBody":"Minor Fix Lebook Main","fileTypesAndContributionMap":{}},{"hash":"e5e22a5dea3d00f4fb12aa22792139f9e58d73e4","isMergeCommit":true,"messageTitle":"Merge pull request #90 from Deanson-Choo/V1.0-MinorFix#12","messageBody":"Minor Fixes#12","fileTypesAndContributionMap":{}},{"hash":"5f75e61d7f742b46fe8b69375fd2d037ef080e9f","isMergeCommit":true,"messageTitle":"Merge pull request #92 from Deanson-Choo/Deanson-v1.0Fix#12","messageBody":"Code Reversion to Working Version","tags":["v1.0"],"fileTypesAndContributionMap":{}}]},{"date":"2025-03-22","commitResults":[{"hash":"a4dd16d30673d05c00058dbfbbd2a844682edeb0","isMergeCommit":true,"messageTitle":"Merge pull request #96 from AY2425S2-CS2113-T13-3/Xavierleejrui-patch-1","messageBody":"Update README.md","fileTypesAndContributionMap":{}}]},{"date":"2025-03-26","commitResults":[{"hash":"801334ac6b0ac8977dc2e02dc190e4699779dfd5","isMergeCommit":true,"messageTitle":"Merge pull request #122 from eth4n22/return-duedate","messageBody":"added functionality for borrowed books return due dates","fileTypesAndContributionMap":{}},{"hash":"3d431efa3ea51c401c7dcd57f357c0cffc352f82","isMergeCommit":false,"messageTitle":"Addressed comments Refactor code Removoe Redundancy","messageBody":"","fileTypesAndContributionMap":{"functional-code":{"insertions":31,"deletions":40}}},{"hash":"7e917ec66970e9f7b3ecdcaac92948ebe9cb8ebe","isMergeCommit":true,"messageTitle":"Merge pull request #126 from eth4n22/DG-changes","messageBody":"added DG for Ui class and return due date related features","fileTypesAndContributionMap":{}},{"hash":"c775b5cd63a40922805e14007e2b539b624a13d1","isMergeCommit":false,"messageTitle":"Update DG for storage","messageBody":"","fileTypesAndContributionMap":{"docs":{"insertions":9,"deletions":0}}},{"hash":"7f40692f154679cef129676e7e8431d8c023be4e","isMergeCommit":true,"messageTitle":"Merge branch \u0027master\u0027 into branch-Wayne(v2.0)#1","messageBody":"","fileTypesAndContributionMap":{}},{"hash":"d9936a1a20332fd452e14b0525d6ee3c7feac6d7","isMergeCommit":false,"messageTitle":"Move to design section","messageBody":"","fileTypesAndContributionMap":{"docs":{"insertions":8,"deletions":1}}},{"hash":"5a0b4903a12af466c43c1864db984eef5ab8d95c","isMergeCommit":true,"messageTitle":"Merge branch \u0027branch-Wayne(v2.0)#1\u0027 of https://github.com/WayneCh0y/tp into branch-Wayne(v2.0)#1","messageBody":"","fileTypesAndContributionMap":{}},{"hash":"2f61c290bd4739e69a821dd7afe801a90762c877","isMergeCommit":true,"messageTitle":"Merge pull request #129 from Deanson-Choo/Deanson-UG#2","messageBody":"UG update Command Class #2","fileTypesAndContributionMap":{}},{"hash":"f9513f610a86e15a91aae62cadfbb985154aed92","isMergeCommit":true,"messageTitle":"Merge pull request #131 from jenmarieng/jermaine-add-parser-dg","messageBody":"Include parser in developer guide","fileTypesAndContributionMap":{}},{"hash":"473c4905c29f254fd492b13a6d536345d2edd06c","isMergeCommit":true,"messageTitle":"Merge pull request #132 from Deanson-Choo/Shelf-Implement","messageBody":"Shelf Base Implementation #1","fileTypesAndContributionMap":{}}]},{"date":"2025-03-27","commitResults":[{"hash":"b1eb2c542be9192380d0ead5d3369bd2f7688300","isMergeCommit":false,"messageTitle":"Implementation of shelf class","messageBody":"","fileTypesAndContributionMap":{"functional-code":{"insertions":341,"deletions":44}}}]},{"date":"2025-03-28","commitResults":[{"hash":"b29453dd007e21002ce9283e190812e768b82478","isMergeCommit":true,"messageTitle":"Merge pull request #134 from jenmarieng/jermaine-update-parser-v2","messageBody":"Update parser to pass in book index","fileTypesAndContributionMap":{}},{"hash":"be8538c8abc195af9944ecdd27889a8cd80f6b03","isMergeCommit":true,"messageTitle":"Merge pull request #135 from Deanson-Choo/Shelf-v2.0#1","messageBody":"Usage of inheritance for shelf classes","fileTypesAndContributionMap":{}}]},{"date":"2025-03-29","commitResults":[{"hash":"cbdbaedad1793ce3b9402d651903036312a7d329","isMergeCommit":true,"messageTitle":"Merge pull request #138 from Deanson-Choo/Shelf-v2.0#2","messageBody":"able to deleteBooks from shelves","fileTypesAndContributionMap":{}},{"hash":"6984933728e3d9a3a2e3e01452435e05430dc9f3","isMergeCommit":false,"messageTitle":"Implemented the addBook function to the shelves","messageBody":"","fileTypesAndContributionMap":{"functional-code":{"insertions":91,"deletions":28},"test-code":{"insertions":27,"deletions":0}}},{"hash":"a92088bec4cafef2e8c0c9ff8489e0ae4a129fa2","isMergeCommit":false,"messageTitle":"Wrote tests, Todo: listShelf() method","messageBody":"","fileTypesAndContributionMap":{"functional-code":{"insertions":12,"deletions":1},"test-code":{"insertions":31,"deletions":3}}},{"hash":"cd648717dc538b533a2a022f331c3b9f72b7059f","isMergeCommit":true,"messageTitle":"Merge pull request #143 from jenmarieng/jermaine-list-borrowed","messageBody":"Add code to implement listing of borrowed books","fileTypesAndContributionMap":{}},{"hash":"47a66ba337f939fd9b808761bb7aedf45b6a0c07","isMergeCommit":false,"messageTitle":"Implementation of the \"help\" command, Wrote testing for add to shelf todo: listShelf()","messageBody":"","fileTypesAndContributionMap":{"functional-code":{"insertions":76,"deletions":30},"test-code":{"insertions":63,"deletions":8}}},{"hash":"2230465da832a339f84d8266621c6bf0fa5a4225","isMergeCommit":false,"messageTitle":"Java Doc","messageBody":"","fileTypesAndContributionMap":{"functional-code":{"insertions":89,"deletions":10},"test-code":{"insertions":1,"deletions":1}}}]},{"date":"2025-03-30","commitResults":[{"hash":"b7fed90efd1a7d20129c1a546ae2697de575f394","isMergeCommit":false,"messageTitle":"Implement Listing of shelf. TODO: storage stuff","messageBody":"","fileTypesAndContributionMap":{"functional-code":{"insertions":142,"deletions":43},"test-code":{"insertions":4,"deletions":0}}},{"hash":"f9cf883587a5c3cfdf47a1a0015f6e7a8caf1c75","isMergeCommit":false,"messageTitle":"checkstyle fix attempt","messageBody":"","fileTypesAndContributionMap":{"functional-code":{"insertions":52,"deletions":74},"other":{"insertions":16,"deletions":16},"test-code":{"insertions":155,"deletions":155}}},{"hash":"939fb33d86a02cd7ba92b69bbe62339e6e05bf14","isMergeCommit":false,"messageTitle":"fixing checkstyle","messageBody":"","fileTypesAndContributionMap":{"functional-code":{"insertions":54,"deletions":45}}},{"hash":"d28ceaf030dd705cb509d0e6996bdfd44556c557","isMergeCommit":false,"messageTitle":"fixing checkstyle error","messageBody":"","fileTypesAndContributionMap":{"functional-code":{"insertions":16,"deletions":10},"test-code":{"insertions":54,"deletions":50}}},{"hash":"7d97fa9c9f13497400ddcdbfb62d77c98f71b81e","isMergeCommit":false,"messageTitle":"Trying to pass github checks","messageBody":"","fileTypesAndContributionMap":{"functional-code":{"insertions":4,"deletions":4},"test-code":{"insertions":16,"deletions":13}}},{"hash":"13c73bd6191363073e5eafbd24fe9ca340bdb92c","isMergeCommit":false,"messageTitle":"fixes","messageBody":"","fileTypesAndContributionMap":{"functional-code":{"insertions":2,"deletions":4},"test-code":{"insertions":34,"deletions":34}}},{"hash":"49a0de2a8b59f213772eb8d415d902f02fff2be6","isMergeCommit":false,"messageTitle":"fixes","messageBody":"","fileTypesAndContributionMap":{"functional-code":{"insertions":2,"deletions":1},"test-code":{"insertions":59,"deletions":59}}},{"hash":"87fc8faa172ff1293888a495be099d15de694736","isMergeCommit":false,"messageTitle":"checkstyle fix","messageBody":"","fileTypesAndContributionMap":{"test-code":{"insertions":2,"deletions":2}}},{"hash":"ebc1193464c9222a97b743a20fb6ad1505d938e6","isMergeCommit":false,"messageTitle":"fix checkstyle","messageBody":"","fileTypesAndContributionMap":{"functional-code":{"insertions":11,"deletions":11}}},{"hash":"5db65d1782099f9909615d8c7356ac41efe79e2d","isMergeCommit":true,"messageTitle":"Merge pull request #161 from jenmarieng/jermaine-add-member-class","messageBody":"Implement member class and listing of members with overdue books","fileTypesAndContributionMap":{}},{"hash":"d0065bebd2e03d1047a09b34924ae53d9ebe1606","isMergeCommit":false,"messageTitle":"fix","messageBody":"","fileTypesAndContributionMap":{"functional-code":{"insertions":2,"deletions":1}}},{"hash":"a9df1181afebd6fccdb72141d4e9f907fd6895f4","isMergeCommit":false,"messageTitle":"fixes checkstyle error","messageBody":"","fileTypesAndContributionMap":{"functional-code":{"insertions":3,"deletions":4},"test-code":{"insertions":145,"deletions":144}}},{"hash":"33ac142bd0f0eae2069f734dd59847da27dbe7ca","isMergeCommit":true,"messageTitle":"Merge pull request #162 from Deanson-Choo/Deanson-v2.0Fix","messageBody":"Fixed Deleting a book from Shelf","fileTypesAndContributionMap":{}},{"hash":"816b33a7092b607c487c0c3451e9a1aadcdbdd69","isMergeCommit":true,"messageTitle":"Merge pull request #167 from Deanson-Choo/Deanson-v2.0ShelfPackageFix","messageBody":"Deanson v2.0 shelf package fix","fileTypesAndContributionMap":{}},{"hash":"8c98dd47c6031ba48722caa4a650caee4a279d57","isMergeCommit":false,"messageTitle":"Used Singleton patterns for UI, Library and Storage Class. fix: writing to file now stores in the book index.","messageBody":"","fileTypesAndContributionMap":{"functional-code":{"insertions":80,"deletions":27},"test-code":{"insertions":9,"deletions":1}}},{"hash":"68d7a20c819dcfb85da5dbdde98167aaa6e78c80","isMergeCommit":true,"messageTitle":"Merge pull request #169 from Deanson-Choo/Deansonv2.0-JunitTestingShelf#2","messageBody":"Junit testing improvements for deleting a book from shelf","fileTypesAndContributionMap":{}},{"hash":"ba4ce8d3f33dd4a6b7754f94d9a127d6a90ce809","isMergeCommit":true,"messageTitle":"Merge pull request #174 from jenmarieng/jermaine-update-parser-v4","messageBody":"Jermaine update parser v4","fileTypesAndContributionMap":{}},{"hash":"d4f1dccaf017bd3f2248cf675adab0cafeb1eeec","isMergeCommit":false,"messageTitle":"Fix listing shelf when deleted a book implemented test for list shelf","messageBody":"","fileTypesAndContributionMap":{"functional-code":{"insertions":11,"deletions":0},"test-code":{"insertions":36,"deletions":0}}},{"hash":"512932f3f17ad84fc1db18aa386465ffd00addaf","isMergeCommit":false,"messageTitle":"Fix bug on listing the shelf that is not in the section","messageBody":"","fileTypesAndContributionMap":{"functional-code":{"insertions":31,"deletions":7}}},{"hash":"e8295599836077acb465105792afda48746bc571","isMergeCommit":false,"messageTitle":"Improve formatting","messageBody":"","fileTypesAndContributionMap":{"functional-code":{"insertions":72,"deletions":31},"test-code":{"insertions":1,"deletions":10}}}]},{"date":"2025-03-31","commitResults":[{"hash":"c089ec688147b9e1ecd05c3e6761ea31c5360caa","isMergeCommit":true,"messageTitle":"Merge pull request #185 from jenmarieng/jermaine-minor-fix","messageBody":"Jermaine minor fix","fileTypesAndContributionMap":{}},{"hash":"586a65f7bc0ddbe7d2b44b64467985bd6114f99b","isMergeCommit":false,"messageTitle":"Fix the loading of files TODO: fix minor bugs, make code more defensive","messageBody":"","fileTypesAndContributionMap":{"functional-code":{"insertions":101,"deletions":18},"test-code":{"insertions":18,"deletions":4}}},{"hash":"9e4de1192114f3f3dfc8a27ef212dc4e11ce28ff","isMergeCommit":true,"messageTitle":"Merge pull request #190 from eth4n22/quantity-feature","messageBody":"Quantity feature","fileTypesAndContributionMap":{}},{"hash":"111a493d23a8d249185f17351c5e055ea736ac7a","isMergeCommit":false,"messageTitle":"squash minor bugs","messageBody":"","fileTypesAndContributionMap":{"functional-code":{"insertions":49,"deletions":16}}},{"hash":"078f18d7845dfce4ca129e0f1953fe05d86a8c68","isMergeCommit":false,"messageTitle":"fix testerrors","messageBody":"","fileTypesAndContributionMap":{"test-code":{"insertions":2,"deletions":2}}},{"hash":"0986a3f1bf253f0c6fb5581044a0f4abec814446","isMergeCommit":true,"messageTitle":"Merge branch \u0027master\u0027 into jermaine-save-borrower","messageBody":"","fileTypesAndContributionMap":{}},{"hash":"97c33cf131b98722cb9baae8302f6414e5f79d86","isMergeCommit":true,"messageTitle":"Merge pull request #192 from jenmarieng/jermaine-save-borrower","messageBody":"Implement saving of members in storage","fileTypesAndContributionMap":{}},{"hash":"ce1e359f52fce18b3f0560d90b3f40a38996db12","isMergeCommit":true,"messageTitle":"Merge pull request #195 from jenmarieng/jermaine-fix-storage-bug","messageBody":"Fix minor bugs in storage regarding loading and saving book","fileTypesAndContributionMap":{}},{"hash":"c89626c68c1615abe15bc2db3e2c1c2e2d03a664","isMergeCommit":false,"messageTitle":"Fix issues related to borrowing","messageBody":"","fileTypesAndContributionMap":{"functional-code":{"insertions":196,"deletions":121},"test-code":{"insertions":89,"deletions":66}}}]}],"eth4n22":[{"date":"2025-03-06","commitResults":[{"hash":"02f5245b95ef2f051c383d3ddc0bb70b610b9809","isMergeCommit":false,"messageTitle":"about us","messageBody":"","fileTypesAndContributionMap":{"docs":{"insertions":4,"deletions":7}}},{"hash":"2168c6abdb75f2b70bdc178733bc49bb9006d253","isMergeCommit":false,"messageTitle":"about us","messageBody":"","fileTypesAndContributionMap":{"docs":{"insertions":3,"deletions":3}}}]},{"date":"2025-03-14","commitResults":[{"hash":"b740c0ed234b3e6f01ad75e0c52b171f565442dd","isMergeCommit":false,"messageTitle":"skeleton","messageBody":"","fileTypesAndContributionMap":{"functional-code":{"insertions":77,"deletions":0}}}]},{"date":"2025-03-16","commitResults":[{"hash":"b2a4aff0090331e54cb93af5af8ff5fd264e03e4","isMergeCommit":false,"messageTitle":"UI and Book class added","messageBody":"","fileTypesAndContributionMap":{"functional-code":{"insertions":94,"deletions":0}}},{"hash":"95872fb549f246a0660c28f491d3af8f88ee8f28","isMergeCommit":true,"messageTitle":"Merge branch \u0027Ethan-changes\u0027","messageBody":"","fileTypesAndContributionMap":{}},{"hash":"cc8231e2d65b616016635ee4cca458c368cca44c","isMergeCommit":false,"messageTitle":"UI and Book class with separator function","messageBody":"","fileTypesAndContributionMap":{"functional-code":{"insertions":6,"deletions":0}}}]},{"date":"2025-03-17","commitResults":[{"hash":"9dd0e99dc93ee86cecdedd3a7482c2788bf2e06a","isMergeCommit":false,"messageTitle":"Addition of assertions","messageBody":"","fileTypesAndContributionMap":{"functional-code":{"insertions":17,"deletions":2},"other":{"insertions":1,"deletions":0}}},{"hash":"82bf57a13947ac892eb3077ed96810d4f3d4cfa7","isMergeCommit":false,"messageTitle":"Addition of setStatus in Book class and scanner function in Ui class","messageBody":"","fileTypesAndContributionMap":{"functional-code":{"insertions":17,"deletions":0}}},{"hash":"6ffc7c3219b2f39f6bd2841d7176a159bf4752eb","isMergeCommit":true,"messageTitle":"Merge pull request #43 from Deanson-Choo/Deanson_v1.0_Fix#1","messageBody":"Updated Command Classes to import relevant packages and updates ListCommand","fileTypesAndContributionMap":{}}]},{"date":"2025-03-18","commitResults":[{"hash":"8d72e7ceba3f071a3c4f825d1a21906fd421310c","isMergeCommit":true,"messageTitle":"Merge pull request #55 from Deanson-Choo/Deanson-v1.0#fix5","messageBody":"Updated command classes","fileTypesAndContributionMap":{}},{"hash":"5698655ee78152c6884c04724bf79cd29208abef","isMergeCommit":true,"messageTitle":"Merge pull request #58 from WayneCh0y/branch-bugfix#2#","messageBody":"Formatting Files","fileTypesAndContributionMap":{}},{"hash":"5330921d9f5007e083d9f1cbec16b527cfd2e35c","isMergeCommit":true,"messageTitle":"Merge pull request #60 from Xavierleejrui/branch-deleteBook","messageBody":"added javadoc comments ","fileTypesAndContributionMap":{}},{"hash":"b68c45368a4b33ee85c0995a177db6f2d5ced573","isMergeCommit":true,"messageTitle":"Merge pull request #61 from Deanson-Choo/Deanson-v1.0_Fix#6","messageBody":"Syntax Fix","fileTypesAndContributionMap":{}},{"hash":"0e28788d78e8bca714db80ad7140b668b843f598","isMergeCommit":false,"messageTitle":"added Junit test for book class","messageBody":"","fileTypesAndContributionMap":{"test-code":{"insertions":79,"deletions":0}}},{"hash":"891538e19f684e0ba1ec8ef0f4f212efd5d01ce8","isMergeCommit":false,"messageTitle":"Junit test for book class","messageBody":"","fileTypesAndContributionMap":{"test-code":{"insertions":21,"deletions":18}}},{"hash":"d05cb39ba579a361c49c2ecf3830d29148363b16","isMergeCommit":false,"messageTitle":"Junit test for UI class","messageBody":"","fileTypesAndContributionMap":{"test-code":{"insertions":90,"deletions":0}}},{"hash":"ac5ed0757e73944c1e454d8adf05a00e49b8088e","isMergeCommit":false,"messageTitle":"Junit test for UI class","messageBody":"","fileTypesAndContributionMap":{"test-code":{"insertions":20,"deletions":20}}}]},{"date":"2025-03-19","commitResults":[{"hash":"152829c428d53ffb777ad533a0901db0b29977de","isMergeCommit":true,"messageTitle":"Merge pull request #94 from Xavierleejrui/branch-readme","messageBody":"Add README + UserGuide","fileTypesAndContributionMap":{}},{"hash":"aed2c5380690c0f1506824fd695a824ac7bc1064","isMergeCommit":false,"messageTitle":"Update README.md","messageBody":"","fileTypesAndContributionMap":{"docs":{"insertions":104,"deletions":52}}}]},{"date":"2025-03-25","commitResults":[{"hash":"ae439853cf9c89ab4a5311036df0a2817df90cd0","isMergeCommit":false,"messageTitle":"edited ui class to include print with separator","messageBody":"","fileTypesAndContributionMap":{"functional-code":{"insertions":4,"deletions":12}}},{"hash":"01fd7b145b83b2a293ef425796a881ab8f38a5f5","isMergeCommit":false,"messageTitle":"added functionality for overdue books also commented out unnecessary assertions in bookmanager","messageBody":"","fileTypesAndContributionMap":{"functional-code":{"insertions":63,"deletions":15}}}]},{"date":"2025-03-26","commitResults":[{"hash":"ac29ca74dcc83091fbfcaab508bc2d259ad1b209","isMergeCommit":false,"messageTitle":"added functionality for overdue books also commented out unnecessary assertions in bookmanager","messageBody":"","fileTypesAndContributionMap":{"functional-code":{"insertions":10,"deletions":2}}},{"hash":"ad6a3f0e59438680959bb90be6b545681b7637fe","isMergeCommit":true,"messageTitle":"Merge pull request #125 from Xavierleejrui/branch-DG","messageBody":"Added bookmanager skeleton explanation in DG","fileTypesAndContributionMap":{}},{"hash":"d94505decfa7fbc5a74daa9daefa6b7dcdf091a8","isMergeCommit":false,"messageTitle":"added DG for Ui class and return due date related features","messageBody":"","fileTypesAndContributionMap":{"docs":{"insertions":27,"deletions":1}}},{"hash":"b7ac0d4be36277d481c3e8045f5f4d1c1758fb6a","isMergeCommit":true,"messageTitle":"Merge pull request #127 from Deanson-Choo/Deanson-UG","messageBody":"Command class UG update","fileTypesAndContributionMap":{}}]},{"date":"2025-03-30","commitResults":[{"hash":"1ab92cfcc6f33afef93b9c483d0581973fa5eb8d","isMergeCommit":false,"messageTitle":"added feature for statistics viewing added test cases for Stats and list overdue fixed list overdue feature","messageBody":"","fileTypesAndContributionMap":{"functional-code":{"insertions":71,"deletions":21},"test-code":{"insertions":35,"deletions":5}}},{"hash":"1a0017f62f02346b70dbc233a6c4c0b8825ea49c","isMergeCommit":false,"messageTitle":"added feature for statistics viewing added test cases for Stats and list overdue fixed list overdue feature","messageBody":"","fileTypesAndContributionMap":{"functional-code":{"insertions":13,"deletions":1}}}]},{"date":"2025-03-31","commitResults":[{"hash":"7aa75a7c473c91af4da906de5612ee36b58fa259","isMergeCommit":false,"messageTitle":"added feature for tracking book quantity","messageBody":"","fileTypesAndContributionMap":{"functional-code":{"insertions":57,"deletions":32},"test-code":{"insertions":54,"deletions":13}}},{"hash":"27b1e8723f33a6ad14ef3bdb4a822f2c15802f66","isMergeCommit":false,"messageTitle":"added feature for tracking book quantity","messageBody":"","fileTypesAndContributionMap":{"test-code":{"insertions":6,"deletions":4}}},{"hash":"5b60808082b9d520d61149e4b8b880687bee0aa7","isMergeCommit":false,"messageTitle":"added feature for tracking book quantity","messageBody":"","fileTypesAndContributionMap":{"functional-code":{"insertions":2,"deletions":1}}},{"hash":"a68ab3c5b4726acd1f521df427e4853d9591c65f","isMergeCommit":true,"messageTitle":"Merge branch \u0027master\u0027 into quantity-feature","messageBody":"","fileTypesAndContributionMap":{}}]}],"Xavierleejrui":[{"date":"2025-03-06","commitResults":[{"hash":"bf828e0d33a87c4a8d3a50de94e09a30af99db30","isMergeCommit":false,"messageTitle":"Updated AboutMe","messageBody":"","fileTypesAndContributionMap":{"docs":{"insertions":3,"deletions":7}}},{"hash":"9418401016b9ebcfae3165247502905e47eabb8c","isMergeCommit":false,"messageTitle":"Updated AboutMe document","messageBody":"","fileTypesAndContributionMap":{"docs":{"insertions":3,"deletions":3}}}]},{"date":"2025-03-17","commitResults":[{"hash":"a0e61a947d68ba475dc164684445fbdb6ce5d932","isMergeCommit":false,"messageTitle":"Created BookManager skeleton code","messageBody":"","fileTypesAndContributionMap":{"functional-code":{"insertions":110,"deletions":0}}},{"hash":"af09ee543967495551ce97a6863e9622f0ae9d5b","isMergeCommit":false,"messageTitle":"Added assertion to book manager class","messageBody":"","fileTypesAndContributionMap":{"functional-code":{"insertions":31,"deletions":1}}},{"hash":"9126c7db80a0b7ffef179046eecbc2de9be84083","isMergeCommit":true,"messageTitle":"Merge branch \u0027master\u0027 into Wayne-Changes","messageBody":"","fileTypesAndContributionMap":{}},{"hash":"83d4852eb501f1fae3d5619bf611da9456094067","isMergeCommit":true,"messageTitle":"Merge pull request #34 from WayneCh0y/Wayne-Changes","messageBody":"Implement storage","fileTypesAndContributionMap":{}}]},{"date":"2025-03-18","commitResults":[{"hash":"1d4652214b41b7f8ff44f9765bc8f08b82a0a5d3","isMergeCommit":false,"messageTitle":"updated deleteBook","messageBody":"","fileTypesAndContributionMap":{"functional-code":{"insertions":4,"deletions":8}}},{"hash":"0fe42107f2279f92188046290e06814e82be816d","isMergeCommit":false,"messageTitle":"updated javadocs","messageBody":"","fileTypesAndContributionMap":{"functional-code":{"insertions":11,"deletions":0}}}]},{"date":"2025-03-19","commitResults":[{"hash":"c138e63194237fcba5cc91b7b597efcb7624157b","isMergeCommit":false,"messageTitle":"added in junit test for bookmanagertest","messageBody":"","fileTypesAndContributionMap":{"test-code":{"insertions":153,"deletions":0}}},{"hash":"73213820a7f70f3e07acd10836b54483a0b078e5","isMergeCommit":false,"messageTitle":"added line","messageBody":"","fileTypesAndContributionMap":{"test-code":{"insertions":1,"deletions":1}}},{"hash":"01ad116101094d857dde2931f9db84eb5c7ff1f7","isMergeCommit":false,"messageTitle":"added readme + userguide","messageBody":"","fileTypesAndContributionMap":{"docs":{"insertions":209,"deletions":28}}},{"hash":"1d8eff1ced0a30b10abe41e08f72c5665f3a0280","isMergeCommit":true,"messageTitle":"Merge pull request #95 from AY2425S2-CS2113-T13-3/eth4n22-patch-1","messageBody":"Update README.md","fileTypesAndContributionMap":{}},{"hash":"6d569ae02435af8095ecd47fd677f07dd97695e2","isMergeCommit":false,"messageTitle":"Update README.md","messageBody":"","fileTypesAndContributionMap":{"docs":{"insertions":2,"deletions":2}}}]},{"date":"2025-03-26","commitResults":[{"hash":"59e746958cdcbb446a292342265c7ce818d3de7c","isMergeCommit":true,"messageTitle":"Merge pull request #124 from jenmarieng/jermaine-edit-dg","messageBody":"Jermaine edit dg","fileTypesAndContributionMap":{}},{"hash":"1da64ec4f78fa12b7f814fff1196494b6a4c4c1d","isMergeCommit":false,"messageTitle":"Added bookmanager skeleton explanation in DG","messageBody":"","fileTypesAndContributionMap":{"docs":{"insertions":14,"deletions":0}}}]}],"Deanson-Choo":[{"date":"2025-02-25","commitResults":[{"hash":"ace6a91cec0d4028630e9c2e248d92e32e1787df","isMergeCommit":false,"messageTitle":"Update README.md","messageBody":"","fileTypesAndContributionMap":{"docs":{"insertions":1,"deletions":1}}}]},{"date":"2025-03-06","commitResults":[{"hash":"3c1b87a8a5faea09e33034dd2812a5db47efdcc0","isMergeCommit":false,"messageTitle":"Deanson ~ About Us","messageBody":"","fileTypesAndContributionMap":{"docs":{"insertions":4,"deletions":7}}},{"hash":"c6d03bb9b03c8f59b26e2a1def48ae2419bd75c4","isMergeCommit":true,"messageTitle":"Merge pull request #1 from Deanson-Choo/Deanson-Branch","messageBody":"Deanson ~ About Us","fileTypesAndContributionMap":{}},{"hash":"20d7b0d5115c51f7592d33698c7575c145925ac8","isMergeCommit":true,"messageTitle":"Merge branch \u0027master\u0027 into Jermaine-AboutUs","messageBody":"","fileTypesAndContributionMap":{}},{"hash":"1f69450da68a41e6eb68ca1f9e0500104732e2e2","isMergeCommit":true,"messageTitle":"Merge pull request #2 from jenmarieng/Jermaine-AboutUs","messageBody":"Added details to about us","fileTypesAndContributionMap":{}},{"hash":"8c199e9ea4e998d4b4cfd6d40a3833d42f431ab2","isMergeCommit":true,"messageTitle":"Merge branch \u0027master\u0027 into Wayne-Branch","messageBody":"","fileTypesAndContributionMap":{}},{"hash":"116466d7bf2f0969a7524561cee89d7f57bdb3d5","isMergeCommit":true,"messageTitle":"Merge pull request #3 from WayneCh0y/Wayne-Branch","messageBody":"updated AboutUs","fileTypesAndContributionMap":{}},{"hash":"bc9157c62e7474591c568d24ac31a0c3a591487d","isMergeCommit":true,"messageTitle":"Merge branch \u0027master\u0027 into AboutMe","messageBody":"","fileTypesAndContributionMap":{}},{"hash":"b7033e5d6bc774cd1f4c6b76eb904cc6110ca67a","isMergeCommit":true,"messageTitle":"Merge branch \u0027master\u0027 into AboutMe","messageBody":"","fileTypesAndContributionMap":{}},{"hash":"0709dd47e2451fec0f372965525ae5a2b76d1a21","isMergeCommit":true,"messageTitle":"Merge pull request #5 from Xavierleejrui/AboutMe","messageBody":"About me","fileTypesAndContributionMap":{}},{"hash":"f57dd8f8cd3b158787e88d4d737d38eccc844311","isMergeCommit":false,"messageTitle":"Update AboutUs.md","messageBody":"Table adding","fileTypesAndContributionMap":{"docs":{"insertions":1,"deletions":0}}}]},{"date":"2025-03-15","commitResults":[{"hash":"f8266919dfd263df057adca545966f95d960a9c4","isMergeCommit":true,"messageTitle":"Base Skeleton #1","messageBody":"","fileTypesAndContributionMap":{}}]},{"date":"2025-03-16","commitResults":[{"hash":"078fc4f78d1923c76cfcbc2c17994ce7320ba5f2","isMergeCommit":false,"messageTitle":"Skeleton Code #2","messageBody":"","fileTypesAndContributionMap":{"functional-code":{"insertions":39,"deletions":98}}},{"hash":"d591ee7ec23c6360f35a1d4776f809823ca303a6","isMergeCommit":false,"messageTitle":"Skeleton Code #3","messageBody":"","fileTypesAndContributionMap":{"functional-code":{"insertions":1,"deletions":1}}},{"hash":"8497b642b1dc7ef4bcaefd79e31cd4cb73b256dc","isMergeCommit":false,"messageTitle":"Added Command classes and LebookException","messageBody":"","fileTypesAndContributionMap":{"functional-code":{"insertions":100,"deletions":0}}},{"hash":"0199ca09d9446baa1c0e402dfe01b49356bd9e1f","isMergeCommit":true,"messageTitle":"Merge pull request #12 from Deanson-Choo/Deanson-v1","messageBody":"Command classes creation for parser and LeBook Exception implemented","fileTypesAndContributionMap":{}}]},{"date":"2025-03-17","commitResults":[{"hash":"7dc298e1fb4a8c7aa4b36a37a3c4cc1ba52d9da4","isMergeCommit":false,"messageTitle":"Added methods for borrowing and returning a book","messageBody":"","fileTypesAndContributionMap":{"functional-code":{"insertions":34,"deletions":7}}},{"hash":"1e02368ee95cde8ff908fc18f91ad986b389a1c4","isMergeCommit":true,"messageTitle":"Merge branch \u0027master\u0027 into Deanson-v1.0-UpdateStatus","messageBody":"","fileTypesAndContributionMap":{}},{"hash":"81706f44acb029ace5b014a6b2ca069917cc9f1b","isMergeCommit":true,"messageTitle":"Merge pull request #37 from jenmarieng/Jermaine-make-packages","messageBody":"Make packages for classes","fileTypesAndContributionMap":{}},{"hash":"3f6fa8e06394f5f7d8a17d909248f11969e686f5","isMergeCommit":false,"messageTitle":"Updated Command Classes to import relevant packages and updates list command to use listBooks method in bookManager","messageBody":"","fileTypesAndContributionMap":{"functional-code":{"insertions":12,"deletions":13}}}]},{"date":"2025-03-18","commitResults":[{"hash":"b738ce0ec5dd02ba2a86ae903e08b3ca5b7a4529","isMergeCommit":false,"messageTitle":"fixed Lebook main to call correct Ui functions","messageBody":"","fileTypesAndContributionMap":{"functional-code":{"insertions":7,"deletions":4}}},{"hash":"f1373cdc06aed0385f150f98376be2026b69797f","isMergeCommit":true,"messageTitle":"Merge pull request #47 from WayneCh0y/branch-storage","messageBody":"Fix Storage branch","fileTypesAndContributionMap":{}},{"hash":"53c97c27e12a1a869f3158328ebf0c40430bf379","isMergeCommit":false,"messageTitle":"Fixed overall code structure","messageBody":"","fileTypesAndContributionMap":{"functional-code":{"insertions":64,"deletions":34}}},{"hash":"6ae940030e59b981e454631267633aa435223d93","isMergeCommit":false,"messageTitle":"Fixed minor bugs","messageBody":"","fileTypesAndContributionMap":{"functional-code":{"insertions":4,"deletions":9}}},{"hash":"beed0d1429730a17926232d9555d92f7b6fbc6a3","isMergeCommit":false,"messageTitle":"Updated command classes","messageBody":"","fileTypesAndContributionMap":{"functional-code":{"insertions":9,"deletions":20}}},{"hash":"b9ca76b8f6ed401f34cba357152d1910a951c86d","isMergeCommit":true,"messageTitle":"Merge pull request #56 from Xavierleejrui/branch-deleteBook","messageBody":"updated deleteBook","fileTypesAndContributionMap":{}},{"hash":"bc1bb0c887afd1bcd50ac829d6a401896d8c8dc7","isMergeCommit":false,"messageTitle":"Syntax Fix","messageBody":"","fileTypesAndContributionMap":{"functional-code":{"insertions":18,"deletions":34}}}]},{"date":"2025-03-19","commitResults":[{"hash":"f468d61f026ed3c946ea4fe7ba382609bcaa5fef","isMergeCommit":false,"messageTitle":"Add Assertions to Command Classes","messageBody":"","fileTypesAndContributionMap":{"functional-code":{"insertions":20,"deletions":0}}},{"hash":"8faa1be68202663877b0ee4998b5d7d23fc7aee2","isMergeCommit":false,"messageTitle":"Create assertions for updateBookStatus() in bookManager","messageBody":"","fileTypesAndContributionMap":{"functional-code":{"insertions":2,"deletions":0}}},{"hash":"97673c6b6121af81cfd15b7a447552febc9c0c5d","isMergeCommit":false,"messageTitle":"Minor Fix: Updated updateBookStatus method param to userInput for clarity","messageBody":"","fileTypesAndContributionMap":{"functional-code":{"insertions":3,"deletions":3}}},{"hash":"147c1e5b3446dea25fb7cefcf1cfdf7f947fcadc","isMergeCommit":false,"messageTitle":"Update BookManager.java","messageBody":"","fileTypesAndContributionMap":{"functional-code":{"insertions":1,"deletions":1}}},{"hash":"d9c45e10ed21a068a133ac42e507492d8d1e9e0c","isMergeCommit":false,"messageTitle":"Added test cases for updateBookStatus() method","messageBody":"","fileTypesAndContributionMap":{"test-code":{"insertions":35,"deletions":1}}},{"hash":"5f8d5208af6ece6ab8a77e6202a458565c7b488b","isMergeCommit":false,"messageTitle":"Minor Fix Lebook Main","messageBody":"","fileTypesAndContributionMap":{"functional-code":{"insertions":1,"deletions":0}}},{"hash":"925716355858d3468d0bc40c578ecaf54c1c386b","isMergeCommit":false,"messageTitle":"Minor Fixes#12","messageBody":"","fileTypesAndContributionMap":{"functional-code":{"insertions":13,"deletions":18}}},{"hash":"eb2f6f9db340e3cf16e4bfea005a85f9d4b18639","isMergeCommit":false,"messageTitle":"Code Reversion to Working Version","messageBody":"","fileTypesAndContributionMap":{"functional-code":{"insertions":2,"deletions":0}}}]},{"date":"2025-03-26","commitResults":[{"hash":"6594752d4cb9b967be3ce5e3780b9ba11b6fe8fe","isMergeCommit":false,"messageTitle":"Command class UG update","messageBody":"","fileTypesAndContributionMap":{"docs":{"insertions":13,"deletions":0}}},{"hash":"4351e716b58b6928e31fcb7cb2beec81fc4e9d2a","isMergeCommit":true,"messageTitle":"Merge pull request #128 from WayneCh0y/branch-Wayne(v2.0)#1","messageBody":"Update DG for storage","fileTypesAndContributionMap":{}},{"hash":"4d0c27b4ba9ca62424404dcd9886b84e75406eba","isMergeCommit":false,"messageTitle":"UG update Command Class #2","messageBody":"","fileTypesAndContributionMap":{"docs":{"insertions":12,"deletions":12}}},{"hash":"dab45d0f2d6438afa6bd5d54fc8bab3e702e7937","isMergeCommit":true,"messageTitle":"Merge branch \u0027master\u0027 into Deanson-UG#2","messageBody":"","fileTypesAndContributionMap":{}},{"hash":"a4ab9253ef7ad0cabd883b7fa10a50861ae1f56b","isMergeCommit":true,"messageTitle":"Merge branch \u0027master\u0027 into branch-Wayne(v2.0)#1","messageBody":"","fileTypesAndContributionMap":{}},{"hash":"d2a56cf4389156312b9c541024db5384bce527b2","isMergeCommit":true,"messageTitle":"Merge pull request #130 from WayneCh0y/branch-Wayne(v2.0)#1","messageBody":"Branch wayne(v2.0)#1","fileTypesAndContributionMap":{}},{"hash":"9ffa27d9be0094cb49fe726053d76696f8d50db5","isMergeCommit":false,"messageTitle":"Shelf Base Implementation #1","messageBody":"","fileTypesAndContributionMap":{"functional-code":{"insertions":86,"deletions":0}}}]},{"date":"2025-03-27","commitResults":[{"hash":"160581bafddd3dd66fdd37d625f5381fd34c045c","isMergeCommit":true,"messageTitle":"Merge pull request #133 from WayneCh0y/branch-Wayne(v2.0)#2","messageBody":"Implementation of shelf class","fileTypesAndContributionMap":{}}]},{"date":"2025-03-28","commitResults":[{"hash":"d026ab355261d28dce8e221085b4ec88738fbe90","isMergeCommit":false,"messageTitle":"Usage of inheritance for shelf classes","messageBody":"","fileTypesAndContributionMap":{"functional-code":{"insertions":62,"deletions":188}}}]},{"date":"2025-03-29","commitResults":[{"hash":"4473a30b23cccee838e18990b0b378a4cd84df3c","isMergeCommit":false,"messageTitle":"able to deleteBooks from shelves","messageBody":"","fileTypesAndContributionMap":{"functional-code":{"insertions":105,"deletions":50},"other":{"insertions":33,"deletions":5}}},{"hash":"ef36c8386bceca09bb02128dc4d0eecd4ae38e1f","isMergeCommit":true,"messageTitle":"Merge pull request #145 from WayneCh0y/branch-Wayne(v2.0)#4","messageBody":"Implementation of the \"help\" command, Wrote testing for add to shelf","fileTypesAndContributionMap":{}},{"hash":"e1a48e7e62bc192f58ba578406e9c702ec334ae9","isMergeCommit":true,"messageTitle":"Merge pull request #146 from WayneCh0y/branch-Wayne(v2.0)#4","messageBody":"Java Doc","fileTypesAndContributionMap":{}}]},{"date":"2025-03-30","commitResults":[{"hash":"728ffc3d22107039101d56ed565be54f2c7870f8","isMergeCommit":false,"messageTitle":"Updated deleting book from a shelf logic","messageBody":"","fileTypesAndContributionMap":{"functional-code":{"insertions":60,"deletions":30}}},{"hash":"0f2228d2eaea392a9b5c3d04a412b9e413dce1c5","isMergeCommit":false,"messageTitle":"Wrote Junit testing for the deletion of a book","messageBody":"","fileTypesAndContributionMap":{"test-code":{"insertions":243,"deletions":66}}},{"hash":"a23e98e45a607afb6ccaf0b3e85c1029a9a2a615","isMergeCommit":true,"messageTitle":"Fixed deleting a book from a shelf logic","messageBody":"","fileTypesAndContributionMap":{}},{"hash":"6925ba965712d3ec3051c7509d0068e1ac049f80","isMergeCommit":true,"messageTitle":"Merge branch \u0027master\u0027 into Deanson-v2.0Fix","messageBody":"","fileTypesAndContributionMap":{}},{"hash":"43ae6f54926749968c527aaa056285d4c574bda9","isMergeCommit":false,"messageTitle":"Update Library.java","messageBody":"","fileTypesAndContributionMap":{"functional-code":{"insertions":0,"deletions":1}}},{"hash":"aff609002cb48bb680a4f43a9090edb98518aa5c","isMergeCommit":true,"messageTitle":"Junit testing for deleting a book from shelf","messageBody":"","fileTypesAndContributionMap":{}},{"hash":"1c2101d0b0d51ab33a13e4f17054ee7a64d7eb1c","isMergeCommit":false,"messageTitle":"shelving package fix","messageBody":"","fileTypesAndContributionMap":{"functional-code":{"insertions":20,"deletions":21}}},{"hash":"44fff31cffaef71d2fa3a9e5348a9f2975f7b98f","isMergeCommit":false,"messageTitle":"checkstyle Fix","messageBody":"","fileTypesAndContributionMap":{"functional-code":{"insertions":1,"deletions":1},"other":{"insertions":3,"deletions":3},"test-code":{"insertions":6,"deletions":5}}},{"hash":"bf9d79e7510d12360ea362a790dcddebaf51dc04","isMergeCommit":false,"messageTitle":"Junit testing improvements for deleting a book from shelf","messageBody":"","fileTypesAndContributionMap":{"functional-code":{"insertions":17,"deletions":8},"test-code":{"insertions":51,"deletions":3}}},{"hash":"041f4e2a05fffe009728fcacd291f034cb5a7157","isMergeCommit":false,"messageTitle":"Wrote some javadoc for deletion of a book in classes: Library, ShelvesManager, Shelf, Shelves.","messageBody":"","fileTypesAndContributionMap":{"functional-code":{"insertions":38,"deletions":0}}},{"hash":"4d84c184cfe0eda820ce7d57cfac88a48fe2b843","isMergeCommit":true,"messageTitle":"Merge pull request #177 from WayneCh0y/branch-Wayne(v2.0)#7","messageBody":"Fix listing shelf when deleted a book","fileTypesAndContributionMap":{}}]},{"date":"2025-03-31","commitResults":[{"hash":"e29890975e195b27e7b9664bdd0c1184773211f5","isMergeCommit":false,"messageTitle":"Implemented delete book by title and author","messageBody":"","fileTypesAndContributionMap":{"functional-code":{"insertions":107,"deletions":15},"other":{"insertions":2,"deletions":2},"test-code":{"insertions":83,"deletions":17}}},{"hash":"5c241d0513615e67e14587c3140dc22f8ddd4317","isMergeCommit":true,"messageTitle":"Merge branch \u0027master\u0027 into Deanson-v2.0-DeleteBookByTitle","messageBody":"","fileTypesAndContributionMap":{}},{"hash":"592dc7359a6e06316b28ff64c87bf89109b4fb9b","isMergeCommit":false,"messageTitle":"Update UiTest.java","messageBody":"to pass helpCommand test","fileTypesAndContributionMap":{"test-code":{"insertions":1,"deletions":0}}}]}],"jenmarieng":[{"date":"2025-03-06","commitResults":[{"hash":"042efa00bdf2c54cec31ef2eed66223a1ad51307","isMergeCommit":false,"messageTitle":"Added details to about us","messageBody":"","fileTypesAndContributionMap":{"docs":{"insertions":3,"deletions":7}}}]},{"date":"2025-03-17","commitResults":[{"hash":"b2f5bff2b531dd65e74e3d1e40bee61765430cda","isMergeCommit":false,"messageTitle":"Add parser to parse user input and call relevant command","messageBody":"","fileTypesAndContributionMap":{"functional-code":{"insertions":57,"deletions":0},"other":{"insertions":1,"deletions":0}}},{"hash":"ac0b3ac5398b7c3b5633e082f21fbf97a3c5fcd4","isMergeCommit":true,"messageTitle":"Merge pull request #36 from Deanson-Choo/Deanson-v1.0-UpdateStatus","messageBody":"Added methods for borrowing and returning a book","fileTypesAndContributionMap":{}},{"hash":"683d59975607379e5889adcba8a8cc85afb7eec3","isMergeCommit":false,"messageTitle":"Make packages for classes","messageBody":"","fileTypesAndContributionMap":{"functional-code":{"insertions":9,"deletions":9},"other":{"insertions":38,"deletions":12}}}]},{"date":"2025-03-18","commitResults":[{"hash":"e021c74d37dda305ab628d60dd1ce3dacac60de9","isMergeCommit":true,"messageTitle":"Merge pull request #57 from WayneCh0y/branch-bugfix#1#","messageBody":"Fix bug in loading file","fileTypesAndContributionMap":{}},{"hash":"08ba3807ba98613cac3556fbddcc0af67c7de9d1","isMergeCommit":true,"messageTitle":"Merge pull request #67 from eth4n22/JUnit-test","messageBody":"JUnit test for book class","fileTypesAndContributionMap":{}}]},{"date":"2025-03-19","commitResults":[{"hash":"a75e70e02b66efcaeae816ad76006990d7b58f5d","isMergeCommit":false,"messageTitle":"Update parser to include assertions","messageBody":"","fileTypesAndContributionMap":{"functional-code":{"insertions":3,"deletions":0}}},{"hash":"67025c82af6d7c3bbd3f7843eaa28814f9d6a769","isMergeCommit":false,"messageTitle":"Include JUnit test for parser","messageBody":"","fileTypesAndContributionMap":{"test-code":{"insertions":78,"deletions":0}}},{"hash":"3a4eef472fa1f7e5c1be8da7d5f2f17163c97bd7","isMergeCommit":false,"messageTitle":"Fix formatting issues","messageBody":"","fileTypesAndContributionMap":{"test-code":{"insertions":3,"deletions":2}}},{"hash":"f07cada988d4c94bc2f8504439141dbf9cb0180d","isMergeCommit":true,"messageTitle":"Merge pull request #84 from WayneCh0y/branch-JUnit#2#","messageBody":"Branch j unit#2#","fileTypesAndContributionMap":{}}]},{"date":"2025-03-26","commitResults":[{"hash":"c32d2291502a0f4ace63e1fb54a2967ae0e955ee","isMergeCommit":true,"messageTitle":"Merge pull request #119 from eth4n22/seperator_print_changes","messageBody":"edited ui class to include print with separator","fileTypesAndContributionMap":{}},{"hash":"03e304ff8a4f443ab58f80d2a59ab7868f892323","isMergeCommit":false,"messageTitle":"Update acknowledgments and appendix in developer guide","messageBody":"","fileTypesAndContributionMap":{"docs":{"insertions":125,"deletions":10}}},{"hash":"401d1211ebf3bb4cbde371e292ed242bdb11910c","isMergeCommit":true,"messageTitle":"Merge pull request #123 from WayneCh0y/branch-Wayne(v2.0)","messageBody":"Addressed comments","fileTypesAndContributionMap":{}},{"hash":"5df65badcb1c70261401ac1f42718e4ce78a4954","isMergeCommit":false,"messageTitle":"Update acknowledgments and appendix in developer guide","messageBody":"","fileTypesAndContributionMap":{"docs":{"insertions":0,"deletions":1}}},{"hash":"1d1537c012ac611ac3a78763bbc22a7c6bad05ac","isMergeCommit":false,"messageTitle":"Include parser in developer guide","messageBody":"","fileTypesAndContributionMap":{"docs":{"insertions":14,"deletions":3}}},{"hash":"7c002c338c3ed29c1c205235be81af147538007b","isMergeCommit":true,"messageTitle":"Merge branch \u0027master\u0027 into jermaine-add-parser-dg","messageBody":"","fileTypesAndContributionMap":{}}]},{"date":"2025-03-27","commitResults":[{"hash":"a5a250f66c0280394b04498222d62ae31bfd9141","isMergeCommit":false,"messageTitle":"Update parser to pass in book index","messageBody":"","fileTypesAndContributionMap":{"functional-code":{"insertions":66,"deletions":64},"test-code":{"insertions":50,"deletions":52}}}]},{"date":"2025-03-29","commitResults":[{"hash":"a57b04f969a723d11c6409606ed88ce3aeae3525","isMergeCommit":true,"messageTitle":"Merge pull request #142 from WayneCh0y/branch-Wayne(v2.0)#3","messageBody":"Implemented the addBook function to the shelves","fileTypesAndContributionMap":{}},{"hash":"2234d9535a34822dfaf766b83d5fc99140fcae46","isMergeCommit":false,"messageTitle":"Add code to implement listing of borrowed books","messageBody":"","fileTypesAndContributionMap":{"functional-code":{"insertions":47,"deletions":1}}},{"hash":"625b42b4cb0d5186b781a1294d254488722e76ca","isMergeCommit":true,"messageTitle":"Merge pull request #144 from WayneCh0y/branch-Wayne(v2.0)#3","messageBody":"Wrote tests,","fileTypesAndContributionMap":{}}]},{"date":"2025-03-30","commitResults":[{"hash":"9f2c68bd347d05716b9029d3d294d9f6898dfb69","isMergeCommit":true,"messageTitle":"Merge pull request #160 from WayneCh0y/branch-Wayne(v2.0)#4","messageBody":"Branch wayne(v2.0)#4","fileTypesAndContributionMap":{}},{"hash":"9dbe1d563922170b4d1fdaf9d9a4ff0f6ff0eaa8","isMergeCommit":false,"messageTitle":"Implement member class and listing of members with overdue books","messageBody":"","fileTypesAndContributionMap":{"functional-code":{"insertions":162,"deletions":35},"test-code":{"insertions":159,"deletions":12}}},{"hash":"068e8156070478a7ee456628543268f7da952465","isMergeCommit":true,"messageTitle":"Merge branch \u0027master\u0027 into jermaine-add-member-class","messageBody":"","fileTypesAndContributionMap":{}},{"hash":"9e59545b3393499c5c71f5602f35f064af08f575","isMergeCommit":false,"messageTitle":"Update parser to include import","messageBody":"","fileTypesAndContributionMap":{"functional-code":{"insertions":1,"deletions":0}}},{"hash":"7439ac8a5b06d0510eb261da19c21896dccbca4d","isMergeCommit":true,"messageTitle":"Merge pull request #165 from WayneCh0y/branch-Wayne(v2.0)#5","messageBody":"Branch wayne(v2.0)#5","fileTypesAndContributionMap":{}},{"hash":"b227b9daade20cb2006f2fe9f8d187c6d9dd796a","isMergeCommit":true,"messageTitle":"Merge branch \u0027master\u0027 into branch-Wayne(v2.0)#6","messageBody":"","fileTypesAndContributionMap":{}},{"hash":"b197bb81955243cf7cfb36b071776908c3cd7c95","isMergeCommit":true,"messageTitle":"Merge pull request #170 from WayneCh0y/branch-Wayne(v2.0)#6","messageBody":"Used Singleton patterns for UI, Library and Storage Class.","fileTypesAndContributionMap":{}},{"hash":"9ae6e2597d7bfc31f08f2c9fbcd129b8c4d49dca","isMergeCommit":true,"messageTitle":"Merge pull request #171 from Deanson-Choo/Deansonv2.0-JavaDocsDelete","messageBody":"Wrote some javadoc for deletion of a book","fileTypesAndContributionMap":{}},{"hash":"f7e168aa7158e968012c668740aba1805ce44495","isMergeCommit":false,"messageTitle":"Tidy code in parser","messageBody":"","fileTypesAndContributionMap":{"functional-code":{"insertions":135,"deletions":81},"test-code":{"insertions":49,"deletions":33}}},{"hash":"dd1abd09ed157b9dcf1f696b291ea3bdf18bc193","isMergeCommit":false,"messageTitle":"Refactor magic numbers into constants in parser","messageBody":"","fileTypesAndContributionMap":{"functional-code":{"insertions":13,"deletions":9}}},{"hash":"61905aa93cee438a10c36733cc397451ac16215f","isMergeCommit":true,"messageTitle":"Merge branch \u0027master\u0027 into jermaine-update-parser-v4","messageBody":"","fileTypesAndContributionMap":{}},{"hash":"cb98be2cbaaa351f913061ce3399f93cf4721f0f","isMergeCommit":false,"messageTitle":"Update tests","messageBody":"","fileTypesAndContributionMap":{"functional-code":{"insertions":14,"deletions":10},"test-code":{"insertions":41,"deletions":50}}},{"hash":"dd5a5357e662523bb4222ada6972d9d508d8683d","isMergeCommit":false,"messageTitle":"Fix checkstyle issues","messageBody":"","fileTypesAndContributionMap":{"functional-code":{"insertions":1,"deletions":1},"other":{"insertions":1,"deletions":1},"test-code":{"insertions":189,"deletions":171}}},{"hash":"eaeca67dd18f5cd23c465427e91af5f180c67678","isMergeCommit":false,"messageTitle":"Fix checkstyle issues #2","messageBody":"","fileTypesAndContributionMap":{"functional-code":{"insertions":1,"deletions":1}}},{"hash":"5aaadf60fb5c10e294d6b4d9b0b6fc18ee4e2172","isMergeCommit":false,"messageTitle":"Update gradle.yml file to fix gradle wrapper issue","messageBody":"","fileTypesAndContributionMap":{"other":{"insertions":3,"deletions":2}}},{"hash":"1f8774b2de69d048210fe32bca5133e817fe50ee","isMergeCommit":true,"messageTitle":"Merge pull request #180 from WayneCh0y/branch-Wayne(v2.0)#7","messageBody":"Fix bug on listing the shelf that is not in the section","fileTypesAndContributionMap":{}},{"hash":"6ba49f38c0b1cb5caa91279905d7d87d7ad96067","isMergeCommit":true,"messageTitle":"Merge pull request #182 from eth4n22/stats-feature","messageBody":"Stats feature","fileTypesAndContributionMap":{}},{"hash":"58e8cf352f99b7b7ab7568d74144c39a790b5efd","isMergeCommit":false,"messageTitle":"Implement update book status method in library","messageBody":"","fileTypesAndContributionMap":{"functional-code":{"insertions":2,"deletions":4}}},{"hash":"d2d48b15ed8e2ac3e852ec9b1993e292d2dacb1c","isMergeCommit":false,"messageTitle":"Update parser to pass in genre inputs in lowercase","messageBody":"","fileTypesAndContributionMap":{"functional-code":{"insertions":2,"deletions":2}}},{"hash":"25d149ab848c6937d77116245d8d48da90841a41","isMergeCommit":true,"messageTitle":"Merge pull request #184 from WayneCh0y/branch-Wayne(v2.0)#7","messageBody":"Improve formatting","fileTypesAndContributionMap":{}}]},{"date":"2025-03-31","commitResults":[{"hash":"121cb0ceb1b6e74dafab92375cc911c668ed2009","isMergeCommit":true,"messageTitle":"Merge pull request #188 from WayneCh0y/branch-Wayne(v2.0)#7","messageBody":"Fix the loading of files","fileTypesAndContributionMap":{}},{"hash":"a48289182560254184d87ab3b0faa4283242dc8d","isMergeCommit":false,"messageTitle":"Implement saving of members in storage","messageBody":"","fileTypesAndContributionMap":{"functional-code":{"insertions":62,"deletions":13},"test-code":{"insertions":41,"deletions":25}}},{"hash":"44ba649f1b25bcea76e4d6f596838d94b61109e5","isMergeCommit":true,"messageTitle":"Merge pull request #191 from WayneCh0y/branch-Wayne(v2.0)#8","messageBody":"squash minor bugs","fileTypesAndContributionMap":{}},{"hash":"9dba4e46d34ed9e4ec06100b59241a558a7b22f3","isMergeCommit":true,"messageTitle":"Merge pull request #193 from Deanson-Choo/Deanson-v2.0-DeleteBookByTitle","messageBody":"Implemented delete book by title and author","fileTypesAndContributionMap":{}},{"hash":"daf31e44161c61fe12c26533f20458a0d9db542a","isMergeCommit":false,"messageTitle":"Fix minor bugs in storage regarding loading and saving book","messageBody":"","fileTypesAndContributionMap":{"functional-code":{"insertions":32,"deletions":21}}},{"hash":"aafb5847376f798fc5098e7185a8d0f3116d84a1","isMergeCommit":true,"messageTitle":"Merge pull request #198 from WayneCh0y/branch-Wayne(v2.0)#9","messageBody":"Fix issues related to borrowing","fileTypesAndContributionMap":{}}]}]},"authorFileTypeContributionMap":{"WayneCh0y":{"docs":10,"functional-code":1027,"test-code":293},"eth4n22":{"docs":115,"functional-code":169,"test-code":184},"Xavierleejrui":{"docs":224,"functional-code":86,"test-code":101},"Deanson-Choo":{"docs":16,"functional-code":445,"test-code":442},"jenmarieng":{"docs":135,"functional-code":459,"test-code":318,"other":5}},"authorContributionVariance":{"WayneCh0y":92790.89,"eth4n22":3425.9067,"Xavierleejrui":4333.464,"Deanson-Choo":13087.815,"jenmarieng":36889.47},"authorDisplayNameMap":{"WayneCh0y":"CS2113-T13-3 CHOY..AYNE","eth4n22":"CS2113-T13-3 ETHA..N YI","Xavierleejrui":"CS2113-T13-3 XAVI..GRUI","Deanson-Choo":"CS2113-T13-3 CHOO..NSON","jenmarieng":"CS2113-T13-3 NG D..AINE"}}
