{"authorDailyContributionsMap":{"WayneCh0y":[{"date":"2025-03-06","commitResults":[{"hash":"f635bc938de969863761c1eb9dafeec299bbad1e","isMergeCommit":false,"messageTitle":"updated AboutUs","messageBody":"","fileTypesAndContributionMap":{"docs":{"insertions":4,"deletions":7}}},{"hash":"1a60738f09c02729b6e32ecd7c2dbf5815a2ea39","isMergeCommit":true,"messageTitle":"Merge branch \u0027master\u0027 into Ethan-AboutUS","messageBody":"","fileTypesAndContributionMap":{}},{"hash":"fac6ccb0539047d7d3de98daa2772c1c66f06a56","isMergeCommit":true,"messageTitle":"Merge branch \u0027master\u0027 into Ethan-AboutUS","messageBody":"","fileTypesAndContributionMap":{}},{"hash":"66dea868ded039f0080201e97553217190cb0aed","isMergeCommit":true,"messageTitle":"Merge pull request #4 from eth4n22/Ethan-AboutUS","messageBody":"Ethan about us","fileTypesAndContributionMap":{}},{"hash":"7184c867c49aa3d2f3a4d709b544a8c832b1833d","isMergeCommit":true,"messageTitle":"Merge pull request #6 from AY2425S2-CS2113-T13-3/Deanson-Choo-patch-1","messageBody":"Update AboutUs.md","fileTypesAndContributionMap":{}}]},{"date":"2025-03-16","commitResults":[{"hash":"694a56b32cb62a8681f7ebe6ee551065e841404d","isMergeCommit":true,"messageTitle":"Merge pull request #8 from Deanson-Choo/master","messageBody":"Skeleton Code #2","fileTypesAndContributionMap":{}}]},{"date":"2025-03-17","commitResults":[{"hash":"c227815077a3f29bb958ecd396e2836822321d96","isMergeCommit":true,"messageTitle":"Merge pull request #28 from eth4n22/Ethan-changes","messageBody":"UI and Book class added","fileTypesAndContributionMap":{}},{"hash":"3557e36dfea56ce84646d0fa277d734436a893d4","isMergeCommit":true,"messageTitle":"Merge pull request #29 from Xavierleejrui/branch-BookManager","messageBody":"Created BookManager skeleton code","fileTypesAndContributionMap":{}},{"hash":"3e8342838e02fd2953af01ceecd6c43f0966cae7","isMergeCommit":true,"messageTitle":"Merge pull request #30 from jenmarieng/Jermaine-v1.0-parser","messageBody":"Add parser to parse user input and call relevant command","fileTypesAndContributionMap":{}},{"hash":"5fab1cf16f8e63e164a0fdef94e479a4f9d5e6b8","isMergeCommit":true,"messageTitle":"Merge pull request #32 from Xavierleejrui/branch-BookManager","messageBody":"Added assertion to book manager class","fileTypesAndContributionMap":{}},{"hash":"4cbcaf456b845f8cfdb9109740d10c9ab6fb2fdd","isMergeCommit":false,"messageTitle":"Implement storage","messageBody":"","fileTypesAndContributionMap":{"functional-code":{"insertions":74,"deletions":0}}},{"hash":"e6a942e736224015b4455420304663a9d6859ebf","isMergeCommit":true,"messageTitle":"Merge pull request #33 from eth4n22/master","messageBody":"Addition of Assertion functions","fileTypesAndContributionMap":{}},{"hash":"6f57bfb9910954c312b7c346070a667cc1eef236","isMergeCommit":true,"messageTitle":"Merge pull request #35 from eth4n22/Ethan-changes","messageBody":"updated assertions","fileTypesAndContributionMap":{}},{"hash":"7181da7dfa6718476346e45a66cfad1e54825c20","isMergeCommit":true,"messageTitle":"Merge pull request #44 from eth4n22/Ethan-new-changes","messageBody":"Addition of setStatus in Book class and scanner function in Ui class","fileTypesAndContributionMap":{}}]}],"eth4n22":[{"date":"2025-03-06","commitResults":[{"hash":"02f5245b95ef2f051c383d3ddc0bb70b610b9809","isMergeCommit":false,"messageTitle":"about us","messageBody":"","fileTypesAndContributionMap":{"docs":{"insertions":4,"deletions":7}}},{"hash":"2168c6abdb75f2b70bdc178733bc49bb9006d253","isMergeCommit":false,"messageTitle":"about us","messageBody":"","fileTypesAndContributionMap":{"docs":{"insertions":3,"deletions":3}}}]},{"date":"2025-03-14","commitResults":[{"hash":"b740c0ed234b3e6f01ad75e0c52b171f565442dd","isMergeCommit":false,"messageTitle":"skeleton","messageBody":"","fileTypesAndContributionMap":{"functional-code":{"insertions":77,"deletions":0}}}]},{"date":"2025-03-16","commitResults":[{"hash":"b2a4aff0090331e54cb93af5af8ff5fd264e03e4","isMergeCommit":false,"messageTitle":"UI and Book class added","messageBody":"","fileTypesAndContributionMap":{"functional-code":{"insertions":94,"deletions":0}}},{"hash":"95872fb549f246a0660c28f491d3af8f88ee8f28","isMergeCommit":true,"messageTitle":"Merge branch \u0027Ethan-changes\u0027","messageBody":"","fileTypesAndContributionMap":{}},{"hash":"cc8231e2d65b616016635ee4cca458c368cca44c","isMergeCommit":false,"messageTitle":"UI and Book class with separator function","messageBody":"","fileTypesAndContributionMap":{"functional-code":{"insertions":6,"deletions":0}}}]},{"date":"2025-03-17","commitResults":[{"hash":"9dd0e99dc93ee86cecdedd3a7482c2788bf2e06a","isMergeCommit":false,"messageTitle":"Addition of assertions","messageBody":"","fileTypesAndContributionMap":{"functional-code":{"insertions":17,"deletions":2},"other":{"insertions":1,"deletions":0}}},{"hash":"82bf57a13947ac892eb3077ed96810d4f3d4cfa7","isMergeCommit":false,"messageTitle":"Addition of setStatus in Book class and scanner function in Ui class","messageBody":"","fileTypesAndContributionMap":{"functional-code":{"insertions":17,"deletions":0}}},{"hash":"6ffc7c3219b2f39f6bd2841d7176a159bf4752eb","isMergeCommit":true,"messageTitle":"Merge pull request #43 from Deanson-Choo/Deanson_v1.0_Fix#1","messageBody":"Updated Command Classes to import relevant packages and updates ListCommand","fileTypesAndContributionMap":{}}]}],"Xavierleejrui":[{"date":"2025-03-06","commitResults":[{"hash":"bf828e0d33a87c4a8d3a50de94e09a30af99db30","isMergeCommit":false,"messageTitle":"Updated AboutMe","messageBody":"","fileTypesAndContributionMap":{"docs":{"insertions":3,"deletions":7}}},{"hash":"9418401016b9ebcfae3165247502905e47eabb8c","isMergeCommit":false,"messageTitle":"Updated AboutMe document","messageBody":"","fileTypesAndContributionMap":{"docs":{"insertions":3,"deletions":3}}}]},{"date":"2025-03-17","commitResults":[{"hash":"a0e61a947d68ba475dc164684445fbdb6ce5d932","isMergeCommit":false,"messageTitle":"Created BookManager skeleton code","messageBody":"","fileTypesAndContributionMap":{"functional-code":{"insertions":110,"deletions":0}}},{"hash":"af09ee543967495551ce97a6863e9622f0ae9d5b","isMergeCommit":false,"messageTitle":"Added assertion to book manager class","messageBody":"","fileTypesAndContributionMap":{"functional-code":{"insertions":31,"deletions":1}}},{"hash":"9126c7db80a0b7ffef179046eecbc2de9be84083","isMergeCommit":true,"messageTitle":"Merge branch \u0027master\u0027 into Wayne-Changes","messageBody":"","fileTypesAndContributionMap":{}},{"hash":"83d4852eb501f1fae3d5619bf611da9456094067","isMergeCommit":true,"messageTitle":"Merge pull request #34 from WayneCh0y/Wayne-Changes","messageBody":"Implement storage","fileTypesAndContributionMap":{}}]}],"Deanson-Choo":[{"date":"2025-02-25","commitResults":[{"hash":"ace6a91cec0d4028630e9c2e248d92e32e1787df","isMergeCommit":false,"messageTitle":"Update README.md","messageBody":"","fileTypesAndContributionMap":{"docs":{"insertions":1,"deletions":1}}}]},{"date":"2025-03-06","commitResults":[{"hash":"3c1b87a8a5faea09e33034dd2812a5db47efdcc0","isMergeCommit":false,"messageTitle":"Deanson ~ About Us","messageBody":"","fileTypesAndContributionMap":{"docs":{"insertions":4,"deletions":7}}},{"hash":"c6d03bb9b03c8f59b26e2a1def48ae2419bd75c4","isMergeCommit":true,"messageTitle":"Merge pull request #1 from Deanson-Choo/Deanson-Branch","messageBody":"Deanson ~ About Us","fileTypesAndContributionMap":{}},{"hash":"20d7b0d5115c51f7592d33698c7575c145925ac8","isMergeCommit":true,"messageTitle":"Merge branch \u0027master\u0027 into Jermaine-AboutUs","messageBody":"","fileTypesAndContributionMap":{}},{"hash":"1f69450da68a41e6eb68ca1f9e0500104732e2e2","isMergeCommit":true,"messageTitle":"Merge pull request #2 from jenmarieng/Jermaine-AboutUs","messageBody":"Added details to about us","fileTypesAndContributionMap":{}},{"hash":"8c199e9ea4e998d4b4cfd6d40a3833d42f431ab2","isMergeCommit":true,"messageTitle":"Merge branch \u0027master\u0027 into Wayne-Branch","messageBody":"","fileTypesAndContributionMap":{}},{"hash":"116466d7bf2f0969a7524561cee89d7f57bdb3d5","isMergeCommit":true,"messageTitle":"Merge pull request #3 from WayneCh0y/Wayne-Branch","messageBody":"updated AboutUs","fileTypesAndContributionMap":{}},{"hash":"bc9157c62e7474591c568d24ac31a0c3a591487d","isMergeCommit":true,"messageTitle":"Merge branch \u0027master\u0027 into AboutMe","messageBody":"","fileTypesAndContributionMap":{}},{"hash":"b7033e5d6bc774cd1f4c6b76eb904cc6110ca67a","isMergeCommit":true,"messageTitle":"Merge branch \u0027master\u0027 into AboutMe","messageBody":"","fileTypesAndContributionMap":{}},{"hash":"0709dd47e2451fec0f372965525ae5a2b76d1a21","isMergeCommit":true,"messageTitle":"Merge pull request #5 from Xavierleejrui/AboutMe","messageBody":"About me","fileTypesAndContributionMap":{}},{"hash":"f57dd8f8cd3b158787e88d4d737d38eccc844311","isMergeCommit":false,"messageTitle":"Update AboutUs.md","messageBody":"Table adding","fileTypesAndContributionMap":{"docs":{"insertions":1,"deletions":0}}}]},{"date":"2025-03-15","commitResults":[{"hash":"f8266919dfd263df057adca545966f95d960a9c4","isMergeCommit":true,"messageTitle":"Base Skeleton #1","messageBody":"","fileTypesAndContributionMap":{}}]},{"date":"2025-03-16","commitResults":[{"hash":"078fc4f78d1923c76cfcbc2c17994ce7320ba5f2","isMergeCommit":false,"messageTitle":"Skeleton Code #2","messageBody":"","fileTypesAndContributionMap":{"functional-code":{"insertions":39,"deletions":98}}},{"hash":"d591ee7ec23c6360f35a1d4776f809823ca303a6","isMergeCommit":false,"messageTitle":"Skeleton Code #3","messageBody":"","fileTypesAndContributionMap":{"functional-code":{"insertions":1,"deletions":1}}},{"hash":"8497b642b1dc7ef4bcaefd79e31cd4cb73b256dc","isMergeCommit":false,"messageTitle":"Added Command classes and LebookException","messageBody":"","fileTypesAndContributionMap":{"functional-code":{"insertions":100,"deletions":0}}},{"hash":"0199ca09d9446baa1c0e402dfe01b49356bd9e1f","isMergeCommit":true,"messageTitle":"Merge pull request #12 from Deanson-Choo/Deanson-v1","messageBody":"Command classes creation for parser and LeBook Exception implemented","fileTypesAndContributionMap":{}}]},{"date":"2025-03-17","commitResults":[{"hash":"7dc298e1fb4a8c7aa4b36a37a3c4cc1ba52d9da4","isMergeCommit":false,"messageTitle":"Added methods for borrowing and returning a book","messageBody":"","fileTypesAndContributionMap":{"functional-code":{"insertions":34,"deletions":7}}},{"hash":"1e02368ee95cde8ff908fc18f91ad986b389a1c4","isMergeCommit":true,"messageTitle":"Merge branch \u0027master\u0027 into Deanson-v1.0-UpdateStatus","messageBody":"","fileTypesAndContributionMap":{}},{"hash":"81706f44acb029ace5b014a6b2ca069917cc9f1b","isMergeCommit":true,"messageTitle":"Merge pull request #37 from jenmarieng/Jermaine-make-packages","messageBody":"Make packages for classes","fileTypesAndContributionMap":{}},{"hash":"3f6fa8e06394f5f7d8a17d909248f11969e686f5","isMergeCommit":false,"messageTitle":"Updated Command Classes to import relevant packages and updates list command to use listBooks method in bookManager","messageBody":"","fileTypesAndContributionMap":{"functional-code":{"insertions":12,"deletions":13}}}]}],"jenmarieng":[{"date":"2025-03-06","commitResults":[{"hash":"042efa00bdf2c54cec31ef2eed66223a1ad51307","isMergeCommit":false,"messageTitle":"Added details to about us","messageBody":"","fileTypesAndContributionMap":{"docs":{"insertions":3,"deletions":7}}}]},{"date":"2025-03-17","commitResults":[{"hash":"b2f5bff2b531dd65e74e3d1e40bee61765430cda","isMergeCommit":false,"messageTitle":"Add parser to parse user input and call relevant command","messageBody":"","fileTypesAndContributionMap":{"functional-code":{"insertions":57,"deletions":0},"other":{"insertions":1,"deletions":0}}},{"hash":"ac0b3ac5398b7c3b5633e082f21fbf97a3c5fcd4","isMergeCommit":true,"messageTitle":"Merge pull request #36 from Deanson-Choo/Deanson-v1.0-UpdateStatus","messageBody":"Added methods for borrowing and returning a book","fileTypesAndContributionMap":{}},{"hash":"683d59975607379e5889adcba8a8cc85afb7eec3","isMergeCommit":false,"messageTitle":"Make packages for classes","messageBody":"","fileTypesAndContributionMap":{"functional-code":{"insertions":9,"deletions":9},"other":{"insertions":38,"deletions":12}}}]}]},"authorFileTypeContributionMap":{"WayneCh0y":{"docs":2,"functional-code":72,"test-code":0},"eth4n22":{"docs":0,"functional-code":132,"test-code":0},"Xavierleejrui":{"docs":1,"functional-code":134,"test-code":0},"Deanson-Choo":{"docs":5,"functional-code":162,"test-code":0},"jenmarieng":{"docs":1,"functional-code":94,"test-code":0,"other":1}},"authorContributionVariance":{"WayneCh0y":212.31998,"eth4n22":618.1024,"Xavierleejrui":776.8575,"Deanson-Choo":2302.1826,"jenmarieng":609.44635},"authorDisplayNameMap":{"WayneCh0y":"CS2113-T13-3 CHOY..AYNE","eth4n22":"CS2113-T13-3 ETHA..N YI","Xavierleejrui":"CS2113-T13-3 XAVI..GRUI","Deanson-Choo":"CS2113-T13-3 CHOO..NSON","jenmarieng":"CS2113-T13-3 NG D..AINE"}}
