{"authorDailyContributionsMap":{"matthewyeo1":[{"date":"2025-02-23","commitResults":[{"hash":"5e1f161e986a1653eda13f1d3eb929f06c0ed21a","isMergeCommit":false,"messageTitle":"Test commit #2 by Matthew","messageBody":"","fileTypesAndContributionMap":{"functional-code":{"insertions":1,"deletions":0}}}]},{"date":"2025-02-26","commitResults":[{"hash":"1725b6274902fdd1d222f53a8ec4a9db54521e74","isMergeCommit":false,"messageTitle":"Change Duke to OMPM for tP application Add user input handler and  command list (help page)","messageBody":"","fileTypesAndContributionMap":{"functional-code":{"insertions":138,"deletions":22},"other":{"insertions":2,"deletions":2}}},{"hash":"4e364ef84d15fff0439c41d96b9b3f9a640f4121","isMergeCommit":false,"messageTitle":"Clean formatting","messageBody":"","fileTypesAndContributionMap":{"functional-code":{"insertions":12,"deletions":12},"other":{"insertions":1,"deletions":1}}},{"hash":"5e87a2657eb27f0219ecceafec206fbf242efe30","isMergeCommit":false,"messageTitle":"Amend test file","messageBody":"","fileTypesAndContributionMap":{"other":{"insertions":2,"deletions":4}}},{"hash":"7636a2eae8ca6b3744de45a299c76313629995c1","isMergeCommit":false,"messageTitle":"Perform gradle test with OMPMTest.java","messageBody":"","fileTypesAndContributionMap":{"test-code":{"insertions":1,"deletions":1}}},{"hash":"b08d0f89b2969d19dd70ef7df2b8adea7e422081","isMergeCommit":false,"messageTitle":"Edit runtest.sh script","messageBody":"","fileTypesAndContributionMap":{"other":{"insertions":2,"deletions":2}}},{"hash":"cb38468fb57be35900105a4f55d5beb37bb1e261","isMergeCommit":false,"messageTitle":"Edit runtest.sh script #2","messageBody":"","fileTypesAndContributionMap":{"other":{"insertions":1,"deletions":1}}}]},{"date":"2025-03-01","commitResults":[{"hash":"ea8c7299adc21ea734412b24d90fd5c2bd12bcb9","isMergeCommit":true,"messageTitle":"Merge pull request #1 from matthewyeo1/master","messageBody":"Basic Interface of O$P$ Application","fileTypesAndContributionMap":{}}]},{"date":"2025-03-03","commitResults":[{"hash":"b1f3d0d5cc1a1899988cb098f529f26cc143750e","isMergeCommit":false,"messageTitle":"Implement SLAP to all .java files","messageBody":"","fileTypesAndContributionMap":{"functional-code":{"insertions":198,"deletions":12}}},{"hash":"13e172ffb7d681809b19a976389b8907090fe753","isMergeCommit":true,"messageTitle":"Merge pull request #1 from matthewyeo1/branch-AdminCommands","messageBody":"Implement SLAP to all .java files","fileTypesAndContributionMap":{}}]},{"date":"2025-03-05","commitResults":[{"hash":"78f2e54baa0dc9a9d1c6261a76851cf8029be737","isMergeCommit":false,"messageTitle":"Amend displayCommandList() function in HelpPage.java class","messageBody":"","fileTypesAndContributionMap":{"functional-code":{"insertions":1,"deletions":1}}},{"hash":"2777ad714e158683029cc28f1699f40f59a40664","isMergeCommit":false,"messageTitle":"Remove function that generates data.txt file if absent","messageBody":"","fileTypesAndContributionMap":{"functional-code":{"insertions":13,"deletions":6}}},{"hash":"602f5f903901d0c301b4fa03053f0febd230c1dc","isMergeCommit":false,"messageTitle":"Remove function that generates data.txt file if absent","messageBody":"","fileTypesAndContributionMap":{"functional-code":{"insertions":3,"deletions":1}}},{"hash":"4f916a1aadf167875b79a41f883ecbb96093f395","isMergeCommit":false,"messageTitle":"Relocate data.txt file under root directory","messageBody":"","fileTypesAndContributionMap":{"functional-code":{"insertions":1,"deletions":1}}},{"hash":"8773ea692fc3c314ea666d052e55784bb2a4a4af","isMergeCommit":false,"messageTitle":"Create 2 data.txt files for Java CI check","messageBody":"","fileTypesAndContributionMap":{"functional-code":{"insertions":2,"deletions":2}}},{"hash":"82ff13b998ec8a42777e28bc0dcdd5a84e75ff87","isMergeCommit":false,"messageTitle":"Refactor code","messageBody":"","fileTypesAndContributionMap":{"functional-code":{"insertions":42,"deletions":20}}}]},{"date":"2025-03-07","commitResults":[{"hash":"edffa1a3ae874535dbb6ed05bb7fb3dd91ea73f3","isMergeCommit":false,"messageTitle":"Edit AboutUs.md","messageBody":"","fileTypesAndContributionMap":{"docs":{"insertions":4,"deletions":7}}},{"hash":"541a90de4a9eb0e7a2585a46671264d3335126e5","isMergeCommit":true,"messageTitle":"Merge branch \u0027master\u0027 into Matthew-Yeo-AboutUs","messageBody":"","fileTypesAndContributionMap":{}},{"hash":"cff452c478be0d334f8b7955f7db183860459d00","isMergeCommit":true,"messageTitle":"Merge pull request #9 from matthewyeo1/Matthew-Yeo-AboutUs","messageBody":"Matthew yeo about us","fileTypesAndContributionMap":{}}]}],"mohammedhamdhan":[{"date":"2025-03-07","commitResults":[{"hash":"68333bd8153e4e349eb89d481a8745a86a521d7e","isMergeCommit":false,"messageTitle":"Add AboutUs addition - Hamdhan","messageBody":"","fileTypesAndContributionMap":{"docs":{"insertions":3,"deletions":7}}},{"hash":"f443e048d8cbc1685d59e36f071f290410edde5b","isMergeCommit":true,"messageTitle":"Merge branch \u0027master\u0027 into Hamdhan-AboutUs","messageBody":"","fileTypesAndContributionMap":{}},{"hash":"124e092d569c81d0a4a4d91df858aeb86bb1bbd4","isMergeCommit":true,"messageTitle":"Merge pull request #10 from mohammedhamdhan/Hamdhan-AboutUs","messageBody":"Add AboutUs addition - Hamdhan","fileTypesAndContributionMap":{}}]},{"date":"2025-03-08","commitResults":[{"hash":"f8b41163ebbd0e6f526874d22c343d574a14762c","isMergeCommit":false,"messageTitle":"Add add,edit,delete expense. Also add list","messageBody":"","fileTypesAndContributionMap":{"functional-code":{"insertions":648,"deletions":13},"other":{"insertions":1,"deletions":1}}},{"hash":"d5df751e1b1ad5455632940c69c6fa2cc9fe3b6b","isMergeCommit":true,"messageTitle":"Merge branch \u0027master\u0027 of https://github.com/mohammedhamdhan/tp","messageBody":"","fileTypesAndContributionMap":{}},{"hash":"4165b5dec54bb873a2c22ab760242a5fc859686f","isMergeCommit":false,"messageTitle":"Extend save functionality to add, edit, del","messageBody":"","fileTypesAndContributionMap":{"functional-code":{"insertions":95,"deletions":23}}},{"hash":"17a5988ecc5ab32a32dcd8f716e65d030fa461d6","isMergeCommit":true,"messageTitle":"Merge branch \u0027master\u0027 of https://github.com/AY2425S2-CS2113-F11-2/tp into Hamdhan-Scrum-3","messageBody":"# Conflicts:\n#\tsrc/main/java/seedu/duke/Duke.class\n#\tsrc/main/java/seedu/duke/Duke.java\n#\tsrc/main/java/seedu/duke/commands/Commands.class\n#\tsrc/main/java/seedu/duke/commands/Commands.java\n#\tsrc/main/java/seedu/duke/menu/HelpPage.class\n#\tsrc/main/java/seedu/duke/menu/HelpPage.java\n#\tsrc/main/java/seedu/duke/messages/Messages.class\n#\tsrc/main/java/seedu/duke/messages/Messages.java\n#\tsrc/main/java/seedu/duke/storage/DataStorage.class\n#\tsrc/main/java/seedu/duke/storage/DataStorage.java\n#\tsrc/main/java/seedu/duke/ui/UI.class\n#\tsrc/main/java/seedu/duke/ui/UI.java\n","fileTypesAndContributionMap":{}},{"hash":"fe57c83663072aae005df36bac5bb7fca1e527b0","isMergeCommit":false,"messageTitle":"Minor changes","messageBody":"","fileTypesAndContributionMap":{"test-code":{"insertions":0,"deletions":10}}},{"hash":"dd75dd3772267ea92b452bb8138a420ea4683295","isMergeCommit":false,"messageTitle":"Remove dupes","messageBody":"","fileTypesAndContributionMap":{"functional-code":{"insertions":15,"deletions":115}}},{"hash":"84d371998ec777c8f3b8be88f63fa1d50ca51041","isMergeCommit":false,"messageTitle":"Update Commands.java","messageBody":"","fileTypesAndContributionMap":{"functional-code":{"insertions":1,"deletions":0}}},{"hash":"34d0b7702cafab0b435e9d36d982750ac0454038","isMergeCommit":false,"messageTitle":"Update Commands.java","messageBody":"","fileTypesAndContributionMap":{"functional-code":{"insertions":1,"deletions":0}}},{"hash":"96eb33ccb0c04ed9e5795ec5aeaf8312c753ee66","isMergeCommit":false,"messageTitle":"Update Commands.java","messageBody":"","fileTypesAndContributionMap":{"functional-code":{"insertions":4,"deletions":4}}},{"hash":"94ac93ec7b4518c70f2835eb9dfad178802b965e","isMergeCommit":false,"messageTitle":"Add ui scanner check","messageBody":"","fileTypesAndContributionMap":{"functional-code":{"insertions":15,"deletions":6}}},{"hash":"1eb8f3ebb52d26754c13ff7b877b8215620d7b4b","isMergeCommit":true,"messageTitle":"Merge branch \u0027Hamdhan-Scrum-3\u0027 of https://github.com/mohammedhamdhan/tp into Hamdhan-Scrum-3","messageBody":"","fileTypesAndContributionMap":{}},{"hash":"34f147587e4ad4471117fcc244329164c947e44a","isMergeCommit":false,"messageTitle":"Edit expected.txt","messageBody":"","fileTypesAndContributionMap":{"functional-code":{"insertions":6,"deletions":6}}},{"hash":"eff2b3320491e6f61944a03fcaecab6431992f6c","isMergeCommit":true,"messageTitle":"Edit expected.txt","messageBody":"","fileTypesAndContributionMap":{}},{"hash":"28b216eb414e38d308fed8d373fe38d0e99a952f","isMergeCommit":true,"messageTitle":"Merge pull request #20 from mohammedhamdhan/Hamdhan-Scrum-3","messageBody":"Hamdhan scrum 3","fileTypesAndContributionMap":{}}]}],"NandhithaShree":[{"date":"2025-03-08","commitResults":[{"hash":"4d7b54ee46026418be74a3faa7b1f0df1427b618","isMergeCommit":false,"messageTitle":"adds Nandhitha into AboutUs file","messageBody":"","fileTypesAndContributionMap":{"docs":{"insertions":5,"deletions":3}}},{"hash":"79abd02bae5c866b625b743507b4d0bf04051409","isMergeCommit":true,"messageTitle":"Merge pull request #25 from NandhithaShree/Nandhitha-AboutUs","messageBody":"adds Nandhitha into AboutUs file","fileTypesAndContributionMap":{}}]}],"nandhananm7":[{"date":"2025-03-07","commitResults":[{"hash":"f4e4468d93798d46f9dd25e775179fa5e310ce80","isMergeCommit":true,"messageTitle":"Merge branch \u0027master\u0027 of https://github.com/AY2425S2-CS2113-F11-2/tp","messageBody":"# Conflicts:\n#\tsrc/main/java/seedu/duke/Duke.java\n#\ttext-ui-test/ACTUAL.TXT\n#\ttext-ui-test/EXPECTED.TXT\n#\ttext-ui-test/input.txt\n","fileTypesAndContributionMap":{}}]},{"date":"2025-03-08","commitResults":[{"hash":"c6e8a698c2646cbd355f3a64c7cd8f9d4b3fee2a","isMergeCommit":false,"messageTitle":"Edit about us branch","messageBody":"","fileTypesAndContributionMap":{"docs":{"insertions":3,"deletions":6}}},{"hash":"c2fce823d861308af62c9172babfd206b6b105b0","isMergeCommit":false,"messageTitle":"Update AboutUs.md","messageBody":"","fileTypesAndContributionMap":{"docs":{"insertions":4,"deletions":1}}},{"hash":"47e1f2a932bc5aa876f2fb3c345a6522771828e0","isMergeCommit":true,"messageTitle":"Merge pull request #24 from nandhananm7/nandhananm7-AboutUs","messageBody":"Edit about us branch","fileTypesAndContributionMap":{}}]}],"Ashertan256":[{"date":"2025-02-23","commitResults":[{"hash":"4f5925b9caa6dde906e1cba1250f879ef1aba84f","isMergeCommit":false,"messageTitle":"Sample change for PR","messageBody":"","fileTypesAndContributionMap":{"docs":{"insertions":1,"deletions":1}}}]},{"date":"2025-03-04","commitResults":[{"hash":"b766bc0a0dd719e7111fe15fc9454155a3b389a3","isMergeCommit":false,"messageTitle":"Saple change to README.md","messageBody":"","fileTypesAndContributionMap":{"docs":{"insertions":231,"deletions":6}}},{"hash":"8396672686906aa5c9d6e2936c1410a1300e9a40","isMergeCommit":false,"messageTitle":"Updated to proper markdown format.","messageBody":"","fileTypesAndContributionMap":{"docs":{"insertions":323,"deletions":195}}},{"hash":"d5029fc647e71be0cad8a836fdfc01af5d5a9fa4","isMergeCommit":true,"messageTitle":"Merge pull request #5 from Ashertan256/README_Changes","messageBody":"Readme changes","fileTypesAndContributionMap":{}}]},{"date":"2025-03-07","commitResults":[{"hash":"0ca919b82e06da09cf7e9d46900fb72437a1da39","isMergeCommit":false,"messageTitle":"Week 7 Tut, Update AboutUs","messageBody":"","fileTypesAndContributionMap":{"docs":{"insertions":1,"deletions":5}}},{"hash":"6568fbe3fd5779fa5c3f47fcaaa2665390b505ec","isMergeCommit":true,"messageTitle":"Merge pull request #7 from Ashertan256/Asher-AboutUs","messageBody":"Week 7 Tut, Update AboutUs","fileTypesAndContributionMap":{}}]}]},"authorFileTypeContributionMap":{"matthewyeo1":{"docs":0,"functional-code":28,"test-code":0,"other":5},"mohammedhamdhan":{"docs":0,"functional-code":739,"test-code":0},"NandhithaShree":{"docs":2,"functional-code":0,"test-code":0},"nandhananm7":{"docs":5,"functional-code":0,"test-code":0},"Ashertan256":{"docs":400,"functional-code":0,"test-code":0}},"authorContributionVariance":{"matthewyeo1":4853.245,"mohammedhamdhan":54381.484,"NandhithaShree":3.75,"nandhananm7":11.484375,"Ashertan256":33354.973},"authorDisplayNameMap":{"matthewyeo1":"CS2113-F11-2 MATT.. WEN","mohammedhamdhan":"CS2113-F11-2 JAHA..DHAN","NandhithaShree":"CS2113-F11-2 SRIN..HREE","nandhananm7":"CS2113-F11-2 NAND..HANA","Ashertan256":"CS2113-F11-2 ASHE..SHIH"}}
