{"authorDailyContributionsMap":{"Teng-Yong-Quan":[{"date":"2025-02-27","commitResults":[{"hash":"2616ca424ebfd31280d8f32bcba332eedc5fbd3b","isMergeCommit":false,"messageTitle":"Update README.md","messageBody":"","fileTypesAndContributionMap":{"docs":{"insertions":1,"deletions":1}}}]},{"date":"2025-03-07","commitResults":[{"hash":"4fc4f8040c730e1f698e376d9719a62462fe7a82","isMergeCommit":false,"messageTitle":"Change JohnDoe to YongQuan","messageBody":"","fileTypesAndContributionMap":{"docs":{"insertions":1,"deletions":1}}}]},{"date":"2025-03-12","commitResults":[{"hash":"3ad47ddbc3bee3e5c95ae6164a710c8ef22367ce","isMergeCommit":false,"messageTitle":"Create an abstract class called \u0027Product\u0027","messageBody":"This will be the parent class for \u0027Ingredient\u0027 and \u0027Meal\u0027 classes.\n","fileTypesAndContributionMap":{"functional-code":{"insertions":30,"deletions":0}}},{"hash":"542a129fbd51b2ffe220eb27750665e993d5ea64","isMergeCommit":false,"messageTitle":"Create a class called \u0027Meal\u0027 class","messageBody":"This class will contain a list of ingredients and its cost.\n","fileTypesAndContributionMap":{"functional-code":{"insertions":117,"deletions":0}}},{"hash":"458aee8277280a54d97499b2e98cd1a18a36b27e","isMergeCommit":false,"messageTitle":"Create a class called \u0027Ingredient\u0027 class","messageBody":"This class contains its cost and name.\n","fileTypesAndContributionMap":{"functional-code":{"insertions":20,"deletions":0}}},{"hash":"293b327ae2a5d8d2d6e93e74783f1bb9033f0718","isMergeCommit":false,"messageTitle":"Add an exception for checking duplicate ingredients in a meal","messageBody":"","fileTypesAndContributionMap":{"functional-code":{"insertions":16,"deletions":0}}},{"hash":"ef34c9b8550ca97a8ef525db5182113bfce8de00","isMergeCommit":false,"messageTitle":"Add an exception which will be the parent class for other exceptions","messageBody":"","fileTypesAndContributionMap":{"functional-code":{"insertions":8,"deletions":0}}},{"hash":"d140b51b4c1d0f8ab3d710bc8ddde672195cb09a","isMergeCommit":false,"messageTitle":"Add an exception to check the parsing of string ingredient price input","messageBody":"This handles the error in parsing the string ingredient price input into\na double.\n","fileTypesAndContributionMap":{"functional-code":{"insertions":15,"deletions":0}}},{"hash":"c9f0981f254946dea83e823711efb21fa2700e21","isMergeCommit":false,"messageTitle":"Add an exception to handle price inputs which are 0 or negative","messageBody":"This prevents the ingredients and meals from being created with 0 or\nnegative price values.\n","fileTypesAndContributionMap":{"functional-code":{"insertions":13,"deletions":0}}},{"hash":"04892721af6e2c24d90f230b9721ca9391254777","isMergeCommit":false,"messageTitle":"Delete unnecessary comment","messageBody":"","fileTypesAndContributionMap":{"functional-code":{"insertions":1,"deletions":1}}},{"hash":"b471eaae7b34cb1d3f85753e89f3aff4a84bd086","isMergeCommit":false,"messageTitle":"Delete InvalidIngredientPriceException which is non-existent","messageBody":"","fileTypesAndContributionMap":{"functional-code":{"insertions":1,"deletions":1}}}]},{"date":"2025-03-13","commitResults":[{"hash":"9a163775c359df30b3af4f78409297fa3e4c2e46","isMergeCommit":false,"messageTitle":"Make some minor code refactoring","messageBody":"A toString() method is created in the parent class \u0027Product\u0027, so that\nthe child classes \u0027Ingredient\u0027 and \u0027Meal\u0027 can inherit the toString()\nmethod without requiring any changes to the method.\n","fileTypesAndContributionMap":{"functional-code":{"insertions":5,"deletions":0}}},{"hash":"c015e40d7759d13c9d420c63d0299aa77cf858e6","isMergeCommit":false,"messageTitle":"Remove unnecessary toString() method from \u0027Ingredient\u0027 class","messageBody":"","fileTypesAndContributionMap":{"functional-code":{"insertions":1,"deletions":3}}},{"hash":"482167c0a4fdfb87ccdcd0ea9b295489f423a328","isMergeCommit":false,"messageTitle":"Remove toString() method and make some minor code refinements","messageBody":"The code refinements made are to ensure that the letters of the\ningredient name the user is searching for are\nstandardized to the same spelling regardless of uppercase or lowercase\nletters while checking for ingredients which contain the name or exactly\nis the name.\n","fileTypesAndContributionMap":{"functional-code":{"insertions":5,"deletions":6}}},{"hash":"c22ba97681e7e9015466d221c06ba5ba0b2d9190","isMergeCommit":false,"messageTitle":"Make some basic Junit test for Meal Class and Ingredient Class","messageBody":"","fileTypesAndContributionMap":{"test-code":{"insertions":39,"deletions":0}}}]},{"date":"2025-03-15","commitResults":[{"hash":"35d50d9d5383aa78530d6066a91588ec110290fe","isMergeCommit":true,"messageTitle":"Merge pull request #14 from Cheng-Zhiyuan/Branch1-Creating-Project-Structure","messageBody":"Create basic structure for further software development","fileTypesAndContributionMap":{}}]},{"date":"2025-03-17","commitResults":[{"hash":"ae822ee711835431c4f7a30c4c8d8f81e9647209","isMergeCommit":false,"messageTitle":"Rename from Duke to EZMealPlan","messageBody":"","fileTypesAndContributionMap":{"other":{"insertions":4,"deletions":4}}},{"hash":"1417bcf5afed345e60da169b32d422c26440b402","isMergeCommit":false,"messageTitle":"Add exceptions for CreateChecker, CreateCommand and MealManager classes","messageBody":"","fileTypesAndContributionMap":{"functional-code":{"insertions":94,"deletions":1}}},{"hash":"9a6a73d7be53c4242f48081afaed1fb6195ee132","isMergeCommit":false,"messageTitle":"Update Command class with setter and getter for validUserInput","messageBody":"","fileTypesAndContributionMap":{"functional-code":{"insertions":11,"deletions":1}}},{"hash":"653a7ffca884e1091d2a9bf64ba45e7b4035bebc","isMergeCommit":false,"messageTitle":"Include initialisation of UnknownCommand and fix the typo error","messageBody":"","fileTypesAndContributionMap":{"functional-code":{"insertions":4,"deletions":2}}},{"hash":"e700510cfe9d84365cb6fb5c83b9b4907930ca70","isMergeCommit":false,"messageTitle":"Delete Duke.java and MealTest.java","messageBody":"","fileTypesAndContributionMap":{"functional-code":{"insertions":0,"deletions":30},"test-code":{"insertions":0,"deletions":39}}},{"hash":"b507aa0fbe82f171f5c61844c75243a4db52104b","isMergeCommit":false,"messageTitle":"Add override Equals method to these classes to check for duplicates","messageBody":"","fileTypesAndContributionMap":{"functional-code":{"insertions":29,"deletions":64}}},{"hash":"5b544153d2c401ba54508a4f16855e754a0190d1","isMergeCommit":false,"messageTitle":"Include methods and other updates relevant to creating a new meal","messageBody":"","fileTypesAndContributionMap":{"functional-code":{"insertions":92,"deletions":7}}},{"hash":"85c20daf7c5da61b3e97a62833a339e1a49dc6cb","isMergeCommit":false,"messageTitle":"Create an abstract checker class for other checkers subclasses","messageBody":"","fileTypesAndContributionMap":{"functional-code":{"insertions":17,"deletions":0}}},{"hash":"7145229e5428e07b46d3c638b8f469b6510ad8c3","isMergeCommit":false,"messageTitle":"Add CreateChecker class to check the input format before creating a meal","messageBody":"","fileTypesAndContributionMap":{"functional-code":{"insertions":111,"deletions":0}}},{"hash":"98bc9cc2deeee9e97a764cee4f9d6bc151db3e12","isMergeCommit":false,"messageTitle":"Add CreateCommand class which is responsible for creating a meal","messageBody":"","fileTypesAndContributionMap":{"functional-code":{"insertions":138,"deletions":0}}},{"hash":"ba3d2d5512b97892e7861f3aa47546f39e1ad47a","isMergeCommit":false,"messageTitle":"Include GLOBAL_LOGGER into the EZMealPlan.java","messageBody":"","fileTypesAndContributionMap":{"functional-code":{"insertions":68,"deletions":0}}},{"hash":"034d9f0d8bcc87840b0f8811729a97b65499be71","isMergeCommit":false,"messageTitle":"Add Junit CreateCheckerTest to ensure CreateChecker class works properly","messageBody":"","fileTypesAndContributionMap":{"test-code":{"insertions":140,"deletions":0}}},{"hash":"4250349c6af4618faabc2d51a862bc625792523c","isMergeCommit":false,"messageTitle":"Update Junit Ingredient Test","messageBody":"","fileTypesAndContributionMap":{"test-code":{"insertions":22,"deletions":0}}},{"hash":"c15133793db8016b1788cd2ef20bd36162704bb7","isMergeCommit":false,"messageTitle":"Change setmainClass to seedu.ezmealplan.EZMealPlan for text-ui-test","messageBody":"","fileTypesAndContributionMap":{"other":{"insertions":2,"deletions":2}}},{"hash":"0feed3aafc6c52a3448a0f062ee0b8d6a8f3f7ff","isMergeCommit":false,"messageTitle":"Remove unnecessary lines","messageBody":"","fileTypesAndContributionMap":{"functional-code":{"insertions":0,"deletions":4}}},{"hash":"2c21f7bd8f0e6ad0f2cdc5b02ee26524c643f192","isMergeCommit":false,"messageTitle":"Make minor edit","messageBody":"","fileTypesAndContributionMap":{"functional-code":{"insertions":2,"deletions":2}}}]},{"date":"2025-03-18","commitResults":[{"hash":"455b8d046f4617d91cac59db850e0a7b04e0de84","isMergeCommit":true,"messageTitle":"Merge pull request #23 from olsonwangyj/WangYanjie_ListCommand","messageBody":"Wang yanjie ListCommand","fileTypesAndContributionMap":{}},{"hash":"46398b35b229392062050f582d972c6c04221ad8","isMergeCommit":true,"messageTitle":"Merge pull request #24 from olsonwangyj/WangYanjie_MealCommand","messageBody":"Wang yanjie meal command","fileTypesAndContributionMap":{}}]},{"date":"2025-03-19","commitResults":[{"hash":"03de2dd22f397ee0851529ebbd5801a8452fa912","isMergeCommit":false,"messageTitle":"Perform minor code refactoring","messageBody":"","fileTypesAndContributionMap":{"functional-code":{"insertions":29,"deletions":16}}},{"hash":"67189ff547d5a44c9721079a005b71003c1f04fa","isMergeCommit":false,"messageTitle":"Include exceptions relevant to SelectCommand, FilterCommand and others","messageBody":"","fileTypesAndContributionMap":{"functional-code":{"insertions":108,"deletions":0}}},{"hash":"4890db20bb9ffb2f64d45e92cf0f8befe3e2193e","isMergeCommit":false,"messageTitle":"Make a FilterSelectChecker parent class for filter and select checkers","messageBody":"","fileTypesAndContributionMap":{"functional-code":{"insertions":101,"deletions":0}}},{"hash":"adfeb597082e220a7496b884e25dae94f0574ced","isMergeCommit":false,"messageTitle":"Create FilterChecker class to check user input for FilterCommand","messageBody":"","fileTypesAndContributionMap":{"functional-code":{"insertions":15,"deletions":0}}},{"hash":"d271aa995802884d68c2059d1f7e5fc01ccec999","isMergeCommit":false,"messageTitle":"Create SelectChecker class to check user input for SelectCommand class","messageBody":"","fileTypesAndContributionMap":{"functional-code":{"insertions":43,"deletions":0}}},{"hash":"b34b36e55b715e0ae33572ee644892953c844b7e","isMergeCommit":false,"messageTitle":"Create FilterSelectCommand parent class for filter and select commands","messageBody":"","fileTypesAndContributionMap":{"functional-code":{"insertions":117,"deletions":0}}},{"hash":"1977a0783e3bd44280d000537cc2329f425f846e","isMergeCommit":false,"messageTitle":"Create FilterCommand class to process user input for filtered meal list","messageBody":"","fileTypesAndContributionMap":{"functional-code":{"insertions":31,"deletions":0}}},{"hash":"cad984d74df0f4400c47289445b2b39fc7ff5d93","isMergeCommit":false,"messageTitle":"Create SelectCommand for adding meal to user meal list after filtering","messageBody":"","fileTypesAndContributionMap":{"functional-code":{"insertions":84,"deletions":0}}},{"hash":"7175950a2b1d062dd778a8299c27c17423472ae4","isMergeCommit":false,"messageTitle":"Account for the filter and select command by adding relevant methods","messageBody":"","fileTypesAndContributionMap":{"functional-code":{"insertions":97,"deletions":3}}},{"hash":"5b3d9344c5562617bff5b7a4098575f93147d05e","isMergeCommit":true,"messageTitle":"Merge branch \u0027master\u0027 into branch-filter-select","messageBody":"","fileTypesAndContributionMap":{}},{"hash":"28938f0b85f6e0b89a1aa99face90e6c38a5b541","isMergeCommit":true,"messageTitle":"Merge pull request #27 from Cheng-Zhiyuan/store-and-load-data","messageBody":"Store and load data","fileTypesAndContributionMap":{}},{"hash":"6be51d30758fc1644bff1e82e1f83ec5227c7123","isMergeCommit":true,"messageTitle":"Merge branch \u0027master\u0027 into branch-filter-select","messageBody":"","fileTypesAndContributionMap":{}},{"hash":"5a9fc5c09a7c6e53fba59bb9bf1353c42480cd1b","isMergeCommit":false,"messageTitle":"Update Parser.java","messageBody":"","fileTypesAndContributionMap":{"functional-code":{"insertions":13,"deletions":4}}},{"hash":"5717f309d41e04d5898a0fd69f028cd607a0448c","isMergeCommit":true,"messageTitle":"Merge remote-tracking branch \u0027origin/branch-filter-select\u0027 into branch-filter-select","messageBody":"","fileTypesAndContributionMap":{}},{"hash":"12661ebfdd79ee273456d4dfc957353b2d116d22","isMergeCommit":false,"messageTitle":"Perform minor code refactoring","messageBody":"","fileTypesAndContributionMap":{"functional-code":{"insertions":3,"deletions":4}}},{"hash":"03b6a703e3abade69c182de26474aaf7e9ac1c20","isMergeCommit":true,"messageTitle":"Merge remote-tracking branch \u0027upstream1/master\u0027","messageBody":"# Conflicts:\n#\tsrc/main/java/seedu/logic/MealManager.java\n#\tsrc/main/java/seedu/parser/Parser.java\n","fileTypesAndContributionMap":{}},{"hash":"e20cd30a1ba6f6aa08da070e245e2d1b2cee37f0","isMergeCommit":true,"messageTitle":"Merge branch \u0027master\u0027 into branch-filter-select","messageBody":"","fileTypesAndContributionMap":{}},{"hash":"b0452a55a298226c406f11c619199c150c9319a5","isMergeCommit":false,"messageTitle":"Fix some bugs","messageBody":"","fileTypesAndContributionMap":{"functional-code":{"insertions":11,"deletions":12}}},{"hash":"e38b01984acadf8b715a87841a3a323c86a5e1e2","isMergeCommit":true,"messageTitle":"Merge remote-tracking branch \u0027origin/branch-filter-select\u0027 into branch-filter-select","messageBody":"# Conflicts:\n#\tsrc/main/java/seedu/logic/MealManager.java\n#\tsrc/main/java/seedu/parser/Parser.java\n","fileTypesAndContributionMap":{}},{"hash":"0607cf442adc765de83285ce4060b9cadfe1c02b","isMergeCommit":true,"messageTitle":"Merge remote-tracking branch \u0027origin/master\u0027","messageBody":"# Conflicts:\n#\tsrc/main/java/seedu/logic/MealManager.java\n#\tsrc/main/java/seedu/parser/Parser.java\n","fileTypesAndContributionMap":{}}]},{"date":"2025-03-20","commitResults":[{"hash":"7afa81c893887c59f9c493105b47ce584a7e5337","isMergeCommit":false,"messageTitle":"Create MealList and subclasses MainList and MealList for storing","messageBody":"","fileTypesAndContributionMap":{"functional-code":{"insertions":13,"deletions":0}}},{"hash":"c48466acfd849e181ac35ca06e3ceba7a72bc45d","isMergeCommit":false,"messageTitle":"Perform code refactoring and other changes","messageBody":"The codes are optimized based on your feedbacks. The methods are now\ncase insensitive. This is to account for user inputs and keywords in\nboth upper and lowercases.\n","fileTypesAndContributionMap":{"functional-code":{"insertions":119,"deletions":95}}},{"hash":"a25c560051121e5f04eab37a6ff3a3d92f8c5052","isMergeCommit":false,"messageTitle":"Perform code refactoring and other changes","messageBody":"The codes are optimized based on your feedbacks. The methods are now\ncase insensitive. This is to account for user inputs and keywords in\nboth upper and lowercases.\n\nThe methods for some classes are also updated\nto account for the MealList class that has been made recently.\n","fileTypesAndContributionMap":{"functional-code":{"insertions":27,"deletions":33}}},{"hash":"5c7162ef003560a69ef90097424b4e5f336b3618","isMergeCommit":false,"messageTitle":"Update methods to account for the MealList class","messageBody":"","fileTypesAndContributionMap":{"functional-code":{"insertions":51,"deletions":25}}},{"hash":"75b5b6ac9cc6895392aca168d1a145e444127365","isMergeCommit":false,"messageTitle":"Perform minor code refactoring","messageBody":"","fileTypesAndContributionMap":{"functional-code":{"insertions":96,"deletions":72},"test-code":{"insertions":5,"deletions":5}}},{"hash":"5d9f70b82e8898940ce67e494120d1f71a828000","isMergeCommit":false,"messageTitle":"Make minor adjustments to the exception message","messageBody":"","fileTypesAndContributionMap":{"functional-code":{"insertions":14,"deletions":15}}},{"hash":"7269be9e163cc28d157e2ac9928e291d7f078697","isMergeCommit":true,"messageTitle":"Merge remote-tracking branch \u0027origin/master\u0027","messageBody":"","fileTypesAndContributionMap":{}},{"hash":"5aa164fcaa4ef75502408b0bbf5c4deb38d3c8e6","isMergeCommit":true,"messageTitle":"Merge remote-tracking branch \u0027origin/master\u0027","messageBody":"","fileTypesAndContributionMap":{}},{"hash":"16b92722d68d776c0eab94b87f6fd3914ee24e6a","isMergeCommit":false,"messageTitle":"Modify and extract some submethods to shorten the main methods","messageBody":"Some of the methods are too long, so it would be appropriate to extract\nsegments of codes as submethods.\nPreviously, the methods stop adding new meals into user and main meal\nlist whenever an error in the .txt is encountered. Now, they have been\nmodified such that they simply print an error message, skip to the\nnext meal line in the .txt file and continue processing unless it is an\nIOException.\n","fileTypesAndContributionMap":{"functional-code":{"insertions":79,"deletions":37}}},{"hash":"192ec73c0b4254bba72c1580a605e4bd5081d4d2","isMergeCommit":true,"messageTitle":"Merge pull request #34 from wentuoc/branch-remove","messageBody":"Branch remove","fileTypesAndContributionMap":{}},{"hash":"bc378eb9f20e6b3927426a5aa35cf02889ba38cf","isMergeCommit":false,"messageTitle":"Remove conflict files","messageBody":"","fileTypesAndContributionMap":{"functional-code":{"insertions":0,"deletions":282}}},{"hash":"40cb1245ffae7a26695b5c752334098ac51fa25c","isMergeCommit":false,"messageTitle":"Delete conflict files","messageBody":"","fileTypesAndContributionMap":{"functional-code":{"insertions":0,"deletions":282}}},{"hash":"7fc714ddd774d6e5450a7240f39e2b8e0de6aefd","isMergeCommit":true,"messageTitle":"Merge remote-tracking branch \u0027upstream1/master\u0027","messageBody":"# Conflicts:\n#\tdata/mainList.txt\n#\tsrc/main/java/seedu/logic/MealManager.java\n#\tsrc/main/java/seedu/meallist/MealList.java\n#\tsrc/main/java/seedu/parser/Parser.java\n#\tsrc/main/java/seedu/ui/UserInterface.java\n","fileTypesAndContributionMap":{}},{"hash":"ae2982e6de9588003da171b6b8242333f24ca4c9","isMergeCommit":true,"messageTitle":"Merge remote-tracking branch \u0027origin/master\u0027","messageBody":"# Conflicts:\n#\tdata/mainList.txt\n#\tsrc/main/java/seedu/logic/MealManager.java\n#\tsrc/main/java/seedu/meallist/MealList.java\n#\tsrc/main/java/seedu/parser/Parser.java\n#\tsrc/main/java/seedu/ui/UserInterface.java\n","fileTypesAndContributionMap":{}},{"hash":"c030037a54589c7b6f9e63b5d47877d1bf2f58fc","isMergeCommit":true,"messageTitle":"Merge branch \u0027master\u0027 into branch-bug-fix","messageBody":"","fileTypesAndContributionMap":{}},{"hash":"35db36d59caa7d1ab8c4ca8e4b3de3190b4ab441","isMergeCommit":true,"messageTitle":"Merge branch \u0027master\u0027 into Brancn-help","messageBody":"","fileTypesAndContributionMap":{}},{"hash":"00154ce2a2de1ee2e87675872abfb7f649162bf2","isMergeCommit":true,"messageTitle":"Merge pull request #33 from Cheng-Zhiyuan/Brancn-help","messageBody":"Branch help","fileTypesAndContributionMap":{}},{"hash":"2f55705503d061678fa772d6cc87bcc9997058b8","isMergeCommit":true,"messageTitle":"Merge remote-tracking branch \u0027upstream1/master\u0027","messageBody":"","fileTypesAndContributionMap":{}},{"hash":"6f3d479a9b63b4b7a78cacd4c7a0843f0f1ac349","isMergeCommit":false,"messageTitle":"Create ViewChecker and ViewCommand Classes","messageBody":"","fileTypesAndContributionMap":{"functional-code":{"insertions":143,"deletions":0}}},{"hash":"29f4e8e475f4c9c353afb798e4bb4e213cd86694","isMergeCommit":false,"messageTitle":"Update Parser and UserInterface to account for the recent classes made","messageBody":"","fileTypesAndContributionMap":{"functional-code":{"insertions":8,"deletions":3}}},{"hash":"848ed428ab5178ee6df57d30a6b6bbab9e933f96","isMergeCommit":false,"messageTitle":"Add exceptions relevant to the ViewCommand and ViewChecker classes","messageBody":"","fileTypesAndContributionMap":{"functional-code":{"insertions":56,"deletions":0}}},{"hash":"430aa9c4e4fd413630397948ee1ae35870e8b75e","isMergeCommit":false,"messageTitle":"Perform minor code refactoring","messageBody":"","fileTypesAndContributionMap":{"functional-code":{"insertions":5,"deletions":6}}},{"hash":"d1481a93e28d1eb1db7cecd598b4815b38a0da82","isMergeCommit":true,"messageTitle":"Merge remote-tracking branch \u0027upstream1/master\u0027","messageBody":"","fileTypesAndContributionMap":{}},{"hash":"f02f1918d6768ea7279307ad452e8ee77f56a718","isMergeCommit":true,"messageTitle":"Merge branch \u0027master\u0027 into branch-view","messageBody":"","fileTypesAndContributionMap":{}},{"hash":"3a5b3a5ad3b25e6796fd0163e7503c6322d05fd6","isMergeCommit":true,"messageTitle":"Merge remote-tracking branch \u0027upstream1/master\u0027","messageBody":"","fileTypesAndContributionMap":{}},{"hash":"9e4e4a3940972eb6b1b774162f808ddd8db48bfe","isMergeCommit":true,"messageTitle":"Merge remote-tracking branch \u0027upstream1/master\u0027","messageBody":"","fileTypesAndContributionMap":{}},{"hash":"53788e46e5a0a5bef9548a8a8c321aa9ce44da97","isMergeCommit":true,"messageTitle":"Merge pull request #41 from wentuoc/branch-JUnit-tests","messageBody":"Add RemoveDeleteCheckerTest","tags":["v1.0"],"fileTypesAndContributionMap":{}}]},{"date":"2025-03-21","commitResults":[{"hash":"9dc6db77bd113dfadfec15a678598d76998d57cc","isMergeCommit":true,"messageTitle":"Merge remote-tracking branch \u0027upstream1/master\u0027","messageBody":"","fileTypesAndContributionMap":{}},{"hash":"9a6ff660ea9916320578f0762b3d642282af6027","isMergeCommit":false,"messageTitle":"Add updates","messageBody":"","fileTypesAndContributionMap":{"functional-code":{"insertions":37,"deletions":1},"test-code":{"insertions":76,"deletions":0}}}]},{"date":"2025-03-22","commitResults":[{"hash":"3fc8d4478dcb5931a02c83c6fd6cdf0eb4d6536e","isMergeCommit":false,"messageTitle":"Rename MainList, UserList and MealList to MainMeals, UserMeals and Meals","messageBody":"This is to avoid naming confusions. The variables representing these\nclasses can be named ending with \u0027Meals\u0027 instead while the names of the\nvariables for List\u003cMeal\u003e such as mainMealList and userMealList present\nin both MainMeals and UserMeals can end with \u0027List\u0027 or \u0027MealList\u0027.\n","fileTypesAndContributionMap":{"functional-code":{"insertions":9,"deletions":9},"other":{"insertions":2,"deletions":2}}},{"hash":"a7c8e3199ba2c8a5799940745446f75e0361c990","isMergeCommit":false,"messageTitle":"Rename sb to StringBuilder","messageBody":"","fileTypesAndContributionMap":{"functional-code":{"insertions":8,"deletions":27}}},{"hash":"3596120c21b1383ef4199a98699b3e8331cacf68","isMergeCommit":false,"messageTitle":"Account for the changes in the classes name such as MealList to Meals","messageBody":"","fileTypesAndContributionMap":{"functional-code":{"insertions":62,"deletions":69},"test-code":{"insertions":3,"deletions":3}}},{"hash":"93b5e1c718df47216852e708b52a191f33b802dc","isMergeCommit":false,"messageTitle":"Add method to clear files in Storage and perform minor code refactoring","messageBody":"","fileTypesAndContributionMap":{"functional-code":{"insertions":28,"deletions":41}}},{"hash":"b325096f22c14a76c185bc1ce5cad8a4ec3dd18b","isMergeCommit":false,"messageTitle":"Account for the changes in the classes name such as MealList to Meals","messageBody":"","fileTypesAndContributionMap":{"functional-code":{"insertions":44,"deletions":23}}},{"hash":"83b8d62dc3bb39f4e82aa30749509e240d343e22","isMergeCommit":false,"messageTitle":"Revert \"Add method to clear files in Storage and perform minor code refactoring\"","messageBody":"This reverts commit 93b5e1c718df47216852e708b52a191f33b802dc.\n","fileTypesAndContributionMap":{"functional-code":{"insertions":41,"deletions":28}}},{"hash":"7bf2075c7bd7954e6d38bbb219f6c9aef7cd3441","isMergeCommit":false,"messageTitle":"Revert \"Account for the changes in the classes name such as MealList to Meals\"","messageBody":"This reverts commit b325096f22c14a76c185bc1ce5cad8a4ec3dd18b.\n","fileTypesAndContributionMap":{"functional-code":{"insertions":23,"deletions":44}}},{"hash":"9070670529ab65f33d693ffda3acc2179436d624","isMergeCommit":false,"messageTitle":"Enable assertions in build gradle","messageBody":"","fileTypesAndContributionMap":{"other":{"insertions":1,"deletions":0}}},{"hash":"e497ba3a37a00b37dcdaa38806bc441faa4b4dcd","isMergeCommit":false,"messageTitle":"Remove Storage.clearUserList()","messageBody":"","fileTypesAndContributionMap":{"functional-code":{"insertions":4,"deletions":6}}},{"hash":"0067b04c200afb1496fba7cc525e01dbfe0dbf59","isMergeCommit":false,"messageTitle":"Add print message for removing meal from user after deletion from main","messageBody":"","fileTypesAndContributionMap":{"functional-code":{"insertions":1,"deletions":0}}},{"hash":"282c3ce582f29fc5f5cef7f6b22cc310abc00faa","isMergeCommit":false,"messageTitle":"Account for name changes of MealList to Meals classes","messageBody":"","fileTypesAndContributionMap":{"functional-code":{"insertions":1,"deletions":1}}},{"hash":"22ed742109432a934de00eb99174ddc24911bf4a","isMergeCommit":false,"messageTitle":"Perform code refactoring","messageBody":"","fileTypesAndContributionMap":{"functional-code":{"insertions":22,"deletions":24}}},{"hash":"080ab1cd6cab85cd027cbfca7dbf1a3f33dc16d3","isMergeCommit":false,"messageTitle":"Add meals that are only present in the user list into the main list","messageBody":"","fileTypesAndContributionMap":{"functional-code":{"insertions":14,"deletions":0}}},{"hash":"ab45b937ad948fd469a39278daa77d249949fc09","isMergeCommit":false,"messageTitle":"Add more getter and setter methods for better accessibility","messageBody":"","fileTypesAndContributionMap":{"functional-code":{"insertions":27,"deletions":42}}},{"hash":"2bcf85961c4855e024c84d0e7a1771a4ed879511","isMergeCommit":false,"messageTitle":"Add methods to transfer both meal lists into their respective .txt files","messageBody":"","fileTypesAndContributionMap":{"functional-code":{"insertions":27,"deletions":0}}},{"hash":"16e2e4a6ae5f9b723823a3fa54921f316b0837da","isMergeCommit":false,"messageTitle":"Add PresetMeals class","messageBody":"","fileTypesAndContributionMap":{"functional-code":{"insertions":126,"deletions":0}}},{"hash":"84e58125c73aa4b95a96dd98c56e95d7b2497757","isMergeCommit":false,"messageTitle":"Add method loadPresetMeals()","messageBody":"","fileTypesAndContributionMap":{"functional-code":{"insertions":16,"deletions":0}}},{"hash":"c677e614dc0991b5033cb7aa9b7da4d42d8ed822","isMergeCommit":false,"messageTitle":"Add a line that loads preset meals if the main meal list file is empty","messageBody":"","fileTypesAndContributionMap":{"functional-code":{"insertions":6,"deletions":2}}}]},{"date":"2025-03-24","commitResults":[{"hash":"127ce0b116bae3bd3a3eec0b7005f0d05e0e7ec4","isMergeCommit":false,"messageTitle":"Convert PresetMeals into a singleton class","messageBody":"Since PresetMeals class is only needed once when the user runs the\nezmealplan.jar for the first time whereby the mainList.txt is empty, it\nis recommended to use singleton pattern to create only one instance of\nthat class.\n","fileTypesAndContributionMap":{"functional-code":{"insertions":9,"deletions":5}}}]},{"date":"2025-03-27","commitResults":[{"hash":"06546b11843e5f8cf16b743ecc049f5ec2284908","isMergeCommit":false,"messageTitle":"Create PUML diagram for running command and update DeveloperGuide.md","messageBody":"","fileTypesAndContributionMap":{"docs":{"insertions":75,"deletions":0}}}]},{"date":"2025-03-28","commitResults":[{"hash":"5af572bc5610556781d1b6a294b32434d4333f79","isMergeCommit":false,"messageTitle":"Create Junit tests for CreateChecker and CreateCommand classes","messageBody":"","fileTypesAndContributionMap":{"test-code":{"insertions":263,"deletions":81}}},{"hash":"65fe452fdfb10a1fa3dd21d3f92709a1ff64ec7e","isMergeCommit":false,"messageTitle":"Replace full string text with new RemoveFormatException().getMessage()","messageBody":"","fileTypesAndContributionMap":{"test-code":{"insertions":3,"deletions":4}}},{"hash":"72dd7d1e4e28abceeaf52ba2fe67b36ac3f9b244","isMergeCommit":true,"messageTitle":"Merge pull request #49 from Cheng-Zhiyuan/Branch-UI-UnitTest","messageBody":"Branch UI unit test","fileTypesAndContributionMap":{}},{"hash":"bbd1ae893b7d610c25ad3d9e51465075ecafcc66","isMergeCommit":false,"messageTitle":"Update DuplicateIngredientException.getMessage() for better clarity","messageBody":"","fileTypesAndContributionMap":{"functional-code":{"insertions":3,"deletions":1}}},{"hash":"6297d9d4bd3ea8dd8b46bbe1bab1d4cc59a206a7","isMergeCommit":false,"messageTitle":"Update DuplicateMealException.getMessage() for better clarity","messageBody":"","fileTypesAndContributionMap":{"functional-code":{"insertions":12,"deletions":1}}},{"hash":"e7d4b68e806bc09c9586efe4d5f70d58cb8c8865","isMergeCommit":false,"messageTitle":"Update CreateCommandTest to account for the recent changes made","messageBody":"","fileTypesAndContributionMap":{"test-code":{"insertions":9,"deletions":5}}},{"hash":"8f6a7e50be7d49c615ce0736f97d8a81236e7aa1","isMergeCommit":false,"messageTitle":"Change the file locations of ListCommandTest and MealCommandTest","messageBody":"","fileTypesAndContributionMap":{"test-code":{"insertions":102,"deletions":0}}},{"hash":"05108fc4e6ddd2da90aed6fc5b0a3f3eaa28ab55","isMergeCommit":false,"messageTitle":"Transfer some of the tests from CreateCommand into the Meal class","messageBody":"","fileTypesAndContributionMap":{"functional-code":{"insertions":51,"deletions":49}}},{"hash":"a31c3ca105276257e0d0e2ff12f8f4288d6d15a1","isMergeCommit":false,"messageTitle":"Make minor edits to the CreateCheckerTest and CreateCommandTest","messageBody":"","fileTypesAndContributionMap":{"test-code":{"insertions":7,"deletions":8}}},{"hash":"161da43d3c7123b94503eea66bebf283fc0949b7","isMergeCommit":false,"messageTitle":"Fix some of typo errors and checkstyle violations","messageBody":"","fileTypesAndContributionMap":{"test-code":{"insertions":4,"deletions":4}}},{"hash":"77c19213945b741c141722b4a9ff60c199f1da2a","isMergeCommit":true,"messageTitle":"Merge pull request #53 from Teng-Yong-Quan/branch-junit-create","messageBody":"Branch junit create","fileTypesAndContributionMap":{}},{"hash":"872dd289efb5e134cf1976cae43a9a11bcb012c8","isMergeCommit":true,"messageTitle":"Merge pull request #60 from Cheng-Zhiyuan/Branch-Update-DG-UserStories","messageBody":"Update DG with user stories","fileTypesAndContributionMap":{}},{"hash":"af41638dbcc3fab017f9ea07153b30dafbcee85c","isMergeCommit":true,"messageTitle":"Merge pull request #61 from RyanLing169/DG-addition","messageBody":"Dg addition","fileTypesAndContributionMap":{}},{"hash":"a7dae5b4b76dae6e1b953874f37c23a4d76170de","isMergeCommit":true,"messageTitle":"Merge pull request #63 from RyanLing169/DG-addition","messageBody":"ammend appendix","fileTypesAndContributionMap":{}},{"hash":"922078ff0f8ac043bd8b58db9b07f33abbe7f07c","isMergeCommit":true,"messageTitle":"Merge pull request #64 from wentuoc/branch-DG-Food","messageBody":"Add design details for Food in DG","fileTypesAndContributionMap":{}}]},{"date":"2025-03-30","commitResults":[{"hash":"cd994343853ca4ca4f28152fd7b0d3ae6e0905e5","isMergeCommit":false,"messageTitle":"Perform minor code refactoring","messageBody":"","fileTypesAndContributionMap":{"functional-code":{"insertions":2,"deletions":2}}},{"hash":"166117e8d1b8b62f85fb5078cfdec0ce47ee5d48","isMergeCommit":false,"messageTitle":"Edit the exceptions since some meals and ingredients can be free","messageBody":"","fileTypesAndContributionMap":{"functional-code":{"insertions":16,"deletions":14}}},{"hash":"e06cf7de282e25be08a0c3ad62fbf15837d0b9cb","isMergeCommit":false,"messageTitle":"Rectify the flaw spotted while running the Junit SelectCheckerTest","messageBody":"","fileTypesAndContributionMap":{"functional-code":{"insertions":3,"deletions":1}}},{"hash":"797ecd486d9703d7933c430c836812e2bb454c34","isMergeCommit":false,"messageTitle":"Perform code refactoring, minor edits and add loggers","messageBody":"","fileTypesAndContributionMap":{"test-code":{"insertions":112,"deletions":28}}},{"hash":"2b5ff267dd2b9ad88b5393c215ff16901118de32","isMergeCommit":false,"messageTitle":"Create Junit tests FilterCheckerTest and SelectCheckerTest","messageBody":"","fileTypesAndContributionMap":{"test-code":{"insertions":314,"deletions":0}}},{"hash":"1800a50b7f806944a585decd8fa385326753929d","isMergeCommit":false,"messageTitle":"Create Junit tests FilterCommandTest and SelectCommandTest","messageBody":"","fileTypesAndContributionMap":{"test-code":{"insertions":340,"deletions":0}}},{"hash":"90eeff4646df6c199338b56ca9549cdd43f5a0bb","isMergeCommit":false,"messageTitle":"Update the error message to account for the recent changes","messageBody":"","fileTypesAndContributionMap":{"test-code":{"insertions":1,"deletions":1}}},{"hash":"285f4542abfa36a86ce2053557123e9312f75795","isMergeCommit":false,"messageTitle":"Remove duplicate Junit tests ListCommandTest and MealCommandTest","messageBody":"","fileTypesAndContributionMap":{"test-code":{"insertions":0,"deletions":102}}},{"hash":"a04ab6bf423cc6a60f11093f21b3b5140a26c740","isMergeCommit":false,"messageTitle":"Update the code to account for the usage of logger","messageBody":"","fileTypesAndContributionMap":{"test-code":{"insertions":116,"deletions":95}}},{"hash":"e39ffb3bfc3c92e0fccd4e4bb51b677b6568fbc6","isMergeCommit":false,"messageTitle":"Perform minor code refactoring","messageBody":"","fileTypesAndContributionMap":{"functional-code":{"insertions":16,"deletions":13}}},{"hash":"83ac94816b0652f958ebd2df1165c0574bc49561","isMergeCommit":false,"messageTitle":"Revert edit","messageBody":"","fileTypesAndContributionMap":{"functional-code":{"insertions":1,"deletions":1}}},{"hash":"1148cc66b3f032a0b2d0cab7fea1c427129a40a4","isMergeCommit":false,"messageTitle":"Revert changes and add an extra line of error message","messageBody":"","fileTypesAndContributionMap":{"functional-code":{"insertions":9,"deletions":8}}},{"hash":"43f71d3debd1634cac69773e5b52a18509c8ec07","isMergeCommit":false,"messageTitle":"Change the locations of the files","messageBody":"","fileTypesAndContributionMap":{"docs":{"insertions":0,"deletions":98}}},{"hash":"efdbac86bd6fb22dc275385deeededd008661db4","isMergeCommit":false,"messageTitle":"Perform minor code refactoring","messageBody":"","fileTypesAndContributionMap":{"functional-code":{"insertions":3,"deletions":2}}},{"hash":"13ea2fd4c440706690185a73a9cab1b66e38bba2","isMergeCommit":false,"messageTitle":"Update developer guide","messageBody":"","fileTypesAndContributionMap":{"docs":{"insertions":7,"deletions":3}}},{"hash":"36099898def3f8c4c31c20f3c5ea476fa6a86e8b","isMergeCommit":false,"messageTitle":"Change the file locations","messageBody":"","fileTypesAndContributionMap":{"test-code":{"insertions":4,"deletions":104}}},{"hash":"44137236e5e3bac6669d5996f8a548807719a417","isMergeCommit":false,"messageTitle":"Perform minor code refactoring","messageBody":"","fileTypesAndContributionMap":{"functional-code":{"insertions":16,"deletions":7}}},{"hash":"c84e06273a9f0dbc1bb1a8d513c55db74eec3224","isMergeCommit":false,"messageTitle":"Perform minor code refactoring","messageBody":"","fileTypesAndContributionMap":{"functional-code":{"insertions":14,"deletions":6}}},{"hash":"33bef907930201c0fdf522b15f8cc1e3447b6c51","isMergeCommit":false,"messageTitle":"Create Junit ByeCommandTest","messageBody":"","fileTypesAndContributionMap":{"test-code":{"insertions":87,"deletions":0}}},{"hash":"44ba63e4ccb05c4cd8e5d19260eb187824ec2a43","isMergeCommit":false,"messageTitle":"Include changes from code refactoring into the sequence diagrams","messageBody":"","fileTypesAndContributionMap":{"functional-code":{"insertions":17,"deletions":9},"docs":{"insertions":2,"deletions":2}}}]},{"date":"2025-04-01","commitResults":[{"hash":"90212761fb0c82cbb91bc414f309836ed591a61d","isMergeCommit":true,"messageTitle":"Merge branch \u0027master\u0027 into branch-dg-second","messageBody":"","fileTypesAndContributionMap":{}},{"hash":"02d4d64eac54f18d3473b6e066be36e82e6c379e","isMergeCommit":false,"messageTitle":"Create byeCommandTest_success()","messageBody":"","fileTypesAndContributionMap":{"test-code":{"insertions":74,"deletions":25}}},{"hash":"6f1e2897a1062da03689e5cb4429b71247bf263f","isMergeCommit":false,"messageTitle":"Include createListFile(mainListFile) as it is needed for ByeCommandTest","messageBody":"","fileTypesAndContributionMap":{"functional-code":{"insertions":1,"deletions":0}}},{"hash":"39db2845a10becdee01599e3ceed57deceb970d7","isMergeCommit":false,"messageTitle":"Include methods that preserve data integrity of the .txt files","messageBody":"","fileTypesAndContributionMap":{"test-code":{"insertions":90,"deletions":7}}}]},{"date":"2025-04-02","commitResults":[{"hash":"53b193f643885f37308b91ede3e1187b5a19ad65","isMergeCommit":true,"messageTitle":"Merge branch \u0027master\u0027 into branch-junit-bye","messageBody":"","fileTypesAndContributionMap":{}},{"hash":"dc9733ff59c770c91e8820f05377439883f9a508","isMergeCommit":false,"messageTitle":"Resolve discrepancy issue","messageBody":"","fileTypesAndContributionMap":{"functional-code":{"insertions":2,"deletions":1}}},{"hash":"1e53228b43ae84d3c251302c733f1959c2a679ac","isMergeCommit":false,"messageTitle":"Resolve discrepancy issue","messageBody":"","fileTypesAndContributionMap":{"functional-code":{"insertions":2,"deletions":1}}},{"hash":"1fa5145856bfebf75b8e7cf406c5d63a9889f7b7","isMergeCommit":true,"messageTitle":"Merge branch \u0027master\u0027 into branch-dg-second","messageBody":"","fileTypesAndContributionMap":{}},{"hash":"b790fd73cf24a8669a9f81e4774c2688dba7ff95","isMergeCommit":true,"messageTitle":"Merge pull request #67 from Teng-Yong-Quan/branch-dg-second","messageBody":"Branch dg second","fileTypesAndContributionMap":{}},{"hash":"84f62ec9bf726b7f30e2bfa5b52d9546d36f30e0","isMergeCommit":false,"messageTitle":"Add introduction, quick start, features, help and create commands","messageBody":"","fileTypesAndContributionMap":{"docs":{"insertions":88,"deletions":11}}},{"hash":"16ede97926d3c7ff19b3fcd3012ba87c03f84dfa","isMergeCommit":false,"messageTitle":"Update the ui.printSelectCommandHelp() and rectify other typo errors","messageBody":"","fileTypesAndContributionMap":{"functional-code":{"insertions":12,"deletions":8},"test-code":{"insertions":8,"deletions":4}}},{"hash":"fabfb02d2b4d2e8b9019820e6a4c965dd3b6314f","isMergeCommit":false,"messageTitle":"Account for the changes in the naming convention for main and user list","messageBody":"","fileTypesAndContributionMap":{"docs":{"insertions":14,"deletions":15}}},{"hash":"4227cdd1e9894089859696361a1bd9861aefca8a","isMergeCommit":true,"messageTitle":"Merge pull request #78 from Cheng-Zhiyuan/Branch-UnitTest-ClearCommand","messageBody":"Add junit test for Clear command","fileTypesAndContributionMap":{}},{"hash":"2c8b40608dfcf25ca01e7965d6bf3c38bbd6be3a","isMergeCommit":false,"messageTitle":"Create teng-yong-quan.md for ppp","messageBody":"","fileTypesAndContributionMap":{"docs":{"insertions":15,"deletions":1}}}]},{"date":"2025-04-03","commitResults":[{"hash":"834c536fb02a10725e3684b650b7d763e1a3f76b","isMergeCommit":true,"messageTitle":"Merge pull request #81 from Cheng-Zhiyuan/Branch-RecommendCommand","messageBody":"Branch recommend command","fileTypesAndContributionMap":{}},{"hash":"2cbb7c32d7bb50f6526da456c244733ac6b685df","isMergeCommit":true,"messageTitle":"Merge pull request #82 from Cheng-Zhiyuan/Branch-RecommendCommand","messageBody":"Add BuyCommand, RecommendCommand and ConsumeCOmmand and inventroy class","fileTypesAndContributionMap":{}},{"hash":"ae887112399d8851cef06dd6064437e5ed59c7bc","isMergeCommit":false,"messageTitle":"Perform code refactoring and other adjustments","messageBody":"","fileTypesAndContributionMap":{"functional-code":{"insertions":362,"deletions":333},"other":{"insertions":81,"deletions":76},"test-code":{"insertions":95,"deletions":91}}},{"hash":"0dc03263df1bd19f95f7556c8511ad44a4ec7c49","isMergeCommit":false,"messageTitle":"Indent a new line to pass checkstylemain","messageBody":"","fileTypesAndContributionMap":{"functional-code":{"insertions":1,"deletions":1}}},{"hash":"9a5ee0467d7100d11cf6657b322f60d538058a53","isMergeCommit":true,"messageTitle":"Merge pull request #65 from RyanLing169/junit-test-for-ViewCommand-and-view-Checker","messageBody":"JUnit for ViewCommandTest","fileTypesAndContributionMap":{}},{"hash":"c75bfe2b102f9f8dfd9f3b4d2c6085d8c93c689d","isMergeCommit":true,"messageTitle":"Merge pull request #86 from olsonwangyj/master","messageBody":"Junit test for EZMealPlan","fileTypesAndContributionMap":{}},{"hash":"ea48fb2b1bf4e5763e69560f3ab70980454e62d4","isMergeCommit":true,"messageTitle":"Merge branch \u0027master\u0027 into branch-refactoring","messageBody":"# Conflicts:\n#\tsrc/main/java/seedu/command/ViewCommand.java\n","fileTypesAndContributionMap":{}},{"hash":"ae87696502b668fa02157950e9594d9993d9d1a3","isMergeCommit":false,"messageTitle":"Add ViewEmptyListException into the ViewCommand","messageBody":"","fileTypesAndContributionMap":{"functional-code":{"insertions":8,"deletions":13}}},{"hash":"fdc78a67e041146266e9a2ad6b6c754a031d453d","isMergeCommit":false,"messageTitle":"Update both Junit tests","messageBody":"","fileTypesAndContributionMap":{"test-code":{"insertions":84,"deletions":85}}},{"hash":"2b0c222a634af94c6b9fcfb0262391b693e26439","isMergeCommit":true,"messageTitle":"Merge pull request #90 from olsonwangyj/master","messageBody":"Update documentation","fileTypesAndContributionMap":{}},{"hash":"d1e2a8ec120fc62a6eef0f02943b7f21965d35aa","isMergeCommit":false,"messageTitle":"Update MealCommand to WishlistCommand","messageBody":"","fileTypesAndContributionMap":{"functional-code":{"insertions":2,"deletions":2},"other":{"insertions":1,"deletions":1},"test-code":{"insertions":2,"deletions":2}}},{"hash":"0b241b432b2c5069d45b175acb46cdfc649c84a0","isMergeCommit":false,"messageTitle":"Include the extractToken() method back into the original method","messageBody":"","fileTypesAndContributionMap":{"functional-code":{"insertions":5,"deletions":10}}},{"hash":"90f331f475661d71d00649e36c8a92239a91c265","isMergeCommit":true,"messageTitle":"Merge pull request #91 from wentuoc/Teng-Yong-Quan-branch-refactoring","messageBody":"Merge Teng Yong Quan branch refactoring","fileTypesAndContributionMap":{}},{"hash":"5c45838d77b61d91beced65f6a7559e023a71878","isMergeCommit":true,"messageTitle":"Merge pull request #93 from Cheng-Zhiyuan/master","messageBody":"Update Userguide ","fileTypesAndContributionMap":{}},{"hash":"91eb9629feca2563d573f91e4043cb8c081beec6","isMergeCommit":false,"messageTitle":"Update DeveloperGuide with CreateCommand and CreateChecker diagrams","messageBody":"","fileTypesAndContributionMap":{"docs":{"insertions":107,"deletions":5}}},{"hash":"21ad2002f071e977b7158b88b4559a3b05ae4d03","isMergeCommit":true,"messageTitle":"Merge pull request #97 from olsonwangyj/master","messageBody":"Update DG for SelectCommand","fileTypesAndContributionMap":{}},{"hash":"bd8ff89c1abe7a2a867b3d494e7cf88787c2b444","isMergeCommit":true,"messageTitle":"Merge branch \u0027master\u0027 into branch-dg-third","messageBody":"","fileTypesAndContributionMap":{}},{"hash":"9fac78335e9f07f84e12b2897a49aa7cbb811dc2","isMergeCommit":true,"messageTitle":"Merge pull request #99 from Cheng-Zhiyuan/Branch-Userguide-V3","messageBody":"Branch userguide v3","fileTypesAndContributionMap":{}}]},{"date":"2025-04-04","commitResults":[{"hash":"0bb0fb6b86f0d0e5905e01dd67c386ef7f287eb4","isMergeCommit":true,"messageTitle":"Merge pull request #105 from olsonwangyj/master","messageBody":"Rename PPP","fileTypesAndContributionMap":{}},{"hash":"283196a4d608dd63ceb80503f9cca8a9c279a0ae","isMergeCommit":true,"messageTitle":"Merge pull request #107 from RyanLing169/Add-to-UG","messageBody":"ADD TO UG","fileTypesAndContributionMap":{}},{"hash":"ca17aa0510a66d1690330bd90710cde062f5ed0e","isMergeCommit":false,"messageTitle":"Update ByeCommand","messageBody":"","fileTypesAndContributionMap":{"functional-code":{"insertions":17,"deletions":9},"test-code":{"insertions":59,"deletions":5}}},{"hash":"4e626a2515b962fb98da075816c8bfb592b3de10","isMergeCommit":false,"messageTitle":"Update DeveloperGuide with ByeCommand","messageBody":"","fileTypesAndContributionMap":{"docs":{"insertions":107,"deletions":1}}},{"hash":"bdb653f6f9a13c59f2b1efb4dcb52b4e498f9c19","isMergeCommit":true,"messageTitle":"Merge pull request #120 from olsonwangyj/master","messageBody":"Add BuyChecker, ConsumeChecker, RecommendChecker, and fix BuyCommand","fileTypesAndContributionMap":{}},{"hash":"f41cb42051034b41ed237b8e0151c1add522e9b9","isMergeCommit":false,"messageTitle":"Touch up on the ByeCommand in DeveloperGuide","messageBody":"","fileTypesAndContributionMap":{"docs":{"insertions":71,"deletions":71}}},{"hash":"f5a3791cd321adb9e7d38400a2d04651090a285f","isMergeCommit":true,"messageTitle":"Merge pull request #138 from wentuoc/branch-PPP","messageBody":"Branch PPP","fileTypesAndContributionMap":{}},{"hash":"eb6e805d69cce11b296b49041f12ad0f8d793d13","isMergeCommit":true,"messageTitle":"Merge branch \u0027master\u0027 into branch-dg-fourth","messageBody":"","fileTypesAndContributionMap":{}},{"hash":"580ed31e7d4c9ae57d7a0b137e4724c65c788b13","isMergeCommit":false,"messageTitle":"Account for discrepancy issue in branching","messageBody":"","fileTypesAndContributionMap":{"functional-code":{"insertions":199,"deletions":0},"docs":{"insertions":61,"deletions":0}}},{"hash":"6b4c3a90c1d10835de1b22646e8833b5d6628fa9","isMergeCommit":true,"messageTitle":"Merge remote-tracking branch \u0027origin/branch-dg-fourth\u0027 into branch-dg-fourth","messageBody":"","fileTypesAndContributionMap":{}},{"hash":"7c61294c99e368d363f427a9afa856c9c6d8da6f","isMergeCommit":false,"messageTitle":"Update AboutUs","messageBody":"","fileTypesAndContributionMap":{"docs":{"insertions":9,"deletions":7}}}]},{"date":"2025-04-05","commitResults":[{"hash":"095443134218dcd74052cd53d759e0ce8063db0c","isMergeCommit":false,"messageTitle":"Rename file to EmptyListException","messageBody":"","fileTypesAndContributionMap":{"other":{"insertions":0,"deletions":0}}},{"hash":"086e815bb7b414cdd036a215f1e2992538cde24a","isMergeCommit":false,"messageTitle":"Account for the static nature of validUserInput variable","messageBody":"","fileTypesAndContributionMap":{"functional-code":{"insertions":13,"deletions":15}}},{"hash":"8852481387322a007febde59967ed30270db7771","isMergeCommit":false,"messageTitle":"Account for the rename in the exception class","messageBody":"","fileTypesAndContributionMap":{"functional-code":{"insertions":2,"deletions":2},"test-code":{"insertions":3,"deletions":3}}},{"hash":"c3b5a2d1eef97d61c7f222fb0662eef70ee55c39","isMergeCommit":false,"messageTitle":"Recover some of the lost features and methods","messageBody":"","fileTypesAndContributionMap":{"functional-code":{"insertions":11,"deletions":7},"test-code":{"insertions":52,"deletions":1}}},{"hash":"7ae45d48a465f049bc1671dd118f38e836620979","isMergeCommit":false,"messageTitle":"Refine the exception message so it is clearer to the user","messageBody":"","fileTypesAndContributionMap":{"functional-code":{"insertions":4,"deletions":1}}},{"hash":"05021f0bed3078982d514ff0212a8106a4df0261","isMergeCommit":false,"messageTitle":"Edit the compareLists()","messageBody":"It removes illegal meal found in the wishlist but not in recipes list.\nThis is abide by the rule that the meals present in the wishlist must\nalso be present in the recipes list and any meals remove from the\nrecipes list must also be removed from the wishlist.\n\nA message is printed to inform the user of the illegal meal in wishlist.\n","fileTypesAndContributionMap":{"functional-code":{"insertions":14,"deletions":6}}},{"hash":"afba2cec9e72338f4306e2a211fd2c1e40d15795","isMergeCommit":false,"messageTitle":"Fix the discrepancy in the remove index","messageBody":"","fileTypesAndContributionMap":{"functional-code":{"insertions":2,"deletions":1}}},{"hash":"d433c32d40e0bea66663b91ac3ed4a24cc1d3ae4","isMergeCommit":false,"messageTitle":"Include methods to ensure data integrity of the .txt files","messageBody":"The methods save the files contents into temporary files before running\nthe test and restore the file contents from the temporary files into\nthe original .txt files once the test finish running.\n","fileTypesAndContributionMap":{"test-code":{"insertions":113,"deletions":3}}},{"hash":"aa3fc20340d35e313594fa7c33e07310d84c5413","isMergeCommit":false,"messageTitle":"Perform minor code refactoring","messageBody":"","fileTypesAndContributionMap":{"functional-code":{"insertions":4,"deletions":2}}},{"hash":"ae08ef6ebd454646dba804031bcb18cd2ce7dabc","isMergeCommit":false,"messageTitle":"Add if-statement","messageBody":"","fileTypesAndContributionMap":{"functional-code":{"insertions":3,"deletions":0}}},{"hash":"64a82a187b2dea3e9e165ac0872adf6c92b49106","isMergeCommit":false,"messageTitle":"Add method to restrict price input format to two decimal places","messageBody":"","fileTypesAndContributionMap":{"functional-code":{"insertions":11,"deletions":10}}},{"hash":"cefe95d4454652b4d280cada41002972d4f2463c","isMergeCommit":false,"messageTitle":"Limit the price input to between 0 and Double.MAX_VALUE both inclusive","messageBody":"","fileTypesAndContributionMap":{"functional-code":{"insertions":2,"deletions":2}}},{"hash":"fb1d58eb383d53e52b01c84a01b29d15c3b1f8fb","isMergeCommit":false,"messageTitle":"Update the exception message","messageBody":"","fileTypesAndContributionMap":{"functional-code":{"insertions":2,"deletions":2}}},{"hash":"6d41d571ef551d926a025b3f6255308f22af8840","isMergeCommit":false,"messageTitle":"Update the exception message","messageBody":"","fileTypesAndContributionMap":{"functional-code":{"insertions":2,"deletions":1}}},{"hash":"1e20f2338c892eede7ef6f2a7f015f585da3f04d","isMergeCommit":false,"messageTitle":"Account for the changes in the ingredient price input format","messageBody":"","fileTypesAndContributionMap":{"functional-code":{"insertions":31,"deletions":22},"test-code":{"insertions":118,"deletions":84}}},{"hash":"113eb7f029c0897b693ebc2f041e56da1cdbe36c","isMergeCommit":false,"messageTitle":"Add specific instructions and details for some commands","messageBody":"","fileTypesAndContributionMap":{"docs":{"insertions":44,"deletions":23}}},{"hash":"3ffd8319fce743d7b26ce1f33ce1a6e28f2c0aee","isMergeCommit":false,"messageTitle":"Add more details so the users would understand how it works","messageBody":"","fileTypesAndContributionMap":{"docs":{"insertions":8,"deletions":6}}}]},{"date":"2025-04-06","commitResults":[{"hash":"8d8b2fc8e1bc9ae7e6a4fe136e72166181ac615b","isMergeCommit":false,"messageTitle":"Add constraint to the user input for /mcost to 2 decimal places","messageBody":"","fileTypesAndContributionMap":{"functional-code":{"insertions":17,"deletions":9},"test-code":{"insertions":26,"deletions":15}}},{"hash":"a40fb8e7be7d7ee01be2087de546cba8f0dc530f","isMergeCommit":false,"messageTitle":"Account for the updates on the user input constraint","messageBody":"","fileTypesAndContributionMap":{"docs":{"insertions":19,"deletions":12}}},{"hash":"2a232e96e6b7c72bb083fd252e060921b1685d60","isMergeCommit":false,"messageTitle":"Perform minor refactoring","messageBody":"","fileTypesAndContributionMap":{"docs":{"insertions":1,"deletions":1}}},{"hash":"83ca04a21e865dd10708e5c091e71550903b71aa","isMergeCommit":false,"messageTitle":"Add minor details into the exceptions","messageBody":"","fileTypesAndContributionMap":{"functional-code":{"insertions":7,"deletions":7}}},{"hash":"2efbb9012b92fab4d2609af52e7c5b9d00b06a23","isMergeCommit":false,"messageTitle":"Perform minor code refactoring","messageBody":"","fileTypesAndContributionMap":{"functional-code":{"insertions":154,"deletions":148}}},{"hash":"d70c6b718c20e864b658ddf84c1b0fc85b44f93a","isMergeCommit":false,"messageTitle":"Update exception message to improve readability","messageBody":"","fileTypesAndContributionMap":{"functional-code":{"insertions":2,"deletions":2}}},{"hash":"d018556e826fbeb59bc7974af5877ab7770f0a83","isMergeCommit":false,"messageTitle":"Update the tests to account for the previous edits","messageBody":"","fileTypesAndContributionMap":{"test-code":{"insertions":47,"deletions":25}}},{"hash":"6937c163b297065e987206e2fd8ad852be97b144","isMergeCommit":false,"messageTitle":"Update the user guide with some detailed information","messageBody":"","fileTypesAndContributionMap":{"docs":{"insertions":2,"deletions":1}}},{"hash":"8c09b59d8831f8c391aaa05375a12194d6e2b65a","isMergeCommit":true,"messageTitle":"Merge pull request #177 from Teng-Yong-Quan/branch-fix-mistakes","messageBody":"Branch fix mistakes","fileTypesAndContributionMap":{}},{"hash":"8cbab7c7ce57fc2166727afccaf9c18d7d20f2f3","isMergeCommit":true,"messageTitle":"Merge branch \u0027master\u0027 into branch-fix-mistakes","messageBody":"","fileTypesAndContributionMap":{}},{"hash":"a6129a585bf45e4093dcea0e71a1fb06629b697e","isMergeCommit":false,"messageTitle":"Recify the error that cause the test to fail","messageBody":"","fileTypesAndContributionMap":{"test-code":{"insertions":2,"deletions":2}}},{"hash":"ef2066395564f0199ef6c146ec1011944149bb75","isMergeCommit":false,"messageTitle":"Change the method name to improve readability","messageBody":"","fileTypesAndContributionMap":{"functional-code":{"insertions":4,"deletions":4}}},{"hash":"31e5fc0cc8315a13377f047249986beefa88d63a","isMergeCommit":false,"messageTitle":"Include CreateCommand.png and CreateChecker.png diagrams","messageBody":"","fileTypesAndContributionMap":{"docs":{"insertions":12,"deletions":6}}}]},{"date":"2025-04-07","commitResults":[{"hash":"c874a313fe1198473b11905ba489ea1d3df9b60a","isMergeCommit":false,"messageTitle":"Include comparators into the inventory, meal and meallist","messageBody":"","fileTypesAndContributionMap":{"functional-code":{"insertions":9,"deletions":6}}},{"hash":"a2518738bd266e51f27a9f04c3602b97cf0f7ed7","isMergeCommit":false,"messageTitle":"Reduce the price upper bound to 9999999999999.99 for accuracy sake","messageBody":"","fileTypesAndContributionMap":{"functional-code":{"insertions":8,"deletions":6}}},{"hash":"b1474fb9bd930f8ddb0fbcca0350b13a9f5d8233","isMergeCommit":false,"messageTitle":"Rectify errors in junit tests","messageBody":"","fileTypesAndContributionMap":{"test-code":{"insertions":12,"deletions":3}}},{"hash":"258c26a4bf2344fca064a5917b3b760b649a578b","isMergeCommit":false,"messageTitle":"Ensure the ingredients will be in 2 d.p. when it is written into file","messageBody":"","fileTypesAndContributionMap":{"functional-code":{"insertions":1,"deletions":1}}},{"hash":"e4c12726497ba49ea5e05540429643aa97b34430","isMergeCommit":false,"messageTitle":"Encapsulate the function with try and catch error","messageBody":"","fileTypesAndContributionMap":{"functional-code":{"insertions":6,"deletions":2}}},{"hash":"1b7d072915a22ec9be3e9af81323e3bec37e4791","isMergeCommit":false,"messageTitle":"Update UserGuide with more instructions","messageBody":"","fileTypesAndContributionMap":{"docs":{"insertions":29,"deletions":14}}},{"hash":"46efe4f16460197f14a2460ae1f102e1ac8e2ef6","isMergeCommit":true,"messageTitle":"Merge pull request #179 from wentuoc/branch-v2-bug-fix","messageBody":"Fix bug with parser","fileTypesAndContributionMap":{}},{"hash":"82692ddbcd305479ffba861182dce14e86761bd8","isMergeCommit":false,"messageTitle":"Update regex","messageBody":"","fileTypesAndContributionMap":{"functional-code":{"insertions":1,"deletions":1}}},{"hash":"5f859c529fba2816158df6501fe23d23314b8974","isMergeCommit":false,"messageTitle":"Perform minor refactoring","messageBody":"","fileTypesAndContributionMap":{"functional-code":{"insertions":6,"deletions":3}}},{"hash":"d015cc56eb268d02b0d30acc244fe66b4853f3a1","isMergeCommit":false,"messageTitle":"Remove consoleHandler","messageBody":"","fileTypesAndContributionMap":{"functional-code":{"insertions":0,"deletions":4}}},{"hash":"dbc74e9459684dbe0f47607d5185cb166c354731","isMergeCommit":false,"messageTitle":"Fix typo","messageBody":"","fileTypesAndContributionMap":{"docs":{"insertions":2,"deletions":2}}}]}],"RyanLing169":[{"date":"2025-03-07","commitResults":[{"hash":"a1ad1c9f1b892483f3eb61c0bb885a434a3be5d7","isMergeCommit":false,"messageTitle":"update readme","messageBody":"","fileTypesAndContributionMap":{"docs":{"insertions":7,"deletions":7}}},{"hash":"52bcbdc96bf3e5faffa7c66fa6551e0598c2c394","isMergeCommit":true,"messageTitle":"Merge branch \u0027master\u0027 into branch-RyanLing-AboutUs","messageBody":"","fileTypesAndContributionMap":{}}]},{"date":"2025-03-20","commitResults":[{"hash":"0e67643f7339e74766f8f2dde2b36f8a36714ddf","isMergeCommit":false,"messageTitle":"Clear Command","messageBody":"","fileTypesAndContributionMap":{"functional-code":{"insertions":35,"deletions":0}}},{"hash":"5608a2975257802cf91dc09cd59c4691b4fd22c0","isMergeCommit":true,"messageTitle":"fixed merge conflicts","messageBody":"","fileTypesAndContributionMap":{}},{"hash":"d593cd85316baf5eccb7ca06cf56d355a8b8d7f4","isMergeCommit":true,"messageTitle":"fixed merge conflicts","messageBody":"","fileTypesAndContributionMap":{}},{"hash":"e5f8da6c8306f185b3e981fe6b31f700de09f42e","isMergeCommit":true,"messageTitle":"Merge branch \u0027master\u0027 into branch-ClearCommand","messageBody":"","fileTypesAndContributionMap":{}},{"hash":"f354676ed2b4e21a3c079da0f33a466e76384484","isMergeCommit":false,"messageTitle":"fixed Clear","messageBody":"","fileTypesAndContributionMap":{"functional-code":{"insertions":2,"deletions":1}}},{"hash":"24483e3cde7bb30961990ed53c5e7ce21bd90e29","isMergeCommit":true,"messageTitle":"fixed merge conflicts","messageBody":"","fileTypesAndContributionMap":{}},{"hash":"5d6894bb44b627f49ff97fdee29a159be9cd8483","isMergeCommit":true,"messageTitle":"Merge pull request #37 from RyanLing169/branch-ClearCommand","messageBody":"Branch clear command","fileTypesAndContributionMap":{}}]},{"date":"2025-03-28","commitResults":[{"hash":"179d21128f0d7fe40b3cf73dc9a47bed428f9d4c","isMergeCommit":false,"messageTitle":"DG","messageBody":"","fileTypesAndContributionMap":{"docs":{"insertions":91,"deletions":6}}},{"hash":"6b342d12439a384608c916394feaae7027a73383","isMergeCommit":true,"messageTitle":"DG","messageBody":"","fileTypesAndContributionMap":{}},{"hash":"43e1b3486eb7fb2fd81a9e517172619b85055d4c","isMergeCommit":false,"messageTitle":"ammend appendix","messageBody":"","fileTypesAndContributionMap":{"docs":{"insertions":2,"deletions":7}}},{"hash":"4f3e5a0ba684ca219addb7663aec894f8f8e6ef5","isMergeCommit":false,"messageTitle":"JUnit for ViewCommandTest","messageBody":"","fileTypesAndContributionMap":{"test-code":{"insertions":57,"deletions":0}}},{"hash":"b49c3f3ed1124c5d73c370fce13754bd7c155d65","isMergeCommit":true,"messageTitle":"merge upstream","messageBody":"","fileTypesAndContributionMap":{}},{"hash":"1a7df30b75449974c5837c7e0b17ad07d95a923d","isMergeCommit":false,"messageTitle":"Add Gradle wrapper","messageBody":"","fileTypesAndContributionMap":{"other":{"insertions":0,"deletions":1}}}]},{"date":"2025-04-02","commitResults":[{"hash":"8ce1f1210f1f8fbcac1a07087f776fd8175a1dbc","isMergeCommit":true,"messageTitle":"Merge pull request #76 from Teng-Yong-Quan/branch-userguide","messageBody":"Branch userguide","fileTypesAndContributionMap":{}}]},{"date":"2025-04-03","commitResults":[{"hash":"ef8a82413440f034f73fea3516389c53e8e71729","isMergeCommit":true,"messageTitle":"merge upstream","messageBody":"","fileTypesAndContributionMap":{}},{"hash":"57af39d12ef7704e147a5f5a1e034d7607ac26a7","isMergeCommit":false,"messageTitle":"update JUnit for ViewCommandTest","messageBody":"","fileTypesAndContributionMap":{"functional-code":{"insertions":12,"deletions":1},"test-code":{"insertions":116,"deletions":2}}},{"hash":"96e6784aa0149b8137f710e0ffa815cb39e4d46b","isMergeCommit":false,"messageTitle":"Add DeleteCommand to DG","messageBody":"","fileTypesAndContributionMap":{"docs":{"insertions":72,"deletions":2}}},{"hash":"280b2f3b8507608e74c54b9efa0cb176bf277483","isMergeCommit":true,"messageTitle":"fixed merge conflicts","messageBody":"","fileTypesAndContributionMap":{}},{"hash":"d808ce6a6074c8def7e6c006c438080a669b06d6","isMergeCommit":false,"messageTitle":"fix DG order select and delete","messageBody":"","fileTypesAndContributionMap":{"docs":{"insertions":50,"deletions":51}}},{"hash":"56d4c5ecc2f44d72eaaa1169d57ceea4af79442c","isMergeCommit":true,"messageTitle":"fixed merge conflicts","messageBody":"","fileTypesAndContributionMap":{}}]},{"date":"2025-04-04","commitResults":[{"hash":"9b4f060cdf61808fd6e7984851b66ae6b1151498","isMergeCommit":true,"messageTitle":"Merge pull request #101 from RyanLing169/Add-to-DG","messageBody":"Add to dg Delete","tags":["v2.0"],"fileTypesAndContributionMap":{}},{"hash":"1c4e56495e62156e93c048d43faa9c7c9fad4eb4","isMergeCommit":false,"messageTitle":"ADD TO UG","messageBody":"","fileTypesAndContributionMap":{"docs":{"insertions":30,"deletions":0}}},{"hash":"4d229cbc7d672158456f7760c4d5249bff47b01c","isMergeCommit":false,"messageTitle":"AMMEND UG","messageBody":"","fileTypesAndContributionMap":{"docs":{"insertions":13,"deletions":15}}}]}],"wentuoc":[{"date":"2025-03-07","commitResults":[{"hash":"d2a9d9f8cbd01828b7c8d7bde021a8a66ab547ba","isMergeCommit":false,"messageTitle":"Update AboutUs","messageBody":"","fileTypesAndContributionMap":{"docs":{"insertions":7,"deletions":7}}},{"hash":"dd8e0a7bf3cb23db6ba4bfb70cae55b3fb2d9a18","isMergeCommit":true,"messageTitle":"Merge pull request #1 from Teng-Yong-Quan/YongQuan-AboutUs","messageBody":"Change JohnDoe to YongQuan","fileTypesAndContributionMap":{}},{"hash":"81e97fd457a30c589a1c4f3512fe61aff26adf9b","isMergeCommit":true,"messageTitle":"Merge branch \u0027master\u0027 into wentuo-AboutUs","messageBody":"# Conflicts:\n#\tdocs/AboutUs.md\n","fileTypesAndContributionMap":{}},{"hash":"eb815e3771d5a9892d38f52517c2187ee5b92e4f","isMergeCommit":true,"messageTitle":"Merge pull request #4 from olsonwangyj/WangYanjie-AboutUs","messageBody":"Change about me","fileTypesAndContributionMap":{}},{"hash":"8a0b6666491481418826eb84210f9748669861e1","isMergeCommit":true,"messageTitle":"Merge pull request #5 from RyanLing169/branch-RyanLing-AboutUs","messageBody":"RyanLing-AboutUs","fileTypesAndContributionMap":{}}]},{"date":"2025-03-19","commitResults":[{"hash":"bd1eac8ba35736386684d6179d1d8c2692799a09","isMergeCommit":false,"messageTitle":"Add RemoveChecker class","messageBody":"","fileTypesAndContributionMap":{"functional-code":{"insertions":37,"deletions":0}}}]},{"date":"2025-03-20","commitResults":[{"hash":"7fd95dd0ac57bcf5fccce3dc7f49b6bab6d3b063","isMergeCommit":true,"messageTitle":"Merge pull request #31 from Teng-Yong-Quan/branch-filter-select","messageBody":"Branch filter select","fileTypesAndContributionMap":{}},{"hash":"b16a527a7f0b4658e092392b048d1517291fd9a0","isMergeCommit":false,"messageTitle":"Add removeMeal method in MealManager","messageBody":"","fileTypesAndContributionMap":{"functional-code":{"insertions":6,"deletions":0}}},{"hash":"e7819e1ac799f56f9feb22b1e6b112a7798d1510","isMergeCommit":true,"messageTitle":"Merge branch \u0027master\u0027 into branch-remove","messageBody":"","fileTypesAndContributionMap":{}},{"hash":"b137afd4039aafcac277c6f1efcb0f01eb60ce41","isMergeCommit":false,"messageTitle":"Add RemoveCommand and fit code in MealList framework","messageBody":"","fileTypesAndContributionMap":{"functional-code":{"insertions":64,"deletions":14}}},{"hash":"49978caa0b476a596027aaa96c52a767b1539bfe","isMergeCommit":false,"messageTitle":"Add Exceptions for Remove","messageBody":"","fileTypesAndContributionMap":{"functional-code":{"insertions":52,"deletions":16}}},{"hash":"8518e5fb3fabd4b440cddb5fa870ea0fa7269422","isMergeCommit":false,"messageTitle":"Integrate Remove with Parser","messageBody":"","fileTypesAndContributionMap":{"functional-code":{"insertions":11,"deletions":2}}},{"hash":"a86330ade17864aeba0f70803d3564bbc653cba2","isMergeCommit":false,"messageTitle":"Add logging","messageBody":"","fileTypesAndContributionMap":{"functional-code":{"insertions":4,"deletions":0}}},{"hash":"ef28e1bed2b4c741d77d65b44d1279d1928de5c5","isMergeCommit":false,"messageTitle":"Remove unecessary import statement","messageBody":"","fileTypesAndContributionMap":{"functional-code":{"insertions":0,"deletions":1}}},{"hash":"5719bc89cc6604830cc42049095b6e56355870f3","isMergeCommit":false,"messageTitle":"Replace magic literals","messageBody":"","fileTypesAndContributionMap":{"functional-code":{"insertions":7,"deletions":4}}},{"hash":"e684c690c2736618b7b5db41afe03538c058ac7f","isMergeCommit":false,"messageTitle":"Add RemoveDeleteCommand abstract class","messageBody":"","fileTypesAndContributionMap":{"functional-code":{"insertions":55,"deletions":24},"other":{"insertions":2,"deletions":2}}},{"hash":"1aafdfe4ae968fa2aaf7b5224c51d47fc3a65845","isMergeCommit":false,"messageTitle":"Add DeleteCommand class","messageBody":"","fileTypesAndContributionMap":{"functional-code":{"insertions":54,"deletions":2}}},{"hash":"c289bf3e6b66a40b2b5a28d88c1c673a993ac2ec","isMergeCommit":true,"messageTitle":"Merge branch \u0027master\u0027 into branch-delete","messageBody":"","fileTypesAndContributionMap":{}},{"hash":"b139309861d2a8945791ae7334aaabdcf973136f","isMergeCommit":true,"messageTitle":"Merge pull request #38 from wentuoc/branch-delete","messageBody":"Branch delete","fileTypesAndContributionMap":{}},{"hash":"3020637e64fe39a6f4fe38944127b3e727aad1db","isMergeCommit":true,"messageTitle":"Merge pull request #39 from Teng-Yong-Quan/branch-view","messageBody":"","fileTypesAndContributionMap":{}},{"hash":"114cd4ce9bc754fcac7ff4d9e3ad8acd71687045","isMergeCommit":false,"messageTitle":"Add RemoveDeleteCheckerTest","messageBody":"","fileTypesAndContributionMap":{"test-code":{"insertions":76,"deletions":0}}}]},{"date":"2025-03-27","commitResults":[{"hash":"126b35112f7cf8adc5e3dcd72ece33dd58b8eabe","isMergeCommit":false,"messageTitle":"Add addIngredient method in Meal class","messageBody":"","fileTypesAndContributionMap":{"functional-code":{"insertions":10,"deletions":3}}},{"hash":"47a807576758ba830e6c94a03c3d0e892a2a033d","isMergeCommit":false,"messageTitle":"Add tests for meal equality","messageBody":"","fileTypesAndContributionMap":{"test-code":{"insertions":89,"deletions":0}}},{"hash":"d395ed967097cb9c4459db14aba050e99c5bf514","isMergeCommit":true,"messageTitle":"Merge branch \u0027master\u0027 of https://github.com/AY2425S2-CS2113-F14-4/tp into branch-JUnit-tests-meal","messageBody":"","fileTypesAndContributionMap":{}}]},{"date":"2025-03-28","commitResults":[{"hash":"d82b21e37c50df0fd65ce19f97884848c68f3013","isMergeCommit":false,"messageTitle":"Modify addIngredient method to auto compute price","messageBody":"","fileTypesAndContributionMap":{"functional-code":{"insertions":4,"deletions":23}}},{"hash":"fe6342e8a68fb3004364853e0d71b856f8d189a4","isMergeCommit":false,"messageTitle":"Add more equality tests for ingredients","messageBody":"","fileTypesAndContributionMap":{"functional-code":{"insertions":1,"deletions":1},"test-code":{"insertions":60,"deletions":2}}},{"hash":"e127763f8c97cd5ecd5f0b194957c876640f9804","isMergeCommit":false,"messageTitle":"Add more tests and logging","messageBody":"","fileTypesAndContributionMap":{"functional-code":{"insertions":11,"deletions":3},"test-code":{"insertions":105,"deletions":6}}},{"hash":"ff17034b8750b0ab4463659d02fbfd379a45d8c6","isMergeCommit":true,"messageTitle":"Merge branch \u0027master\u0027 of https://github.com/AY2425S2-CS2113-F14-4/tp into branch-JUnit-tests-meal","messageBody":"","fileTypesAndContributionMap":{}},{"hash":"5184a54e48eb9b9aea0798a34b18293c4f8ec8ce","isMergeCommit":false,"messageTitle":"Update UserInterfaceTest","messageBody":"","fileTypesAndContributionMap":{"test-code":{"insertions":6,"deletions":6}}},{"hash":"b8065a03891859a3286b3e882b18b4185963268d","isMergeCommit":true,"messageTitle":"Merge branch \u0027master\u0027 of https://github.com/AY2425S2-CS2113-F14-4/tp into branch-JUnit-tests-meal","messageBody":"# Conflicts:\n#\tsrc/main/java/seedu/command/CreateCommand.java\n","fileTypesAndContributionMap":{}},{"hash":"9e16ddf45597b8adfbbf250ccfbad10b34e905fd","isMergeCommit":false,"messageTitle":"Reshuffle methods amongst Meal and Ingredient","messageBody":"","fileTypesAndContributionMap":{"functional-code":{"insertions":40,"deletions":47},"test-code":{"insertions":9,"deletions":6}}},{"hash":"bb55e4e396c2c4d71400bd40206c620d671dcdfe","isMergeCommit":true,"messageTitle":"Merge pull request #58 from wentuoc/branch-JUnit-tests-meal","messageBody":"Branch JUnit Test Food","fileTypesAndContributionMap":{}},{"hash":"7128af44593e07307c2620d8d562f6b5b069d3f7","isMergeCommit":true,"messageTitle":"Merge pull request #56 from olsonwangyj/master","messageBody":"Update DG for ListCommand and MealCommand","fileTypesAndContributionMap":{}},{"hash":"61b4c1956261add46654391b2259c7449be8d563","isMergeCommit":false,"messageTitle":"Add design details for Food in DG","messageBody":"","fileTypesAndContributionMap":{"docs":{"insertions":55,"deletions":8}}},{"hash":"1252989becdf5246944516f1cc3db29a1d86c117","isMergeCommit":true,"messageTitle":"Merge branch \u0027master\u0027 into branch-DG-Food","messageBody":"","fileTypesAndContributionMap":{}},{"hash":"c761b46e5a1fa198f8c84c12585da91fd748bb95","isMergeCommit":false,"messageTitle":"Fix formatting and build test failure","messageBody":"","fileTypesAndContributionMap":{"docs":{"insertions":6,"deletions":0}}}]},{"date":"2025-03-30","commitResults":[{"hash":"0675eb67db5e1a2140cd99aedf0b7e24e6462f54","isMergeCommit":true,"messageTitle":"Merge pull request #66 from Teng-Yong-Quan/heads/branch-junit-filterselect","messageBody":"","fileTypesAndContributionMap":{}}]},{"date":"2025-04-01","commitResults":[{"hash":"b4e20281884580a85063c5bbbf67fb115dadb61c","isMergeCommit":false,"messageTitle":"Make small edits to methods in Meals","messageBody":"","fileTypesAndContributionMap":{"functional-code":{"insertions":25,"deletions":11}}},{"hash":"f7d7714becfc7be6bbe0b0b590e55a228999b342","isMergeCommit":false,"messageTitle":"Add new MealNotFoundException","messageBody":"","fileTypesAndContributionMap":{"functional-code":{"insertions":16,"deletions":0}}},{"hash":"62d5a6beb3258bdc720e706eb510c020621f28d1","isMergeCommit":false,"messageTitle":"Add JUnit tests for Meals","messageBody":"","fileTypesAndContributionMap":{"test-code":{"insertions":97,"deletions":0}}},{"hash":"d27bad6dfba4817f6a7e5117cbc23a6d0c7ef9ed","isMergeCommit":false,"messageTitle":"Update new JUnit test for Meal","messageBody":"","fileTypesAndContributionMap":{"test-code":{"insertions":14,"deletions":0}}},{"hash":"8f3823e48df9ea676bc767de46b801d9f67c48ec","isMergeCommit":false,"messageTitle":"Add logging","messageBody":"","fileTypesAndContributionMap":{"test-code":{"insertions":60,"deletions":7}}}]},{"date":"2025-04-02","commitResults":[{"hash":"c63889ceee3083e2e0bdafe95172c5aefbef9633","isMergeCommit":true,"messageTitle":"Merge pull request #70 from wentuoc/branch-JUnit-tests-MealList","messageBody":"Branch JUnit Tests Meals","fileTypesAndContributionMap":{}},{"hash":"4c791fc4991f1cdb9500e7a79fa6050b85de7555","isMergeCommit":true,"messageTitle":"Merge pull request #75 from Teng-Yong-Quan/branch-junit-bye","messageBody":"Branch Junit test ByeCommand","fileTypesAndContributionMap":{}}]},{"date":"2025-04-03","commitResults":[{"hash":"62cc62a1cd5443af315412e7eda23d38c5a0da28","isMergeCommit":true,"messageTitle":"Merge pull request #79 from Teng-Yong-Quan/branch-ppp","messageBody":"","fileTypesAndContributionMap":{}},{"hash":"1afca303520f14355fedf7bf027c431dbb43622c","isMergeCommit":true,"messageTitle":"Merge branch \u0027branch-refactoring\u0027 of https://github.com/Teng-Yong-Quan/tp","messageBody":"","fileTypesAndContributionMap":{}},{"hash":"bc56f54c9894922aa679013595da53f8e7638314","isMergeCommit":false,"messageTitle":"Add InventoryCommand","messageBody":"","fileTypesAndContributionMap":{"functional-code":{"insertions":42,"deletions":1}}},{"hash":"bd063fed1d779bcf19b5358ab47f2666ebedad3b","isMergeCommit":true,"messageTitle":"Merge pull request #96 from Cheng-Zhiyuan/Branch-Userguide-V2","messageBody":"update Userguide","fileTypesAndContributionMap":{}},{"hash":"5954568760abf4109d24160622c3b890d9cb5722","isMergeCommit":false,"messageTitle":"Update DG EZMealPlan architecture","messageBody":"","fileTypesAndContributionMap":{"functional-code":{"insertions":3,"deletions":3},"docs":{"insertions":35,"deletions":14}}},{"hash":"f37ad48f39fe1d56a1f88da4ca5b4e39f179106c","isMergeCommit":false,"messageTitle":"Edit ui and command packages in DG","messageBody":"","fileTypesAndContributionMap":{"docs":{"insertions":14,"deletions":3}}},{"hash":"42d09da53cf14163e984a64c45b9e21cd05246e6","isMergeCommit":true,"messageTitle":"Merge pull request #98 from Teng-Yong-Quan/branch-dg-third","messageBody":"Update DeveloperGuide with CreateCommand and CreateChecker diagrams","fileTypesAndContributionMap":{}},{"hash":"7c8b3d7bcb4b5fa68ea8338780b1496323db1ede","isMergeCommit":true,"messageTitle":"Merge branch \u0027master\u0027 into branch-DG-v2","messageBody":"","fileTypesAndContributionMap":{}}]},{"date":"2025-04-04","commitResults":[{"hash":"89c31bd62cbc8b4be8c429776eed079ac8b5eda6","isMergeCommit":false,"messageTitle":"Edit \u0027Lists you will manage\u0027 to be higher-level","messageBody":"","fileTypesAndContributionMap":{"docs":{"insertions":22,"deletions":13}}},{"hash":"c519e7bbce9715be28094dac7aa3767d70612410","isMergeCommit":false,"messageTitle":"Edit Features section","messageBody":"","fileTypesAndContributionMap":{"docs":{"insertions":75,"deletions":49}}},{"hash":"e26fbacee8cd5eb9e763b740af7cce9f49a02dc7","isMergeCommit":false,"messageTitle":"Reorder features to follow the order in the summary","messageBody":"","fileTypesAndContributionMap":{"docs":{"insertions":81,"deletions":80}}},{"hash":"77d86234a9f037cb0e174b1fc778ee3bdc537a4b","isMergeCommit":false,"messageTitle":"Add select + filter command guide","messageBody":"","fileTypesAndContributionMap":{"docs":{"insertions":18,"deletions":2}}},{"hash":"ff6fa5d5add7ffd9a712dc6709fe86bb9f9e0254","isMergeCommit":false,"messageTitle":"Add Cheng Wentuo PPP","messageBody":"","fileTypesAndContributionMap":{"docs":{"insertions":21,"deletions":0}}},{"hash":"70eaa3e5f5887d173e058a9a1cffdad40e25581a","isMergeCommit":false,"messageTitle":"Fix file naming for PPP","messageBody":"","fileTypesAndContributionMap":{"docs":{"insertions":0,"deletions":0}}}]},{"date":"2025-04-06","commitResults":[{"hash":"345e510d32081134650318dbc7ae57c57c200c22","isMergeCommit":true,"messageTitle":"Merge pull request #143 from Teng-Yong-Quan/branch-dg-fourth","messageBody":"","fileTypesAndContributionMap":{}},{"hash":"1ae89c91eb7d749cac1648c2db16837aed45f3a0","isMergeCommit":true,"messageTitle":"Merge branch \u0027master\u0027 into branch-fix-mistakes","messageBody":"","fileTypesAndContributionMap":{}},{"hash":"e4760f984abe95005924adb6fb6da185b26cb986","isMergeCommit":false,"messageTitle":"Remove duplicate method in Storage","messageBody":"","fileTypesAndContributionMap":{"functional-code":{"insertions":0,"deletions":5}}},{"hash":"887798915e66b4f5818cb1bf76b59cef761723e1","isMergeCommit":true,"messageTitle":"Merge pull request #178 from Teng-Yong-Quan/branch-fix-mistakes","messageBody":"Branch fix mistakes continuous","fileTypesAndContributionMap":{}},{"hash":"e6227b30b6f10f77ff1b028298d92f2840559cf5","isMergeCommit":false,"messageTitle":"Change check criterion in Parser, add MistypedCommand","messageBody":"","fileTypesAndContributionMap":{"functional-code":{"insertions":60,"deletions":17}}}]},{"date":"2025-04-07","commitResults":[{"hash":"45d9ec564d555a194f015276e148a9a5d8033289","isMergeCommit":false,"messageTitle":"Add JUnit Tests for Parser","messageBody":"","fileTypesAndContributionMap":{"functional-code":{"insertions":3,"deletions":3},"test-code":{"insertions":39,"deletions":0}}},{"hash":"19fa7c17dc50dae47d70905c80cab7bb5e53433b","isMergeCommit":false,"messageTitle":"Add logging for ParserTest","messageBody":"","fileTypesAndContributionMap":{"functional-code":{"insertions":21,"deletions":36},"test-code":{"insertions":38,"deletions":2}}},{"hash":"5f4de74842c1c99a65b38d41d37e41fd05d92fe8","isMergeCommit":true,"messageTitle":"Merge pull request #180 from Teng-Yong-Quan/branch-fix-mistakes-2","messageBody":"Branch fix mistakes 2","fileTypesAndContributionMap":{}}]}],"olsonwangyj":[{"date":"2025-03-07","commitResults":[{"hash":"219b8d5e840a7111c08ddb48e8330b6b93f1d859","isMergeCommit":false,"messageTitle":"Change about me","messageBody":"","fileTypesAndContributionMap":{"docs":{"insertions":0,"deletions":0}}},{"hash":"7e7700fb0b8998640ecb9f5d77d1ee8af0dee97f","isMergeCommit":true,"messageTitle":"Merge pull request #3 from Cheng-Zhiyuan/johnDoe-AboutUs","messageBody":"Change name","fileTypesAndContributionMap":{}},{"hash":"08167c2be1afe5cc06f3eea183c3ba75d318232c","isMergeCommit":false,"messageTitle":"change about me","messageBody":"","fileTypesAndContributionMap":{"docs":{"insertions":8,"deletions":8}}},{"hash":"3f2b8e5b9101ce2c709802413805b476e6a013bc","isMergeCommit":true,"messageTitle":"Merge branch \u0027master\u0027 of https://github.com/AY2425S2-CS2113-F14-4/tp into WangYanjie-AboutUs","messageBody":"# Conflicts:\n#\tdocs/AboutUs.md\n","fileTypesAndContributionMap":{}}]},{"date":"2025-03-17","commitResults":[{"hash":"c9a7655786d0add4db94b58ad67c42e0db6c5964","isMergeCommit":true,"messageTitle":"Merge pull request #20 from Teng-Yong-Quan/branch-create","messageBody":"Branch-create","fileTypesAndContributionMap":{}}]},{"date":"2025-03-18","commitResults":[{"hash":"1c08bf214ef5026c9e4cfb968edea114c59c5df5","isMergeCommit":false,"messageTitle":"Create ListCommand","messageBody":"","fileTypesAndContributionMap":{"functional-code":{"insertions":4,"deletions":0}}},{"hash":"84f0cb17d6b38f1995c6737107c10515f7625e02","isMergeCommit":false,"messageTitle":"Implement ListCommand","messageBody":"","fileTypesAndContributionMap":{"functional-code":{"insertions":21,"deletions":1}}},{"hash":"21f111001780761e632b76c6530196cb0bb7df39","isMergeCommit":false,"messageTitle":"Implement MealCommand","messageBody":"","fileTypesAndContributionMap":{"functional-code":{"insertions":26,"deletions":0}}}]},{"date":"2025-03-27","commitResults":[{"hash":"3b64d0317b7521418e1e64ce942fb8d231b6ef73","isMergeCommit":true,"messageTitle":"Merge branch \u0027master\u0027 of https://github.com/AY2425S2-CS2113-F14-4/tp","messageBody":"","fileTypesAndContributionMap":{}},{"hash":"303a5ff65ecd7761b9e95efa94dd8e02f285fd22","isMergeCommit":false,"messageTitle":"Create Junit test for Meal Command","messageBody":"","fileTypesAndContributionMap":{"test-code":{"insertions":4,"deletions":0}}},{"hash":"884c53cc70d6cd2ca630b574c557eb647eabd898","isMergeCommit":false,"messageTitle":"Create Junit test for Meal Command","messageBody":"","fileTypesAndContributionMap":{"test-code":{"insertions":48,"deletions":0}}},{"hash":"60d050e6a836fc16baad035cc9e87768f5c20681","isMergeCommit":false,"messageTitle":"Create Junit test for List Command","messageBody":"","fileTypesAndContributionMap":{"test-code":{"insertions":52,"deletions":1}}},{"hash":"54468446e8d7a1c65658955f8adf6bff06935296","isMergeCommit":false,"messageTitle":"Reduce redundant","messageBody":"","fileTypesAndContributionMap":{"test-code":{"insertions":0,"deletions":2}}}]},{"date":"2025-03-28","commitResults":[{"hash":"97432c3de1e09cb0d682791e5f240833e7047a84","isMergeCommit":false,"messageTitle":"Update DG for ListCommand and MealCommand","messageBody":"","fileTypesAndContributionMap":{"docs":{"insertions":151,"deletions":0},"test-code":{"insertions":1,"deletions":0}}},{"hash":"135109ba1b840c6715a10839c74114d49b6837cd","isMergeCommit":false,"messageTitle":"Add assertions","messageBody":"","fileTypesAndContributionMap":{"functional-code":{"insertions":2,"deletions":0}}},{"hash":"100d91ca68d118feffbb1c7ed253985f79634115","isMergeCommit":false,"messageTitle":"Update UML of ListCommand and MealCommand","messageBody":"","fileTypesAndContributionMap":{"docs":{"insertions":2,"deletions":2}}}]},{"date":"2025-04-03","commitResults":[{"hash":"9345a16905571939fd68e9f90e8c5cb2fa05f89d","isMergeCommit":false,"messageTitle":"Update Junit test","messageBody":"","fileTypesAndContributionMap":{"test-code":{"insertions":2,"deletions":0}}},{"hash":"f40c5ff8bb48e87fe25a3b602e128653ef4b9626","isMergeCommit":true,"messageTitle":"Merge branch \u0027master\u0027 of https://github.com/AY2425S2-CS2113-F14-4/tp","messageBody":"","fileTypesAndContributionMap":{}},{"hash":"634801fe614c1502bf63e988232fcc3d7c22c90a","isMergeCommit":false,"messageTitle":"Junit test for EZMealPlan","messageBody":"","fileTypesAndContributionMap":{"test-code":{"insertions":165,"deletions":4}}},{"hash":"216c48d0b06107f12c642c21cdd60a03ee053c9e","isMergeCommit":false,"messageTitle":"Update the style","messageBody":"","fileTypesAndContributionMap":{"test-code":{"insertions":29,"deletions":15}}},{"hash":"bf3eb98b7976f98caf9f1c8472afb61550047108","isMergeCommit":false,"messageTitle":"Update documentation","messageBody":"","fileTypesAndContributionMap":{"functional-code":{"insertions":2,"deletions":0},"docs":{"insertions":43,"deletions":6},"test-code":{"insertions":1,"deletions":0}}},{"hash":"77941db70c391b3f5d2b361a019aefcf8f289fcc","isMergeCommit":false,"messageTitle":"Update UG for SelectCommand","messageBody":"","fileTypesAndContributionMap":{"docs":{"insertions":145,"deletions":39}}}]},{"date":"2025-04-04","commitResults":[{"hash":"a3d7fde01ac7a1eb8e0a78118cf37c18ce64a770","isMergeCommit":false,"messageTitle":"Rename PPP","messageBody":"","fileTypesAndContributionMap":{"docs":{"insertions":1,"deletions":1}}},{"hash":"9f2f371101a8d7e59ae0c9d66d9f2cd151d6252f","isMergeCommit":true,"messageTitle":"Merge pull request #108 from Cheng-Zhiyuan/master","messageBody":"Rename PPP for Cheng Zhiyuan","fileTypesAndContributionMap":{}},{"hash":"f6b00345eaec240b047e04c3d2c8f974156ed526","isMergeCommit":false,"messageTitle":"Add buy checker","messageBody":"","fileTypesAndContributionMap":{"functional-code":{"insertions":93,"deletions":0}}},{"hash":"b5a6bce5926ecc43b56587d9538e0cdb44f27bf7","isMergeCommit":false,"messageTitle":"Add BuyChecker and fix the BuyCommand","messageBody":"","fileTypesAndContributionMap":{"functional-code":{"insertions":80,"deletions":43}}},{"hash":"3fafa6b3034feb15e2fac944fe323af24b9bdd34","isMergeCommit":false,"messageTitle":"Add ConsumeChecker","messageBody":"","fileTypesAndContributionMap":{"functional-code":{"insertions":72,"deletions":3}}},{"hash":"6c2dae74f65102151d161770a2018d66dcdeb3bf","isMergeCommit":false,"messageTitle":"Update style","messageBody":"","fileTypesAndContributionMap":{"functional-code":{"insertions":0,"deletions":1}}},{"hash":"5a49c54041169d1e31af82cee62cf0b34453e729","isMergeCommit":false,"messageTitle":"Add RecommendChecker","messageBody":"","fileTypesAndContributionMap":{"functional-code":{"insertions":102,"deletions":26},"test-code":{"insertions":3,"deletions":0}}},{"hash":"60092eebfe8520cbb00aa1adf7c58bac4116d63a","isMergeCommit":true,"messageTitle":"Merge branch \u0027recommand_checker\u0027","messageBody":"","fileTypesAndContributionMap":{}},{"hash":"506c5ada7dd36259657e5814f88a61b0492f1d2e","isMergeCommit":false,"messageTitle":"update style","messageBody":"","fileTypesAndContributionMap":{"functional-code":{"insertions":1,"deletions":1}}},{"hash":"812d4811ef36007a98b90ebbae5e96f4d6e7f0c0","isMergeCommit":false,"messageTitle":"Update test","messageBody":"","fileTypesAndContributionMap":{"test-code":{"insertions":2,"deletions":2}}}]}],"Cheng-Zhiyuan":[{"date":"2025-03-07","commitResults":[{"hash":"77b9c68b1d2a1a7ee5b881d7b81a0d180a38bc68","isMergeCommit":false,"messageTitle":"Change name","messageBody":"","fileTypesAndContributionMap":{"docs":{"insertions":7,"deletions":7}}},{"hash":"be0ac8e8675c0e5d4b004f04c1cf949cee3792fa","isMergeCommit":true,"messageTitle":"Merge pull request #2 from wentuoc/wentuo-AboutUs","messageBody":"Update AboutUs","fileTypesAndContributionMap":{}},{"hash":"59ec3d23c9bb7ea9542c6ae5ab411f6734f52141","isMergeCommit":true,"messageTitle":"Merge branch \u0027master\u0027 into johnDoe-AboutUs","messageBody":"# Conflicts:\n#\tdocs/AboutUs.md\n","fileTypesAndContributionMap":{}}]},{"date":"2025-03-13","commitResults":[{"hash":"bea95d3eb134aea3ed7db13c42441c0f489869cb","isMergeCommit":true,"messageTitle":"Merge pull request #13 from Teng-Yong-Quan/meal-ingredient-foundation","messageBody":"Add some basic Junit tests for Meal and Ingredient Class","fileTypesAndContributionMap":{}}]},{"date":"2025-03-14","commitResults":[{"hash":"14e72c4aaa39a953a93318827edcaa2761245016","isMergeCommit":false,"messageTitle":"Creat Baisc strucure for further software developemnt","messageBody":"","fileTypesAndContributionMap":{"functional-code":{"insertions":125,"deletions":21},"other":{"insertions":15,"deletions":15},"docs":{"insertions":2,"deletions":2}}},{"hash":"e256baba1ccadd487edddda2f81a5eff921585c0","isMergeCommit":false,"messageTitle":"Revert back naming conentions Update tests","messageBody":"","fileTypesAndContributionMap":{"other":{"insertions":37,"deletions":37},"docs":{"insertions":2,"deletions":2}}},{"hash":"ea9ebb5daf11d53d1f7c354fbed24bbc416ca622","isMergeCommit":false,"messageTitle":"Fix bug of appending new line","messageBody":"","fileTypesAndContributionMap":{"functional-code":{"insertions":1,"deletions":1}}}]},{"date":"2025-03-19","commitResults":[{"hash":"ae96b7b5f21d1925721783edae3896b3510945d7","isMergeCommit":false,"messageTitle":"Add in methods to load and store data from the two txt files","messageBody":"","fileTypesAndContributionMap":{"functional-code":{"insertions":118,"deletions":0}}},{"hash":"cb6eef6f63f68dc3f7f3070f39ec18e0f60160e2","isMergeCommit":false,"messageTitle":"Add mehtod to print message","messageBody":"","fileTypesAndContributionMap":{"functional-code":{"insertions":4,"deletions":0}}},{"hash":"b9b10777172d95a6ecb2c7a981c80448cbf81b13","isMergeCommit":false,"messageTitle":"Update arraylist to list for easier implementation Modify toDataString method to build string in correct format","messageBody":"","fileTypesAndContributionMap":{"functional-code":{"insertions":41,"deletions":23}}},{"hash":"30ecd31f6e175c503519cd11137f94537d06931c","isMergeCommit":false,"messageTitle":"Type cast meal to arraylist","messageBody":"","fileTypesAndContributionMap":{"test-code":{"insertions":1,"deletions":1}}},{"hash":"400ecb72972887e0d908f6797ee6ad712488fcc9","isMergeCommit":false,"messageTitle":"Add in parser logic with create","messageBody":"","fileTypesAndContributionMap":{"functional-code":{"insertions":2,"deletions":2}}},{"hash":"34cc8d41438acc6c36b94661145d572e133d8813","isMergeCommit":false,"messageTitle":"Update Create command to write file","messageBody":"","fileTypesAndContributionMap":{"functional-code":{"insertions":12,"deletions":5}}},{"hash":"646f75c8547632beeff95023c68cd888b2b5f688","isMergeCommit":false,"messageTitle":"Update main to create txt file is there isnt one Update main to load main meal list when start up","messageBody":"","fileTypesAndContributionMap":{"functional-code":{"insertions":24,"deletions":0}}},{"hash":"42fc817a45a585d94f09cc098bbe6e1b63e98168","isMergeCommit":false,"messageTitle":"Add methods to serialize and deserializes string into ingridients object","messageBody":"","fileTypesAndContributionMap":{"functional-code":{"insertions":16,"deletions":0}}},{"hash":"2fcb7dc5f24079acef9cbaea84eb24df746f87a0","isMergeCommit":false,"messageTitle":"Update method name for better reading ability","messageBody":"","fileTypesAndContributionMap":{"functional-code":{"insertions":6,"deletions":11}}},{"hash":"454ed71562d0cc1dcf0bcffd25951bedd5693193","isMergeCommit":false,"messageTitle":"Remove unused imports","messageBody":"","fileTypesAndContributionMap":{"functional-code":{"insertions":0,"deletions":1}}}]},{"date":"2025-03-20","commitResults":[{"hash":"abbacbeb9b44aa525e15fca9bf398720a8773405","isMergeCommit":false,"messageTitle":"Add helpCommand class to for the help feature","messageBody":"","fileTypesAndContributionMap":{"functional-code":{"insertions":61,"deletions":0}}},{"hash":"46a475eb9beff2994b575ffa51f29f8a85f13d02","isMergeCommit":false,"messageTitle":"Update the ui class to print out different cases for the different commands","messageBody":"","fileTypesAndContributionMap":{"functional-code":{"insertions":99,"deletions":0}}},{"hash":"0d822efab8efbc999902d5133ca36dacc8173aed","isMergeCommit":false,"messageTitle":"Update parser to correctly identify help command","messageBody":"","fileTypesAndContributionMap":{"functional-code":{"insertions":7,"deletions":1}}},{"hash":"67ebc26264c96f8ad2488702d27f44e00607423a","isMergeCommit":true,"messageTitle":"Merge branch \u0027master\u0027 into Brancn-help","messageBody":"# Conflicts:\n#\tsrc/main/java/seedu/parser/Parser.java\n","fileTypesAndContributionMap":{}},{"hash":"89e5385e235d0abc4fe6a88484d27c08cb83369a","isMergeCommit":false,"messageTitle":"Update long lines of code with 120 chara hard rap","messageBody":"","fileTypesAndContributionMap":{"functional-code":{"insertions":6,"deletions":3}}},{"hash":"d25376eb197db7e39b643fc11b456558eced7953","isMergeCommit":false,"messageTitle":"Remove unused import","messageBody":"","fileTypesAndContributionMap":{"functional-code":{"insertions":0,"deletions":1}}},{"hash":"28c0718fa6943f225a8eba438373d728fb18f851","isMergeCommit":false,"messageTitle":"Update paser to avoide magic strings","messageBody":"","fileTypesAndContributionMap":{"functional-code":{"insertions":2,"deletions":1}}},{"hash":"485f1e3eb2b1bb0cf10ea9b9df0d56c6c2519a6a","isMergeCommit":false,"messageTitle":"Update ui output to match thier respective case","messageBody":"","fileTypesAndContributionMap":{"functional-code":{"insertions":2,"deletions":2}}},{"hash":"cf7e9223457035bbdbcaaf8d46a73acc167b265a","isMergeCommit":true,"messageTitle":"Merge pull request #36 from Teng-Yong-Quan/branch-bug-fix","messageBody":"Branch bug fix","fileTypesAndContributionMap":{}},{"hash":"d36b86e888fb4ad26e4f23959955b137c4c14e62","isMergeCommit":true,"messageTitle":"Merge branch \u0027master\u0027 of https://github.com/AY2425S2-CS2113-F14-4/tp","messageBody":"","fileTypesAndContributionMap":{}}]},{"date":"2025-03-27","commitResults":[{"hash":"ffb3f6c461099dabb283b4c293fa5dfff7856d0b","isMergeCommit":true,"messageTitle":"Merge pull request #46 from Teng-Yong-Quan/branch-DG","messageBody":"Branch dg","fileTypesAndContributionMap":{}},{"hash":"b90c197b9918d1cd1ce8450757d1c153d3fdf19f","isMergeCommit":true,"messageTitle":"Merge pull request #42 from Teng-Yong-Quan/branch-code-adjustments","messageBody":"Branch code adjustments","fileTypesAndContributionMap":{}},{"hash":"93c1ef9bb37308aefa56dc105490676aeefbcac1","isMergeCommit":false,"messageTitle":"Create Junit Test for UI","messageBody":"","fileTypesAndContributionMap":{"test-code":{"insertions":277,"deletions":0}}},{"hash":"5edffef1e1ff8a984a61a6866402fd8b3be8ea67","isMergeCommit":true,"messageTitle":"Merge pull request #48 from olsonwangyj/master","messageBody":"Junit Test for List and Meal","fileTypesAndContributionMap":{}},{"hash":"f979faee898a6563034f85b276ea9f93b943179f","isMergeCommit":false,"messageTitle":"remove error code","messageBody":"","fileTypesAndContributionMap":{"test-code":{"insertions":0,"deletions":277}}},{"hash":"af643ae0b32a95785de72b37b88a9e06543e456b","isMergeCommit":true,"messageTitle":"Merge branch \u0027master\u0027 of https://github.com/AY2425S2-CS2113-F14-4/tp into Branch-UI-UnitTest","messageBody":"","fileTypesAndContributionMap":{}},{"hash":"a41df1a88327a18c8e246b835f402a40934243a8","isMergeCommit":false,"messageTitle":"Add in unit test for the UserInterface Methods","messageBody":"","fileTypesAndContributionMap":{"functional-code":{"insertions":4,"deletions":4},"test-code":{"insertions":281,"deletions":0}}},{"hash":"1b1a910da16dba5e29cb78fd470ad607bb18ccde","isMergeCommit":false,"messageTitle":"Update code format","messageBody":"","fileTypesAndContributionMap":{"test-code":{"insertions":13,"deletions":20}}},{"hash":"dd8953534cce56b30c99ab0fcdaef782807758ca","isMergeCommit":false,"messageTitle":"Update code format","messageBody":"","fileTypesAndContributionMap":{"test-code":{"insertions":4,"deletions":2}}}]},{"date":"2025-03-28","commitResults":[{"hash":"75f73fde5d505f35d7ba277a0b460bb061b8178d","isMergeCommit":false,"messageTitle":"Add Logger","messageBody":"","fileTypesAndContributionMap":{"test-code":{"insertions":57,"deletions":0}}},{"hash":"5d602969a476e3c7693562730d66f1b255454dc5","isMergeCommit":false,"messageTitle":"Update method name and variable names","messageBody":"","fileTypesAndContributionMap":{"test-code":{"insertions":40,"deletions":36}}},{"hash":"a4b0506b26513782f841ce549f1a42342dff46c0","isMergeCommit":false,"messageTitle":"Update DG with user stories","messageBody":"","fileTypesAndContributionMap":{"docs":{"insertions":24,"deletions":3}}}]},{"date":"2025-04-02","commitResults":[{"hash":"c696769ccca19af85664e0edcc32deeb366b7bed","isMergeCommit":false,"messageTitle":"Add junit test for Clear command","messageBody":"","fileTypesAndContributionMap":{"test-code":{"insertions":103,"deletions":0}}}]},{"date":"2025-04-03","commitResults":[{"hash":"30ea247ad79577f6a683c72a2fd789a7bb32862a","isMergeCommit":false,"messageTitle":"update byecommand to save inventory list when ending program","messageBody":"","fileTypesAndContributionMap":{"functional-code":{"insertions":26,"deletions":0}}},{"hash":"27bd6d993596f2e6a9e979d1dfdeb29ec4b7ef88","isMergeCommit":false,"messageTitle":"include inventory in meal manager class","messageBody":"","fileTypesAndContributionMap":{"functional-code":{"insertions":6,"deletions":0}}},{"hash":"044a5ba9cb2a9e7ded746cec935eac9b0d28e0ce","isMergeCommit":false,"messageTitle":"add recommend buy and consume command in parser","messageBody":"","fileTypesAndContributionMap":{"functional-code":{"insertions":69,"deletions":1}}},{"hash":"07c8ec704b4bdc25727681e5c86d91cf8b7b034f","isMergeCommit":false,"messageTitle":"update storage command to of the inventorylist location","messageBody":"","fileTypesAndContributionMap":{"functional-code":{"insertions":4,"deletions":0}}},{"hash":"234867069d4858b7806a3fdd174f72725177faa0","isMergeCommit":false,"messageTitle":"Add sinple print out when user command is enetered","messageBody":"","fileTypesAndContributionMap":{"functional-code":{"insertions":12,"deletions":0}}},{"hash":"d0008b40e37a850cf6d6c5f513aa37d15c0ce454","isMergeCommit":false,"messageTitle":"Add BuyCommand, RecommendCommand and ConsumeCOmmand and inventroy class","messageBody":"","fileTypesAndContributionMap":{"functional-code":{"insertions":213,"deletions":0}}},{"hash":"d6b5d0486568441fccfe1aae2389d2346b338392","isMergeCommit":false,"messageTitle":"Add user guide documentation Add respective photos Add PPP for chengzhiyuan Update UI printing outputs","messageBody":"","fileTypesAndContributionMap":{"functional-code":{"insertions":2,"deletions":2},"docs":{"insertions":202,"deletions":1}}},{"hash":"cc9ccf58d8404f89a5bcf8d025cb54e83c935c29","isMergeCommit":false,"messageTitle":"Revert Changes to older code","messageBody":"","fileTypesAndContributionMap":{"functional-code":{"insertions":2,"deletions":2}}},{"hash":"42d5626e5d221761ad4ff9217c830629de63adb2","isMergeCommit":false,"messageTitle":"update Userguide","messageBody":"","fileTypesAndContributionMap":{"docs":{"insertions":61,"deletions":33}}},{"hash":"dde190eb79032bca19e0a814ac03b3a82ed1808c","isMergeCommit":true,"messageTitle":"Merge pull request #95 from wentuoc/branch-Inventory","messageBody":"Add InventoryCommand","fileTypesAndContributionMap":{}},{"hash":"8023b7d95f9404d96b24afae39876bfa1dd59ffa","isMergeCommit":false,"messageTitle":"Update the photos to be most recent version Update the userguide","messageBody":"","fileTypesAndContributionMap":{"docs":{"insertions":27,"deletions":29}}},{"hash":"5334956f7747a50ed2fad3ab49723ff49b43ed6b","isMergeCommit":false,"messageTitle":"Update PPP","messageBody":"","fileTypesAndContributionMap":{"docs":{"insertions":6,"deletions":0}}},{"hash":"04e4fd1da11a54d898c38145e5dc21aef8a58b22","isMergeCommit":true,"messageTitle":"Merge pull request #100 from wentuoc/branch-DG-v2","messageBody":"Branch DG","fileTypesAndContributionMap":{}}]},{"date":"2025-04-04","commitResults":[{"hash":"6902136e109d96b8238e9bbfc44348953ed8e108","isMergeCommit":false,"messageTitle":"Rename PPP for Cheng Zhiyuan","messageBody":"","fileTypesAndContributionMap":{"docs":{"insertions":0,"deletions":0}}},{"hash":"3f9799bfdc83448953cb8bce3c1a8b6758ac5397","isMergeCommit":true,"messageTitle":"Merge pull request #110 from wentuoc/branch-UG-Enhancements","messageBody":"Branch UG Edits","fileTypesAndContributionMap":{}},{"hash":"b09fef478ecd422d872cf3b868d65a97affd8725","isMergeCommit":true,"messageTitle":"Merge pull request #111 from wentuoc/branch-UG-Enhancements","messageBody":"Add select command output image","fileTypesAndContributionMap":{}},{"hash":"ec535db2127c4e853265d8d7d2b007f6ca3293fe","isMergeCommit":true,"messageTitle":"Merge pull request #118 from wentuoc/branch-PPP","messageBody":"Add Cheng Wentuo PPP","fileTypesAndContributionMap":{}}]}]},"authorFileTypeContributionMap":{"Teng-Yong-Quan":{"docs":411,"functional-code":2146,"test-code":1637,"other":3},"RyanLing169":{"docs":144,"functional-code":9,"test-code":110},"wentuoc":{"docs":234,"functional-code":376,"test-code":470},"olsonwangyj":{"docs":280,"functional-code":372,"test-code":471},"Cheng-Zhiyuan":{"docs":176,"functional-code":478,"test-code":354}},"authorContributionVariance":{"Teng-Yong-Quan":168369.66,"RyanLing169":2570.0637,"wentuoc":10318.45,"olsonwangyj":8618.329,"Cheng-Zhiyuan":28938.568},"authorDisplayNameMap":{"Teng-Yong-Quan":"CS2113-F14-4 TENG..QUAN","RyanLing169":"CS2113-F14-4 LING..RYAN","wentuoc":"CS2113-F14-4 CHEN..NTUO","olsonwangyj":"CS2113-F14-4 WANG..NJIE","Cheng-Zhiyuan":"CS2113-F14-4 CHEN..YUAN"}}
