[{"path":"README.md","fileType":"docs","lines":[{"lineNumber":1,"author":{"gitId":"HTY2003"},"content":"# Coinflip project template","lastModifiedDate":"2025-02-21","isFullCredit":false},{"lineNumber":2,"author":{"gitId":"-"},"content":"","lastModifiedDate":"2020-05-25","isFullCredit":false},{"lineNumber":3,"author":{"gitId":"HTY2003"},"content":"This is a project template for a greenfield Java project. It\u0027s named after the Java mascot _Coinflip_. Given below are instructions on how to use it.","lastModifiedDate":"2025-03-13","isFullCredit":false},{"lineNumber":4,"author":{"gitId":"-"},"content":"","lastModifiedDate":"2020-05-25","isFullCredit":false},{"lineNumber":5,"author":{"gitId":"-"},"content":"## Setting up in Intellij","lastModifiedDate":"2020-05-25","isFullCredit":false},{"lineNumber":6,"author":{"gitId":"-"},"content":"","lastModifiedDate":"2020-05-25","isFullCredit":false},{"lineNumber":7,"author":{"gitId":"-"},"content":"Prerequisites: JDK 17 (use the exact version), update Intellij to the most recent version.","lastModifiedDate":"2020-05-24","isFullCredit":false},{"lineNumber":8,"author":{"gitId":"-"},"content":"","lastModifiedDate":"2020-05-24","isFullCredit":false},{"lineNumber":9,"author":{"gitId":"-"},"content":"1. **Ensure Intellij JDK 17 is defined as an SDK**, as described [here](https://www.jetbrains.com/help/idea/sdk.html#set-up-jdk) -- this step is not needed if you have used JDK 17 in a previous Intellij project.","lastModifiedDate":"2020-05-24","isFullCredit":false},{"lineNumber":10,"author":{"gitId":"-"},"content":"1. **Import the project _as a Gradle project_**, as described [here](https://se-education.org/guides/tutorials/intellijImportGradleProject.html).","lastModifiedDate":"2020-05-24","isFullCredit":false},{"lineNumber":11,"author":{"gitId":"HTY2003"},"content":"1. **Verify the setup**: After the importing is complete, locate the `src/main/java/seedu/coinflip/Coinflip.java` file, right-click it, and choose `Run Coinflip.main()`. If the setup is correct, you should see something like the below:","lastModifiedDate":"2025-03-13","isFullCredit":false},{"lineNumber":12,"author":{"gitId":"-"},"content":"   ```","lastModifiedDate":"2020-05-25","isFullCredit":false},{"lineNumber":13,"author":{"gitId":"-"},"content":"   \u003e Task :compileJava","lastModifiedDate":"2020-05-24","isFullCredit":false},{"lineNumber":14,"author":{"gitId":"-"},"content":"   \u003e Task :processResources NO-SOURCE","lastModifiedDate":"2020-05-24","isFullCredit":false},{"lineNumber":15,"author":{"gitId":"-"},"content":"   \u003e Task :classes","lastModifiedDate":"2020-05-24","isFullCredit":false},{"lineNumber":16,"author":{"gitId":"-"},"content":"   ","lastModifiedDate":"2020-05-24","isFullCredit":false},{"lineNumber":17,"author":{"gitId":"HTY2003"},"content":"   \u003e Task :Coinflip.main()","lastModifiedDate":"2025-03-13","isFullCredit":false},{"lineNumber":18,"author":{"gitId":"-"},"content":"   Hello from","lastModifiedDate":"2020-05-25","isFullCredit":false},{"lineNumber":19,"author":{"gitId":"-"},"content":"    ____        _        ","lastModifiedDate":"2020-05-25","isFullCredit":false},{"lineNumber":20,"author":{"gitId":"-"},"content":"   |  _ \\ _   _| | _____ ","lastModifiedDate":"2020-05-25","isFullCredit":false},{"lineNumber":21,"author":{"gitId":"-"},"content":"   | | | | | | | |/ / _ \\","lastModifiedDate":"2020-05-25","isFullCredit":false},{"lineNumber":22,"author":{"gitId":"-"},"content":"   | |_| | |_| |   \u003c  __/","lastModifiedDate":"2020-05-25","isFullCredit":false},{"lineNumber":23,"author":{"gitId":"-"},"content":"   |____/ \\__,_|_|\\_\\___|","lastModifiedDate":"2020-05-25","isFullCredit":false},{"lineNumber":24,"author":{"gitId":"-"},"content":"   ","lastModifiedDate":"2020-05-24","isFullCredit":false},{"lineNumber":25,"author":{"gitId":"-"},"content":"   What is your name?","lastModifiedDate":"2020-05-24","isFullCredit":false},{"lineNumber":26,"author":{"gitId":"-"},"content":"   ```","lastModifiedDate":"2020-05-25","isFullCredit":false},{"lineNumber":27,"author":{"gitId":"-"},"content":"   Type some word and press enter to let the execution proceed to the end.","lastModifiedDate":"2020-05-24","isFullCredit":false},{"lineNumber":28,"author":{"gitId":"-"},"content":"","lastModifiedDate":"2025-01-04","isFullCredit":false},{"lineNumber":29,"author":{"gitId":"-"},"content":"**Warning:** Keep the `src\\main\\java` folder as the root folder for Java files (i.e., don\u0027t rename those folders or move Java files to another folder outside of this folder path), as this is the default location some tools (e.g., Gradle) expect to find Java files.","lastModifiedDate":"2025-01-04","isFullCredit":false},{"lineNumber":30,"author":{"gitId":"-"},"content":"","lastModifiedDate":"2020-05-24","isFullCredit":false},{"lineNumber":31,"author":{"gitId":"-"},"content":"## Build automation using Gradle","lastModifiedDate":"2020-05-24","isFullCredit":false},{"lineNumber":32,"author":{"gitId":"-"},"content":"","lastModifiedDate":"2020-05-24","isFullCredit":false},{"lineNumber":33,"author":{"gitId":"-"},"content":"* This project uses Gradle for build automation and dependency management. It includes a basic build script as well (i.e. the `build.gradle` file).","lastModifiedDate":"2020-05-24","isFullCredit":false},{"lineNumber":34,"author":{"gitId":"-"},"content":"* If you are new to Gradle, refer to the [Gradle Tutorial at se-education.org/guides](https://se-education.org/guides/tutorials/gradle.html).","lastModifiedDate":"2020-05-24","isFullCredit":false},{"lineNumber":35,"author":{"gitId":"-"},"content":"","lastModifiedDate":"2020-05-24","isFullCredit":false},{"lineNumber":36,"author":{"gitId":"-"},"content":"## Testing","lastModifiedDate":"2020-05-24","isFullCredit":false},{"lineNumber":37,"author":{"gitId":"-"},"content":"","lastModifiedDate":"2020-05-24","isFullCredit":false},{"lineNumber":38,"author":{"gitId":"-"},"content":"### I/O redirection tests","lastModifiedDate":"2020-05-24","isFullCredit":false},{"lineNumber":39,"author":{"gitId":"-"},"content":"","lastModifiedDate":"2020-05-24","isFullCredit":false},{"lineNumber":40,"author":{"gitId":"-"},"content":"* To run _I/O redirection_ tests (aka _Text UI tests_), navigate to the `text-ui-test` and run the `runtest(.bat/.sh)` script.","lastModifiedDate":"2020-05-24","isFullCredit":false},{"lineNumber":41,"author":{"gitId":"-"},"content":"","lastModifiedDate":"2020-05-24","isFullCredit":false},{"lineNumber":42,"author":{"gitId":"-"},"content":"### JUnit tests","lastModifiedDate":"2020-05-24","isFullCredit":false},{"lineNumber":43,"author":{"gitId":"-"},"content":"","lastModifiedDate":"2020-05-24","isFullCredit":false},{"lineNumber":44,"author":{"gitId":"HTY2003"},"content":"* A skeleton JUnit test (`src/test/java/seedu/coinflip/CoinflipTest.java`) is provided with this project template. ","lastModifiedDate":"2025-03-13","isFullCredit":false},{"lineNumber":45,"author":{"gitId":"-"},"content":"* If you are new to JUnit, refer to the [JUnit Tutorial at se-education.org/guides](https://se-education.org/guides/tutorials/junit.html).","lastModifiedDate":"2020-05-24","isFullCredit":false},{"lineNumber":46,"author":{"gitId":"-"},"content":"","lastModifiedDate":"2020-05-24","isFullCredit":false},{"lineNumber":47,"author":{"gitId":"-"},"content":"## Checkstyle","lastModifiedDate":"2020-05-24","isFullCredit":false},{"lineNumber":48,"author":{"gitId":"-"},"content":"","lastModifiedDate":"2020-05-24","isFullCredit":false},{"lineNumber":49,"author":{"gitId":"-"},"content":"* A sample CheckStyle rule configuration is provided in this project.","lastModifiedDate":"2020-05-24","isFullCredit":false},{"lineNumber":50,"author":{"gitId":"-"},"content":"* If you are new to Checkstyle, refer to the [Checkstyle Tutorial at se-education.org/guides](https://se-education.org/guides/tutorials/checkstyle.html).","lastModifiedDate":"2020-05-24","isFullCredit":false},{"lineNumber":51,"author":{"gitId":"-"},"content":"","lastModifiedDate":"2020-05-24","isFullCredit":false},{"lineNumber":52,"author":{"gitId":"-"},"content":"## CI using GitHub Actions","lastModifiedDate":"2020-05-24","isFullCredit":false},{"lineNumber":53,"author":{"gitId":"-"},"content":"","lastModifiedDate":"2020-05-24","isFullCredit":false},{"lineNumber":54,"author":{"gitId":"-"},"content":"The project uses [GitHub actions](https://github.com/features/actions) for CI. When you push a commit to this repo or PR against it, GitHub actions will run automatically to build and verify the code as updated by the commit/PR.","lastModifiedDate":"2020-05-24","isFullCredit":false},{"lineNumber":55,"author":{"gitId":"-"},"content":"","lastModifiedDate":"2020-05-24","isFullCredit":false},{"lineNumber":56,"author":{"gitId":"-"},"content":"## Documentation","lastModifiedDate":"2020-05-24","isFullCredit":false},{"lineNumber":57,"author":{"gitId":"-"},"content":"","lastModifiedDate":"2020-05-24","isFullCredit":false},{"lineNumber":58,"author":{"gitId":"-"},"content":"`/docs` folder contains a skeleton version of the project documentation.","lastModifiedDate":"2020-05-24","isFullCredit":false},{"lineNumber":59,"author":{"gitId":"-"},"content":"","lastModifiedDate":"2020-05-24","isFullCredit":false},{"lineNumber":60,"author":{"gitId":"-"},"content":"Steps for publishing documentation to the public: ","lastModifiedDate":"2020-05-24","isFullCredit":false},{"lineNumber":61,"author":{"gitId":"-"},"content":"1. If you are using this project template for an individual project, go your fork on GitHub.\u003cbr\u003e","lastModifiedDate":"2020-05-24","isFullCredit":false},{"lineNumber":62,"author":{"gitId":"-"},"content":"   If you are using this project template for a team project, go to the team fork on GitHub.","lastModifiedDate":"2020-05-24","isFullCredit":false},{"lineNumber":63,"author":{"gitId":"-"},"content":"1. Click on the `settings` tab.","lastModifiedDate":"2020-05-24","isFullCredit":false},{"lineNumber":64,"author":{"gitId":"-"},"content":"1. Scroll down to the `GitHub Pages` section.","lastModifiedDate":"2020-05-24","isFullCredit":false},{"lineNumber":65,"author":{"gitId":"-"},"content":"1. Set the `source` as `master branch /docs folder`.","lastModifiedDate":"2020-05-24","isFullCredit":false},{"lineNumber":66,"author":{"gitId":"-"},"content":"1. Optionally, use the `choose a theme` button to choose a theme for your documentation.","lastModifiedDate":"2020-05-24","isFullCredit":false}],"authorContributionMap":{"HTY2003":5,"-":61}},{"path":"build.gradle","fileType":"other","lines":[{"lineNumber":1,"author":{"gitId":"-"},"content":"plugins {","lastModifiedDate":"2020-05-25","isFullCredit":false},{"lineNumber":2,"author":{"gitId":"-"},"content":"    id \u0027java\u0027","lastModifiedDate":"2020-05-25","isFullCredit":false},{"lineNumber":3,"author":{"gitId":"-"},"content":"    id \u0027application\u0027","lastModifiedDate":"2020-05-25","isFullCredit":false},{"lineNumber":4,"author":{"gitId":"-"},"content":"    id \u0027checkstyle\u0027","lastModifiedDate":"2020-05-25","isFullCredit":false},{"lineNumber":5,"author":{"gitId":"-"},"content":"    id \u0027com.github.johnrengelman.shadow\u0027 version \u00277.1.2\u0027","lastModifiedDate":"2022-06-17","isFullCredit":false},{"lineNumber":6,"author":{"gitId":"-"},"content":"}","lastModifiedDate":"2020-05-25","isFullCredit":false},{"lineNumber":7,"author":{"gitId":"-"},"content":"","lastModifiedDate":"2020-05-25","isFullCredit":false},{"lineNumber":8,"author":{"gitId":"-"},"content":"repositories {","lastModifiedDate":"2020-05-25","isFullCredit":false},{"lineNumber":9,"author":{"gitId":"-"},"content":"    mavenCentral()","lastModifiedDate":"2020-05-25","isFullCredit":false},{"lineNumber":10,"author":{"gitId":"-"},"content":"}","lastModifiedDate":"2020-05-25","isFullCredit":false},{"lineNumber":11,"author":{"gitId":"-"},"content":"","lastModifiedDate":"2020-05-25","isFullCredit":false},{"lineNumber":12,"author":{"gitId":"-"},"content":"dependencies {","lastModifiedDate":"2020-05-25","isFullCredit":false},{"lineNumber":13,"author":{"gitId":"-"},"content":"    testImplementation group: \u0027org.junit.jupiter\u0027, name: \u0027junit-jupiter-api\u0027, version: \u00275.10.0\u0027","lastModifiedDate":"2023-08-05","isFullCredit":false},{"lineNumber":14,"author":{"gitId":"-"},"content":"    testRuntimeOnly group: \u0027org.junit.jupiter\u0027, name: \u0027junit-jupiter-engine\u0027, version: \u00275.10.0\u0027","lastModifiedDate":"2023-08-05","isFullCredit":false},{"lineNumber":15,"author":{"gitId":"-"},"content":"}","lastModifiedDate":"2020-05-25","isFullCredit":false},{"lineNumber":16,"author":{"gitId":"-"},"content":"","lastModifiedDate":"2020-05-25","isFullCredit":false},{"lineNumber":17,"author":{"gitId":"-"},"content":"test {","lastModifiedDate":"2020-05-25","isFullCredit":false},{"lineNumber":18,"author":{"gitId":"-"},"content":"    useJUnitPlatform()","lastModifiedDate":"2020-05-25","isFullCredit":false},{"lineNumber":19,"author":{"gitId":"-"},"content":"","lastModifiedDate":"2020-05-25","isFullCredit":false},{"lineNumber":20,"author":{"gitId":"-"},"content":"    testLogging {","lastModifiedDate":"2020-05-25","isFullCredit":false},{"lineNumber":21,"author":{"gitId":"-"},"content":"        events \"passed\", \"skipped\", \"failed\"","lastModifiedDate":"2020-05-25","isFullCredit":false},{"lineNumber":22,"author":{"gitId":"-"},"content":"","lastModifiedDate":"2020-05-25","isFullCredit":false},{"lineNumber":23,"author":{"gitId":"-"},"content":"        showExceptions true","lastModifiedDate":"2020-05-25","isFullCredit":false},{"lineNumber":24,"author":{"gitId":"-"},"content":"        exceptionFormat \"full\"","lastModifiedDate":"2020-05-25","isFullCredit":false},{"lineNumber":25,"author":{"gitId":"-"},"content":"        showCauses true","lastModifiedDate":"2020-05-25","isFullCredit":false},{"lineNumber":26,"author":{"gitId":"-"},"content":"        showStackTraces true","lastModifiedDate":"2020-05-25","isFullCredit":false},{"lineNumber":27,"author":{"gitId":"-"},"content":"        showStandardStreams \u003d false","lastModifiedDate":"2020-05-25","isFullCredit":false},{"lineNumber":28,"author":{"gitId":"-"},"content":"    }","lastModifiedDate":"2020-05-25","isFullCredit":false},{"lineNumber":29,"author":{"gitId":"-"},"content":"}","lastModifiedDate":"2020-05-25","isFullCredit":false},{"lineNumber":30,"author":{"gitId":"-"},"content":"","lastModifiedDate":"2020-05-25","isFullCredit":false},{"lineNumber":31,"author":{"gitId":"-"},"content":"application {","lastModifiedDate":"2020-05-25","isFullCredit":false},{"lineNumber":32,"author":{"gitId":"HTY2003"},"content":"    mainClass.set(\"seedu.coinflip.Coinflip\")","lastModifiedDate":"2025-03-13","isFullCredit":false},{"lineNumber":33,"author":{"gitId":"-"},"content":"}","lastModifiedDate":"2020-05-25","isFullCredit":false},{"lineNumber":34,"author":{"gitId":"-"},"content":"","lastModifiedDate":"2020-05-25","isFullCredit":false},{"lineNumber":35,"author":{"gitId":"-"},"content":"shadowJar {","lastModifiedDate":"2020-05-25","isFullCredit":false},{"lineNumber":36,"author":{"gitId":"HTY2003"},"content":"    archiveBaseName.set(\"coinflip\")","lastModifiedDate":"2025-03-13","isFullCredit":false},{"lineNumber":37,"author":{"gitId":"-"},"content":"    archiveClassifier.set(\"\")","lastModifiedDate":"2023-09-24","isFullCredit":false},{"lineNumber":38,"author":{"gitId":"-"},"content":"}","lastModifiedDate":"2020-05-25","isFullCredit":false},{"lineNumber":39,"author":{"gitId":"-"},"content":"","lastModifiedDate":"2020-05-25","isFullCredit":false},{"lineNumber":40,"author":{"gitId":"-"},"content":"checkstyle {","lastModifiedDate":"2020-05-25","isFullCredit":false},{"lineNumber":41,"author":{"gitId":"-"},"content":"    toolVersion \u003d \u002710.2\u0027","lastModifiedDate":"2022-04-29","isFullCredit":false},{"lineNumber":42,"author":{"gitId":"-"},"content":"}","lastModifiedDate":"2020-05-25","isFullCredit":false},{"lineNumber":43,"author":{"gitId":"-"},"content":"","lastModifiedDate":"2020-05-25","isFullCredit":false},{"lineNumber":44,"author":{"gitId":"-"},"content":"run{","lastModifiedDate":"2020-05-25","isFullCredit":false},{"lineNumber":45,"author":{"gitId":"-"},"content":"    standardInput \u003d System.in","lastModifiedDate":"2020-05-25","isFullCredit":false},{"lineNumber":46,"author":{"gitId":"-"},"content":"}","lastModifiedDate":"2020-05-25","isFullCredit":false}],"authorContributionMap":{"HTY2003":2,"-":44}},{"path":"docs/AboutUs.md","fileType":"docs","lines":[{"lineNumber":1,"author":{"gitId":"-"},"content":"# About us","lastModifiedDate":"2020-05-24","isFullCredit":false},{"lineNumber":2,"author":{"gitId":"-"},"content":"","lastModifiedDate":"2020-05-24","isFullCredit":false},{"lineNumber":3,"author":{"gitId":"-"},"content":"Display |         Name         |                Github Profile                | Portfolio ","lastModifiedDate":"2020-05-24","isFullCredit":false},{"lineNumber":4,"author":{"gitId":"OliverQiL"},"content":"--------|:--------------------:|:--------------------------------------------:|:---------:","lastModifiedDate":"2025-03-14","isFullCredit":false},{"lineNumber":5,"author":{"gitId":"timothyloh0523"},"content":"![](https://via.placeholder.com/100.png?text\u003dPhoto) | Loh Yan Xun, Timothy | [Github](https://github.com/timothyloh0523/) | [Portfolio](timothyloh0523)","lastModifiedDate":"2025-03-07","isFullCredit":false},{"lineNumber":6,"author":{"gitId":"CRL006"},"content":"![](https://via.placeholder.com/100.png?text\u003dPhoto) |     Chong Ruolin     |     [Github](https://github.com/CRL006)      | [Portfolio](CRL006)","lastModifiedDate":"2025-03-07","isFullCredit":false},{"lineNumber":7,"author":{"gitId":"wongyihao0506"},"content":"![](https://via.placeholder.com/100.png?text\u003dPhoto) |     Wong Yi Hao      |  [Github](https://github.com/wongyihao0506)  | [Portfolio](wongyihao0506)","lastModifiedDate":"2025-03-07","isFullCredit":false},{"lineNumber":8,"author":{"gitId":"HTY2003"},"content":"![](./img/hty2003.jpg) |     Heng Teng Yi     |     [Github](https://github.com/HTY2003)     | [Portfolio](hty2003)","lastModifiedDate":"2025-03-07","isFullCredit":false},{"lineNumber":9,"author":{"gitId":"OliverQiL"},"content":"![]() |      Qi Oliver       |    [Github](https://github.com/OliverQiL)    | [Portfolio](OliverQiL)","lastModifiedDate":"2025-03-14","isFullCredit":false}],"authorContributionMap":{"CRL006":1,"wongyihao0506":1,"HTY2003":1,"OliverQiL":2,"timothyloh0523":1,"-":3}},{"path":"docs/README.md","fileType":"docs","lines":[{"lineNumber":1,"author":{"gitId":"HTY2003"},"content":"# Coinflip","lastModifiedDate":"2025-03-13","isFullCredit":false},{"lineNumber":2,"author":{"gitId":"-"},"content":"","lastModifiedDate":"2019-07-29","isFullCredit":false},{"lineNumber":3,"author":{"gitId":"-"},"content":"{Give product intro here}","lastModifiedDate":"2020-05-24","isFullCredit":false},{"lineNumber":4,"author":{"gitId":"-"},"content":"","lastModifiedDate":"2019-07-29","isFullCredit":false},{"lineNumber":5,"author":{"gitId":"-"},"content":"Useful links:","lastModifiedDate":"2020-05-24","isFullCredit":false},{"lineNumber":6,"author":{"gitId":"-"},"content":"* [User Guide](UserGuide.md)","lastModifiedDate":"2020-05-24","isFullCredit":false},{"lineNumber":7,"author":{"gitId":"-"},"content":"* [Developer Guide](DeveloperGuide.md)","lastModifiedDate":"2020-05-24","isFullCredit":false},{"lineNumber":8,"author":{"gitId":"-"},"content":"* [About Us](AboutUs.md)","lastModifiedDate":"2020-05-24","isFullCredit":false}],"authorContributionMap":{"HTY2003":1,"-":7}},{"path":"docs/UserGuide.md","fileType":"docs","lines":[{"lineNumber":1,"author":{"gitId":"-"},"content":"# User Guide","lastModifiedDate":"2020-05-24","isFullCredit":false},{"lineNumber":2,"author":{"gitId":"-"},"content":"","lastModifiedDate":"2020-05-24","isFullCredit":false},{"lineNumber":3,"author":{"gitId":"-"},"content":"## Introduction","lastModifiedDate":"2020-05-24","isFullCredit":false},{"lineNumber":4,"author":{"gitId":"-"},"content":"","lastModifiedDate":"2020-05-24","isFullCredit":false},{"lineNumber":5,"author":{"gitId":"-"},"content":"{Give a product intro}","lastModifiedDate":"2020-05-24","isFullCredit":false},{"lineNumber":6,"author":{"gitId":"-"},"content":"","lastModifiedDate":"2020-05-24","isFullCredit":false},{"lineNumber":7,"author":{"gitId":"-"},"content":"## Quick Start","lastModifiedDate":"2020-05-24","isFullCredit":false},{"lineNumber":8,"author":{"gitId":"-"},"content":"","lastModifiedDate":"2020-05-24","isFullCredit":false},{"lineNumber":9,"author":{"gitId":"-"},"content":"{Give steps to get started quickly}","lastModifiedDate":"2020-05-24","isFullCredit":false},{"lineNumber":10,"author":{"gitId":"-"},"content":"","lastModifiedDate":"2020-05-24","isFullCredit":false},{"lineNumber":11,"author":{"gitId":"-"},"content":"1. Ensure that you have Java 17 or above installed.","lastModifiedDate":"2020-05-24","isFullCredit":false},{"lineNumber":12,"author":{"gitId":"HTY2003"},"content":"1. Down the latest version of `Coinflip` from [here](http://link.to/coinflip).","lastModifiedDate":"2025-03-13","isFullCredit":false},{"lineNumber":13,"author":{"gitId":"-"},"content":"","lastModifiedDate":"2020-05-24","isFullCredit":false},{"lineNumber":14,"author":{"gitId":"-"},"content":"## Features ","lastModifiedDate":"2020-05-24","isFullCredit":false},{"lineNumber":15,"author":{"gitId":"-"},"content":"","lastModifiedDate":"2020-05-24","isFullCredit":false},{"lineNumber":16,"author":{"gitId":"-"},"content":"{Give detailed description of each feature}","lastModifiedDate":"2020-05-24","isFullCredit":false},{"lineNumber":17,"author":{"gitId":"-"},"content":"","lastModifiedDate":"2020-05-24","isFullCredit":false},{"lineNumber":18,"author":{"gitId":"-"},"content":"### Adding a todo: `todo`","lastModifiedDate":"2020-05-24","isFullCredit":false},{"lineNumber":19,"author":{"gitId":"-"},"content":"Adds a new item to the list of todo items.","lastModifiedDate":"2020-05-24","isFullCredit":false},{"lineNumber":20,"author":{"gitId":"-"},"content":"","lastModifiedDate":"2020-05-24","isFullCredit":false},{"lineNumber":21,"author":{"gitId":"-"},"content":"Format: `todo n/TODO_NAME d/DEADLINE`","lastModifiedDate":"2020-05-24","isFullCredit":false},{"lineNumber":22,"author":{"gitId":"-"},"content":"","lastModifiedDate":"2020-05-24","isFullCredit":false},{"lineNumber":23,"author":{"gitId":"-"},"content":"* The `DEADLINE` can be in a natural language format.","lastModifiedDate":"2020-05-24","isFullCredit":false},{"lineNumber":24,"author":{"gitId":"-"},"content":"* The `TODO_NAME` cannot contain punctuation.  ","lastModifiedDate":"2020-05-24","isFullCredit":false},{"lineNumber":25,"author":{"gitId":"-"},"content":"","lastModifiedDate":"2020-05-24","isFullCredit":false},{"lineNumber":26,"author":{"gitId":"-"},"content":"Example of usage: ","lastModifiedDate":"2020-05-24","isFullCredit":false},{"lineNumber":27,"author":{"gitId":"-"},"content":"","lastModifiedDate":"2020-05-24","isFullCredit":false},{"lineNumber":28,"author":{"gitId":"-"},"content":"`todo n/Write the rest of the User Guide d/next week`","lastModifiedDate":"2020-05-24","isFullCredit":false},{"lineNumber":29,"author":{"gitId":"-"},"content":"","lastModifiedDate":"2020-05-24","isFullCredit":false},{"lineNumber":30,"author":{"gitId":"-"},"content":"`todo n/Refactor the User Guide to remove passive voice d/13/04/2020`","lastModifiedDate":"2020-05-24","isFullCredit":false},{"lineNumber":31,"author":{"gitId":"-"},"content":"","lastModifiedDate":"2020-05-24","isFullCredit":false},{"lineNumber":32,"author":{"gitId":"-"},"content":"## FAQ","lastModifiedDate":"2020-05-24","isFullCredit":false},{"lineNumber":33,"author":{"gitId":"-"},"content":"","lastModifiedDate":"2020-05-24","isFullCredit":false},{"lineNumber":34,"author":{"gitId":"-"},"content":"**Q**: How do I transfer my data to another computer? ","lastModifiedDate":"2020-05-24","isFullCredit":false},{"lineNumber":35,"author":{"gitId":"-"},"content":"","lastModifiedDate":"2020-05-24","isFullCredit":false},{"lineNumber":36,"author":{"gitId":"-"},"content":"**A**: {your answer here}","lastModifiedDate":"2020-05-24","isFullCredit":false},{"lineNumber":37,"author":{"gitId":"-"},"content":"","lastModifiedDate":"2020-05-24","isFullCredit":false},{"lineNumber":38,"author":{"gitId":"-"},"content":"## Command Summary","lastModifiedDate":"2020-05-24","isFullCredit":false},{"lineNumber":39,"author":{"gitId":"-"},"content":"","lastModifiedDate":"2020-05-24","isFullCredit":false},{"lineNumber":40,"author":{"gitId":"-"},"content":"{Give a \u0027cheat sheet\u0027 of commands here}","lastModifiedDate":"2020-05-24","isFullCredit":false},{"lineNumber":41,"author":{"gitId":"-"},"content":"","lastModifiedDate":"2020-05-24","isFullCredit":false},{"lineNumber":42,"author":{"gitId":"-"},"content":"* Add todo `todo n/TODO_NAME d/DEADLINE`","lastModifiedDate":"2020-05-24","isFullCredit":false}],"authorContributionMap":{"HTY2003":1,"-":41}},{"path":"src/main/java/seedu/coinflip/Coinflip.java","fileType":"functional-code","lines":[{"lineNumber":1,"author":{"gitId":"HTY2003"},"content":"package seedu.coinflip;","lastModifiedDate":"2025-03-13","isFullCredit":false},{"lineNumber":2,"author":{"gitId":"-"},"content":"","lastModifiedDate":"2020-05-24","isFullCredit":false},{"lineNumber":3,"author":{"gitId":"-"},"content":"import java.util.Scanner;","lastModifiedDate":"2020-05-24","isFullCredit":false},{"lineNumber":4,"author":{"gitId":"-"},"content":"","lastModifiedDate":"2020-05-24","isFullCredit":false},{"lineNumber":5,"author":{"gitId":"HTY2003"},"content":"public class Coinflip {","lastModifiedDate":"2025-03-13","isFullCredit":false},{"lineNumber":6,"author":{"gitId":"HTY2003"},"content":"    private int balance \u003d 500;","lastModifiedDate":"2025-03-19","isFullCredit":false},{"lineNumber":7,"author":{"gitId":"HTY2003"},"content":"    private int betAmount \u003d 20;","lastModifiedDate":"2025-03-19","isFullCredit":false},{"lineNumber":8,"author":{"gitId":"HTY2003"},"content":"","lastModifiedDate":"2025-03-13","isFullCredit":false},{"lineNumber":9,"author":{"gitId":"-"},"content":"    /**","lastModifiedDate":"2020-05-24","isFullCredit":false},{"lineNumber":10,"author":{"gitId":"HTY2003"},"content":"     * Constructs Coinflip object","lastModifiedDate":"2025-03-19","isFullCredit":false},{"lineNumber":11,"author":{"gitId":"-"},"content":"     */","lastModifiedDate":"2020-05-24","isFullCredit":false},{"lineNumber":12,"author":{"gitId":"HTY2003"},"content":"    Coinflip() {","lastModifiedDate":"2025-03-19","isFullCredit":false},{"lineNumber":13,"author":{"gitId":"HTY2003"},"content":"","lastModifiedDate":"2025-03-19","isFullCredit":false},{"lineNumber":14,"author":{"gitId":"HTY2003"},"content":"    }","lastModifiedDate":"2025-03-19","isFullCredit":false},{"lineNumber":15,"author":{"gitId":"HTY2003"},"content":"","lastModifiedDate":"2025-03-19","isFullCredit":false},{"lineNumber":16,"author":{"gitId":"HTY2003"},"content":"    /**","lastModifiedDate":"2025-03-20","isFullCredit":false},{"lineNumber":17,"author":{"gitId":"HTY2003"},"content":"     * Returns user\u0027s coin balance","lastModifiedDate":"2025-03-20","isFullCredit":false},{"lineNumber":18,"author":{"gitId":"HTY2003"},"content":"     *","lastModifiedDate":"2025-03-20","isFullCredit":false},{"lineNumber":19,"author":{"gitId":"HTY2003"},"content":"     * @return user\u0027s balance in coins","lastModifiedDate":"2025-03-20","isFullCredit":false},{"lineNumber":20,"author":{"gitId":"HTY2003"},"content":"     */","lastModifiedDate":"2025-03-20","isFullCredit":false},{"lineNumber":21,"author":{"gitId":"HTY2003"},"content":"    public int getBalance() {","lastModifiedDate":"2025-03-20","isFullCredit":false},{"lineNumber":22,"author":{"gitId":"HTY2003"},"content":"        return balance;","lastModifiedDate":"2025-03-20","isFullCredit":false},{"lineNumber":23,"author":{"gitId":"HTY2003"},"content":"    }","lastModifiedDate":"2025-03-20","isFullCredit":false},{"lineNumber":24,"author":{"gitId":"HTY2003"},"content":"","lastModifiedDate":"2025-03-20","isFullCredit":false},{"lineNumber":25,"author":{"gitId":"HTY2003"},"content":"    /**","lastModifiedDate":"2025-03-20","isFullCredit":false},{"lineNumber":26,"author":{"gitId":"HTY2003"},"content":"     * Returns the amount of coins a user bets on each coinflip","lastModifiedDate":"2025-03-20","isFullCredit":false},{"lineNumber":27,"author":{"gitId":"HTY2003"},"content":"     *","lastModifiedDate":"2025-03-20","isFullCredit":false},{"lineNumber":28,"author":{"gitId":"HTY2003"},"content":"     * @return user\u0027s betting amount in coins","lastModifiedDate":"2025-03-20","isFullCredit":false},{"lineNumber":29,"author":{"gitId":"HTY2003"},"content":"     */","lastModifiedDate":"2025-03-20","isFullCredit":false},{"lineNumber":30,"author":{"gitId":"HTY2003"},"content":"    public int getBetAmount() {","lastModifiedDate":"2025-03-20","isFullCredit":false},{"lineNumber":31,"author":{"gitId":"HTY2003"},"content":"        return betAmount;","lastModifiedDate":"2025-03-20","isFullCredit":false},{"lineNumber":32,"author":{"gitId":"HTY2003"},"content":"    }","lastModifiedDate":"2025-03-20","isFullCredit":false},{"lineNumber":33,"author":{"gitId":"HTY2003"},"content":"","lastModifiedDate":"2025-03-20","isFullCredit":false},{"lineNumber":34,"author":{"gitId":"HTY2003"},"content":"    /**","lastModifiedDate":"2025-03-19","isFullCredit":false},{"lineNumber":35,"author":{"gitId":"HTY2003"},"content":"     * Runs main Coinflip program, which waits for next line of user input","lastModifiedDate":"2025-03-19","isFullCredit":false},{"lineNumber":36,"author":{"gitId":"HTY2003"},"content":"     * before outputting an appropriate response","lastModifiedDate":"2025-03-19","isFullCredit":false},{"lineNumber":37,"author":{"gitId":"HTY2003"},"content":"     *","lastModifiedDate":"2025-03-19","isFullCredit":false},{"lineNumber":38,"author":{"gitId":"HTY2003"},"content":"     * @param args Arguments included with command to start Coinflip","lastModifiedDate":"2025-03-19","isFullCredit":false},{"lineNumber":39,"author":{"gitId":"HTY2003"},"content":"     */","lastModifiedDate":"2025-03-19","isFullCredit":false},{"lineNumber":40,"author":{"gitId":"HTY2003"},"content":"    public void run(String[] args) {","lastModifiedDate":"2025-03-19","isFullCredit":false},{"lineNumber":41,"author":{"gitId":"-"},"content":"","lastModifiedDate":"2020-05-24","isFullCredit":false},{"lineNumber":42,"author":{"gitId":"-"},"content":"        Scanner in \u003d new Scanner(System.in);","lastModifiedDate":"2020-05-24","isFullCredit":false},{"lineNumber":43,"author":{"gitId":"HTY2003"},"content":"        System.out.println(\"Welcome to Coinflip!\");","lastModifiedDate":"2025-03-13","isFullCredit":false},{"lineNumber":44,"author":{"gitId":"HTY2003"},"content":"","lastModifiedDate":"2025-03-13","isFullCredit":false},{"lineNumber":45,"author":{"gitId":"timothyloh0523"},"content":"        boolean isExit \u003d false;","lastModifiedDate":"2025-03-19","isFullCredit":false},{"lineNumber":46,"author":{"gitId":"HTY2003"},"content":"        while (!isExit) {","lastModifiedDate":"2025-03-19","isFullCredit":false},{"lineNumber":47,"author":{"gitId":"HTY2003"},"content":"            String input \u003d in.nextLine();","lastModifiedDate":"2025-03-13","isFullCredit":false},{"lineNumber":48,"author":{"gitId":"timothyloh0523"},"content":"            String[] words \u003d input.split(\"\\\\s+\");","lastModifiedDate":"2025-03-19","isFullCredit":false},{"lineNumber":49,"author":{"gitId":"timothyloh0523"},"content":"            switch (words[0]) {","lastModifiedDate":"2025-03-19","isFullCredit":false},{"lineNumber":50,"author":{"gitId":"timothyloh0523"},"content":"            case \"check\":","lastModifiedDate":"2025-03-19","isFullCredit":false},{"lineNumber":51,"author":{"gitId":"timothyloh0523"},"content":"                if (words.length \u003e 1 \u0026\u0026 words[1].equals(\"balance\")) {","lastModifiedDate":"2025-03-19","isFullCredit":false},{"lineNumber":52,"author":{"gitId":"CRL006"},"content":"                    System.out.println(\"Your remaining balance is: \" + balance);","lastModifiedDate":"2025-03-13","isFullCredit":false},{"lineNumber":53,"author":{"gitId":"timothyloh0523"},"content":"                }","lastModifiedDate":"2025-03-19","isFullCredit":false},{"lineNumber":54,"author":{"gitId":"OliverQiL"},"content":"                if (words.length \u003e 1 \u0026\u0026 words[1].equals(\"bet\")) {","lastModifiedDate":"2025-03-19","isFullCredit":false},{"lineNumber":55,"author":{"gitId":"OliverQiL"},"content":"                    System.out.println(\"Your current bet amount is: \" + betAmount);","lastModifiedDate":"2025-03-19","isFullCredit":false},{"lineNumber":56,"author":{"gitId":"OliverQiL"},"content":"                }","lastModifiedDate":"2025-03-19","isFullCredit":false},{"lineNumber":57,"author":{"gitId":"timothyloh0523"},"content":"                break;","lastModifiedDate":"2025-03-19","isFullCredit":false},{"lineNumber":58,"author":{"gitId":"timothyloh0523"},"content":"            case \"change\":","lastModifiedDate":"2025-03-19","isFullCredit":false},{"lineNumber":59,"author":{"gitId":"timothyloh0523"},"content":"                try {","lastModifiedDate":"2025-03-19","isFullCredit":false},{"lineNumber":60,"author":{"gitId":"timothyloh0523"},"content":"                    betAmount \u003d Integer.parseInt(words[1]);","lastModifiedDate":"2025-03-19","isFullCredit":false},{"lineNumber":61,"author":{"gitId":"timothyloh0523"},"content":"                    System.out.println(\"Changed your bet amount to \" + betAmount + \"!\");","lastModifiedDate":"2025-03-19","isFullCredit":false},{"lineNumber":62,"author":{"gitId":"timothyloh0523"},"content":"                } catch (NumberFormatException | ArrayIndexOutOfBoundsException e) {","lastModifiedDate":"2025-03-19","isFullCredit":false},{"lineNumber":63,"author":{"gitId":"timothyloh0523"},"content":"                    System.out.println(\"Please provide a valid bet amount!\");","lastModifiedDate":"2025-03-19","isFullCredit":false},{"lineNumber":64,"author":{"gitId":"timothyloh0523"},"content":"                }","lastModifiedDate":"2025-03-19","isFullCredit":false},{"lineNumber":65,"author":{"gitId":"CRL006"},"content":"                break;","lastModifiedDate":"2025-03-13","isFullCredit":false},{"lineNumber":66,"author":{"gitId":"CRL006"},"content":"            case \"exit\":","lastModifiedDate":"2025-03-13","isFullCredit":false},{"lineNumber":67,"author":{"gitId":"HTY2003"},"content":"                System.out.println(\"Thank you for using Coinflip. Goodbye!\");","lastModifiedDate":"2025-03-13","isFullCredit":false},{"lineNumber":68,"author":{"gitId":"timothyloh0523"},"content":"                isExit \u003d true;","lastModifiedDate":"2025-03-19","isFullCredit":false},{"lineNumber":69,"author":{"gitId":"HTY2003"},"content":"                break;","lastModifiedDate":"2025-03-13","isFullCredit":false},{"lineNumber":70,"author":{"gitId":"OliverQiL"},"content":"            case \"help\":","lastModifiedDate":"2025-03-19","isFullCredit":false},{"lineNumber":71,"author":{"gitId":"OliverQiL"},"content":"                System.out.println(\"Here are the commands you can use:\");","lastModifiedDate":"2025-03-19","isFullCredit":false},{"lineNumber":72,"author":{"gitId":"OliverQiL"},"content":"                System.out.println(\"\\ncheck balance - Shows your remaining balance.\");","lastModifiedDate":"2025-03-19","isFullCredit":false},{"lineNumber":73,"author":{"gitId":"OliverQiL"},"content":"                System.out.println(\"check bet - Shows your current bet amount.\");","lastModifiedDate":"2025-03-19","isFullCredit":false},{"lineNumber":74,"author":{"gitId":"OliverQiL"},"content":"                System.out.println(\"change \u003camount\u003e - Changes your bet amount.\");","lastModifiedDate":"2025-03-19","isFullCredit":false},{"lineNumber":75,"author":{"gitId":"OliverQiL"},"content":"                System.out.println(\"flip \u003cheads/tails\u003e - Bet on a coin flip being heads or tails.\");","lastModifiedDate":"2025-03-19","isFullCredit":false},{"lineNumber":76,"author":{"gitId":"OliverQiL"},"content":"                System.out.println(\"exit - Exits the application.\");","lastModifiedDate":"2025-03-19","isFullCredit":false},{"lineNumber":77,"author":{"gitId":"OliverQiL"},"content":"                System.out.println(\"help - Shows this help message.\");","lastModifiedDate":"2025-03-19","isFullCredit":false},{"lineNumber":78,"author":{"gitId":"OliverQiL"},"content":"                System.out.println(\"\\nFor more information, please visit our User Guide: \u003cinsert user guide URL\u003e\");","lastModifiedDate":"2025-03-19","isFullCredit":false},{"lineNumber":79,"author":{"gitId":"OliverQiL"},"content":"                break;","lastModifiedDate":"2025-03-19","isFullCredit":false},{"lineNumber":80,"author":{"gitId":"CRL006"},"content":"            default:","lastModifiedDate":"2025-03-13","isFullCredit":false},{"lineNumber":81,"author":{"gitId":"timothyloh0523"},"content":"                System.out.println(\"Invalid command!\");","lastModifiedDate":"2025-03-19","isFullCredit":false},{"lineNumber":82,"author":{"gitId":"CRL006"},"content":"                break;","lastModifiedDate":"2025-03-13","isFullCredit":false},{"lineNumber":83,"author":{"gitId":"HTY2003"},"content":"            }","lastModifiedDate":"2025-03-13","isFullCredit":false},{"lineNumber":84,"author":{"gitId":"HTY2003"},"content":"        }","lastModifiedDate":"2025-03-13","isFullCredit":false},{"lineNumber":85,"author":{"gitId":"-"},"content":"    }","lastModifiedDate":"2019-07-29","isFullCredit":false},{"lineNumber":86,"author":{"gitId":"HTY2003"},"content":"","lastModifiedDate":"2025-03-19","isFullCredit":false},{"lineNumber":87,"author":{"gitId":"HTY2003"},"content":"    /**","lastModifiedDate":"2025-03-19","isFullCredit":false},{"lineNumber":88,"author":{"gitId":"HTY2003"},"content":"     * Main entry-point for the java.seedu.coinflip.Coinflip application.","lastModifiedDate":"2025-03-19","isFullCredit":false},{"lineNumber":89,"author":{"gitId":"HTY2003"},"content":"     *","lastModifiedDate":"2025-03-19","isFullCredit":false},{"lineNumber":90,"author":{"gitId":"HTY2003"},"content":"     * @param args Arguments included with command to start Coinflip","lastModifiedDate":"2025-03-19","isFullCredit":false},{"lineNumber":91,"author":{"gitId":"HTY2003"},"content":"     */","lastModifiedDate":"2025-03-19","isFullCredit":false},{"lineNumber":92,"author":{"gitId":"HTY2003"},"content":"    public static void main(String[] args) {","lastModifiedDate":"2025-03-19","isFullCredit":false},{"lineNumber":93,"author":{"gitId":"HTY2003"},"content":"        Coinflip program \u003d new Coinflip();","lastModifiedDate":"2025-03-19","isFullCredit":false},{"lineNumber":94,"author":{"gitId":"HTY2003"},"content":"        program.run(args);","lastModifiedDate":"2025-03-19","isFullCredit":false},{"lineNumber":95,"author":{"gitId":"HTY2003"},"content":"    }","lastModifiedDate":"2025-03-19","isFullCredit":false},{"lineNumber":96,"author":{"gitId":"-"},"content":"}","lastModifiedDate":"2019-07-29","isFullCredit":false}],"authorContributionMap":{"CRL006":5,"HTY2003":53,"OliverQiL":13,"timothyloh0523":16,"-":9}},{"path":"src/test/java/seedu/coinflip/CoinflipTest.java","fileType":"test-code","lines":[{"lineNumber":1,"author":{"gitId":"HTY2003"},"content":"package seedu.coinflip;","lastModifiedDate":"2025-03-13","isFullCredit":false},{"lineNumber":2,"author":{"gitId":"-"},"content":"","lastModifiedDate":"2020-05-24","isFullCredit":false},{"lineNumber":3,"author":{"gitId":"-"},"content":"import static org.junit.jupiter.api.Assertions.assertTrue;","lastModifiedDate":"2020-05-24","isFullCredit":false},{"lineNumber":4,"author":{"gitId":"HTY2003"},"content":"import static org.junit.jupiter.api.Assertions.assertEquals;","lastModifiedDate":"2025-03-20","isFullCredit":false},{"lineNumber":5,"author":{"gitId":"-"},"content":"","lastModifiedDate":"2020-05-24","isFullCredit":false},{"lineNumber":6,"author":{"gitId":"-"},"content":"import org.junit.jupiter.api.Test;","lastModifiedDate":"2020-05-24","isFullCredit":false},{"lineNumber":7,"author":{"gitId":"-"},"content":"","lastModifiedDate":"2020-05-24","isFullCredit":false},{"lineNumber":8,"author":{"gitId":"HTY2003"},"content":"class CoinflipTest {","lastModifiedDate":"2025-03-13","isFullCredit":false},{"lineNumber":9,"author":{"gitId":"-"},"content":"    @Test","lastModifiedDate":"2020-05-24","isFullCredit":false},{"lineNumber":10,"author":{"gitId":"-"},"content":"    public void sampleTest() {","lastModifiedDate":"2020-05-24","isFullCredit":false},{"lineNumber":11,"author":{"gitId":"-"},"content":"        assertTrue(true);","lastModifiedDate":"2020-05-24","isFullCredit":false},{"lineNumber":12,"author":{"gitId":"-"},"content":"    }","lastModifiedDate":"2020-05-24","isFullCredit":false},{"lineNumber":13,"author":{"gitId":"HTY2003"},"content":"","lastModifiedDate":"2025-03-20","isFullCredit":false},{"lineNumber":14,"author":{"gitId":"HTY2003"},"content":"    @Test","lastModifiedDate":"2025-03-20","isFullCredit":false},{"lineNumber":15,"author":{"gitId":"HTY2003"},"content":"    public void testDefaultValues() {","lastModifiedDate":"2025-03-20","isFullCredit":false},{"lineNumber":16,"author":{"gitId":"HTY2003"},"content":"        Coinflip program \u003d new Coinflip();","lastModifiedDate":"2025-03-20","isFullCredit":false},{"lineNumber":17,"author":{"gitId":"HTY2003"},"content":"        assertEquals(500, program.getBalance());","lastModifiedDate":"2025-03-20","isFullCredit":false},{"lineNumber":18,"author":{"gitId":"HTY2003"},"content":"        assertEquals(20, program.getBetAmount());","lastModifiedDate":"2025-03-20","isFullCredit":false},{"lineNumber":19,"author":{"gitId":"HTY2003"},"content":"    }","lastModifiedDate":"2025-03-20","isFullCredit":false},{"lineNumber":20,"author":{"gitId":"-"},"content":"}","lastModifiedDate":"2020-05-24","isFullCredit":false}],"authorContributionMap":{"HTY2003":10,"-":10}}]
