{"authorDailyContributionsMap":{"CRL006":[{"date":"2025-03-07","commitResults":[{"hash":"7f0a2d49e411a119c693b29d0a24a0df3439a0ec","isMergeCommit":false,"messageTitle":"Update AboutUs.md to include Ruolin","messageBody":"","fileTypesAndContributionMap":{"docs":{"insertions":3,"deletions":7}}},{"hash":"cd926c3d8fb2cd3d1c17aa04463d8177876cb3b1","isMergeCommit":true,"messageTitle":"Merge branch \u0027master\u0027 into ChongRuolin-AboutUs","messageBody":"# Conflicts:\n#\tdocs/AboutUs.md\n","fileTypesAndContributionMap":{}},{"hash":"db5dd52c5e68c26dcfe5e3ff905e60764ef3e67c","isMergeCommit":false,"messageTitle":"Add newline to end of AboutUs.md","messageBody":"","fileTypesAndContributionMap":{"docs":{"insertions":1,"deletions":1}}},{"hash":"7d32b99ac31cdf521cfff5c8bcb1fc5c598b61d6","isMergeCommit":true,"messageTitle":"Merge pull request #3 from CRL006/ChongRuolin-AboutUs","messageBody":"Update AboutUs.md to include Ruolin","fileTypesAndContributionMap":{}}]},{"date":"2025-03-13","commitResults":[{"hash":"4c5961984d612e4ed1d016b47d505134eda2626d","isMergeCommit":true,"messageTitle":"Merge branch \u0027master\u0027 of https://github.com/AY2425S2-CS2113-F13-1/tp","messageBody":"","fileTypesAndContributionMap":{}},{"hash":"5c57351f6eff01ab9c8f83e92a7524426d6de31e","isMergeCommit":false,"messageTitle":"Add \"check balance\" function","messageBody":"","fileTypesAndContributionMap":{"functional-code":{"insertions":8,"deletions":3}}}]},{"date":"2025-03-20","commitResults":[{"hash":"33d1c8e846f1116a8e99027391a11db0a5a01adf","isMergeCommit":false,"messageTitle":"Add save feature","messageBody":"","fileTypesAndContributionMap":{"functional-code":{"insertions":49,"deletions":2}}},{"hash":"c9c846ceb172fd55fc10246449afe9d7dd9f8029","isMergeCommit":false,"messageTitle":"Add print statement for exceptions","messageBody":"","fileTypesAndContributionMap":{"functional-code":{"insertions":3,"deletions":1}}},{"hash":"14737ef4901ba69d15aa3a9ffc377722d4322c01","isMergeCommit":false,"messageTitle":"Add conditional check for no input","messageBody":"","fileTypesAndContributionMap":{"functional-code":{"insertions":4,"deletions":0}}},{"hash":"16b4fdb68be7b4b936cb36cd5cfc81eb381057d8","isMergeCommit":false,"messageTitle":"Amend loadFromFile","messageBody":"","fileTypesAndContributionMap":{"functional-code":{"insertions":1,"deletions":0}}},{"hash":"277a42aee97feb3cb6f7ca99aa434b2165cc058f","isMergeCommit":false,"messageTitle":"Revert \"Amend loadFromFile\"","messageBody":"This reverts commit 16b4fdb68be7b4b936cb36cd5cfc81eb381057d8.\n","fileTypesAndContributionMap":{"functional-code":{"insertions":0,"deletions":1}}},{"hash":"8410251657cdce9fcc28806236e7e45fc5e0e75c","isMergeCommit":false,"messageTitle":"Edit pathing","messageBody":"","fileTypesAndContributionMap":{"functional-code":{"insertions":2,"deletions":2}}},{"hash":"b1341d543c908c6c9b42534502868c3556cea186","isMergeCommit":false,"messageTitle":"Edit \"text-ui-test\"","messageBody":"","fileTypesAndContributionMap":{"other":{"insertions":2,"deletions":2}}},{"hash":"2cdd0db7dd55cb1dd9b5fae7c7241eec4a5da33d","isMergeCommit":false,"messageTitle":"Remove successful load message","messageBody":"","fileTypesAndContributionMap":{"functional-code":{"insertions":0,"deletions":1}}},{"hash":"ffd038cd3fa84ba03583b359fc4e09578f3b8f95","isMergeCommit":false,"messageTitle":"Edit scanner","messageBody":"","fileTypesAndContributionMap":{"functional-code":{"insertions":0,"deletions":4}}}]},{"date":"2025-03-21","commitResults":[{"hash":"487fb7475e8226b40702509f692f170177106a63","isMergeCommit":false,"messageTitle":"Edit user guide","messageBody":"","fileTypesAndContributionMap":{"docs":{"insertions":76,"deletions":12}}},{"hash":"66630bcabb60c7de46940d220a041ad1d6732a36","isMergeCommit":false,"messageTitle":"Edit gradle","messageBody":"","fileTypesAndContributionMap":{"other":{"insertions":0,"deletions":1}}},{"hash":"8be0ec54ef3147b4da273fd99e2801ac02ca4bfb","isMergeCommit":false,"messageTitle":"Add JUnit test","messageBody":"","fileTypesAndContributionMap":{"test-code":{"insertions":17,"deletions":0}}},{"hash":"416793698f0497856aba731104b1c17fcc720898","isMergeCommit":false,"messageTitle":"Edit JUnit test","messageBody":"","fileTypesAndContributionMap":{"test-code":{"insertions":1,"deletions":0}}},{"hash":"ef055050d20f42ccf7986b4a8715f19b396c73df","isMergeCommit":false,"messageTitle":"Edit JUnit test to throw exceptions","messageBody":"","fileTypesAndContributionMap":{"test-code":{"insertions":2,"deletions":2}}},{"hash":"522761ecb735b9718d7a42769b613c29ccabf734","isMergeCommit":false,"messageTitle":"Edit JUnit test","messageBody":"","fileTypesAndContributionMap":{"test-code":{"insertions":3,"deletions":1}}},{"hash":"b3785a6316f2facff7a14bf23d3830cf9b0e920c","isMergeCommit":false,"messageTitle":"Edit JUnit test","messageBody":"","fileTypesAndContributionMap":{"test-code":{"insertions":1,"deletions":0}}},{"hash":"c6e01582e1c6375d750fa61a658563a170a99c25","isMergeCommit":false,"messageTitle":"Edit JUnit test","messageBody":"","fileTypesAndContributionMap":{"test-code":{"insertions":4,"deletions":1}}},{"hash":"89a7a537f2eb852ee5988113da861a74946ae2e2","isMergeCommit":false,"messageTitle":"Edit JUnit test","messageBody":"","fileTypesAndContributionMap":{"test-code":{"insertions":2,"deletions":3}}}]},{"date":"2025-03-23","commitResults":[{"hash":"16fdc36d974367b7a3f7ef0c4120e0fb2b230dec","isMergeCommit":false,"messageTitle":"Add abstraction","messageBody":"","fileTypesAndContributionMap":{"functional-code":{"insertions":47,"deletions":12}}},{"hash":"61fe1afda4ad38225981871fe7f35b2e72edabbb","isMergeCommit":false,"messageTitle":"Edit abstraction","messageBody":"","fileTypesAndContributionMap":{"other":{"insertions":0,"deletions":1}}},{"hash":"c083776e949bd7609232e0263ad7d2aa7cbc8c68","isMergeCommit":false,"messageTitle":"Add assertion and javadoc","messageBody":"","fileTypesAndContributionMap":{"functional-code":{"insertions":46,"deletions":1}}},{"hash":"0556be50492e7ca365db24bcbf7f452fcd6e5746","isMergeCommit":false,"messageTitle":"Edit javadoc","messageBody":"","fileTypesAndContributionMap":{"functional-code":{"insertions":1,"deletions":1}}}]},{"date":"2025-03-27","commitResults":[{"hash":"6c20e7c376df49a05147528a083d35c5a9fd668c","isMergeCommit":false,"messageTitle":"Add statistics tracker","messageBody":"","fileTypesAndContributionMap":{"functional-code":{"insertions":91,"deletions":21}}}]},{"date":"2025-03-28","commitResults":[{"hash":"fdf0364c0a6845a6b5aa113fae590e994a60868a","isMergeCommit":false,"messageTitle":"Add win and loss check","messageBody":"","fileTypesAndContributionMap":{"functional-code":{"insertions":92,"deletions":20},"test-code":{"insertions":1,"deletions":1}}},{"hash":"5f254f2467bc0a4d443543ca55e58a90d41f8111","isMergeCommit":false,"messageTitle":"Edit game history check","messageBody":"","fileTypesAndContributionMap":{"functional-code":{"insertions":15,"deletions":59}}},{"hash":"2da3e09356d619807409294025cc6ed7048abb60","isMergeCommit":false,"messageTitle":"Edit UG to include check history","messageBody":"","fileTypesAndContributionMap":{"docs":{"insertions":10,"deletions":0}}},{"hash":"aa1c682d7d439028667a19db0d9908bffeac563b","isMergeCommit":false,"messageTitle":"Edit testDefaultValues test to include initial stats","messageBody":"","fileTypesAndContributionMap":{"functional-code":{"insertions":2,"deletions":7},"test-code":{"insertions":4,"deletions":0}}}]},{"date":"2025-04-01","commitResults":[{"hash":"e4ef4b3a6df0f367e73edd4d8385266a6ccb0988","isMergeCommit":false,"messageTitle":"Edit DG","messageBody":"","fileTypesAndContributionMap":{"functional-code":{"insertions":1,"deletions":2},"docs":{"insertions":29,"deletions":0}}},{"hash":"7eeeda3d54c0db69753013d6d6fb2dc77448f2cb","isMergeCommit":false,"messageTitle":"Edit DG","messageBody":"","fileTypesAndContributionMap":{"docs":{"insertions":16,"deletions":25}}}]},{"date":"2025-04-02","commitResults":[{"hash":"e16846cda6413fbf9aa54c6437abe3e237c4aa55","isMergeCommit":false,"messageTitle":"Edit DG","messageBody":"","fileTypesAndContributionMap":{"docs":{"insertions":69,"deletions":9}}}]},{"date":"2025-04-03","commitResults":[{"hash":"5c391bddfe95a1e96377eeb3b097dd9d7c8ae4c8","isMergeCommit":false,"messageTitle":"Add tests to StorageTest","messageBody":"","fileTypesAndContributionMap":{"functional-code":{"insertions":16,"deletions":7},"other":{"insertions":1,"deletions":0},"test-code":{"insertions":80,"deletions":0}}},{"hash":"f760f5718350ad0b1e7fcdb461c622a46451b94c","isMergeCommit":false,"messageTitle":"Edit StorageTest","messageBody":"","fileTypesAndContributionMap":{"test-code":{"insertions":6,"deletions":7}}},{"hash":"5f6a939b928398b10c8870add555b5537836c791","isMergeCommit":false,"messageTitle":"Edit StorageTest","messageBody":"","fileTypesAndContributionMap":{"test-code":{"insertions":5,"deletions":1}}},{"hash":"062fc09a1275e2333548a1e938fe25928447148a","isMergeCommit":false,"messageTitle":"Edit DG","messageBody":"","fileTypesAndContributionMap":{"docs":{"insertions":85,"deletions":1}}},{"hash":"76b75060f856b4efc436dfa76e2ac37369ec52fb","isMergeCommit":false,"messageTitle":"Edit dependencies","messageBody":"","fileTypesAndContributionMap":{"other":{"insertions":1,"deletions":1}}}]}],"wongyihao0506":[{"date":"2025-03-07","commitResults":[{"hash":"79299de65e40d463f736d3f127882577db730610","isMergeCommit":false,"messageTitle":"Update AboutUs.md","messageBody":"","fileTypesAndContributionMap":{"docs":{"insertions":1,"deletions":5}}},{"hash":"2517b31a3702c9ee9446eacfc7de173a761a0ddf","isMergeCommit":true,"messageTitle":"Merge pull request #1 from wongyihao0506/YiHao-AboutUs","messageBody":"Update AboutUs.md","fileTypesAndContributionMap":{}}]},{"date":"2025-03-20","commitResults":[{"hash":"dbd1f80668cedd6bda4ed9edcd4419616cd4c0cd","isMergeCommit":false,"messageTitle":"Bet method implemented","messageBody":"","fileTypesAndContributionMap":{"functional-code":{"insertions":24,"deletions":0}}},{"hash":"a8be27dabba1f8205701642e52d3b89039b5c48b","isMergeCommit":false,"messageTitle":"Bet method updated","messageBody":"","fileTypesAndContributionMap":{"functional-code":{"insertions":13,"deletions":14}}},{"hash":"d54671c88df13ade16787a32e74a7b19d5a5c02e","isMergeCommit":false,"messageTitle":"Bet method updated","messageBody":"","fileTypesAndContributionMap":{"functional-code":{"insertions":1,"deletions":1}}},{"hash":"1a0c6a45effe351b6629b1754829a02745f2509a","isMergeCommit":true,"messageTitle":"Merge pull request #23 from wongyihao0506/branch-v1.0","messageBody":"Bet method implemented","fileTypesAndContributionMap":{}}]},{"date":"2025-03-30","commitResults":[{"hash":"146f5b07b57a49a63e59faaf0fac1fd5ab5cfc10","isMergeCommit":false,"messageTitle":"Add ChangeCommandTest","messageBody":"","fileTypesAndContributionMap":{"functional-code":{"insertions":14,"deletions":2}}}]}],"HTY2003":[{"date":"2025-02-21","commitResults":[{"hash":"dfea65973c1269218dbe354ab3da1226715ca6bd","isMergeCommit":false,"messageTitle":"Update README.md","messageBody":"","fileTypesAndContributionMap":{"docs":{"insertions":1,"deletions":1}}}]},{"date":"2025-03-07","commitResults":[{"hash":"d2f3e5a9dc5f966582a1fe41394dbed60e21e862","isMergeCommit":false,"messageTitle":"Update AboutUs.md to include Teng Yi","messageBody":"","fileTypesAndContributionMap":{"docs":{"insertions":3,"deletions":7}}},{"hash":"a1113d49472d06f3e183092473696e3f01cc25ec","isMergeCommit":true,"messageTitle":"Merge branch \u0027master\u0027 of https://github.com/AY2425S2-CS2113-F13-1/tp into HengTengYi-AboutUs","messageBody":"# Conflicts:\n#\tdocs/AboutUs.md\n","fileTypesAndContributionMap":{}},{"hash":"84ce6b2ca99975aaa07faf38a759639061fc5dbd","isMergeCommit":true,"messageTitle":"Merge pull request #2 from HTY2003/HengTengYi-AboutUs","messageBody":"Update AboutUs.md to include Teng Yi","fileTypesAndContributionMap":{}},{"hash":"5ed371a9c06a4feb71fcc5801909e44532c5ce92","isMergeCommit":false,"messageTitle":"Rename .JPG image to .jpg extension","messageBody":"","fileTypesAndContributionMap":{"docs":{"insertions":1,"deletions":2}}},{"hash":"24f6d56eba2eb56a3a68121fb0e7757b9d54c53a","isMergeCommit":true,"messageTitle":"Merge pull request #5 from HTY2003/HengTengYi-AboutUs","messageBody":"Add image for Teng Yi","fileTypesAndContributionMap":{}}]},{"date":"2025-03-13","commitResults":[{"hash":"1b3e5c7d4f99f8a4c1e9b9085a3baffd239bb475","isMergeCommit":false,"messageTitle":"Refactor Duke to Coinflip","messageBody":"","fileTypesAndContributionMap":{"other":{"insertions":7,"deletions":7},"docs":{"insertions":6,"deletions":6}}},{"hash":"91e39e35caaa197a478bd6da915d5f3b56e59709","isMergeCommit":false,"messageTitle":"Add coin balance variable and exit command functionality","messageBody":"","fileTypesAndContributionMap":{"functional-code":{"insertions":15,"deletions":8}}},{"hash":"1cf158619369cf279dbc9d0b466d305e4722e07f","isMergeCommit":false,"messageTitle":"Update text UI tests","messageBody":"","fileTypesAndContributionMap":{"functional-code":{"insertions":0,"deletions":1}}},{"hash":"a6f20ab4ecebdc1a51035c54e70b0f7d7f243911","isMergeCommit":true,"messageTitle":"Merge pull request #11 from HTY2003/branch-v1.0","messageBody":"Refactor Duke to Coinflip, add exit command, add user balance","fileTypesAndContributionMap":{}}]},{"date":"2025-03-14","commitResults":[{"hash":"c3dafa7f13d3b93d18f3cac51118177ee54f8e81","isMergeCommit":true,"messageTitle":"Merge pull request #12 from CRL006/branch-v1.0","messageBody":"Branch v1.0","fileTypesAndContributionMap":{}},{"hash":"b3dd0c019d38a62df6356a3b7738bc41df9c5ee3","isMergeCommit":true,"messageTitle":"Merge pull request #13 from OliverQiL/Oliver-AboutUs","messageBody":"Add Oliver to AboutUs.md","fileTypesAndContributionMap":{}}]},{"date":"2025-03-19","commitResults":[{"hash":"7eff1f3d57037afb54d3a353fff9f6d514e6b8ea","isMergeCommit":true,"messageTitle":"Merge pull request #14 from timothyloh0523/branch-1-change","messageBody":"v1.0","fileTypesAndContributionMap":{}},{"hash":"cd513cfb879c315c04b2210fc41d8140e974c37b","isMergeCommit":true,"messageTitle":"Merge pull request #15 from OliverQiL/branch-v1.0-view_commands","messageBody":"Add help command and check bet functionality","fileTypesAndContributionMap":{}}]},{"date":"2025-03-20","commitResults":[{"hash":"e2c89fff1f533b79d34459510265b438add11f37","isMergeCommit":true,"messageTitle":"Restucture Coinflip to allow individual instances for JUnit testing","messageBody":"","fileTypesAndContributionMap":{}},{"hash":"82f38a8da0011a8e25863d51be53d73d82278a66","isMergeCommit":true,"messageTitle":"Merge branch \u0027branch-v1.0\u0027 of https://github.com/HTY2003/tp into branch-v1.0","messageBody":"","fileTypesAndContributionMap":{}},{"hash":"62b285305ee4b7e198b5cb808dbe5e1a8e068231","isMergeCommit":false,"messageTitle":"Add JUnit test for default data member values","messageBody":"","fileTypesAndContributionMap":{"functional-code":{"insertions":18,"deletions":0},"test-code":{"insertions":8,"deletions":0}}},{"hash":"30e7384551ad06fdac60cc03ac702c219eeaada0","isMergeCommit":false,"messageTitle":"Amend switch case styling error","messageBody":"","fileTypesAndContributionMap":{"functional-code":{"insertions":33,"deletions":33}}},{"hash":"283e18cc457e6c5570c637bdf0d23c3fa44f7eb7","isMergeCommit":true,"messageTitle":"Merge pull request #17 from HTY2003/branch-v1.0","messageBody":"Add JUnit testing","fileTypesAndContributionMap":{}},{"hash":"6ee64cca137254e41562c5138620a298f84498e3","isMergeCommit":true,"messageTitle":"Merge branch \u0027master\u0027 into branch-v1.0-save","messageBody":"","fileTypesAndContributionMap":{}}]},{"date":"2025-03-21","commitResults":[{"hash":"c8cb2acadb07f2d8a59359f268f3cafabaf5807e","isMergeCommit":true,"messageTitle":"Merge pull request #22 from CRL006/branch-v1.0-save","messageBody":"Branch v1.0 save","fileTypesAndContributionMap":{}},{"hash":"4f6b578526063de23e24a6cd73fcdf8a8f948652","isMergeCommit":false,"messageTitle":"Add Printer abstraction for printing outputs","messageBody":"","fileTypesAndContributionMap":{"functional-code":{"insertions":48,"deletions":20}}},{"hash":"75503487d3b5fd9efffc78a635351c6e62aed0e4","isMergeCommit":false,"messageTitle":"Add exceptions for file and user input-related errors","messageBody":"","fileTypesAndContributionMap":{"functional-code":{"insertions":135,"deletions":56}}},{"hash":"569a16bccb571ab9a091c52bb7b5302a0a713d81","isMergeCommit":false,"messageTitle":"Add print regarding creation of new save file","messageBody":"","fileTypesAndContributionMap":{"functional-code":{"insertions":6,"deletions":1}}},{"hash":"f4dc52dd7b112df2b18c1780bbff31f75f2d47b3","isMergeCommit":false,"messageTitle":"Correct declaration order","messageBody":"","fileTypesAndContributionMap":{"functional-code":{"insertions":13,"deletions":12}}},{"hash":"6812fc4e2e8614587d525d44e94a8077bbcdf496","isMergeCommit":false,"messageTitle":"Remove unused import","messageBody":"","fileTypesAndContributionMap":{"functional-code":{"insertions":0,"deletions":1}}},{"hash":"47dbfaa2749d823052f3fc10149abbc4897dd3a9","isMergeCommit":false,"messageTitle":"Fix text UI test","messageBody":"","fileTypesAndContributionMap":{"other":{"insertions":2,"deletions":2}}},{"hash":"f481af2ecbfa6b48fce538238000f715f7f9078a","isMergeCommit":true,"messageTitle":"Merge pull request #27 from HTY2003/branch-v1.0","messageBody":"Add Printer abstraction and exception classes","fileTypesAndContributionMap":{}},{"hash":"5a7f4f317ae6fe8ff991af6d7f326c6e2cdea5ff","isMergeCommit":false,"messageTitle":"Correct help command print output","messageBody":"","fileTypesAndContributionMap":{"functional-code":{"insertions":11,"deletions":9}}},{"hash":"f4085096ab4f8ff80de04142a55d835d2a777fb6","isMergeCommit":false,"messageTitle":"Add abstraction for functions, handle more incorrect user input","messageBody":"","fileTypesAndContributionMap":{"functional-code":{"insertions":59,"deletions":26}}},{"hash":"fc92f622648a2353c986a74face33bdb1bb85323","isMergeCommit":true,"messageTitle":"Merge pull request #30 from HTY2003/branch-v1.0","messageBody":"Improve readability, handle incorrect inputs","fileTypesAndContributionMap":{}},{"hash":"51182419f25d752c92ed5ff8595d9f02161b7800","isMergeCommit":false,"messageTitle":"Add logger and assertion check for balance after flips","messageBody":"","fileTypesAndContributionMap":{"functional-code":{"insertions":7,"deletions":0}}},{"hash":"664d785f25b4fdac96906df4dc9a6c7781d4bd0f","isMergeCommit":false,"messageTitle":"Reset CoinFlipException and CoinFlipFileException to CoinflipException and CoinflipFileException","messageBody":"","fileTypesAndContributionMap":{"functional-code":{"insertions":22,"deletions":22},"other":{"insertions":6,"deletions":6}}},{"hash":"92bdef575fb19461309bec7e98858541282162c5","isMergeCommit":false,"messageTitle":"Fix style errors","messageBody":"","fileTypesAndContributionMap":{"functional-code":{"insertions":4,"deletions":3}}},{"hash":"9ffddfa1a37470be7c9f03386ad35d0d3aab051f","isMergeCommit":true,"messageTitle":"Merge pull request #31 from HTY2003/branch-v1.0","messageBody":"Refactor exception classes, add assertion and logger","fileTypesAndContributionMap":{}},{"hash":"056651a42fccba3f8363d8be5753011d25bf65ee","isMergeCommit":false,"messageTitle":"Move logger output to log file and remove from standard output","messageBody":"","fileTypesAndContributionMap":{"functional-code":{"insertions":31,"deletions":9}}},{"hash":"12802da5a6d37d3dee4dcb4a2051180514eac3e2","isMergeCommit":false,"messageTitle":"Remove unneeded line","messageBody":"","fileTypesAndContributionMap":{"functional-code":{"insertions":0,"deletions":1}}},{"hash":"86fd17b6e194f18bc35d7fb3123af30f6be6ecaa","isMergeCommit":false,"messageTitle":"Handle exceptions in JUnit tests","messageBody":"","fileTypesAndContributionMap":{"test-code":{"insertions":3,"deletions":1}}},{"hash":"cff9db688385e352e83e2daabfb03e257814cfd8","isMergeCommit":false,"messageTitle":"Handle creation of log file when not present","messageBody":"","fileTypesAndContributionMap":{"functional-code":{"insertions":7,"deletions":0}}},{"hash":"fb5d8e2ac81714a19660e69ac16d53dbe4040991","isMergeCommit":false,"messageTitle":"Remove unnecessary line","messageBody":"","fileTypesAndContributionMap":{"functional-code":{"insertions":0,"deletions":1}}},{"hash":"6091b7c90911248500f7cf8916c7e862483fa8e7","isMergeCommit":true,"messageTitle":"Merge pull request #32 from HTY2003/branch-v1.0","messageBody":"Move logger output to log file and remove from standard output","tags":["v1.0"],"fileTypesAndContributionMap":{}},{"hash":"fa8df53cbce81bda4238883395b0f3a275b17719","isMergeCommit":false,"messageTitle":"Add author comments for Reposense to assign correctly","messageBody":"","fileTypesAndContributionMap":{"functional-code":{"insertions":24,"deletions":8},"test-code":{"insertions":1,"deletions":0}}},{"hash":"60f3a50a953bd849711cea6926243ac75e6f4126","isMergeCommit":true,"messageTitle":"Merge branch \u0027master\u0027 of https://github.com/AY2425S2-CS2113-F13-1/tp into branch-v1.0","messageBody":"","fileTypesAndContributionMap":{}},{"hash":"ef3613898c043b3e26547659372d4c8da85a443c","isMergeCommit":true,"messageTitle":"Merge pull request #33 from HTY2003/branch-v1.0","messageBody":"Add author comments","fileTypesAndContributionMap":{}}]},{"date":"2025-03-22","commitResults":[{"hash":"7e059454297e703cf4a2cfb70c6ba659a3dc4dfc","isMergeCommit":true,"messageTitle":"Merge pull request #35 from CRL006/Branch-User-Guide","messageBody":"Edit user guide","fileTypesAndContributionMap":{}},{"hash":"b7cf81b0153e6a9f0f12abfa67eb159a0624e65a","isMergeCommit":true,"messageTitle":"Merge pull request #36 from CRL006/Branch-JUnit-test","messageBody":"Add JUnit test","fileTypesAndContributionMap":{}}]},{"date":"2025-03-23","commitResults":[{"hash":"38251c49e70f93bd5c820c3891d3a8ce5f8ab4e1","isMergeCommit":true,"messageTitle":"Merge pull request #37 from CRL006/Branch-Abstraction","messageBody":"Add abstraction","fileTypesAndContributionMap":{}}]},{"date":"2025-03-24","commitResults":[{"hash":"7041566106b4a8ac9587d629b6d3782b5cdcffb9","isMergeCommit":true,"messageTitle":"Merge pull request #38 from CRL006/Branch-Assertion","messageBody":"Add assertion and javadoc","fileTypesAndContributionMap":{}}]},{"date":"2025-03-27","commitResults":[{"hash":"e9360688c97bd8a0f32a7f95b0f9ed0471bd635a","isMergeCommit":true,"messageTitle":"Merge pull request #39 from timothyloh0523/master","messageBody":"Abstraction for user input parsing and command handling","fileTypesAndContributionMap":{}},{"hash":"47673cc1b8b32f7dc874db44f98217b677238e91","isMergeCommit":true,"messageTitle":"Merge pull request #40 from CRL006/Branch-Track-statisrics","messageBody":"Add statistics tracker","fileTypesAndContributionMap":{}},{"hash":"c87e982b910d7bcdcad232efaf13ac27dcb8cca8","isMergeCommit":true,"messageTitle":"Merge pull request #42 from OliverQiL/branch-logger","messageBody":" Implement comprehensive logging system for Coinflip application","fileTypesAndContributionMap":{}}]},{"date":"2025-03-28","commitResults":[{"hash":"97dc55de48ec6387e91ec255e6ee8f57b9516b94","isMergeCommit":false,"messageTitle":"Add Storage and UserData abstractions","messageBody":"","fileTypesAndContributionMap":{"functional-code":{"insertions":260,"deletions":191}}},{"hash":"8066bebfbdb9d242737f62d0894955934d7e6c7d","isMergeCommit":false,"messageTitle":"Move execution of commands into their own class","messageBody":"","fileTypesAndContributionMap":{"functional-code":{"insertions":184,"deletions":169}}},{"hash":"7f8903307e5672acbb1da886b81f7d114cd342e9","isMergeCommit":false,"messageTitle":"Restructure function calls slightly","messageBody":"","fileTypesAndContributionMap":{"functional-code":{"insertions":8,"deletions":15}}},{"hash":"0a2e143f8f744aed8bc66031dea7018f5e451caa","isMergeCommit":false,"messageTitle":"Add JUnit tests for FlipCommand class","messageBody":"","fileTypesAndContributionMap":{"test-code":{"insertions":46,"deletions":0}}},{"hash":"86dcc3c6630fffd90ff198b3c9622b1b9b036c03","isMergeCommit":false,"messageTitle":"Edit formatting for JUnit test","messageBody":"","fileTypesAndContributionMap":{"test-code":{"insertions":3,"deletions":2}}},{"hash":"99f0813195bba5dfc4bd07a9fb8518f1544a1071","isMergeCommit":false,"messageTitle":"Add some implementation details","messageBody":"","fileTypesAndContributionMap":{"docs":{"insertions":27,"deletions":6}}},{"hash":"d58ad64223e1e962d3f9b27e96ce82b2a354ce35","isMergeCommit":false,"messageTitle":"Edit JavaDoc comment","messageBody":"","fileTypesAndContributionMap":{"functional-code":{"insertions":1,"deletions":2}}},{"hash":"f72553f9b53868070123bd53d386dbece3bde769","isMergeCommit":false,"messageTitle":"Add underscore line and update URL","messageBody":"","fileTypesAndContributionMap":{"functional-code":{"insertions":8,"deletions":1}}},{"hash":"ac39c3a16905d69adb67a47f173d8e64c988da0f","isMergeCommit":false,"messageTitle":"Add underscore line to program output","messageBody":"","fileTypesAndContributionMap":{"functional-code":{"insertions":6,"deletions":2}}},{"hash":"ec6e2e785d88ad3d8c0b5652dd2522adca355b28","isMergeCommit":false,"messageTitle":"Remove wildcard import","messageBody":"","fileTypesAndContributionMap":{"functional-code":{"insertions":5,"deletions":1}}},{"hash":"383eeb3062cfa6015817ac595532336f3e9017ac","isMergeCommit":false,"messageTitle":"Change print location of first underscore line","messageBody":"","fileTypesAndContributionMap":{"functional-code":{"insertions":2,"deletions":2}}},{"hash":"a35dc77995ea5dfa783984e446a18e3219edc0d4","isMergeCommit":true,"messageTitle":"Merge pull request #47 from HTY2003/branch-v2.0","messageBody":"Branch v2.0","fileTypesAndContributionMap":{}},{"hash":"ff90268b9977785c19110b969f31e53d7baa5235","isMergeCommit":false,"messageTitle":"Enable assertions in build.gradle","messageBody":"","fileTypesAndContributionMap":{"other":{"insertions":2,"deletions":1}}},{"hash":"607a7bd6939b4b14f0fce8c16ecae90444593e55","isMergeCommit":true,"messageTitle":"Merge pull request #48 from HTY2003/branch-v2.0","messageBody":"Enable assertions in build.gradle","fileTypesAndContributionMap":{}},{"hash":"3f4105c59408bc7ba1f502bb2b4fb81d9dd7dd93","isMergeCommit":true,"messageTitle":"Merge pull request #49 from CRL006/Branch-check-statistics","messageBody":"Add win and loss check","fileTypesAndContributionMap":{}},{"hash":"ec1f76aab4b7f020a974ead7fbcbe93e1cf7b08f","isMergeCommit":true,"messageTitle":"Merge pull request #50 from CRL006/Branch-Edit-Junit-test","messageBody":"Edit testDefaultValues test to include initial stats","fileTypesAndContributionMap":{}}]},{"date":"2025-03-30","commitResults":[{"hash":"0982f093dac73298669cd0130fd3379bde6f45cd","isMergeCommit":true,"messageTitle":"Merge pull request #51 from wongyihao0506/master","messageBody":"Add ChangeCommandTest","fileTypesAndContributionMap":{}}]},{"date":"2025-04-02","commitResults":[{"hash":"6ed6037ef48789f826f0761ac3b26a37820b28cd","isMergeCommit":true,"messageTitle":"Merge pull request #52 from CRL006/Branch-Developer-Guide","messageBody":"Edit DG","fileTypesAndContributionMap":{}}]},{"date":"2025-04-03","commitResults":[{"hash":"82f08959b2310802b242c5b908d2c782f695587c","isMergeCommit":true,"messageTitle":"Merge pull request #53 from timothyloh0523/branch-DeveloperGuide","messageBody":"Add sequence diagram for CheckCommand","fileTypesAndContributionMap":{}},{"hash":"941b53b437f216698113ca81ecb1957aa86059d3","isMergeCommit":true,"messageTitle":"Merge pull request #55 from CRL006/Branch-DG","messageBody":"Edit DG","fileTypesAndContributionMap":{}},{"hash":"923f125db4b3cba3df14c25270809ffef29d1d60","isMergeCommit":true,"messageTitle":"Merge pull request #54 from CRL006/Branch-test-coverage","messageBody":"Add tests to StorageTest","fileTypesAndContributionMap":{}}]},{"date":"2025-04-04","commitResults":[{"hash":"1c61b602c9d91e53e9dd121547dac6c4cd83915a","isMergeCommit":false,"messageTitle":"Add abstractions, make code more defensive","messageBody":"","fileTypesAndContributionMap":{"functional-code":{"insertions":234,"deletions":126}}},{"hash":"eb35c527110ad2a6c5712ec2a9ba95fd34a6c9d9","isMergeCommit":false,"messageTitle":"Save betAmount in save file to pass JUnit test","messageBody":"","fileTypesAndContributionMap":{"functional-code":{"insertions":11,"deletions":9}}},{"hash":"616d8f924eb7916cb6e6220dbbbb6ffd0a846717","isMergeCommit":false,"messageTitle":"Fix styling issues","messageBody":"","fileTypesAndContributionMap":{"functional-code":{"insertions":19,"deletions":17}}},{"hash":"b785c81a3ee53c9520fe64b2f09f88092b9cfee4","isMergeCommit":true,"messageTitle":"Merge pull request #56 from HTY2003/branch-v2.0","messageBody":"Add more layers of abstraction","fileTypesAndContributionMap":{}},{"hash":"53e3bd97b9aec4d72dda362e2877b45f2ee99aa5","isMergeCommit":false,"messageTitle":"Refactor totalWinnings and totalLosings to totalWon and totalLost","messageBody":"","fileTypesAndContributionMap":{"functional-code":{"insertions":27,"deletions":27},"docs":{"insertions":14,"deletions":10},"test-code":{"insertions":12,"deletions":7}}},{"hash":"3c8cebe382ecd6a474f3fb314d04ca108e04a93c","isMergeCommit":true,"messageTitle":"Merge pull request #57 from HTY2003/branch-v2.0","messageBody":"Refactor totalWinnings and totalLosings to totalWon and totalLost","fileTypesAndContributionMap":{}},{"hash":"e912653e342a6166e7bd6ce2b38682181499c73b","isMergeCommit":false,"messageTitle":"Add special welcome print and loading animation for flip output","messageBody":"","fileTypesAndContributionMap":{"functional-code":{"insertions":46,"deletions":4}}},{"hash":"4f79376c953436c4bc3fba084e5e25c9b330a327","isMergeCommit":false,"messageTitle":"Simplify welcome print","messageBody":"","fileTypesAndContributionMap":{"functional-code":{"insertions":3,"deletions":12}}},{"hash":"93a6184b87f467169498f29ceceb18861497992c","isMergeCommit":false,"messageTitle":"Remove fancy welcome message","messageBody":"","fileTypesAndContributionMap":{"functional-code":{"insertions":1,"deletions":4}}},{"hash":"046d81d63826f15fea70ed34f45a63f0462e2b6c","isMergeCommit":false,"messageTitle":"Add author comments","messageBody":"","fileTypesAndContributionMap":{"functional-code":{"insertions":3,"deletions":3}}},{"hash":"5cf316a03ada092fd5a7a571589fe60a30056545","isMergeCommit":true,"messageTitle":"Merge pull request #58 from HTY2003/branch-v2.0","messageBody":"Add loading animation for flip output","tags":["v2.0"],"fileTypesAndContributionMap":{}},{"hash":"1a92bc4b207d3656cd123d92c527d0ed28aad9bb","isMergeCommit":false,"messageTitle":"Change sequence diagrams to PlantUML format","messageBody":"","fileTypesAndContributionMap":{"docs":{"insertions":130,"deletions":131}}},{"hash":"2d5286e1255783eab05c0ca405887ba457e54d81","isMergeCommit":true,"messageTitle":"Merge pull request #60 from HTY2003/branch-fixDG","messageBody":"Change sequence diagrams to PlantUML format","fileTypesAndContributionMap":{}},{"hash":"3095d30cd70c266650cba2a872a423794961017c","isMergeCommit":false,"messageTitle":"Update docs","messageBody":"","fileTypesAndContributionMap":{"docs":{"insertions":62,"deletions":44}}},{"hash":"3930d0f5de2e02244efc9f54b5f1167edd1a2548","isMergeCommit":true,"messageTitle":"Merge pull request #61 from HTY2003/branch-fixDG","messageBody":"Update docs","fileTypesAndContributionMap":{}},{"hash":"54f1a08c0f42867e1910f303e689faf8c311c219","isMergeCommit":false,"messageTitle":"Update DG","messageBody":"","fileTypesAndContributionMap":{"docs":{"insertions":29,"deletions":27}}},{"hash":"3dc38c510970b1b557c1b394e4c23c3da3446ef3","isMergeCommit":true,"messageTitle":"Merge pull request #62 from HTY2003/branch-fixDG","messageBody":"Attempt to fix CI check, update DG","fileTypesAndContributionMap":{}},{"hash":"8872e85716218c570d5f1829ae5e70318e29ede4","isMergeCommit":true,"messageTitle":"Merge pull request #63 from timothyloh0523/master","messageBody":"Add streaks","fileTypesAndContributionMap":{}}]}],"OliverQiL":[{"date":"2025-03-14","commitResults":[{"hash":"0a9f1964cd10535b1fa76e67a3d06b5f205f76b8","isMergeCommit":false,"messageTitle":"Add Oliver to AboutUs.md","messageBody":"","fileTypesAndContributionMap":{"docs":{"insertions":6,"deletions":5}}}]},{"date":"2025-03-19","commitResults":[{"hash":"981f36794bf39af7b625e09924e2463f4e288843","isMergeCommit":false,"messageTitle":"Add help command and check bet functionality","messageBody":"- Implement \u0027help\u0027 command that displays all available commands\n- Add \u0027check bet\u0027 command to show current bet amount\n- Include descriptions for each command in help text\n- Add placeholder for user guide URL\n- Ensure help text mentions upcoming \u0027flip\u0027 functionality\n","fileTypesAndContributionMap":{"functional-code":{"insertions":13,"deletions":0}}}]},{"date":"2025-03-27","commitResults":[{"hash":"cd81c94b9357eedc81d01f24b33da56fbdd359c2","isMergeCommit":false,"messageTitle":"Implement comprehensive logging system for Coinflip application","messageBody":"Added a robust logging system to track application behavior and improve debugging:\n\n- Created CoinflipLogger utility class to centralize logging functionality\n- Implemented different log levels (INFO, WARNING, SEVERE, FINE)\n- Added detailed logging for all major operations (commands, game state changes, file operations)\n- Ensured proper exception logging with contextual information\n\nThis enhancement improves maintainability and will make future debugging much easier by providing a clear audit trail of application behavior.\n","fileTypesAndContributionMap":{"functional-code":{"insertions":202,"deletions":21}}},{"hash":"45df4d72204a355fac58db0b0178007ba931bc0e","isMergeCommit":false,"messageTitle":"Add new line at end of CoinflipLogger file","messageBody":"","fileTypesAndContributionMap":{"functional-code":{"insertions":1,"deletions":1}}}]}],"timothyloh0523":[{"date":"2025-03-07","commitResults":[{"hash":"ee7a8bcf21db1481729b0cac0f7f5c76460aa47f","isMergeCommit":false,"messageTitle":"Updated AboutUs.md","messageBody":"","fileTypesAndContributionMap":{"docs":{"insertions":2,"deletions":5}}},{"hash":"4b80ce978e4ed26453e2cf0f3786fb7bd9252524","isMergeCommit":false,"messageTitle":"Update AboutUs.md","messageBody":"","fileTypesAndContributionMap":{"docs":{"insertions":1,"deletions":1}}},{"hash":"dfc999361e461d04759577f2110ca18937b4f958","isMergeCommit":true,"messageTitle":"Merge branch \u0027master\u0027 into timothy-AboutUs","messageBody":"# Conflicts:\n#\tdocs/AboutUs.md\n","fileTypesAndContributionMap":{}},{"hash":"7dcea7b5994139719dae4ecdf7c346eb7c9d8f34","isMergeCommit":true,"messageTitle":"Merge branch \u0027master\u0027 of https://github.com/AY2425S2-CS2113-F13-1/tp into timothy-AboutUs","messageBody":"# Conflicts:\n#\tdocs/AboutUs.md\n","fileTypesAndContributionMap":{}},{"hash":"ff4e0c6f29893edde42673ba492976b2372045a1","isMergeCommit":true,"messageTitle":"Merge pull request #4 from timothyloh0523/timothy-AboutUs","messageBody":"Edited \"About us\" for Timothy","fileTypesAndContributionMap":{}}]},{"date":"2025-03-19","commitResults":[{"hash":"260d2112fe2aecf5fca0bb0b3b042b0822ff0aac","isMergeCommit":false,"messageTitle":"Added \"change x\" function, to change betting amount to x; Changed case-switch function to take in first word of input instead of full input","messageBody":"","fileTypesAndContributionMap":{"functional-code":{"insertions":19,"deletions":5}}}]},{"date":"2025-03-27","commitResults":[{"hash":"cfb0c7844d37bfc13fb89422ee0b8742f1177917","isMergeCommit":false,"messageTitle":"Add abstraction for parsing user inputs into commands","messageBody":"","fileTypesAndContributionMap":{"functional-code":{"insertions":165,"deletions":30}}},{"hash":"73f4d0a38f87dc0d033fd1e1d38a330455d12cc6","isMergeCommit":false,"messageTitle":"Add exception for invalid command","messageBody":"","fileTypesAndContributionMap":{"functional-code":{"insertions":3,"deletions":0}}},{"hash":"6f3ace91d95e996856006a0e2b0bc1ea0e3a99e3","isMergeCommit":false,"messageTitle":"Add JavaDoc comments","messageBody":"","fileTypesAndContributionMap":{"functional-code":{"insertions":20,"deletions":1}}},{"hash":"7496f1186d22fd4693d8161d065c9914a5221bf2","isMergeCommit":true,"messageTitle":"Merge branch \u0027v2.0.1\u0027","messageBody":"","fileTypesAndContributionMap":{}},{"hash":"9dedabb74b2c595512b92f987337bc82904d0092","isMergeCommit":false,"messageTitle":"Add newline at the end of the file","messageBody":"","fileTypesAndContributionMap":{"functional-code":{"insertions":1,"deletions":1}}}]},{"date":"2025-04-03","commitResults":[{"hash":"951a19a659fab0ef87932999b0bac426140b48d5","isMergeCommit":false,"messageTitle":"Edit error message in EXPECTED.TXT","messageBody":"","fileTypesAndContributionMap":{"docs":{"insertions":34,"deletions":1}}},{"hash":"0723f360dbfce8ed5c123808c8b379826425d90f","isMergeCommit":true,"messageTitle":"Merge branch \u0027branch-DeveloperGuide\u0027","messageBody":"","fileTypesAndContributionMap":{}}]},{"date":"2025-04-04","commitResults":[{"hash":"d1cd67f7bba46c832448e4e44814ea60d693fb28","isMergeCommit":true,"messageTitle":"Merge branch \u0027AY2425S2-CS2113-F13-1:master\u0027 into master","messageBody":"","fileTypesAndContributionMap":{}},{"hash":"dbc69fdccf2caa19607a7279dbd20895df59a09b","isMergeCommit":true,"messageTitle":"Merge branch \u0027AY2425S2-CS2113-F13-1:master\u0027 into master","messageBody":"","fileTypesAndContributionMap":{}},{"hash":"61e8eae5cae405e09572d565a909ad8fe0cad46e","isMergeCommit":false,"messageTitle":"Add streak functionality","messageBody":"","fileTypesAndContributionMap":{"functional-code":{"insertions":66,"deletions":8}}}]}]},"authorFileTypeContributionMap":{"CRL006":{"docs":113,"functional-code":183,"test-code":103,"other":1},"wongyihao0506":{"docs":1,"functional-code":137,"test-code":0},"HTY2003":{"docs":228,"functional-code":465,"test-code":73,"other":3},"OliverQiL":{"docs":2,"functional-code":209,"test-code":0},"timothyloh0523":{"docs":6,"functional-code":191,"test-code":0}},"authorContributionVariance":{"CRL006":2847.5293,"wongyihao0506":69.07411,"HTY2003":48159.938,"OliverQiL":1150.5375,"timothyloh0523":1235.6886},"authorDisplayNameMap":{"CRL006":"CS2113-F13-1 CHON..OLIN","wongyihao0506":"CS2113-F13-1 WONG.. HAO","HTY2003":"CS2113-F13-1 HENG..G YI","OliverQiL":"CS2113-F13-1 QI O..ER L","timothyloh0523":"CS2113-F13-1 LOH ..OTHY"}}
